node_id,kingdom,stage,stage_display_name,area_scope,node_type,source,entrance_id,side,obj_id,display_name,x,y,z,scenario_indices,notes,status
JizoSwitchExStage::start,Bowser's Kingdom,JizoSwitchExStage,Jizo's Great Adventure,subarea,stage_start,generated,,,,Default start,,,,,Rename or split if this stage has multiple meaningful starts.,
JizoSwitchExStage::entrance::jizo01::sub_near,Bowser's Kingdom,JizoSwitchExStage,Jizo's Great Adventure,subarea,substage_entrance,EntranceDB,jizo01,sub_near,obj189,Substage near side: jizo01,1300.000,1100.000,5400.000,0;1;2;3;4;5;6;7;8;9;10;11;12;13;14,Connected from SkyWorldHomeStage.,
JizoSwitchExStage::entrance::jizo02::sub_far,Bowser's Kingdom,JizoSwitchExStage,Jizo's Great Adventure,subarea,substage_entrance,EntranceDB,jizo02,sub_far,obj217,Substage far side: jizo02,1900.000,2900.000,-3200.000,0;1;2;3;4;5;6;7;8;9;10;11;12;13;14,Connected from SkyWorldHomeStage.,
KaronWingTowerStage::start,Bowser's Kingdom,KaronWingTowerStage,Hexagon Tower,subarea,stage_start,generated,,,,Default start,,,,,Rename or split if this stage has multiple meaningful starts.,
SkyWorldCastleZone::checkpoint::obj1392,Bowser's Kingdom,SkyWorldHomeStage,Bowser's Kingdom,overworld,checkpoint,StageData,,,obj1392,Main Courtyard Checkpoint (obj1392),13324.336,28900.000,-45649.820,0;1;2;3,Raw UnitConfigName=CheckpointFlag.,
SkyWorldCastleZone::checkpoint::obj1888,Bowser's Kingdom,SkyWorldHomeStage,Bowser's Kingdom,overworld,checkpoint,StageData,,,obj1888,Main Courtyard Entrance Checkpoint (obj1888),6111.844,28400.000,-38437.329,0;1;2;3,Raw UnitConfigName=CheckpointFlag.,
SkyWorldCastleZone::checkpoint::obj1890,Bowser's Kingdom,SkyWorldHomeStage,Bowser's Kingdom,overworld,checkpoint,StageData,,,obj1890,Outer Wall Checkpoint (obj1890),20289.340,32750.000,-54665.435,0;1;2;3,Raw UnitConfigName=CheckpointFlag.,
SkyWorldCastleZone::checkpoint::obj1891,Bowser's Kingdom,SkyWorldHomeStage,Bowser's Kingdom,overworld,checkpoint,StageData,,,obj1891,Beneath the Keep Checkpoint (obj1891),26646.149,42514.999,-58999.918,0;1;2;3,Raw UnitConfigName=CheckpointFlag.,
SkyWorldCastleZone::checkpoint::obj2134,Bowser's Kingdom,SkyWorldHomeStage,Bowser's Kingdom,overworld,checkpoint,StageData,,,obj2134,Inner Wall Checkpoint (obj2134),24638.048,38650.000,-55973.583,0;1;2;3,Raw UnitConfigName=CheckpointFlag.,
SkyWorldCastleZone::checkpoint::obj6423,Bowser's Kingdom,SkyWorldHomeStage,Bowser's Kingdom,overworld,checkpoint,StageData,,,obj6423,Showdown Arena Checkpoint (obj6423),48007.934,54004.000,-80262.708,1;2;3,Raw UnitConfigName=CheckpointFlag.,
SkyWorldCastleZone::stage_change::Patakaron02::raw,Bowser's Kingdom,SkyWorldHomeStage,Bowser's Kingdom,overworld,stage_change,StageData,Patakaron02,raw,obj3768,Stage Change Patakaron02,6118.915,32609.675,-61877.926,3,Raw UnitConfigName=DokanStageChange.,
SkyWorldCastleZone::stage_change::SkyStart1::raw,Bowser's Kingdom,SkyWorldHomeStage,Bowser's Kingdom,overworld,stage_change,StageData,SkyStart1,raw,obj6753,Stage Change SkyStart1,29729.218,42800.000,-62054.703,5,Raw UnitConfigName=PlayerStartObjNoLink.,
SkyWorldCastleZone::stage_change::jizo01::raw,Bowser's Kingdom,SkyWorldHomeStage,Bowser's Kingdom,overworld,stage_change,StageData,jizo01,raw,obj6474,Stage Change jizo01,47088.695,54000.000,-81323.368,1;2;3;4;5,Raw UnitConfigName=DokanStageChange.,
SkyWorldCastleZone::stage_change::jizo02::raw,Bowser's Kingdom,SkyWorldHomeStage,Bowser's Kingdom,overworld,stage_change,StageData,jizo02,raw,obj6475,Stage Change jizo02,47831.157,54000.000,-81500.145,1;2;3;4;5,Raw UnitConfigName=DokanStageChange.,
SkyWorldCastleZone::stage_change::shop_dress::raw,Bowser's Kingdom,SkyWorldHomeStage,Bowser's Kingdom,overworld,stage_change,StageData,shop_dress,raw,obj6155,Stage Change shop_dress,25627.997,40400.000,-53569.419,1;2;3;4;5,Raw UnitConfigName=ChangeStageArea.,
SkyWorldCastleZone::stage_change::sora001::raw,Bowser's Kingdom,SkyWorldHomeStage,Bowser's Kingdom,overworld,stage_change,StageData,sora001,raw,obj2352,Stage Change sora001,19157.968,45250.000,-60887.976,0;1;2;3,Raw UnitConfigName=ChangeStageArea.,
SkyWorldCastleZone::stage_change::tukkun000_enter::raw,Bowser's Kingdom,SkyWorldHomeStage,Bowser's Kingdom,overworld,stage_change,StageData,tukkun000_enter,raw,obj6463,Stage Change tukkun000_enter,21350.000,39722.461,-60700.003,1;2;3;4;5,Raw UnitConfigName=ChangeStageArea.,
SkyWorldCastleZone::stage_change::tukkun000_exit::raw,Bowser's Kingdom,SkyWorldHomeStage,Bowser's Kingdom,overworld,stage_change,StageData,tukkun000_exit,raw,obj4067,Stage Change tukkun000_exit,20890.380,39800.000,-59226.275,1;2;3;4;5,Raw UnitConfigName=DokanStageChange.,
SkyWorldCastleZone::stage_change::tukkun001_enter::raw,Bowser's Kingdom,SkyWorldHomeStage,Bowser's Kingdom,overworld,stage_change,StageData,tukkun001_enter,raw,obj3040,Stage Change tukkun001_enter,32906.250,32609.675,-35101.905,3,Raw UnitConfigName=DokanStageChange.,
SkyWorldCastleZone::stage_change::tukkun001_exit::raw,Bowser's Kingdom,SkyWorldHomeStage,Bowser's Kingdom,overworld,stage_change,StageData,tukkun001_exit,raw,obj4008,Stage Change tukkun001_exit,33498.098,32609.675,-35446.266,3,Raw UnitConfigName=DokanStageChange.,
SkyWorldCloudBonusExStage::start,Bowser's Kingdom,SkyWorldCloudBonusExStage,Dashing Above the Clouds,subarea,stage_start,generated,,,,Default start,,,,,Rename or split if this stage has multiple meaningful starts.,
SkyWorldCloudBonusExStage::entrance::sora001::sub_far,Bowser's Kingdom,SkyWorldCloudBonusExStage,Dashing Above the Clouds,subarea,substage_entrance,EntranceDB,sora001,sub_far,obj1745;obj1747;obj1748;obj2469;obj2475;obj2476;obj2477;obj2478,Substage far side: sora001,,,,0;1;2;3;4;5;6;7;8;9;10;11;12;13;14,Connected from SkyWorldHomeStage.,
SkyWorldCloudBonusExStage::entrance::sora001::sub_near,Bowser's Kingdom,SkyWorldCloudBonusExStage,Dashing Above the Clouds,subarea,substage_entrance,EntranceDB,sora001,sub_near,obj1745;obj1747;obj1748;obj2469;obj2475;obj2476;obj2477;obj2478,Substage near side: sora001,,,,0;1;2;3;4;5;6;7;8;9;10;11;12;13;14,Connected from SkyWorldHomeStage.,
SkyWorldCostumeStage::start,Bowser's Kingdom,SkyWorldCostumeStage,Scene in the Folding Screen,subarea,stage_start,generated,,,,Default start,,,,,Rename or split if this stage has multiple meaningful starts.,
SkyWorldCostumeStage::entrance::byoubu::sub_far,Bowser's Kingdom,SkyWorldCostumeStage,Scene in the Folding Screen,subarea,substage_entrance,EntranceDB,byoubu,sub_far,obj184,Substage far side: byoubu,9100.000,-50.000,-33521.594,0;1;2;3;4;5;6;7;8;9;10;11;12;13;14,Connected from SkyWorldHomeStage.,
SkyWorldCostumeStage::entrance::byoubu::sub_near,Bowser's Kingdom,SkyWorldCostumeStage,Scene in the Folding Screen,subarea,substage_entrance,EntranceDB,byoubu,sub_near,obj184,Substage near side: byoubu,9100.000,-50.000,-33521.594,0;1;2;3;4;5;6;7;8;9;10;11;12;13;14,Connected from SkyWorldHomeStage.,
SkyWorldHomeStage::checkpoint::obj1626,Bowser's Kingdom,SkyWorldHomeStage,Bowser's Kingdom,overworld,checkpoint,StageData,,,obj1626,Third Courtyard (Rear) Checkpoint (obj1626),-26500.000,6850.000,21950.000,0;1;2;3,Raw UnitConfigName=CheckpointFlag.,
SkyWorldHomeStage::checkpoint::obj1726,Bowser's Kingdom,SkyWorldHomeStage,Bowser's Kingdom,overworld,checkpoint,StageData,,,obj1726,Third Courtyard (Front) Checkpoint (obj1726),-55777.672,3600.000,27343.816,0;1;2;3,Raw UnitConfigName=CheckpointFlag.,
SkyWorldHomeStage::checkpoint::obj2028,Bowser's Kingdom,SkyWorldHomeStage,Bowser's Kingdom,overworld,checkpoint,StageData,,,obj2028,Souvenir Shop Checkpoint (obj2028),-27800.000,21778.000,-30900.000,0;1;2;3,Raw UnitConfigName=CheckpointFlag.,
SkyWorldHomeStage::checkpoint::obj2697,Bowser's Kingdom,SkyWorldHomeStage,Bowser's Kingdom,overworld,checkpoint,StageData,,,obj2697,Island in the Sky Checkpoint (obj2697),19450.000,42500.000,20650.000,0;1;2;3,Raw UnitConfigName=CheckpointFlag.,
SkyWorldHomeStage::entrance::byoubu::home_in,Bowser's Kingdom,SkyWorldHomeStage,Bowser's Kingdom,overworld,home_entrance,EntranceDB,byoubu,home_in,obj2583,Home entrance: byoubu,-29151.617,21770.000,-32900.000,0;1;2;3;4;5;6;7;8;9;10;11;12;13;14,Links to SkyWorldCostumeStage. StageData anchor UnitConfigName=DoorWarpStageChange.,
SkyWorldHomeStage::entrance::byoubu::home_out,Bowser's Kingdom,SkyWorldHomeStage,Bowser's Kingdom,overworld,home_entrance,EntranceDB,byoubu,home_out,obj2583,Home return: byoubu,-29151.617,21770.000,-32900.000,0;1;2;3;4;5;6;7;8;9;10;11;12;13;14,Links to SkyWorldCostumeStage. StageData anchor UnitConfigName=DoorWarpStageChange.,
SkyWorldHomeStage::entrance::jizo01::home_in,Bowser's Kingdom,SkyWorldHomeStage,Bowser's Kingdom,overworld,home_entrance,EntranceDB,jizo01,home_in,obj6474,Home entrance: jizo01,-4550.000,25100.000,-40950.000,1;2;3;4;5,Links to JizoSwitchExStage.,
SkyWorldHomeStage::entrance::jizo02::home_out,Bowser's Kingdom,SkyWorldHomeStage,Bowser's Kingdom,overworld,home_entrance,EntranceDB,jizo02,home_out,obj6475,Home return: jizo02,-4150.000,25100.000,-41600.000,1;2;3;4;5,Links to JizoSwitchExStage.,
SkyWorldHomeStage::entrance::shop::home_in,Bowser's Kingdom,SkyWorldHomeStage,Bowser's Kingdom,overworld,home_entrance,EntranceDB,shop,home_in,obj1249,Home entrance: shop,-29150.000,21750.000,-32350.000,0;1;2;3;4;5;6;7;8;9;10;11;12;13;14,Links to SkyWorldShopStage. StageData anchor UnitConfigName=ChangeStageArea.,
SkyWorldHomeStage::entrance::shop::home_out,Bowser's Kingdom,SkyWorldHomeStage,Bowser's Kingdom,overworld,home_entrance,EntranceDB,shop,home_out,obj1249,Home return: shop,-29150.000,21750.000,-32350.000,0;1;2;3;4;5;6;7;8;9;10;11;12;13;14,Links to SkyWorldShopStage. StageData anchor UnitConfigName=ChangeStageArea.,
SkyWorldHomeStage::entrance::shop_dress::home_in,Bowser's Kingdom,SkyWorldHomeStage,Bowser's Kingdom,overworld,home_entrance,EntranceDB,shop_dress,home_in,obj6155,Home entrance: shop_dress,-100.000,11500.000,-6150.000,1;2;3;4;5,Links to SkyWorldTreasureStage.,
SkyWorldHomeStage::entrance::shop_dress::home_out,Bowser's Kingdom,SkyWorldHomeStage,Bowser's Kingdom,overworld,home_entrance,EntranceDB,shop_dress,home_out,obj6155,Home return: shop_dress,-100.000,11500.000,-6150.000,1;2;3;4;5,Links to SkyWorldTreasureStage.,
SkyWorldHomeStage::entrance::sora001::home_in,Bowser's Kingdom,SkyWorldHomeStage,Bowser's Kingdom,overworld,home_entrance,EntranceDB,sora001,home_in,obj2352,Home entrance: sora001,-9850.000,16350.000,-6750.000,0;1;2;3,Links to SkyWorldCloudBonusExStage.,
SkyWorldHomeStage::entrance::sora001::home_out,Bowser's Kingdom,SkyWorldHomeStage,Bowser's Kingdom,overworld,home_entrance,EntranceDB,sora001,home_out,obj2352,Home return: sora001,-9850.000,16350.000,-6750.000,0;1;2;3,Links to SkyWorldCloudBonusExStage.,
SkyWorldHomeStage::entrance::tukkun000_enter::home_in,Bowser's Kingdom,SkyWorldHomeStage,Bowser's Kingdom,overworld,home_entrance,EntranceDB,tukkun000_enter,home_in,obj6463,Home entrance: tukkun000_enter,-8167.083,10822.461,-8167.083,1;2;3;4;5,Links to TsukkunRotateExStage.,
SkyWorldHomeStage::entrance::tukkun000_exit::home_out,Bowser's Kingdom,SkyWorldHomeStage,Bowser's Kingdom,overworld,home_entrance,EntranceDB,tukkun000_exit,home_out,obj4067,Home return: tukkun000_exit,-7450.000,10900.000,-6800.000,1;2;3;4;5,Links to TsukkunRotateExStage.,
SkyWorldHomeStage::entrance::tukkun001_enter::home_in,Bowser's Kingdom,SkyWorldHomeStage,Bowser's Kingdom,overworld,home_entrance,EntranceDB,tukkun001_enter,home_in,obj3040,Home entrance: tukkun001_enter,18105.000,3709.675,1762.000,3,Links to TsukkunClimbExStage.,
SkyWorldHomeStage::entrance::tukkun001_exit::home_out,Bowser's Kingdom,SkyWorldHomeStage,Bowser's Kingdom,overworld,home_entrance,EntranceDB,tukkun001_exit,home_out,obj4008,Home return: tukkun001_exit,18280.000,3709.675,1100.000,3,Links to TsukkunClimbExStage.,
SkyWorldHomeStage::stage_change::Come::raw,Bowser's Kingdom,SkyWorldHomeStage,Bowser's Kingdom,overworld,stage_change,StageData,Come,raw,obj1400,Stage Change Come,19950.000,42500.000,21200.000,0;1;2;3;4;5;6;7;8;9;10;11;12;13;14,Raw UnitConfigName=WorldWarpHole.,
SkyWorldHomeStage::stage_change::Go::raw,Bowser's Kingdom,SkyWorldHomeStage,Bowser's Kingdom,overworld,stage_change,StageData,Go,raw,obj1399,Stage Change Go,2610.000,28350.000,-38870.000,0;1;2;3;4;5;6;7;8;9;10;11;12;13;14,Raw UnitConfigName=WorldWarpHole.,
SkyWorldHomeStage::stage_change::SkyStart1::raw,Bowser's Kingdom,SkyWorldHomeStage,Bowser's Kingdom,overworld,stage_change,StageData,SkyStart1,raw,obj2719,Stage Change SkyStart1,29158.582,42331.621,-60132.844,2;3,Raw UnitConfigName=PlayerStartObjNoLink.,
SkyWorldHomeStage::stage_change::byoubu::raw,Bowser's Kingdom,SkyWorldHomeStage,Bowser's Kingdom,overworld,stage_change,StageData,byoubu,raw,obj2583,Stage Change byoubu,-29151.617,21770.000,-32900.000,0;1;2;3;4;5;6;7;8;9;10;11;12;13;14,Raw UnitConfigName=DoorWarpStageChange.,
SkyWorldHomeStage::stage_change::shop::raw,Bowser's Kingdom,SkyWorldHomeStage,Bowser's Kingdom,overworld,stage_change,StageData,shop,raw,obj1249,Stage Change shop,-29150.000,21750.000,-32350.000,0;1;2;3;4;5;6;7;8;9;10;11;12;13;14,Raw UnitConfigName=ChangeStageArea.,
SkyWorldHomeStage::start,Bowser's Kingdom,SkyWorldHomeStage,Bowser's Kingdom,overworld,stage_start,generated,,,,Default start,,,,,Rename or split if this stage has multiple meaningful starts.,
SkyWorldHomeStage::event::MoonRockActive_Bowsers,Bowser's Kingdom,SkyWorldHomeStage,Bowser's Kingdom,overworld,state_event,StageData:progression_events,,,obj1378,Moon Rock,14650.000,28900.000,-45000.000,2;3,Fill the route to the Moon Rock and any prerequisite story/global state. Location imported from StageData obj obj1378.,
SkyWorldHomeStage::event::WorldPeace_Bowsers,Bowser's Kingdom,SkyWorldHomeStage,Bowser's Kingdom,overworld,state_event,progression_events,,,,Bowser's Kingdom World Peace,,,,,Fill the story moons/bosses that must be completed for world peace in this kingdom.,
SkyWorldShopStage::start,Bowser's Kingdom,SkyWorldShopStage,Crazy Cap Store,subarea,stage_start,generated,,,,Default start,,,,,Rename or split if this stage has multiple meaningful starts.,
SkyWorldShopStage::entrance::shop::sub_far,Bowser's Kingdom,SkyWorldShopStage,Crazy Cap Store,subarea,substage_entrance,EntranceDB,shop,sub_far,obj44,Substage far side: shop,50.000,-100.000,350.000,0;1;2;3;4;5;6;7;8;9;10;11;12;13;14,Connected from SkyWorldHomeStage.,
SkyWorldShopStage::entrance::shop::sub_near,Bowser's Kingdom,SkyWorldShopStage,Crazy Cap Store,subarea,substage_entrance,EntranceDB,shop,sub_near,obj44,Substage near side: shop,50.000,-100.000,350.000,0;1;2;3;4;5;6;7;8;9;10;11;12;13;14,Connected from SkyWorldHomeStage.,
SkyWorldTreasureStage::start,Bowser's Kingdom,SkyWorldTreasureStage,Bowser's Kingdom Treasure Vault,subarea,stage_start,generated,,,,Default start,,,,,Rename or split if this stage has multiple meaningful starts.,
SkyWorldTreasureStage::entrance::shop_dress::sub_far,Bowser's Kingdom,SkyWorldTreasureStage,Bowser's Kingdom Treasure Vault,subarea,substage_entrance,EntranceDB,shop_dress,sub_far,obj45,Substage far side: shop_dress,-100.000,0.000,250.000,0;1;2;3;4;5;6;7;8;9;10;11;12;13;14,Connected from SkyWorldHomeStage.,
SkyWorldTreasureStage::entrance::shop_dress::sub_near,Bowser's Kingdom,SkyWorldTreasureStage,Bowser's Kingdom Treasure Vault,subarea,substage_entrance,EntranceDB,shop_dress,sub_near,obj45,Substage near side: shop_dress,-100.000,0.000,250.000,0;1;2;3;4;5;6;7;8;9;10;11;12;13;14,Connected from SkyWorldHomeStage.,
TsukkunClimbExStage::start,Bowser's Kingdom,TsukkunClimbExStage,Wooden Tower,subarea,stage_start,generated,,,,Default start,,,,,Rename or split if this stage has multiple meaningful starts.,
TsukkunClimbExStage::entrance::tukkun001_enter::sub_near,Bowser's Kingdom,TsukkunClimbExStage,Wooden Tower,subarea,substage_entrance,EntranceDB,tukkun001_enter,sub_near,obj172,Substage near side: tukkun001_enter,-700.000,150.000,5750.000,0;1;2;3;4;5;6;7;8;9;10;11;12;13;14,Connected from SkyWorldHomeStage.,
TsukkunClimbExStage::entrance::tukkun001_exit::sub_far,Bowser's Kingdom,TsukkunClimbExStage,Wooden Tower,subarea,substage_entrance,EntranceDB,tukkun001_exit,sub_far,obj173,Substage far side: tukkun001_exit,-1900.000,8750.000,-2050.000,0;1;2;3;4;5;6;7;8;9;10;11;12;13;14,Connected from SkyWorldHomeStage.,
TsukkunRotateExStage::start,Bowser's Kingdom,TsukkunRotateExStage,Spinning Tower,subarea,stage_start,generated,,,,Default start,,,,,Rename or split if this stage has multiple meaningful starts.,
TsukkunRotateExStage::entrance::tukkun000_enter::sub_near,Bowser's Kingdom,TsukkunRotateExStage,Spinning Tower,subarea,substage_entrance,EntranceDB,tukkun000_enter,sub_near,obj160,Substage near side: tukkun000_enter,-1550.000,-50.000,6150.000,0;1;2;3;4;5;6;7;8;9;10;11;12;13;14,Connected from SkyWorldHomeStage.,
TsukkunRotateExStage::entrance::tukkun000_exit::sub_far,Bowser's Kingdom,TsukkunRotateExStage,Spinning Tower,subarea,substage_entrance,EntranceDB,tukkun000_exit,sub_far,obj99,Substage far side: tukkun000_exit,0.000,5250.000,-250.000,0;1;2;3;4;5;6;7;8;9;10;11;12;13;14,Connected from SkyWorldHomeStage.,
JizoSwitchExStage::stage_change::jizo01::raw,Bowser's Kingdom,JizoSwitchExStage,Jizo's Great Adventure,subarea,stage_change,StageData,jizo01,raw,obj189,Stage Change jizo01,1300.000,1100.000,5400.000,0;1;2;3;4;5;6;7;8;9;10;11;12;13;14,Raw UnitConfigName=DokanStageChange.,
JizoSwitchExStage::stage_change::jizo02::raw,Bowser's Kingdom,JizoSwitchExStage,Jizo's Great Adventure,subarea,stage_change,StageData,jizo02,raw,obj217,Stage Change jizo02,1900.000,2900.000,-3200.000,0;1;2;3;4;5;6;7;8;9;10;11;12;13;14,Raw UnitConfigName=DokanStageChange.,
KaronWingTowerStage::stage_change::Patakaron02::raw,Bowser's Kingdom,KaronWingTowerStage,Hexagon Tower,subarea,stage_change,StageData,Patakaron02,raw,obj744,Stage Change Patakaron02,1900.000,5550.000,900.000,0;1;2;3;4;5;6;7;8;9;10;11;12;13;14,Raw UnitConfigName=DokanStageChange.,
SkyWorldCloudBonusExStage::stage_change::sora001::raw,Bowser's Kingdom,SkyWorldCloudBonusExStage,Dashing Above the Clouds,subarea,stage_change,StageData,sora001,raw,obj1745,Stage Change sora001,1863.807,-11950.000,16974.182,0;1;2;3;4;5;6;7;8;9;10;11;12;13;14,Raw UnitConfigName=ChangeStageArea.,
SkyWorldCostumeStage::stage_change::byoubu::raw,Bowser's Kingdom,SkyWorldCostumeStage,Scene in the Folding Screen,subarea,stage_change,StageData,byoubu,raw,obj184,Stage Change byoubu,9100.000,-50.000,-33521.594,0;1;2;3;4;5;6;7;8;9;10;11;12;13;14,Raw UnitConfigName=ChangeStageArea.,
SkyWorldShopStage::stage_change::shop::raw,Bowser's Kingdom,SkyWorldShopStage,Crazy Cap Store,subarea,stage_change,StageData,shop,raw,obj44,Stage Change shop,50.000,-100.000,350.000,0;1;2;3;4;5;6;7;8;9;10;11;12;13;14,Raw UnitConfigName=ChangeStageArea.,
SkyWorldTreasureStage::stage_change::shop_dress::raw,Bowser's Kingdom,SkyWorldTreasureStage,Bowser's Kingdom Treasure Vault,subarea,stage_change,StageData,shop_dress,raw,obj45,Stage Change shop_dress,-100.000,0.000,250.000,0;1;2;3;4;5;6;7;8;9;10;11;12;13;14,Raw UnitConfigName=ChangeStageArea.,
SkyWorldWallZone::checkpoint::obj545,Bowser's Kingdom,SkyWorldHomeStage,Bowser's Kingdom,overworld,checkpoint,StageData,,,obj545,Second Courtyard Checkpoint (obj545),-34675.987,15300.000,-6340.037,0;1;2;3,Raw UnitConfigName=CheckpointFlag.,
TsukkunClimbExStage::stage_change::tukkun001_enter::raw,Bowser's Kingdom,TsukkunClimbExStage,Wooden Tower,subarea,stage_change,StageData,tukkun001_enter,raw,obj172,Stage Change tukkun001_enter,-700.000,150.000,5750.000,0;1;2;3;4;5;6;7;8;9;10;11;12;13;14,Raw UnitConfigName=DokanStageChange.,
TsukkunClimbExStage::stage_change::tukkun001_exit::raw,Bowser's Kingdom,TsukkunClimbExStage,Wooden Tower,subarea,stage_change,StageData,tukkun001_exit,raw,obj173,Stage Change tukkun001_exit,-1900.000,8750.000,-2050.000,0;1;2;3;4;5;6;7;8;9;10;11;12;13;14,Raw UnitConfigName=DokanStageChange.,
TsukkunRotateExStage::stage_change::tukkun000_enter::raw,Bowser's Kingdom,TsukkunRotateExStage,Spinning Tower,subarea,stage_change,StageData,tukkun000_enter,raw,obj160,Stage Change tukkun000_enter,-1550.000,-50.000,6150.000,0;1;2;3;4;5;6;7;8;9;10;11;12;13;14,Raw UnitConfigName=ChangeStageArea.,
TsukkunRotateExStage::stage_change::tukkun000_exit::raw,Bowser's Kingdom,TsukkunRotateExStage,Spinning Tower,subarea,stage_change,StageData,tukkun000_exit,raw,obj99,Stage Change tukkun000_exit,0.000,5250.000,-250.000,0;1;2;3;4;5;6;7;8;9;10;11;12;13;14,Raw UnitConfigName=DokanStageChange.,
SkyWorldHomeStage::place::new_place_3,Bowser's Kingdom,SkyWorldHomeStage,Bowser's Kingdom,overworld,custom_place,editor,,,,Third Coutyward END,,,,,Human-authored logic place.,
SkyWorldCastleZone::start,Bowser's Kingdom,SkyWorldHomeStage,Bowser's Kingdom,overworld,custom_place,embedded_zone,,,,SkyWorldCastleZone,21350.000,28900.000,-49150.000,,Embedded map landmark from SkyWorldCastleZone.,
SkyWorldWallZone::start,Bowser's Kingdom,SkyWorldHomeStage,Bowser's Kingdom,overworld,custom_place,embedded_zone,,,,SkyWorldWallZone,-90500.000,7250.000,9350.000,,Embedded map landmark from SkyWorldWallZone.,
SkyWorldHomeStage::entrance::Patakaron02::home_in,Bowser's Kingdom,SkyWorldHomeStage,Bowser's Kingdom,overworld,home_entrance,EntranceDB,Patakaron02,home_in,obj3768,Home entrance: Patakaron02,-19770.000,3709.675,1770.000,3,Links to KaronWingTowerStage.,
SkyWorldHomeStage::entrance::Patakaron02::home_out,Bowser's Kingdom,SkyWorldHomeStage,Bowser's Kingdom,overworld,home_entrance,EntranceDB,Patakaron02,home_out,obj3768,Home return: Patakaron02,-19770.000,3709.675,1770.000,3,Links to KaronWingTowerStage.,
KaronWingTowerStage::entrance::Patakaron02::sub_near,Bowser's Kingdom,KaronWingTowerStage,Hexagon Tower,subarea,substage_entrance,EntranceDB,Patakaron02,sub_near,obj744,Substage near side: Patakaron02,1900.000,5550.000,900.000,0;1;2;3;4;5;6;7;8;9;10;11;12;13;14,Connected from SkyWorldHomeStage.,
KaronWingTowerStage::entrance::Patakaron02::sub_far,Bowser's Kingdom,KaronWingTowerStage,Hexagon Tower,subarea,substage_entrance,EntranceDB,Patakaron02,sub_far,obj744,Substage far side: Patakaron02,1900.000,5550.000,900.000,0;1;2;3;4;5;6;7;8;9;10;11;12;13;14,Connected from SkyWorldHomeStage.,
SkyWorldWallZone::place::new_place,Bowser's Kingdom,SkyWorldHomeStage,Bowser's Kingdom,overworld,custom_place,editor,,,,Shop LINK,,,,,Human-authored logic place.,
SkyWorldWallZone::place::new_place_2,Bowser's Kingdom,SkyWorldHomeStage,Bowser's Kingdom,overworld,custom_place,editor,,,,Third Courtyard LINK,,,,,Human-authored logic place.,
SkyWorldHomeStage::place::new_place_2,Bowser's Kingdom,SkyWorldHomeStage,Bowser's Kingdom,overworld,custom_place,editor,,,,Second Courtyard LINK,,,,,Human-authored logic place.,
SkyWorldHomeStage::place::new_place,Bowser's Kingdom,SkyWorldHomeStage,Bowser's Kingdom,overworld,custom_place,editor,,,,Ogre Area,,,,,Human-authored logic place.,
SkyWorldHomeStage::place::new_place_4,Bowser's Kingdom,SkyWorldHomeStage,Bowser's Kingdom,overworld,custom_place,editor,,,,Bowser's Treasure Vault Floor,,,,,Human-authored logic place.,
SkyWorldHomeStage::place::new_place_5,Bowser's Kingdom,SkyWorldHomeStage,Bowser's Kingdom,overworld,custom_place,editor,,,,Top of Third Courtyard,,,,,Human-authored logic place.,
SkyWorldHomeStage::place::new_place_6,Bowser's Kingdom,SkyWorldHomeStage,Bowser's Kingdom,overworld,custom_place,editor,,,,Slingshot Area Free,,,,,Human-authored logic place.,
SkyWorldHomeStage::place::new_place_7,Bowser's Kingdom,SkyWorldHomeStage,Bowser's Kingdom,overworld,custom_place,editor,,,,Small Bird in Bowser's Kingdom Free,,,,,Human-authored logic place.,
SkyWorldHomeStage::place::new_place_8,Bowser's Kingdom,SkyWorldHomeStage,Bowser's Kingdom,overworld,custom_place,editor,,,,Behind the Big Doors,,,,,Human-authored logic place.,
SkyWorldHomeStage::place::new_place_9,Bowser's Kingdom,SkyWorldHomeStage,Bowser's Kingdom,overworld,custom_place,editor,,,,Exterminate the Ogres! Island,,,,,Human-authored logic place.,
SkyWorldHomeStage::place::new_place_10,Bowser's Kingdom,SkyWorldHomeStage,Bowser's Kingdom,overworld,custom_place,editor,,,,Outer Wall Area,,,,,Human-authored logic place.,
SkyWorldHomeStage::place::new_place_11,Bowser's Kingdom,SkyWorldHomeStage,Bowser's Kingdom,overworld,custom_place,editor,,,,Mech Fight,,,,,Human-authored logic place.,
SkyWorldHomeStage::place::new_place_12,Bowser's Kingdom,SkyWorldHomeStage,Bowser's Kingdom,overworld,custom_place,editor,,,,Bowser's Treasure Vault Top,,,,,Human-authored logic place.,
SkyWorldHomeStage::place::new_place_13,Bowser's Kingdom,SkyWorldHomeStage,Bowser's Kingdom,overworld,custom_place,editor,,,,Knocking Down the Nice Frame Free,,,,,Human-authored logic place.,
CapWorldTowerStage::stage_change::Ex::raw,Cap Kingdom,CapWorldTowerStage,Inside Cap Tower,subarea,stage_change,StageData,Ex,raw,obj192,Stage Change Ex,-496.856,-50.000,15457.521,0;1;2;3;4;5;6;7;8;9;10;11;12;13;14,Raw UnitConfigName=ChangeStageArea.,
CapWorldTowerStage::stage_change::Goal::raw,Cap Kingdom,CapWorldTowerStage,Inside Cap Tower,subarea,stage_change,StageData,Goal,raw,obj194,Stage Change Goal,-1750.000,7200.000,-3800.000,0;1;2;3;4;5;6;7;8;9;10;11;12;13;14,Raw UnitConfigName=ChangeStageArea.,
CapWorldTowerStage::start,Cap Kingdom,CapWorldTowerStage,Inside Cap Tower,subarea,stage_start,generated,,,,Default start,,,,,Rename or split if this stage has multiple meaningful starts.,
CapWorldTowerStage::entrance::Ex::sub_near,Cap Kingdom,CapWorldTowerStage,Inside Cap Tower,subarea,substage_entrance,EntranceDB,Ex,sub_near,obj192,Substage near side: Ex,-496.856,-50.000,15457.521,0;1;2;3;4;5;6;7;8;9;10;11;12;13;14,Connected from CapWorldHomeStage. StageData anchor UnitConfigName=ChangeStageArea.,
CapWorldTowerStage::entrance::Goal::sub_far,Cap Kingdom,CapWorldTowerStage,Inside Cap Tower,subarea,substage_entrance,EntranceDB,Goal,sub_far,obj194,Substage far side: Goal,-1750.000,7200.000,-3800.000,0;1;2;3;4;5;6;7;8;9;10;11;12;13;14,Connected from CapWorldHomeStage. StageData anchor UnitConfigName=ChangeStageArea.,
FrogSearchExStage::stage_change::FrogSearchExStageEnt::raw,Cap Kingdom,FrogSearchExStage,Frog Pond,subarea,stage_change,StageData,FrogSearchExStageEnt,raw,obj332,Stage Change FrogSearchExStageEnt,-1250.000,200.000,150.000,0;1;2;3;4;5;6;7;8;9;10;11;12;13;14,Raw UnitConfigName=ChangeStageArea.,
FrogSearchExStage::start,Cap Kingdom,FrogSearchExStage,Frog Pond,subarea,stage_start,generated,,,,Default start,,,,,Rename or split if this stage has multiple meaningful starts.,
FrogSearchExStage::entrance::FrogSearchExStageEnt::sub_far,Cap Kingdom,FrogSearchExStage,Frog Pond,subarea,substage_entrance,EntranceDB,FrogSearchExStageEnt,sub_far,obj332,Substage far side: FrogSearchExStageEnt,-1250.000,200.000,150.000,0;1;2;3;4;5;6;7;8;9;10;11;12;13;14,Connected from CapWorldHomeStage. StageData anchor UnitConfigName=ChangeStageArea.,
FrogSearchExStage::entrance::FrogSearchExStageEnt::sub_near,Cap Kingdom,FrogSearchExStage,Frog Pond,subarea,substage_entrance,EntranceDB,FrogSearchExStageEnt,sub_near,obj332,Substage near side: FrogSearchExStageEnt,-1250.000,200.000,150.000,0;1;2;3;4;5;6;7;8;9;10;11;12;13;14,Connected from CapWorldHomeStage. StageData anchor UnitConfigName=ChangeStageArea.,
PoisonWaveExStage::stage_change::PoisonWaveExEnt::raw,Cap Kingdom,PoisonWaveExStage,Poison Tides,subarea,stage_change,StageData,PoisonWaveExEnt,raw,obj418,Stage Change PoisonWaveExEnt,0.000,250.000,-963.471,0;1;2;3;4;5;6;7;8;9;10;11;12;13;14,Raw UnitConfigName=ChangeStageArea.,
PoisonWaveExStage::stage_change::PoisonWaveExExit::raw,Cap Kingdom,PoisonWaveExStage,Poison Tides,subarea,stage_change,StageData,PoisonWaveExExit,raw,obj419,Stage Change PoisonWaveExExit,0.000,250.000,9804.897,0;1;2;3;4;5;6;7;8;9;10;11;12;13;14,Raw UnitConfigName=ChangeStageArea.,
PoisonWaveExStage::start,Cap Kingdom,PoisonWaveExStage,Poison Tides,subarea,stage_start,generated,,,,Default start,,,,,Rename or split if this stage has multiple meaningful starts.,
PoisonWaveExStage::entrance::PoisonWaveExEnt::sub_near,Cap Kingdom,PoisonWaveExStage,Poison Tides,subarea,substage_entrance,EntranceDB,PoisonWaveExEnt,sub_near,obj418,Substage near side: PoisonWaveExEnt,0.000,250.000,-963.471,0;1;2;3;4;5;6;7;8;9;10;11;12;13;14,Connected from CapWorldHomeStage. StageData anchor UnitConfigName=ChangeStageArea.,
PoisonWaveExStage::entrance::PoisonWaveExExit::sub_far,Cap Kingdom,PoisonWaveExStage,Poison Tides,subarea,substage_entrance,EntranceDB,PoisonWaveExExit,sub_far,obj419,Substage far side: PoisonWaveExExit,0.000,250.000,9804.897,0;1;2;3;4;5;6;7;8;9;10;11;12;13;14,Connected from CapWorldHomeStage. StageData anchor UnitConfigName=ChangeStageArea.,
PushBlockExStage::stage_change::PushBlockExStageEnt::raw,Cap Kingdom,PushBlockExStage,Push Block Peril,subarea,stage_change,StageData,PushBlockExStageEnt,raw,obj623,Stage Change PushBlockExStageEnt,4600.000,-50.000,10150.000,0;1;2;3;4;5;6;7;8;9;10;11;12;13;14,Raw UnitConfigName=ChangeStageArea.,
PushBlockExStage::stage_change::PushBlockExStageEntDokan::raw,Cap Kingdom,PushBlockExStage,Push Block Peril,subarea,stage_change,StageData,PushBlockExStageEntDokan,raw,obj676,Stage Change PushBlockExStageEntDokan,0.000,6550.000,7500.000,0;1;2;3;4;5;6;7;8;9;10;11;12;13;14,Raw UnitConfigName=DokanStageChange.,
PushBlockExStage::start,Cap Kingdom,PushBlockExStage,Push Block Peril,subarea,stage_start,generated,,,,Default start,,,,,Rename or split if this stage has multiple meaningful starts.,
PushBlockExStage::entrance::PushBlockExStageEnt::sub_near,Cap Kingdom,PushBlockExStage,Push Block Peril,subarea,substage_entrance,EntranceDB,PushBlockExStageEnt,sub_near,obj623;obj624,Substage near side: PushBlockExStageEnt,,,,0;1;2;3;4;5;6;7;8;9;10;11;12;13;14,Connected from CapWorldHomeStage. StageData anchor UnitConfigName=ChangeStageArea;PlayerStartObjNoLink.,
PushBlockExStage::entrance::PushBlockExStageEntDokan::sub_far,Cap Kingdom,PushBlockExStage,Push Block Peril,subarea,substage_entrance,EntranceDB,PushBlockExStageEntDokan,sub_far,obj676,Substage far side: PushBlockExStageEntDokan,0.000,6550.000,7500.000,0;1;2;3;4;5;6;7;8;9;10;11;12;13;14,Connected from CapWorldHomeStage. StageData anchor UnitConfigName=DokanStageChange.,
RollingExStage::stage_change::rollinggoal::raw,Cap Kingdom,RollingExStage,Precision Rolling,subarea,stage_change,StageData,rollinggoal,raw,obj75,Stage Change rollinggoal,-28250.000,-16200.000,-29572.211,0;1;2;3;4;5;6;7;8;9;10;11;12;13;14,Raw UnitConfigName=DokanStageChange.,
RollingExStage::stage_change::rollingstart::raw,Cap Kingdom,RollingExStage,Precision Rolling,subarea,stage_change,StageData,rollingstart,raw,obj74,Stage Change rollingstart,-550.000,1023.816,-5800.000,0;1;2;3;4;5;6;7;8;9;10;11;12;13;14,Raw UnitConfigName=DokanStageChange.,
RollingExStage::start,Cap Kingdom,RollingExStage,Precision Rolling,subarea,stage_start,generated,,,,Default start,,,,,Rename or split if this stage has multiple meaningful starts.,
RollingExStage::entrance::rollinggoal::sub_far,Cap Kingdom,RollingExStage,Precision Rolling,subarea,substage_entrance,EntranceDB,rollinggoal,sub_far,obj75,Substage far side: rollinggoal,-28250.000,-16200.000,-29572.211,0;1;2;3;4;5;6;7;8;9;10;11;12;13;14,Connected from CapWorldHomeStage. StageData anchor UnitConfigName=DokanStageChange.,
RollingExStage::entrance::rollingstart::sub_near,Cap Kingdom,RollingExStage,Precision Rolling,subarea,substage_entrance,EntranceDB,rollingstart,sub_near,obj74,Substage near side: rollingstart,-550.000,1023.816,-5800.000,0;1;2;3;4;5;6;7;8;9;10;11;12;13;14,Connected from CapWorldHomeStage. StageData anchor UnitConfigName=DokanStageChange.,
CapWorldHomeStage::checkpoint::obj2497,Cap Kingdom,CapWorldHomeStage,Cap Kingdom,overworld,checkpoint,StageData,,,obj2497,Central Plaza Checkpoint (obj2497),-3535.533,-352.500,11172.287,1;2;3,Raw UnitConfigName=CheckpointFlag.,
CapWorldHomeStage::checkpoint::obj381,Cap Kingdom,CapWorldHomeStage,Cap Kingdom,overworld,checkpoint,StageData,,,obj381,Top Hat Tower Checkpoint (obj381),5710.646,5123.254,-2510.229,0;1;2;3;6,Raw UnitConfigName=CheckpointFlag.,
CapWorldHomeStage::entrance::Ex::home_in,Cap Kingdom,CapWorldHomeStage,Cap Kingdom,overworld,home_entrance,EntranceDB,Ex,home_in,obj750,Home entrance: Ex,4631.149,-900.000,-3641.200,0;1;2;3;6,Links to CapWorldTowerStage. StageData anchor UnitConfigName=ChangeStageArea.,
CapWorldHomeStage::entrance::FrogSearchExStageEnt::home_in,Cap Kingdom,CapWorldHomeStage,Cap Kingdom,overworld,home_entrance,EntranceDB,FrogSearchExStageEnt,home_in,obj1640,Home entrance: FrogSearchExStageEnt,-9437.309,-1400.000,10215.127,1;2;3,Links to FrogSearchExStage. StageData anchor UnitConfigName=ChangeStageArea.,
CapWorldHomeStage::entrance::FrogSearchExStageEnt::home_out,Cap Kingdom,CapWorldHomeStage,Cap Kingdom,overworld,home_entrance,EntranceDB,FrogSearchExStageEnt,home_out,obj1640,Home return: FrogSearchExStageEnt,-9437.309,-1400.000,10215.127,1;2;3,Links to FrogSearchExStage. StageData anchor UnitConfigName=ChangeStageArea.,
CapWorldHomeStage::entrance::Goal::home_out,Cap Kingdom,CapWorldHomeStage,Cap Kingdom,overworld,home_entrance,EntranceDB,Goal,home_out,obj752,Home return: Goal,5456.846,5100.000,-3934.066,0;1;2;3;4;5;6;7;8;9;10;11;12;13;14,Links to CapWorldTowerStage. StageData anchor UnitConfigName=ChangeStageArea.,
CapWorldHomeStage::entrance::PoisonWaveExEnt::home_in,Cap Kingdom,CapWorldHomeStage,Cap Kingdom,overworld,home_entrance,EntranceDB,PoisonWaveExEnt,home_in,obj1635,Home entrance: PoisonWaveExEnt,7622.610,500.000,-6632.661,1;2;3,Links to PoisonWaveExStage. StageData anchor UnitConfigName=ChangeStageArea.,
CapWorldHomeStage::entrance::PoisonWaveExEnt::home_out,Cap Kingdom,CapWorldHomeStage,Cap Kingdom,overworld,home_entrance,EntranceDB,PoisonWaveExEnt,home_out,obj1635,Home return: PoisonWaveExEnt,7622.610,500.000,-6632.661,1;2;3,Links to PoisonWaveExStage. StageData anchor UnitConfigName=ChangeStageArea.,
CapWorldHomeStage::entrance::PushBlockExStageEnt::home_in,Cap Kingdom,CapWorldHomeStage,Cap Kingdom,overworld,home_entrance,EntranceDB,PushBlockExStageEnt,home_in,obj1136,Home entrance: PushBlockExStageEnt,5164.807,5450.000,-6635.589,1;2;3,Links to PushBlockExStage. StageData anchor UnitConfigName=ChangeStageArea.,
CapWorldHomeStage::entrance::PushBlockExStageEntDokan::home_out,Cap Kingdom,CapWorldHomeStage,Cap Kingdom,overworld,home_entrance,EntranceDB,PushBlockExStageEntDokan,home_out,obj2590,Home return: PushBlockExStageEntDokan,4237.278,4950.000,-7537.278,1;2;3;4;5,Links to PushBlockExStage. StageData anchor UnitConfigName=DokanStageChange.,
CapWorldHomeStage::entrance::rollinggoal::home_out,Cap Kingdom,CapWorldHomeStage,Cap Kingdom,overworld,home_entrance,EntranceDB,rollinggoal,home_out,obj2486,Home return: rollinggoal,-7450.000,-650.000,12250.000,3,Links to RollingExStage. StageData anchor UnitConfigName=DokanStageChange.,
CapWorldHomeStage::entrance::rollingstart::home_in,Cap Kingdom,CapWorldHomeStage,Cap Kingdom,overworld,home_entrance,EntranceDB,rollingstart,home_in,obj2487,Home entrance: rollingstart,-7700.000,-650.000,12500.000,3,Links to RollingExStage. StageData anchor UnitConfigName=DokanStageChange.,
CapWorldHomeStage::stage_change::CapWorldRacemanStart::raw,Cap Kingdom,CapWorldHomeStage,Cap Kingdom,overworld,stage_change,StageData,CapWorldRacemanStart,raw,obj2727,Stage Change CapWorldRacemanStart,6150.000,4950.000,-8100.000,2;3,Raw UnitConfigName=PlayerStartObjNoLink.,
CapWorldHomeStage::stage_change::Ex::raw,Cap Kingdom,CapWorldHomeStage,Cap Kingdom,overworld,stage_change,StageData,Ex,raw,obj750,Stage Change Ex,4631.149,-900.000,-3641.200,0;1;2;3;6,Raw UnitConfigName=ChangeStageArea.,
CapWorldHomeStage::stage_change::FrogSearchExStageEnt::raw,Cap Kingdom,CapWorldHomeStage,Cap Kingdom,overworld,stage_change,StageData,FrogSearchExStageEnt,raw,obj1640,Stage Change FrogSearchExStageEnt,-9437.309,-1400.000,10215.127,1;2;3,Raw UnitConfigName=ChangeStageArea.,
CapWorldHomeStage::stage_change::Goal::raw,Cap Kingdom,CapWorldHomeStage,Cap Kingdom,overworld,stage_change,StageData,Goal,raw,obj752,Stage Change Goal,5456.846,5100.000,-3934.066,0;1;2;3;4;5;6;7;8;9;10;11;12;13;14,Raw UnitConfigName=ChangeStageArea.,
CapWorldHomeStage::stage_change::PoisonWaveExEnt::raw,Cap Kingdom,CapWorldHomeStage,Cap Kingdom,overworld,stage_change,StageData,PoisonWaveExEnt,raw,obj1635,Stage Change PoisonWaveExEnt,7622.610,500.000,-6632.661,1;2;3,Raw UnitConfigName=ChangeStageArea.,
CapWorldHomeStage::stage_change::PushBlockExStageEnt::raw,Cap Kingdom,CapWorldHomeStage,Cap Kingdom,overworld,stage_change,StageData,PushBlockExStageEnt,raw,obj1136,Stage Change PushBlockExStageEnt,5164.807,5450.000,-6635.589,1;2;3,Raw UnitConfigName=ChangeStageArea.,
CapWorldHomeStage::stage_change::PushBlockExStageEntDokan::raw,Cap Kingdom,CapWorldHomeStage,Cap Kingdom,overworld,stage_change,StageData,PushBlockExStageEntDokan,raw,obj2590,Stage Change PushBlockExStageEntDokan,4237.278,4950.000,-7537.278,1;2;3;4;5,Raw UnitConfigName=DokanStageChange.,
CapWorldHomeStage::stage_change::rollinggoal::raw,Cap Kingdom,CapWorldHomeStage,Cap Kingdom,overworld,stage_change,StageData,rollinggoal,raw,obj2486,Stage Change rollinggoal,-7450.000,-650.000,12250.000,3,Raw UnitConfigName=DokanStageChange.,
CapWorldHomeStage::stage_change::rollingstart::raw,Cap Kingdom,CapWorldHomeStage,Cap Kingdom,overworld,stage_change,StageData,rollingstart,raw,obj2487,Stage Change rollingstart,-7700.000,-650.000,12500.000,3,Raw UnitConfigName=DokanStageChange.,
CapWorldHomeStage::stage_change::start::raw,Cap Kingdom,CapWorldHomeStage,Cap Kingdom,overworld,stage_change,StageData,start,raw,obj711,Stage Change start,13293.607,6550.000,-50558.133,0;6,Raw UnitConfigName=ChangeStageArea.,
CapWorldHomeStage::start,Cap Kingdom,CapWorldHomeStage,Cap Kingdom,overworld,stage_start,generated,,,,Default start,,,,,Rename or split if this stage has multiple meaningful starts.,
CapWorldHomeStage::event::MoonRockActive_Cap,Cap Kingdom,CapWorldHomeStage,Cap Kingdom,overworld,state_event,StageData:progression_events,,,obj859,Moon Rock,10550.000,-1450.000,13750.000,3,Fill the route to the Moon Rock and any prerequisite story/global state. Location imported from StageData obj obj859.,
CapWorldHomeStage::event::WorldPeace_Cap,Cap Kingdom,CapWorldHomeStage,Cap Kingdom,overworld,state_event,progression_events,,,,Cap Kingdom World Peace,,,,,Fill the story moons/bosses that must be completed for world peace in this kingdom.,
CapWorldHomeStage::stage_change::Odyssey::raw,Cap Kingdom,CapWorldHomeStage,Cap Kingdom,overworld,stage_change,StageData,Odyssey,raw,obj3077,Stage Change Odyssey,-187.080,-1823.492,28833.844,0;6,Raw UnitConfigName=ChangeStageArea.,
CapWorldHomeStage::place::new_place,Cap Kingdom,CapWorldHomeStage,Cap Kingdom,overworld,custom_place,editor,,,,Fly to the Edge of the Fog Free,,,,,Human-authored logic place.,
CapWorldHomeStage::place::new_place_2,Cap Kingdom,CapWorldHomeStage,Cap Kingdom,overworld,custom_place,editor,,,,Hidden in a Sunken Hat Free,,,,,Human-authored logic place.,
CapWorldTowerStage::place::new_place,Cap Kingdom,CapWorldTowerStage,Inside Cap Tower,subarea,custom_place,editor,,,,Top,,,,,Human-authored logic place.,
CapWorldTowerStage::place::new_place_2,Cap Kingdom,CapWorldTowerStage,Inside Cap Tower,subarea,custom_place,editor,,,,Bottom,,,,,Human-authored logic place.,
CapAppearExStage::stage_change::CapAppearExEnt::raw,Cascade Kingdom,CapAppearExStage,Mysterious Clouds,subarea,stage_change,StageData,CapAppearExEnt,raw,obj742,Stage Change CapAppearExEnt,1200.000,-300.000,7000.000,0;1;2;3;4;5;6;7;8;9;10;11;12;13;14,Raw UnitConfigName=DokanStageChange.,
CapAppearExStage::stage_change::CapAppearExExit::raw,Cascade Kingdom,CapAppearExStage,Mysterious Clouds,subarea,stage_change,StageData,CapAppearExExit,raw,obj675,Stage Change CapAppearExExit,-900.000,1850.000,-16900.000,0;1;2;3;4;5;6;7;8;9;10;11;12;13;14,Raw UnitConfigName=DokanStageChange.,
CapAppearExStage::start,Cascade Kingdom,CapAppearExStage,Mysterious Clouds,subarea,stage_start,generated,,,,Default start,,,,,Rename or split if this stage has multiple meaningful starts.,
CapAppearExStage::entrance::CapAppearExEnt::sub_near,Cascade Kingdom,CapAppearExStage,Mysterious Clouds,subarea,substage_entrance,EntranceDB,CapAppearExEnt,sub_near,obj742,Substage near side: CapAppearExEnt,1200.000,-300.000,7000.000,0;1;2;3;4;5;6;7;8;9;10;11;12;13;14,Connected from WaterfallWorldHomeStage. StageData anchor UnitConfigName=DokanStageChange.,
CapAppearExStage::entrance::CapAppearExExit::sub_far,Cascade Kingdom,CapAppearExStage,Mysterious Clouds,subarea,substage_entrance,EntranceDB,CapAppearExExit,sub_far,obj675,Substage far side: CapAppearExExit,-900.000,1850.000,-16900.000,0;1;2;3;4;5;6;7;8;9;10;11;12;13;14,Connected from WaterfallWorldHomeStage. StageData anchor UnitConfigName=DokanStageChange.,
Lift2DExStage::stage_change::Lift2D::raw,Cascade Kingdom,Lift2DExStage,8-Bit Chasm Lifts,subarea,stage_change,StageData,Lift2D,raw,obj7617,Stage Change Lift2D,-2200.000,-1050.000,1900.000,0;1;2;3;4;5;6;7;8;9;10;11;12;13;14,Raw UnitConfigName=ChangeStageArea.,
Lift2DExStage::stage_change::Lift2DExit::raw,Cascade Kingdom,Lift2DExStage,8-Bit Chasm Lifts,subarea,stage_change,StageData,Lift2DExit,raw,obj7628,Stage Change Lift2DExit,7950.000,1400.000,-5400.000,0;1;2;3;4;5;6;7;8;9;10;11;12;13;14,Raw UnitConfigName=DokanStageChange.,
Lift2DExStage::start,Cascade Kingdom,Lift2DExStage,8-Bit Chasm Lifts,subarea,stage_start,generated,,,,Default start,,,,,Rename or split if this stage has multiple meaningful starts.,
Lift2DExStage::entrance::Lift2D::sub_near,Cascade Kingdom,Lift2DExStage,8-Bit Chasm Lifts,subarea,substage_entrance,EntranceDB,Lift2D,sub_near,obj7617,Substage near side: Lift2D,-2200.000,-1050.000,1900.000,0;1;2;3;4;5;6;7;8;9;10;11;12;13;14,Connected from WaterfallWorldHomeStage. StageData anchor UnitConfigName=ChangeStageArea.,
Lift2DExStage::entrance::Lift2DExit::sub_far,Cascade Kingdom,Lift2DExStage,8-Bit Chasm Lifts,subarea,substage_entrance,EntranceDB,Lift2DExit,sub_far,obj7628,Substage far side: Lift2DExit,7950.000,1400.000,-5400.000,0;1;2;3;4;5;6;7;8;9;10;11;12;13;14,Connected from WaterfallWorldHomeStage. StageData anchor UnitConfigName=DokanStageChange.,
TrexPoppunExStage::stage_change::RexPoppunEx::raw,Cascade Kingdom,TrexPoppunExStage,Dinosaur Nest,subarea,stage_change,StageData,RexPoppunEx,raw,obj64,Stage Change RexPoppunEx,150.000,-250.000,1800.000,0;1;2;3;4;5;6;7;8;9;10;11;12;13;14,Raw UnitConfigName=ChangeStageArea.,
TrexPoppunExStage::start,Cascade Kingdom,TrexPoppunExStage,Dinosaur Nest,subarea,stage_start,generated,,,,Default start,,,,,Rename or split if this stage has multiple meaningful starts.,
TrexPoppunExStage::entrance::RexPoppunEx::sub_far,Cascade Kingdom,TrexPoppunExStage,Dinosaur Nest,subarea,substage_entrance,EntranceDB,RexPoppunEx,sub_far,obj64,Substage far side: RexPoppunEx,150.000,-250.000,1800.000,0;1;2;3;4;5;6;7;8;9;10;11;12;13;14,Connected from WaterfallWorldHomeStage. StageData anchor UnitConfigName=ChangeStageArea.,
TrexPoppunExStage::entrance::RexPoppunEx::sub_near,Cascade Kingdom,TrexPoppunExStage,Dinosaur Nest,subarea,substage_entrance,EntranceDB,RexPoppunEx,sub_near,obj64,Substage near side: RexPoppunEx,150.000,-250.000,1800.000,0;1;2;3;4;5;6;7;8;9;10;11;12;13;14,Connected from WaterfallWorldHomeStage. StageData anchor UnitConfigName=ChangeStageArea.,
WanwanClashExStage::stage_change::WanwanExGoal::raw,Cascade Kingdom,WanwanClashExStage,Nice Shots with Chain Chomps,subarea,stage_change,StageData,WanwanExGoal,raw,obj434,Stage Change WanwanExGoal,16050.000,600.000,-1650.000,0;1;2;3;4;5;6;7;8;9;10;11;12;13;14,Raw UnitConfigName=DokanStageChange.,
WanwanClashExStage::stage_change::WanwanExStart::raw,Cascade Kingdom,WanwanClashExStage,Nice Shots with Chain Chomps,subarea,stage_change,StageData,WanwanExStart,raw,obj432,Stage Change WanwanExStart,-2100.000,0.000,-200.000,0;1;2;3;4;5;6;7;8;9;10;11;12;13;14,Raw UnitConfigName=DokanStageChange.,
WanwanClashExStage::start,Cascade Kingdom,WanwanClashExStage,Nice Shots with Chain Chomps,subarea,stage_start,generated,,,,Default start,,,,,Rename or split if this stage has multiple meaningful starts.,
WanwanClashExStage::entrance::WanwanExGoal::sub_far,Cascade Kingdom,WanwanClashExStage,Nice Shots with Chain Chomps,subarea,substage_entrance,EntranceDB,WanwanExGoal,sub_far,obj434,Substage far side: WanwanExGoal,16050.000,600.000,-1650.000,0;1;2;3;4;5;6;7;8;9;10;11;12;13;14,Connected from WaterfallWorldHomeStage. StageData anchor UnitConfigName=DokanStageChange.,
WanwanClashExStage::entrance::WanwanExStart::sub_near,Cascade Kingdom,WanwanClashExStage,Nice Shots with Chain Chomps,subarea,substage_entrance,EntranceDB,WanwanExStart,sub_near,obj432,Substage near side: WanwanExStart,-2100.000,0.000,-200.000,0;1;2;3;4;5;6;7;8;9;10;11;12;13;14,Connected from WaterfallWorldHomeStage. StageData anchor UnitConfigName=DokanStageChange.,
WaterfallWorldHomeStage::checkpoint::obj1724,Cascade Kingdom,WaterfallWorldHomeStage,Cascade Kingdom,overworld,checkpoint,StageData,,,obj1724,Stone Bridge Checkpoint (obj1724),-3252.691,3200.000,-1414.214,0;1;2;3;6;7,Raw UnitConfigName=CheckpointFlag.,
WaterfallWorldHomeStage::checkpoint::obj2832,Cascade Kingdom,WaterfallWorldHomeStage,Cascade Kingdom,overworld,checkpoint,StageData,,,obj2832,Island in the Sky Checkpoint (obj2832),5020.458,8850.000,10394.470,0;1;2;3;6;7,Raw UnitConfigName=CheckpointFlag.,
WaterfallWorldHomeStage::checkpoint::obj3139,Cascade Kingdom,WaterfallWorldHomeStage,Cascade Kingdom,overworld,checkpoint,StageData,,,obj3139,Top of the Big Stump Checkpoint (obj3139),4101.219,3248.755,6646.804,0;1;2;3;6;7,Raw UnitConfigName=CheckpointFlag.,
WaterfallWorldHomeStage::checkpoint::obj597,Cascade Kingdom,WaterfallWorldHomeStage,Cascade Kingdom,overworld,checkpoint,StageData,,,obj597,Waterfall Basin Checkpoint (obj597),12940.054,544.752,4737.616,0;1;7,Raw UnitConfigName=CheckpointFlag.,
WaterfallWorldHomeStage::checkpoint::obj601,Cascade Kingdom,WaterfallWorldHomeStage,Cascade Kingdom,overworld,checkpoint,StageData,,,obj601,Fossil Falls Heights Checkpoint (obj601),989.950,6014.098,-1484.924,0;1;2;3;6;7,Raw UnitConfigName=CheckpointFlag.,
WaterfallWorldHomeStage::entrance::CapAppearExEnt::home_in,Cascade Kingdom,WaterfallWorldHomeStage,Cascade Kingdom,overworld,home_entrance,EntranceDB,CapAppearExEnt,home_in,obj3256,Home entrance: CapAppearExEnt,-5550.788,3227.539,-1661.701,3,Links to CapAppearExStage. StageData anchor UnitConfigName=DokanStageChange.,
WaterfallWorldHomeStage::entrance::CapAppearExExit::home_out,Cascade Kingdom,WaterfallWorldHomeStage,Cascade Kingdom,overworld,home_entrance,EntranceDB,CapAppearExExit,home_out,obj2451,Home return: CapAppearExExit,-5232.590,3221.948,-1343.503,3,Links to CapAppearExStage. StageData anchor UnitConfigName=DokanStageChange.,
WaterfallWorldHomeStage::entrance::Lift2D::home_in,Cascade Kingdom,WaterfallWorldHomeStage,Cascade Kingdom,overworld,home_entrance,EntranceDB,Lift2D,home_in,obj2432,Home entrance: Lift2D,1244.050,2550.000,-3648.213,1;2;3;6,Links to Lift2DExStage. StageData anchor UnitConfigName=ChangeStageArea.,
WaterfallWorldHomeStage::entrance::Lift2DExit::home_out,Cascade Kingdom,WaterfallWorldHomeStage,Cascade Kingdom,overworld,home_entrance,EntranceDB,Lift2DExit,home_out,obj3221,Home return: Lift2DExit,636.396,2600.000,-3040.559,1;2;3;4;5;6,Links to Lift2DExStage. StageData anchor UnitConfigName=DokanStageChange.,
WaterfallWorldHomeStage::entrance::RexPoppunEx::home_in,Cascade Kingdom,WaterfallWorldHomeStage,Cascade Kingdom,overworld,home_entrance,EntranceDB,RexPoppunEx,home_in,obj2448,Home entrance: RexPoppunEx,4250.000,2165.404,8250.000,1;2;3;6,Links to TrexPoppunExStage. StageData anchor UnitConfigName=ChangeStageArea.,
WaterfallWorldHomeStage::entrance::RexPoppunEx::home_out,Cascade Kingdom,WaterfallWorldHomeStage,Cascade Kingdom,overworld,home_entrance,EntranceDB,RexPoppunEx,home_out,obj2448,Home return: RexPoppunEx,4250.000,2165.404,8250.000,1;2;3;6,Links to TrexPoppunExStage. StageData anchor UnitConfigName=ChangeStageArea.,
WaterfallWorldHomeStage::entrance::WanwanExGoal::home_out,Cascade Kingdom,WaterfallWorldHomeStage,Cascade Kingdom,overworld,home_entrance,EntranceDB,WanwanExGoal,home_out,obj2132,Home return: WanwanExGoal,-10924.799,3203.997,-1449.569,1;2;3;4;5;6,Links to WanwanClashExStage. StageData anchor UnitConfigName=DokanStageChange.,
WaterfallWorldHomeStage::entrance::WanwanExStart::home_in,Cascade Kingdom,WaterfallWorldHomeStage,Cascade Kingdom,overworld,home_entrance,EntranceDB,WanwanExStart,home_in,obj2131,Home entrance: WanwanExStart,-10253.048,3590.000,-777.817,1;2;3;4;5;6,Links to WanwanClashExStage. StageData anchor UnitConfigName=DokanStageChange.,
WaterfallWorldHomeStage::entrance::WindBlowExGoal::home_out,Cascade Kingdom,WaterfallWorldHomeStage,Cascade Kingdom,overworld,home_entrance,EntranceDB,WindBlowExGoal,home_out,obj2705,Home return: WindBlowExGoal,-176.777,1650.000,4419.417,3,Links to WindBlowExStage. StageData anchor UnitConfigName=DokanStageChange.,
WaterfallWorldHomeStage::entrance::WindBlowExStart::home_in,Cascade Kingdom,WaterfallWorldHomeStage,Cascade Kingdom,overworld,home_entrance,EntranceDB,WindBlowExStart,home_in,obj2703,Home entrance: WindBlowExStart,-601.041,1650.000,4419.417,3,Links to WindBlowExStage. StageData anchor UnitConfigName=DokanStageChange.,
WaterfallWorldHomeStage::stage_change::CapAppearExEnt::raw,Cascade Kingdom,WaterfallWorldHomeStage,Cascade Kingdom,overworld,stage_change,StageData,CapAppearExEnt,raw,obj3256,Stage Change CapAppearExEnt,-5550.788,3227.539,-1661.701,3,Raw UnitConfigName=DokanStageChange.,
WaterfallWorldHomeStage::stage_change::CapAppearExExit::raw,Cascade Kingdom,WaterfallWorldHomeStage,Cascade Kingdom,overworld,stage_change,StageData,CapAppearExExit,raw,obj2451,Stage Change CapAppearExExit,-5232.590,3221.948,-1343.503,3,Raw UnitConfigName=DokanStageChange.,
WaterfallWorldHomeStage::stage_change::Come::raw,Cascade Kingdom,WaterfallWorldHomeStage,Cascade Kingdom,overworld,stage_change,StageData,Come,raw,obj1034,Stage Change Come,5515.433,8850.000,9899.495,0;1;2;3;4;5;6,Raw UnitConfigName=WorldWarpHole.,
WaterfallWorldHomeStage::stage_change::Go::raw,Cascade Kingdom,WaterfallWorldHomeStage,Cascade Kingdom,overworld,stage_change,StageData,Go,raw,obj1035,Stage Change Go,200.000,1017.547,-1750.000,0;1;2;3;4;5;6;7;8;9;10;11;12;13;14,Raw UnitConfigName=WorldWarpHole.,
WaterfallWorldHomeStage::stage_change::Lift2D::raw,Cascade Kingdom,WaterfallWorldHomeStage,Cascade Kingdom,overworld,stage_change,StageData,Lift2D,raw,obj2432,Stage Change Lift2D,1244.050,2550.000,-3648.213,1;2;3;6,Raw UnitConfigName=ChangeStageArea.,
WaterfallWorldHomeStage::stage_change::Lift2DExit::raw,Cascade Kingdom,WaterfallWorldHomeStage,Cascade Kingdom,overworld,stage_change,StageData,Lift2DExit,raw,obj3221,Stage Change Lift2DExit,636.396,2600.000,-3040.559,1;2;3;4;5;6,Raw UnitConfigName=DokanStageChange.,
WaterfallWorldHomeStage::stage_change::RexPoppunEx::raw,Cascade Kingdom,WaterfallWorldHomeStage,Cascade Kingdom,overworld,stage_change,StageData,RexPoppunEx,raw,obj2448,Stage Change RexPoppunEx,4250.000,2165.404,8250.000,1;2;3;6,Raw UnitConfigName=ChangeStageArea.,
WaterfallWorldHomeStage::stage_change::WanwanExGoal::raw,Cascade Kingdom,WaterfallWorldHomeStage,Cascade Kingdom,overworld,stage_change,StageData,WanwanExGoal,raw,obj2132,Stage Change WanwanExGoal,-10924.799,3203.997,-1449.569,1;2;3;4;5;6,Raw UnitConfigName=DokanStageChange.,
WaterfallWorldHomeStage::stage_change::WanwanExStart::raw,Cascade Kingdom,WaterfallWorldHomeStage,Cascade Kingdom,overworld,stage_change,StageData,WanwanExStart,raw,obj2131,Stage Change WanwanExStart,-10253.048,3590.000,-777.817,1;2;3;4;5;6,Raw UnitConfigName=DokanStageChange.,
WaterfallWorldHomeStage::stage_change::WaterfallWorldRacemanStart::raw,Cascade Kingdom,WaterfallWorldHomeStage,Cascade Kingdom,overworld,stage_change,StageData,WaterfallWorldRacemanStart,raw,obj2742,Stage Change WaterfallWorldRacemanStart,12504.840,556.237,3167.345,2;3,Raw UnitConfigName=PlayerStartObjNoLink.,
WaterfallWorldHomeStage::stage_change::WindBlowExGoal::raw,Cascade Kingdom,WaterfallWorldHomeStage,Cascade Kingdom,overworld,stage_change,StageData,WindBlowExGoal,raw,obj2705,Stage Change WindBlowExGoal,-176.777,1650.000,4419.417,3,Raw UnitConfigName=DokanStageChange.,
WaterfallWorldHomeStage::stage_change::WindBlowExStart::raw,Cascade Kingdom,WaterfallWorldHomeStage,Cascade Kingdom,overworld,stage_change,StageData,WindBlowExStart,raw,obj2703,Stage Change WindBlowExStart,-601.041,1650.000,4419.417,3,Raw UnitConfigName=DokanStageChange.,
WaterfallWorldHomeStage::stage_change::start::raw,Cascade Kingdom,WaterfallWorldHomeStage,Cascade Kingdom,overworld,stage_change,StageData,start,raw,obj1135,Stage Change start,13900.000,588.494,5700.000,0;1;2;3;4;5;6;7;8;9;10;11;12;13;14,Raw UnitConfigName=PlayerActorHakoniwa.,
WaterfallWorldHomeStage::start,Cascade Kingdom,WaterfallWorldHomeStage,Cascade Kingdom,overworld,stage_start,generated,,,,Default start,,,,,Rename or split if this stage has multiple meaningful starts.,
WaterfallWorldHomeStage::event::MoonRockActive_Cascade,Cascade Kingdom,WaterfallWorldHomeStage,Cascade Kingdom,overworld,state_event,StageData:progression_events,,,obj1030,Moon Rock,-10400.000,6100.000,4850.000,3,Fill the route to the Moon Rock and any prerequisite story/global state. Location imported from StageData obj obj1030.,
WaterfallWorldHomeStage::event::WorldPeace_Cascade,Cascade Kingdom,WaterfallWorldHomeStage,Cascade Kingdom,overworld,state_event,progression_events,,,,Cascade Kingdom World Peace,,,,,Fill the story moons/bosses that must be completed for world peace in this kingdom.,
WindBlowExStage::stage_change::WindBlowExGoal::raw,Cascade Kingdom,WindBlowExStage,Gusty Bridges,subarea,stage_change,StageData,WindBlowExGoal,raw,obj282,Stage Change WindBlowExGoal,20400.031,-200.000,-2085.966,0;1;2;3;4;5;6;7;8;9;10;11;12;13;14,Raw UnitConfigName=DokanStageChange.,
WindBlowExStage::stage_change::WindBlowExStart::raw,Cascade Kingdom,WindBlowExStage,Gusty Bridges,subarea,stage_change,StageData,WindBlowExStart,raw,obj281,Stage Change WindBlowExStart,1650.000,0.000,-200.000,0;1;2;3;4;5;6;7;8;9;10;11;12;13;14,Raw UnitConfigName=DokanStageChange.,
WindBlowExStage::start,Cascade Kingdom,WindBlowExStage,Gusty Bridges,subarea,stage_start,generated,,,,Default start,,,,,Rename or split if this stage has multiple meaningful starts.,
WindBlowExStage::entrance::WindBlowExGoal::sub_far,Cascade Kingdom,WindBlowExStage,Gusty Bridges,subarea,substage_entrance,EntranceDB,WindBlowExGoal,sub_far,obj282,Substage far side: WindBlowExGoal,20400.031,-200.000,-2085.966,0;1;2;3;4;5;6;7;8;9;10;11;12;13;14,Connected from WaterfallWorldHomeStage. StageData anchor UnitConfigName=DokanStageChange.,
WindBlowExStage::entrance::WindBlowExStart::sub_near,Cascade Kingdom,WindBlowExStage,Gusty Bridges,subarea,substage_entrance,EntranceDB,WindBlowExStart,sub_near,obj281,Substage near side: WindBlowExStart,1650.000,0.000,-200.000,0;1;2;3;4;5;6;7;8;9;10;11;12;13;14,Connected from WaterfallWorldHomeStage. StageData anchor UnitConfigName=DokanStageChange.,
WaterfallWorldHomeStage::place::new_place,Cascade Kingdom,WaterfallWorldHomeStage,Cascade Kingdom,overworld,custom_place,editor,,,,First Moon,,,,,Human-authored logic place.,
CloudWorldHomeStage::entrance::Fukuwarai::home_in,Cloud Kingdom,CloudWorldHomeStage,Cloud Kingdom,overworld,home_entrance,EntranceDB,Fukuwarai,home_in,obj124,Home entrance: Fukuwarai,-0.000,273.642,0.000,1;2;3,Links to FukuwaraiKuriboStage. StageData anchor UnitConfigName=DokanStageChange.,
CloudWorldHomeStage::entrance::Fukuwarai::home_out,Cloud Kingdom,CloudWorldHomeStage,Cloud Kingdom,overworld,home_entrance,EntranceDB,Fukuwarai,home_out,obj124,Home return: Fukuwarai,-0.000,273.642,0.000,1;2;3,Links to FukuwaraiKuriboStage. StageData anchor UnitConfigName=DokanStageChange.,
CloudWorldHomeStage::entrance::cube::home_in,Cloud Kingdom,CloudWorldHomeStage,Cloud Kingdom,overworld,home_entrance,EntranceDB,cube,home_in,obj184,Home entrance: cube,-3200.000,200.000,3200.000,3,Links to Cube2DExStage. StageData anchor UnitConfigName=DokanStageChange.,
CloudWorldHomeStage::entrance::cube::home_out,Cloud Kingdom,CloudWorldHomeStage,Cloud Kingdom,overworld,home_entrance,EntranceDB,cube,home_out,obj184,Home return: cube,-3200.000,200.000,3200.000,3,Links to Cube2DExStage. StageData anchor UnitConfigName=DokanStageChange.,
CloudWorldHomeStage::stage_change::Fukuwarai::raw,Cloud Kingdom,CloudWorldHomeStage,Cloud Kingdom,overworld,stage_change,StageData,Fukuwarai,raw,obj124,Stage Change Fukuwarai,-0.000,273.642,0.000,1;2;3,Raw UnitConfigName=DokanStageChange.,
CloudWorldHomeStage::stage_change::cube::raw,Cloud Kingdom,CloudWorldHomeStage,Cloud Kingdom,overworld,stage_change,StageData,cube,raw,obj184,Stage Change cube,-3200.000,200.000,3200.000,3,Raw UnitConfigName=DokanStageChange.,
CloudWorldHomeStage::start,Cloud Kingdom,CloudWorldHomeStage,Cloud Kingdom,overworld,stage_start,generated,,,,Default start,,,,,Rename or split if this stage has multiple meaningful starts.,
CloudWorldHomeStage::event::MoonRockActive_Cloud,Cloud Kingdom,CloudWorldHomeStage,Cloud Kingdom,overworld,state_event,StageData:progression_events,,,obj182,Moon Rock,-50.000,50.000,-10650.000,3,Fill the route to the Moon Rock and any prerequisite story/global state. Location imported from StageData obj obj182.,
CloudWorldHomeStage::event::WorldPeace_Cloud,Cloud Kingdom,CloudWorldHomeStage,Cloud Kingdom,overworld,state_event,progression_events,,,,Cloud Kingdom World Peace,,,,,Fill the story moons/bosses that must be completed for world peace in this kingdom.,
Cube2DExStage::stage_change::cube::raw,Cloud Kingdom,Cube2DExStage,2D Cube,subarea,stage_change,StageData,cube,raw,obj774,Stage Change cube,1650.000,4520.000,-1400.000,0;1;2;3;4;5;6;7;8;9;10;11;12;13;14,Raw UnitConfigName=DokanStageChange.,
Cube2DExStage::start,Cloud Kingdom,Cube2DExStage,2D Cube,subarea,stage_start,generated,,,,Default start,,,,,Rename or split if this stage has multiple meaningful starts.,
Cube2DExStage::entrance::cube::sub_far,Cloud Kingdom,Cube2DExStage,2D Cube,subarea,substage_entrance,EntranceDB,cube,sub_far,obj774,Substage far side: cube,1650.000,4520.000,-1400.000,0;1;2;3;4;5;6;7;8;9;10;11;12;13;14,Connected from CloudWorldHomeStage. StageData anchor UnitConfigName=DokanStageChange.,
Cube2DExStage::entrance::cube::sub_near,Cloud Kingdom,Cube2DExStage,2D Cube,subarea,substage_entrance,EntranceDB,cube,sub_near,obj774,Substage near side: cube,1650.000,4520.000,-1400.000,0;1;2;3;4;5;6;7;8;9;10;11;12;13;14,Connected from CloudWorldHomeStage. StageData anchor UnitConfigName=DokanStageChange.,
FukuwaraiKuriboStage::stage_change::Fukuwarai::raw,Cloud Kingdom,FukuwaraiKuriboStage,Picture Match,subarea,stage_change,StageData,Fukuwarai,raw,obj29,Stage Change Fukuwarai,0.000,0.000,1400.000,0;1;2;3;4;5;6;7;8;9;10;11;12;13;14,Raw UnitConfigName=DokanStageChange.,
FukuwaraiKuriboStage::start,Cloud Kingdom,FukuwaraiKuriboStage,Picture Match,subarea,stage_start,generated,,,,Default start,,,,,Rename or split if this stage has multiple meaningful starts.,
FukuwaraiKuriboStage::entrance::Fukuwarai::sub_far,Cloud Kingdom,FukuwaraiKuriboStage,Picture Match,subarea,substage_entrance,EntranceDB,Fukuwarai,sub_far,obj29,Substage far side: Fukuwarai,0.000,0.000,1400.000,0;1;2;3;4;5;6;7;8;9;10;11;12;13;14,Connected from CloudWorldHomeStage. StageData anchor UnitConfigName=DokanStageChange.,
FukuwaraiKuriboStage::entrance::Fukuwarai::sub_near,Cloud Kingdom,FukuwaraiKuriboStage,Picture Match,subarea,substage_entrance,EntranceDB,Fukuwarai,sub_near,obj29,Substage near side: Fukuwarai,0.000,0.000,1400.000,0;1;2;3;4;5;6;7;8;9;10;11;12;13;14,Connected from CloudWorldHomeStage. StageData anchor UnitConfigName=DokanStageChange.,
CloudWorldHomeStage::stage_change::Start::raw,Cloud Kingdom,CloudWorldHomeStage,Cloud Kingdom,overworld,stage_change,StageData,Start,raw,obj454,Stage Change Start,-488.429,-1422.589,10011.136,1,Raw UnitConfigName=ChangeStageArea.,
BikeSteelNoCapExStage::stage_change::BikeSteelNoCapEx::raw,Dark Side,BikeSteelNoCapExStage,Vanishing Road Capless,subarea,stage_change,StageData,BikeSteelNoCapEx,raw,obj7,Stage Change BikeSteelNoCapEx,-300.000,2100.000,1700.000,1,Raw UnitConfigName=DokanStageChange.,
BikeSteelNoCapExStage::stage_change::BikeSteelNoCapEx_Exit::raw,Dark Side,BikeSteelNoCapExStage,Vanishing Road Capless,subarea,stage_change,StageData,BikeSteelNoCapEx_Exit,raw,obj8,Stage Change BikeSteelNoCapEx_Exit,-47698.336,1550.000,-33642.492,1,Raw UnitConfigName=DokanStageChange.,
BikeSteelNoCapExStage::start,Dark Side,BikeSteelNoCapExStage,Vanishing Road Capless,subarea,stage_start,generated,,,,Default start,,,,,Rename or split if this stage has multiple meaningful starts.,
BikeSteelNoCapExStage::entrance::BikeSteelNoCapEx::sub_near,Dark Side,BikeSteelNoCapExStage,Vanishing Road Capless,subarea,substage_entrance,EntranceDB,BikeSteelNoCapEx,sub_near,obj7,Substage near side: BikeSteelNoCapEx,-300.000,2100.000,1700.000,1,Connected from Special1WorldHomeStage. StageData anchor UnitConfigName=DokanStageChange.,
BikeSteelNoCapExStage::entrance::BikeSteelNoCapEx_Exit::sub_far,Dark Side,BikeSteelNoCapExStage,Vanishing Road Capless,subarea,substage_entrance,EntranceDB,BikeSteelNoCapEx_Exit,sub_far,obj8,Substage far side: BikeSteelNoCapEx_Exit,-47698.336,1550.000,-33642.492,1,Connected from Special1WorldHomeStage. StageData anchor UnitConfigName=DokanStageChange.,
KillerRoadNoCapExStage::stage_change::KillerRoadNoCapEx::raw,Dark Side,KillerRoadNoCapExStage,Breakdown Road Capless,subarea,stage_change,StageData,KillerRoadNoCapEx,raw,obj6,Stage Change KillerRoadNoCapEx,1555.635,200.000,1131.371,1,Raw UnitConfigName=DokanStageChange.,
KillerRoadNoCapExStage::start,Dark Side,KillerRoadNoCapExStage,Breakdown Road Capless,subarea,stage_start,generated,,,,Default start,,,,,Rename or split if this stage has multiple meaningful starts.,
KillerRoadNoCapExStage::entrance::KillerRoadNoCapEx::sub_far,Dark Side,KillerRoadNoCapExStage,Breakdown Road Capless,subarea,substage_entrance,EntranceDB,KillerRoadNoCapEx,sub_far,obj6,Substage far side: KillerRoadNoCapEx,1555.635,200.000,1131.371,1,Connected from Special1WorldHomeStage. StageData anchor UnitConfigName=DokanStageChange.,
KillerRoadNoCapExStage::entrance::KillerRoadNoCapEx::sub_near,Dark Side,KillerRoadNoCapExStage,Breakdown Road Capless,subarea,substage_entrance,EntranceDB,KillerRoadNoCapEx,sub_near,obj6,Substage near side: KillerRoadNoCapEx,1555.635,200.000,1131.371,1,Connected from Special1WorldHomeStage. StageData anchor UnitConfigName=DokanStageChange.,
LavaWorldUpDownYoshiExStage::stage_change::LavaWorldUpDownYoshiEx::raw,Dark Side,LavaWorldUpDownYoshiExStage,Yoshi's Magma Swamp,subarea,stage_change,StageData,LavaWorldUpDownYoshiEx,raw,obj2,Stage Change LavaWorldUpDownYoshiEx,-1100.000,350.000,2450.000,1,Raw UnitConfigName=ChangeStageArea.,
LavaWorldUpDownYoshiExStage::stage_change::LavaWorldUpDownYoshiEx_Exit::raw,Dark Side,LavaWorldUpDownYoshiExStage,Yoshi's Magma Swamp,subarea,stage_change,StageData,LavaWorldUpDownYoshiEx_Exit,raw,obj50,Stage Change LavaWorldUpDownYoshiEx_Exit,550.000,650.000,-7350.000,1,Raw UnitConfigName=DokanStageChange.,
LavaWorldUpDownYoshiExStage::start,Dark Side,LavaWorldUpDownYoshiExStage,Yoshi's Magma Swamp,subarea,stage_start,generated,,,,Default start,,,,,Rename or split if this stage has multiple meaningful starts.,
LavaWorldUpDownYoshiExStage::entrance::LavaWorldUpDownYoshiEx::sub_near,Dark Side,LavaWorldUpDownYoshiExStage,Yoshi's Magma Swamp,subarea,substage_entrance,EntranceDB,LavaWorldUpDownYoshiEx,sub_near,obj2,Substage near side: LavaWorldUpDownYoshiEx,-1100.000,350.000,2450.000,1,Connected from Special1WorldHomeStage. StageData anchor UnitConfigName=ChangeStageArea.,
LavaWorldUpDownYoshiExStage::entrance::LavaWorldUpDownYoshiEx_Exit::sub_far,Dark Side,LavaWorldUpDownYoshiExStage,Yoshi's Magma Swamp,subarea,substage_entrance,EntranceDB,LavaWorldUpDownYoshiEx_Exit,sub_far,obj50,Substage far side: LavaWorldUpDownYoshiEx_Exit,550.000,650.000,-7350.000,1,Connected from Special1WorldHomeStage. StageData anchor UnitConfigName=DokanStageChange.,
PackunPoisonNoCapExStage::stage_change::PackunPoisonNoCapEx::raw,Dark Side,PackunPoisonNoCapExStage,Invisible Road Capless,subarea,stage_change,StageData,PackunPoisonNoCapEx,raw,obj11,Stage Change PackunPoisonNoCapEx,3850.000,600.000,-10400.000,1,Raw UnitConfigName=DokanStageChange.,
PackunPoisonNoCapExStage::stage_change::PackunPoisonNoCapEx_Exit::raw,Dark Side,PackunPoisonNoCapExStage,Invisible Road Capless,subarea,stage_change,StageData,PackunPoisonNoCapEx_Exit,raw,obj10,Stage Change PackunPoisonNoCapEx_Exit,2750.000,800.000,3000.000,1,Raw UnitConfigName=DokanStageChange.,
PackunPoisonNoCapExStage::start,Dark Side,PackunPoisonNoCapExStage,Invisible Road Capless,subarea,stage_start,generated,,,,Default start,,,,,Rename or split if this stage has multiple meaningful starts.,
PackunPoisonNoCapExStage::entrance::PackunPoisonNoCapEx::sub_near,Dark Side,PackunPoisonNoCapExStage,Invisible Road Capless,subarea,substage_entrance,EntranceDB,PackunPoisonNoCapEx,sub_near,obj11,Substage near side: PackunPoisonNoCapEx,3850.000,600.000,-10400.000,1,Connected from Special1WorldHomeStage. StageData anchor UnitConfigName=DokanStageChange.,
PackunPoisonNoCapExStage::entrance::PackunPoisonNoCapEx_Exit::sub_far,Dark Side,PackunPoisonNoCapExStage,Invisible Road Capless,subarea,substage_entrance,EntranceDB,PackunPoisonNoCapEx_Exit,sub_far,obj10,Substage far side: PackunPoisonNoCapEx_Exit,2750.000,800.000,3000.000,1,Connected from Special1WorldHomeStage. StageData anchor UnitConfigName=DokanStageChange.,
SenobiTowerYoshiExStage::stage_change::SenobiTowerYoshiEx::raw,Dark Side,SenobiTowerYoshiExStage,Yoshi on the Sinking Island,subarea,stage_change,StageData,SenobiTowerYoshiEx,raw,obj2,Stage Change SenobiTowerYoshiEx,3550.000,-1500.000,-450.000,1,Raw UnitConfigName=ChangeStageArea.,
SenobiTowerYoshiExStage::stage_change::SenobiTowerYoshiEx_Exit::raw,Dark Side,SenobiTowerYoshiExStage,Yoshi on the Sinking Island,subarea,stage_change,StageData,SenobiTowerYoshiEx_Exit,raw,obj28,Stage Change SenobiTowerYoshiEx_Exit,-9404.521,8000.000,-11879.394,1,Raw UnitConfigName=DokanStageChange.,
SenobiTowerYoshiExStage::start,Dark Side,SenobiTowerYoshiExStage,Yoshi on the Sinking Island,subarea,stage_start,generated,,,,Default start,,,,,Rename or split if this stage has multiple meaningful starts.,
SenobiTowerYoshiExStage::entrance::SeaWorldEX3a::sub_near,Dark Side,SenobiTowerYoshiExStage,Yoshi on the Sinking Island,subarea,substage_entrance,EntranceDB,SeaWorldEX3a,sub_near,obj287;obj512,Substage near side: SeaWorldEX3a,-700.000,-1500.000,200.000,0;1;2;3,Connected from SeaWorldHomeStage.,
SenobiTowerYoshiExStage::entrance::SeaWorldEX3b::sub_far,Dark Side,SenobiTowerYoshiExStage,Yoshi on the Sinking Island,subarea,substage_entrance,EntranceDB,SeaWorldEX3b,sub_far,obj253;obj537,Substage far side: SeaWorldEX3b,-1300.000,-1400.000,200.000,0;1;2;3,Connected from SeaWorldHomeStage.,
SenobiTowerYoshiExStage::entrance::SenobiTowerYoshiEx::sub_near,Dark Side,SenobiTowerYoshiExStage,Yoshi on the Sinking Island,subarea,substage_entrance,EntranceDB,SenobiTowerYoshiEx,sub_near,obj2,Substage near side: SenobiTowerYoshiEx,3550.000,-1500.000,-450.000,1,Connected from Special1WorldHomeStage. StageData anchor UnitConfigName=ChangeStageArea.,
SenobiTowerYoshiExStage::entrance::SenobiTowerYoshiEx_Exit::sub_far,Dark Side,SenobiTowerYoshiExStage,Yoshi on the Sinking Island,subarea,substage_entrance,EntranceDB,SenobiTowerYoshiEx_Exit,sub_far,obj28,Substage far side: SenobiTowerYoshiEx_Exit,-9404.521,8000.000,-11879.394,1,Connected from Special1WorldHomeStage. StageData anchor UnitConfigName=DokanStageChange.,
ShootingCityYoshiExStage::stage_change::ShootingCityYoshiEx::raw,Dark Side,ShootingCityYoshiExStage,Yoshi Under Siege,subarea,stage_change,StageData,ShootingCityYoshiEx,raw,obj27,Stage Change ShootingCityYoshiEx,50.000,0.000,1750.000,1,Raw UnitConfigName=DokanStageChange.,
ShootingCityYoshiExStage::stage_change::ShootingCityYoshiEx_Exit::raw,Dark Side,ShootingCityYoshiExStage,Yoshi Under Siege,subarea,stage_change,StageData,ShootingCityYoshiEx_Exit,raw,obj26,Stage Change ShootingCityYoshiEx_Exit,250.000,0.000,-14450.000,1,Raw UnitConfigName=DokanStageChange.,
ShootingCityYoshiExStage::start,Dark Side,ShootingCityYoshiExStage,Yoshi Under Siege,subarea,stage_start,generated,,,,Default start,,,,,Rename or split if this stage has multiple meaningful starts.,
ShootingCityYoshiExStage::entrance::ShootingCityYoshiEx::sub_near,Dark Side,ShootingCityYoshiExStage,Yoshi Under Siege,subarea,substage_entrance,EntranceDB,ShootingCityYoshiEx,sub_near,obj27,Substage near side: ShootingCityYoshiEx,50.000,0.000,1750.000,1,Connected from Special1WorldHomeStage. StageData anchor UnitConfigName=DokanStageChange.,
ShootingCityYoshiExStage::entrance::ShootingCityYoshiEx_Exit::sub_far,Dark Side,ShootingCityYoshiExStage,Yoshi Under Siege,subarea,substage_entrance,EntranceDB,ShootingCityYoshiEx_Exit,sub_far,obj26,Substage far side: ShootingCityYoshiEx_Exit,250.000,0.000,-14450.000,1,Connected from Special1WorldHomeStage. StageData anchor UnitConfigName=DokanStageChange.,
ShootingCityYoshiExStage::entrance::taxi::sub_near,Dark Side,ShootingCityYoshiExStage,Yoshi Under Siege,subarea,substage_entrance,EntranceDB,taxi,sub_near,obj15009;obj412,Substage near side: taxi,400.000,-109.130,-2000.000,0;1;2;3;4;5;6;7;8;9;10;11;12;13;14,Connected from CityWorldHomeStage.,
ShootingCityYoshiExStage::entrance::taxireturn::sub_far,Dark Side,ShootingCityYoshiExStage,Yoshi Under Siege,subarea,substage_entrance,EntranceDB,taxireturn,sub_far,obj344,Substage far side: taxireturn,3141.508,-50.000,-15850.000,0;1;2;3;4;5;6;7;8;9;10;11;12;13;14,Connected from CityWorldHomeStage.,
Special1WorldHomeStage::entrance::BikeSteelNoCapEx::home_in,Dark Side,Special1WorldHomeStage,Dark Side,overworld,home_entrance,EntranceDB,BikeSteelNoCapEx,home_in,obj162,Home entrance: BikeSteelNoCapEx,5700.000,-200.000,1400.000,1,Links to BikeSteelNoCapExStage. StageData anchor UnitConfigName=DoorAreaChangeCap.,
Special1WorldHomeStage::entrance::BikeSteelNoCapEx_Exit::home_out,Dark Side,Special1WorldHomeStage,Dark Side,overworld,home_entrance,EntranceDB,BikeSteelNoCapEx_Exit,home_out,obj388,Home return: BikeSteelNoCapEx_Exit,6300.000,-200.000,950.000,0;1;2;3;4;5;6;7;8;9;10;11;12;13;14,Links to BikeSteelNoCapExStage. StageData anchor UnitConfigName=DokanStageChange.,
Special1WorldHomeStage::entrance::BombTailRoomGoal::home_out,Dark Side,Special1WorldHomeStage,Dark Side,overworld,home_entrance,EntranceDB,BombTailRoomGoal,home_out,obj83,Home return: BombTailRoomGoal,1100.000,6950.000,-20050.000,0;1;2;3;4;5;6;7;8;9;10;11;12;13;14,Links to Special1WorldTowerBombTailStage. StageData anchor UnitConfigName=ChangeStageArea.,
Special1WorldHomeStage::entrance::BombTailRoomStart::home_in,Dark Side,Special1WorldHomeStage,Dark Side,overworld,home_entrance,EntranceDB,BombTailRoomStart,home_in,obj76,Home entrance: BombTailRoomStart,6300.000,4350.000,-20000.000,0;1;2;3;4;5;6;7;8;9;10;11;12;13;14,Links to Special1WorldTowerBombTailStage. StageData anchor UnitConfigName=ChangeStageArea.,
Special1WorldHomeStage::entrance::CapThrowerRoomGoal::home_out,Dark Side,Special1WorldHomeStage,Dark Side,overworld,home_entrance,EntranceDB,CapThrowerRoomGoal,home_out,obj87,Home return: CapThrowerRoomGoal,300.000,14150.000,-20050.000,0;1;2;3;4;5;6;7;8;9;10;11;12;13;14,Links to Special1WorldTowerCapThrowerStage. StageData anchor UnitConfigName=ChangeStageArea.,
Special1WorldHomeStage::entrance::CapThrowerRoomStart::home_in,Dark Side,Special1WorldHomeStage,Dark Side,overworld,home_entrance,EntranceDB,CapThrowerRoomStart,home_in,obj80,Home entrance: CapThrowerRoomStart,7150.000,11500.000,-20000.000,0;1;2;3;4;5;6;7;8;9;10;11;12;13;14,Links to Special1WorldTowerCapThrowerStage. StageData anchor UnitConfigName=ChangeStageArea.,
Special1WorldHomeStage::entrance::FireBlowerRoomGoal::home_out,Dark Side,Special1WorldHomeStage,Dark Side,overworld,home_entrance,EntranceDB,FireBlowerRoomGoal,home_out,obj85,Home return: FireBlowerRoomGoal,700.000,10550.000,-20000.000,0;1;2;3;4;5;6;7;8;9;10;11;12;13;14,Links to Special1WorldTowerFireBlowerStage. StageData anchor UnitConfigName=ChangeStageArea.,
Special1WorldHomeStage::entrance::FireBlowerRoomStart::home_in,Dark Side,Special1WorldHomeStage,Dark Side,overworld,home_entrance,EntranceDB,FireBlowerRoomStart,home_in,obj78,Home entrance: FireBlowerRoomStart,6750.000,7900.000,-20000.000,0;1;2;3;4;5;6;7;8;9;10;11;12;13;14,Links to Special1WorldTowerFireBlowerStage. StageData anchor UnitConfigName=ChangeStageArea.,
Special1WorldHomeStage::entrance::KillerRoadNoCapEx::home_in,Dark Side,Special1WorldHomeStage,Dark Side,overworld,home_entrance,EntranceDB,KillerRoadNoCapEx,home_in,obj153,Home entrance: KillerRoadNoCapEx,-21800.000,14334.050,24992.500,1,Links to KillerRoadNoCapExStage. StageData anchor UnitConfigName=DoorAreaChangeCap.,
Special1WorldHomeStage::entrance::KillerRoadNoCapEx::home_out,Dark Side,Special1WorldHomeStage,Dark Side,overworld,home_entrance,EntranceDB,KillerRoadNoCapEx,home_out,obj153,Home return: KillerRoadNoCapEx,-21800.000,14334.050,24992.500,1,Links to KillerRoadNoCapExStage. StageData anchor UnitConfigName=DoorAreaChangeCap.,
Special1WorldHomeStage::entrance::LavaWorldUpDownYoshiEx::home_in,Dark Side,Special1WorldHomeStage,Dark Side,overworld,home_entrance,EntranceDB,LavaWorldUpDownYoshiEx,home_in,obj311,Home entrance: LavaWorldUpDownYoshiEx,-450.000,-650.000,10350.000,1,Links to LavaWorldUpDownYoshiExStage. StageData anchor UnitConfigName=DokanStageChange.,
Special1WorldHomeStage::entrance::LavaWorldUpDownYoshiEx_Exit::home_out,Dark Side,Special1WorldHomeStage,Dark Side,overworld,home_entrance,EntranceDB,LavaWorldUpDownYoshiEx_Exit,home_out,obj391,Home return: LavaWorldUpDownYoshiEx_Exit,-450.000,-800.000,8550.000,1,Links to LavaWorldUpDownYoshiExStage. StageData anchor UnitConfigName=DokanStageChange.,
Special1WorldHomeStage::entrance::PackunPoisonNoCapEx::home_in,Dark Side,Special1WorldHomeStage,Dark Side,overworld,home_entrance,EntranceDB,PackunPoisonNoCapEx,home_in,obj268,Home entrance: PackunPoisonNoCapEx,3350.000,-2800.000,5900.000,1,Links to PackunPoisonNoCapExStage. StageData anchor UnitConfigName=DoorAreaChangeCap.,
Special1WorldHomeStage::entrance::PackunPoisonNoCapEx_Exit::home_out,Dark Side,Special1WorldHomeStage,Dark Side,overworld,home_entrance,EntranceDB,PackunPoisonNoCapEx_Exit,home_out,obj389,Home return: PackunPoisonNoCapEx_Exit,3050.000,-2700.000,5900.000,0;1;2;3;4;5;6;7;8;9;10;11;12;13;14,Links to PackunPoisonNoCapExStage. StageData anchor UnitConfigName=DokanStageChange.,
Special1WorldHomeStage::entrance::SenobiTowerYoshiEx::home_in,Dark Side,Special1WorldHomeStage,Dark Side,overworld,home_entrance,EntranceDB,SenobiTowerYoshiEx,home_in,obj269,Home entrance: SenobiTowerYoshiEx,1750.000,-2000.000,5000.000,1,Links to SenobiTowerYoshiExStage. StageData anchor UnitConfigName=DokanStageChange.,
Special1WorldHomeStage::entrance::SenobiTowerYoshiEx_Exit::home_out,Dark Side,Special1WorldHomeStage,Dark Side,overworld,home_entrance,EntranceDB,SenobiTowerYoshiEx_Exit,home_out,obj390,Home return: SenobiTowerYoshiEx_Exit,1600.000,-800.000,5350.000,1,Links to SenobiTowerYoshiExStage. StageData anchor UnitConfigName=DokanStageChange.,
Special1WorldHomeStage::entrance::ShootingCityYoshiEx::home_in,Dark Side,Special1WorldHomeStage,Dark Side,overworld,home_entrance,EntranceDB,ShootingCityYoshiEx,home_in,obj199,Home entrance: ShootingCityYoshiEx,2300.000,-2300.000,5700.000,1,Links to ShootingCityYoshiExStage. StageData anchor UnitConfigName=DokanStageChange.,
Special1WorldHomeStage::entrance::ShootingCityYoshiEx_Exit::home_out,Dark Side,Special1WorldHomeStage,Dark Side,overworld,home_entrance,EntranceDB,ShootingCityYoshiEx_Exit,home_out,obj392,Home return: ShootingCityYoshiEx_Exit,2850.000,-2300.000,5450.000,1,Links to ShootingCityYoshiExStage. StageData anchor UnitConfigName=DokanStageChange.,
Special1WorldHomeStage::entrance::StackerRoomGoal::home_out,Dark Side,Special1WorldHomeStage,Dark Side,overworld,home_entrance,EntranceDB,StackerRoomGoal,home_out,obj73,Home return: StackerRoomGoal,1500.000,3400.000,-20000.000,0;1;2;3;4;5;6;7;8;9;10;11;12;13;14,Links to Special1WorldTowerStackerStage. StageData anchor UnitConfigName=ChangeStageArea.,
Special1WorldHomeStage::entrance::StackerRoomStart::home_in,Dark Side,Special1WorldHomeStage,Dark Side,overworld,home_entrance,EntranceDB,StackerRoomStart,home_in,obj72,Home entrance: StackerRoomStart,6000.000,1500.000,-20000.000,0;1;2;3;4;5;6;7;8;9;10;11;12;13;14,Links to Special1WorldTowerStackerStage. StageData anchor UnitConfigName=ChangeStageArea.,
Special1WorldHomeStage::stage_change::BikeSteelNoCapEx::raw,Dark Side,Special1WorldHomeStage,Dark Side,overworld,stage_change,StageData,BikeSteelNoCapEx,raw,obj162,Stage Change BikeSteelNoCapEx,5700.000,-200.000,1400.000,1,Raw UnitConfigName=DoorAreaChangeCap.,
Special1WorldHomeStage::stage_change::BikeSteelNoCapEx_Exit::raw,Dark Side,Special1WorldHomeStage,Dark Side,overworld,stage_change,StageData,BikeSteelNoCapEx_Exit,raw,obj388,Stage Change BikeSteelNoCapEx_Exit,6300.000,-200.000,950.000,0;1;2;3;4;5;6;7;8;9;10;11;12;13;14,Raw UnitConfigName=DokanStageChange.,
Special1WorldHomeStage::stage_change::BombTailRoomGoal::raw,Dark Side,Special1WorldHomeStage,Dark Side,overworld,stage_change,StageData,BombTailRoomGoal,raw,obj83,Stage Change BombTailRoomGoal,1100.000,6950.000,-20050.000,0;1;2;3;4;5;6;7;8;9;10;11;12;13;14,Raw UnitConfigName=ChangeStageArea.,
Special1WorldHomeStage::stage_change::BombTailRoomStart::raw,Dark Side,Special1WorldHomeStage,Dark Side,overworld,stage_change,StageData,BombTailRoomStart,raw,obj76,Stage Change BombTailRoomStart,6300.000,4350.000,-20000.000,0;1;2;3;4;5;6;7;8;9;10;11;12;13;14,Raw UnitConfigName=ChangeStageArea.,
Special1WorldHomeStage::stage_change::CapThrowerRoomGoal::raw,Dark Side,Special1WorldHomeStage,Dark Side,overworld,stage_change,StageData,CapThrowerRoomGoal,raw,obj87,Stage Change CapThrowerRoomGoal,300.000,14150.000,-20050.000,0;1;2;3;4;5;6;7;8;9;10;11;12;13;14,Raw UnitConfigName=ChangeStageArea.,
Special1WorldHomeStage::stage_change::CapThrowerRoomStart::raw,Dark Side,Special1WorldHomeStage,Dark Side,overworld,stage_change,StageData,CapThrowerRoomStart,raw,obj80,Stage Change CapThrowerRoomStart,7150.000,11500.000,-20000.000,0;1;2;3;4;5;6;7;8;9;10;11;12;13;14,Raw UnitConfigName=ChangeStageArea.,
Special1WorldHomeStage::stage_change::FireBlowerRoomGoal::raw,Dark Side,Special1WorldHomeStage,Dark Side,overworld,stage_change,StageData,FireBlowerRoomGoal,raw,obj85,Stage Change FireBlowerRoomGoal,700.000,10550.000,-20000.000,0;1;2;3;4;5;6;7;8;9;10;11;12;13;14,Raw UnitConfigName=ChangeStageArea.,
Special1WorldHomeStage::stage_change::FireBlowerRoomStart::raw,Dark Side,Special1WorldHomeStage,Dark Side,overworld,stage_change,StageData,FireBlowerRoomStart,raw,obj78,Stage Change FireBlowerRoomStart,6750.000,7900.000,-20000.000,0;1;2;3;4;5;6;7;8;9;10;11;12;13;14,Raw UnitConfigName=ChangeStageArea.,
Special1WorldHomeStage::stage_change::GK_Respawn::raw,Dark Side,Special1WorldHomeStage,Dark Side,overworld,stage_change,StageData,GK_Respawn,raw,obj494,Stage Change GK_Respawn,3950.000,20250.000,-20000.000,0;1;2;3;4;5;6;7;8;9;10;11;12;13;14,Raw UnitConfigName=MissRestartArea.,
Special1WorldHomeStage::stage_change::KillerRoadNoCapEx::raw,Dark Side,Special1WorldHomeStage,Dark Side,overworld,stage_change,StageData,KillerRoadNoCapEx,raw,obj153,Stage Change KillerRoadNoCapEx,-21800.000,14334.050,24992.500,1,Raw UnitConfigName=DoorAreaChangeCap.,
Special1WorldHomeStage::stage_change::LavaWorldUpDownYoshiEx::raw,Dark Side,Special1WorldHomeStage,Dark Side,overworld,stage_change,StageData,LavaWorldUpDownYoshiEx,raw,obj311,Stage Change LavaWorldUpDownYoshiEx,-450.000,-650.000,10350.000,1,Raw UnitConfigName=DokanStageChange.,
Special1WorldHomeStage::stage_change::LavaWorldUpDownYoshiEx_Exit::raw,Dark Side,Special1WorldHomeStage,Dark Side,overworld,stage_change,StageData,LavaWorldUpDownYoshiEx_Exit,raw,obj391,Stage Change LavaWorldUpDownYoshiEx_Exit,-450.000,-800.000,8550.000,1,Raw UnitConfigName=DokanStageChange.,
Special1WorldHomeStage::stage_change::PackunPoisonNoCapEx::raw,Dark Side,Special1WorldHomeStage,Dark Side,overworld,stage_change,StageData,PackunPoisonNoCapEx,raw,obj268,Stage Change PackunPoisonNoCapEx,3350.000,-2800.000,5900.000,1,Raw UnitConfigName=DoorAreaChangeCap.,
Special1WorldHomeStage::stage_change::PackunPoisonNoCapEx_Exit::raw,Dark Side,Special1WorldHomeStage,Dark Side,overworld,stage_change,StageData,PackunPoisonNoCapEx_Exit,raw,obj389,Stage Change PackunPoisonNoCapEx_Exit,3050.000,-2700.000,5900.000,0;1;2;3;4;5;6;7;8;9;10;11;12;13;14,Raw UnitConfigName=DokanStageChange.,
Special1WorldHomeStage::stage_change::SenobiTowerYoshiEx::raw,Dark Side,Special1WorldHomeStage,Dark Side,overworld,stage_change,StageData,SenobiTowerYoshiEx,raw,obj269,Stage Change SenobiTowerYoshiEx,1750.000,-2000.000,5000.000,1,Raw UnitConfigName=DokanStageChange.,
Special1WorldHomeStage::stage_change::SenobiTowerYoshiEx_Exit::raw,Dark Side,Special1WorldHomeStage,Dark Side,overworld,stage_change,StageData,SenobiTowerYoshiEx_Exit,raw,obj390,Stage Change SenobiTowerYoshiEx_Exit,1600.000,-800.000,5350.000,1,Raw UnitConfigName=DokanStageChange.,
Special1WorldHomeStage::stage_change::ShootingCityYoshiEx::raw,Dark Side,Special1WorldHomeStage,Dark Side,overworld,stage_change,StageData,ShootingCityYoshiEx,raw,obj199,Stage Change ShootingCityYoshiEx,2300.000,-2300.000,5700.000,1,Raw UnitConfigName=DokanStageChange.,
Special1WorldHomeStage::stage_change::ShootingCityYoshiEx_Exit::raw,Dark Side,Special1WorldHomeStage,Dark Side,overworld,stage_change,StageData,ShootingCityYoshiEx_Exit,raw,obj392,Stage Change ShootingCityYoshiEx_Exit,2850.000,-2300.000,5450.000,1,Raw UnitConfigName=DokanStageChange.,
Special1WorldHomeStage::stage_change::StackerRoomGoal::raw,Dark Side,Special1WorldHomeStage,Dark Side,overworld,stage_change,StageData,StackerRoomGoal,raw,obj73,Stage Change StackerRoomGoal,1500.000,3400.000,-20000.000,0;1;2;3;4;5;6;7;8;9;10;11;12;13;14,Raw UnitConfigName=ChangeStageArea.,
Special1WorldHomeStage::stage_change::StackerRoomStart::raw,Dark Side,Special1WorldHomeStage,Dark Side,overworld,stage_change,StageData,StackerRoomStart,raw,obj72,Stage Change StackerRoomStart,6000.000,1500.000,-20000.000,0;1;2;3;4;5;6;7;8;9;10;11;12;13;14,Raw UnitConfigName=ChangeStageArea.,
Special1WorldHomeStage::stage_change::StartPos::raw,Dark Side,Special1WorldHomeStage,Dark Side,overworld,stage_change,StageData,StartPos,raw,obj191,Stage Change StartPos,-18950.000,15034.662,25000.000,0;1;2;3;4;5;6;7;8;9;10;11;12;13;14,Raw UnitConfigName=PlayerStartObjNoLink.,
Special1WorldHomeStage::start,Dark Side,Special1WorldHomeStage,Dark Side,overworld,stage_start,generated,,,,Default start,,,,,Rename or split if this stage has multiple meaningful starts.,
Special1WorldHomeStage::event::MoonRockActive_Dark,Dark Side,Special1WorldHomeStage,Dark Side,overworld,state_event,progression_events,,,,Dark Side Moon Rock Active,,,,,Fill the route to the Moon Rock and any prerequisite story/global state.,
Special1WorldHomeStage::event::WorldPeace_Dark,Dark Side,Special1WorldHomeStage,Dark Side,overworld,state_event,progression_events,,,,Dark Side World Peace,,,,,Fill the story moons/bosses that must be completed for world peace in this kingdom.,
Special1WorldTowerBombTailStage::stage_change::BombTailRoomGoal::raw,Dark Side,Special1WorldTowerBombTailStage,Rabbit Ridge Tower: Hariet Battle,subarea,stage_change,StageData,BombTailRoomGoal,raw,obj15,Stage Change BombTailRoomGoal,0.000,500.000,-5515.000,0;1;2;3;4;5;6;7;8;9;10;11;12;13;14,Raw UnitConfigName=ChangeStageArea.,
Special1WorldTowerBombTailStage::stage_change::BombTailRoomStart::raw,Dark Side,Special1WorldTowerBombTailStage,Rabbit Ridge Tower: Hariet Battle,subarea,stage_change,StageData,BombTailRoomStart,raw,obj18,Stage Change BombTailRoomStart,0.000,-100.000,5815.000,0;1;2;3;4;5;6;7;8;9;10;11;12;13;14,Raw UnitConfigName=ChangeStageArea.,
Special1WorldTowerBombTailStage::start,Dark Side,Special1WorldTowerBombTailStage,Rabbit Ridge Tower: Hariet Battle,subarea,stage_start,generated,,,,Default start,,,,,Rename or split if this stage has multiple meaningful starts.,
Special1WorldTowerBombTailStage::entrance::BombTailRoomGoal::sub_far,Dark Side,Special1WorldTowerBombTailStage,Rabbit Ridge Tower: Hariet Battle,subarea,substage_entrance,EntranceDB,BombTailRoomGoal,sub_far,obj15,Substage far side: BombTailRoomGoal,0.000,500.000,-5515.000,0;1;2;3;4;5;6;7;8;9;10;11;12;13;14,Connected from Special1WorldHomeStage. StageData anchor UnitConfigName=ChangeStageArea.,
Special1WorldTowerBombTailStage::entrance::BombTailRoomStart::sub_near,Dark Side,Special1WorldTowerBombTailStage,Rabbit Ridge Tower: Hariet Battle,subarea,substage_entrance,EntranceDB,BombTailRoomStart,sub_near,obj18,Substage near side: BombTailRoomStart,0.000,-100.000,5815.000,0;1;2;3;4;5;6;7;8;9;10;11;12;13;14,Connected from Special1WorldHomeStage. StageData anchor UnitConfigName=ChangeStageArea.,
Special1WorldTowerCapThrowerStage::stage_change::CapThrowerRoomGoal::raw,Dark Side,Special1WorldTowerCapThrowerStage,Rabbit Ridge Tower: Rango Battle,subarea,stage_change,StageData,CapThrowerRoomGoal,raw,obj19,Stage Change CapThrowerRoomGoal,0.000,300.000,-5465.000,0;1;2;3;4;5;6;7;8;9;10;11;12;13;14,Raw UnitConfigName=ChangeStageArea.,
Special1WorldTowerCapThrowerStage::stage_change::CapThrowerRoomStart::raw,Dark Side,Special1WorldTowerCapThrowerStage,Rabbit Ridge Tower: Rango Battle,subarea,stage_change,StageData,CapThrowerRoomStart,raw,obj17,Stage Change CapThrowerRoomStart,0.000,-100.000,5865.000,0;1;2;3;4;5;6;7;8;9;10;11;12;13;14,Raw UnitConfigName=ChangeStageArea.,
Special1WorldTowerCapThrowerStage::start,Dark Side,Special1WorldTowerCapThrowerStage,Rabbit Ridge Tower: Rango Battle,subarea,stage_start,generated,,,,Default start,,,,,Rename or split if this stage has multiple meaningful starts.,
Special1WorldTowerCapThrowerStage::entrance::CapThrowerRoomGoal::sub_far,Dark Side,Special1WorldTowerCapThrowerStage,Rabbit Ridge Tower: Rango Battle,subarea,substage_entrance,EntranceDB,CapThrowerRoomGoal,sub_far,obj19,Substage far side: CapThrowerRoomGoal,0.000,300.000,-5465.000,0;1;2;3;4;5;6;7;8;9;10;11;12;13;14,Connected from Special1WorldHomeStage. StageData anchor UnitConfigName=ChangeStageArea.,
Special1WorldTowerCapThrowerStage::entrance::CapThrowerRoomStart::sub_near,Dark Side,Special1WorldTowerCapThrowerStage,Rabbit Ridge Tower: Rango Battle,subarea,substage_entrance,EntranceDB,CapThrowerRoomStart,sub_near,obj17,Substage near side: CapThrowerRoomStart,0.000,-100.000,5865.000,0;1;2;3;4;5;6;7;8;9;10;11;12;13;14,Connected from Special1WorldHomeStage. StageData anchor UnitConfigName=ChangeStageArea.,
Special1WorldTowerFireBlowerStage::stage_change::FireBlowerRoomGoal::raw,Dark Side,Special1WorldTowerFireBlowerStage,Rabbit Ridge Tower: Spewart Battle,subarea,stage_change,StageData,FireBlowerRoomGoal,raw,obj15,Stage Change FireBlowerRoomGoal,0.000,500.000,-5465.000,0;1;2;3;4;5;6;7;8;9;10;11;12;13;14,Raw UnitConfigName=ChangeStageArea.,
Special1WorldTowerFireBlowerStage::stage_change::FireBlowerRoomStart::raw,Dark Side,Special1WorldTowerFireBlowerStage,Rabbit Ridge Tower: Spewart Battle,subarea,stage_change,StageData,FireBlowerRoomStart,raw,obj18,Stage Change FireBlowerRoomStart,0.000,-100.000,5865.000,0;1;2;3;4;5;6;7;8;9;10;11;12;13;14,Raw UnitConfigName=ChangeStageArea.,
Special1WorldTowerFireBlowerStage::start,Dark Side,Special1WorldTowerFireBlowerStage,Rabbit Ridge Tower: Spewart Battle,subarea,stage_start,generated,,,,Default start,,,,,Rename or split if this stage has multiple meaningful starts.,
Special1WorldTowerFireBlowerStage::entrance::FireBlowerRoomGoal::sub_far,Dark Side,Special1WorldTowerFireBlowerStage,Rabbit Ridge Tower: Spewart Battle,subarea,substage_entrance,EntranceDB,FireBlowerRoomGoal,sub_far,obj15,Substage far side: FireBlowerRoomGoal,0.000,500.000,-5465.000,0;1;2;3;4;5;6;7;8;9;10;11;12;13;14,Connected from Special1WorldHomeStage. StageData anchor UnitConfigName=ChangeStageArea.,
Special1WorldTowerFireBlowerStage::entrance::FireBlowerRoomStart::sub_near,Dark Side,Special1WorldTowerFireBlowerStage,Rabbit Ridge Tower: Spewart Battle,subarea,substage_entrance,EntranceDB,FireBlowerRoomStart,sub_near,obj18,Substage near side: FireBlowerRoomStart,0.000,-100.000,5865.000,0;1;2;3;4;5;6;7;8;9;10;11;12;13;14,Connected from Special1WorldHomeStage. StageData anchor UnitConfigName=ChangeStageArea.,
Special1WorldTowerStackerStage::stage_change::StackerRoomGoal::raw,Dark Side,Special1WorldTowerStackerStage,Rabbit Ridge Tower: Topper Battle,subarea,stage_change,StageData,StackerRoomGoal,raw,obj15,Stage Change StackerRoomGoal,-50.000,500.000,-5515.000,0;1;2;3;4;5;6;7;8;9;10;11;12;13;14,Raw UnitConfigName=ChangeStageArea.,
Special1WorldTowerStackerStage::stage_change::StackerRoomStart::raw,Dark Side,Special1WorldTowerStackerStage,Rabbit Ridge Tower: Topper Battle,subarea,stage_change,StageData,StackerRoomStart,raw,obj18,Stage Change StackerRoomStart,0.000,-100.000,5815.000,0;1;2;3;4;5;6;7;8;9;10;11;12;13;14,Raw UnitConfigName=ChangeStageArea.,
Special1WorldTowerStackerStage::start,Dark Side,Special1WorldTowerStackerStage,Rabbit Ridge Tower: Topper Battle,subarea,stage_start,generated,,,,Default start,,,,,Rename or split if this stage has multiple meaningful starts.,
Special1WorldTowerStackerStage::entrance::StackerRoomGoal::sub_far,Dark Side,Special1WorldTowerStackerStage,Rabbit Ridge Tower: Topper Battle,subarea,substage_entrance,EntranceDB,StackerRoomGoal,sub_far,obj15,Substage far side: StackerRoomGoal,-50.000,500.000,-5515.000,0;1;2;3;4;5;6;7;8;9;10;11;12;13;14,Connected from Special1WorldHomeStage. StageData anchor UnitConfigName=ChangeStageArea.,
Special1WorldTowerStackerStage::entrance::StackerRoomStart::sub_near,Dark Side,Special1WorldTowerStackerStage,Rabbit Ridge Tower: Topper Battle,subarea,substage_entrance,EntranceDB,StackerRoomStart,sub_near,obj18,Substage near side: StackerRoomStart,0.000,-100.000,5815.000,0;1;2;3;4;5;6;7;8;9;10;11;12;13;14,Connected from Special1WorldHomeStage. StageData anchor UnitConfigName=ChangeStageArea.,
SenobiTowerYoshiExStage::place::new_place,Dark Side,SenobiTowerYoshiExStage,Yoshi on the Sinking Island,subarea,custom_place,editor,,,,Start of Subarea,,,,,Human-authored logic place.,
Special1WorldHomeStage::place::new_place,Dark Side,Special1WorldHomeStage,Dark Side,overworld,custom_place,editor,,,,Main Land,,,,,Human-authored logic place.,
Special2WorldCloudStage::stage_change::restart::raw,Darker Side,Special2WorldCloudStage,Culmina Crater: Pokio Section,subarea,stage_change,StageData,restart,raw,obj348,Stage Change restart,300.000,0.000,800.000,0;1;2;3;4;5;6;7;8;9;10;11;12;13;14,Raw UnitConfigName=MissRestartArea.,
Special2WorldCloudStage::stage_change::room2_goal::raw,Darker Side,Special2WorldCloudStage,Culmina Crater: Pokio Section,subarea,stage_change,StageData,room2_goal,raw,obj244,Stage Change room2_goal,-15100.000,4269.969,-14700.000,0;1;2;3;4;5;6;7;8;9;10;11;12;13;14,Raw UnitConfigName=DokanStageChange2D.,
Special2WorldCloudStage::stage_change::room2_start::raw,Darker Side,Special2WorldCloudStage,Culmina Crater: Pokio Section,subarea,stage_change,StageData,room2_start,raw,obj142,Stage Change room2_start,0.000,0.000,900.000,0;1;2;3;4;5;6;7;8;9;10;11;12;13;14,Raw UnitConfigName=DokanStageChange.,
Special2WorldCloudStage::start,Darker Side,Special2WorldCloudStage,Culmina Crater: Pokio Section,subarea,stage_start,generated,,,,Default start,,,,,Rename or split if this stage has multiple meaningful starts.,
Special2WorldHomeStage::entrance::CP_Entrance::home_in,Darker Side,Special2WorldHomeStage,Darker Side,overworld,home_entrance,EntranceDB,CP_Entrance,home_in,obj25,Home entrance: CP_Entrance,6450.000,12656.025,-7250.000,0;1;2;3;4;5;6;7;8;9;10;11;12;13;14,Links to Special2WorldLavaStage. StageData anchor UnitConfigName=DokanStageChange.,
Special2WorldHomeStage::entrance::MoonGoal::home_out,Darker Side,Special2WorldHomeStage,Darker Side,overworld,home_entrance,EntranceDB,MoonGoal,home_out,obj104,Home return: MoonGoal,6600.000,1800.000,-38800.000,0;1;2;3;4;5;6;7;8;9;10;11;12;13;14,Links to Special2WorldLavaStage. StageData anchor UnitConfigName=DokanStageChange.,
Special2WorldHomeStage::stage_change::CP_Entrance::raw,Darker Side,Special2WorldHomeStage,Darker Side,overworld,stage_change,StageData,CP_Entrance,raw,obj25,Stage Change CP_Entrance,6450.000,12656.025,-7250.000,0;1;2;3;4;5;6;7;8;9;10;11;12;13;14,Raw UnitConfigName=DokanStageChange.,
Special2WorldHomeStage::stage_change::CP_Start::raw,Darker Side,Special2WorldHomeStage,Darker Side,overworld,stage_change,StageData,CP_Start,raw,obj42,Stage Change CP_Start,-7150.000,-1028.001,1500.000,0;1;2;3;4;5;6;7;8;9;10;11;12;13;14,Raw UnitConfigName=PlayerStartObjNoLink.,
Special2WorldHomeStage::stage_change::MoonGoal::raw,Darker Side,Special2WorldHomeStage,Darker Side,overworld,stage_change,StageData,MoonGoal,raw,obj104,Stage Change MoonGoal,6600.000,1800.000,-38800.000,0;1;2;3;4;5;6;7;8;9;10;11;12;13;14,Raw UnitConfigName=DokanStageChange.,
Special2WorldHomeStage::stage_change::start::raw,Darker Side,Special2WorldHomeStage,Darker Side,overworld,stage_change,StageData,start,raw,obj2,Stage Change start,-7150.000,-1028.001,1500.000,0;1;2;3;4;5;6;7;8;9;10;11;12;13;14,Raw UnitConfigName=PlayerActorHakoniwa.,
Special2WorldHomeStage::start,Darker Side,Special2WorldHomeStage,Darker Side,overworld,stage_start,generated,,,,Default start,,,,,Rename or split if this stage has multiple meaningful starts.,
Special2WorldHomeStage::event::MoonRockActive_Darker,Darker Side,Special2WorldHomeStage,Darker Side,overworld,state_event,progression_events,,,,Darker Side Moon Rock Active,,,,,Fill the route to the Moon Rock and any prerequisite story/global state.,
Special2WorldHomeStage::event::WorldPeace_Darker,Darker Side,Special2WorldHomeStage,Darker Side,overworld,state_event,progression_events,,,,Darker Side World Peace,,,,,Fill the story moons/bosses that must be completed for world peace in this kingdom.,
Special2WorldKoopaStage::stage_change::restart::raw,Darker Side,Special2WorldKoopaStage,Culmina Crater: Bowser Escape,subarea,stage_change,StageData,restart,raw,obj407,Stage Change restart,350.000,1500.000,850.000,0;1;2;3;4;5;6;7;8;9;10;11;12;13;14,Raw UnitConfigName=MissRestartArea.,
Special2WorldKoopaStage::stage_change::room3_goal::raw,Darker Side,Special2WorldKoopaStage,Culmina Crater: Bowser Escape,subarea,stage_change,StageData,room3_goal,raw,obj83,Stage Change room3_goal,16650.000,2800.000,-40113.512,0;1;2;3;4;5;6;7;8;9;10;11;12;13;14,Raw UnitConfigName=ChangeStageArea.,
Special2WorldKoopaStage::start,Darker Side,Special2WorldKoopaStage,Culmina Crater: Bowser Escape,subarea,stage_start,generated,,,,Default start,,,,,Rename or split if this stage has multiple meaningful starts.,
Special2WorldLavaStage::stage_change::CP_Entrance::raw,Darker Side,Special2WorldLavaStage,Inside Culmina Crater,subarea,stage_change,StageData,CP_Entrance,raw,obj178,Stage Change CP_Entrance,250.000,-1600.000,-14950.000,0;1;2;3;4;5;6;7;8;9;10;11;12;13;14,Raw UnitConfigName=DokanStageChange.,
Special2WorldLavaStage::stage_change::MoonGoal::raw,Darker Side,Special2WorldLavaStage,Inside Culmina Crater,subarea,stage_change,StageData,MoonGoal,raw,obj3264,Stage Change MoonGoal,54350.000,36250.000,-183600.000,0;1;2;3;4;5;6;7;8;9;10;11;12;13;14,Raw UnitConfigName=DokanStageChange.,
Special2WorldLavaStage::stage_change::restart::raw,Darker Side,Special2WorldLavaStage,Inside Culmina Crater,subarea,stage_change,StageData,restart,raw,obj2708,Stage Change restart,-650.000,-1600.000,-14650.000,0;1;2;3;4;5;6;7;8;9;10;11;12;13;14,Raw UnitConfigName=MissRestartArea.,
Special2WorldLavaStage::stage_change::room2_goal::raw,Darker Side,Special2WorldLavaStage,Inside Culmina Crater,subarea,stage_change,StageData,room2_goal,raw,obj1351,Stage Change room2_goal,60700.000,16950.000,-146200.000,0;1;2;3;4;5;6;7;8;9;10;11;12;13;14,Raw UnitConfigName=DokanStageChange.,
Special2WorldLavaStage::stage_change::room2_start::raw,Darker Side,Special2WorldLavaStage,Inside Culmina Crater,subarea,stage_change,StageData,room2_start,raw,obj1253,Stage Change room2_start,60650.000,15852.501,-137850.000,0;1;2;3;4;5;6;7;8;9;10;11;12;13;14,Raw UnitConfigName=DokanStageChange.,
Special2WorldLavaStage::stage_change::room3_goal::raw,Darker Side,Special2WorldLavaStage,Inside Culmina Crater,subarea,stage_change,StageData,room3_goal,raw,obj2450,Stage Change room3_goal,60669.762,20500.000,-155704.906,0;1;2;3;4;5;6;7;8;9;10;11;12;13;14,Raw UnitConfigName=PlayerStartObjNoLink.,
Special2WorldLavaStage::stage_change::room3_start::raw,Darker Side,Special2WorldLavaStage,Inside Culmina Crater,subarea,stage_change,StageData,room3_start,raw,obj2925,Stage Change room3_start,60700.000,17850.000,-150400.000,0;1;2;3;4;5;6;7;8;9;10;11;12;13;14,Raw UnitConfigName=PictureStageChange.,
Special2WorldLavaStage::start,Darker Side,Special2WorldLavaStage,Inside Culmina Crater,subarea,stage_start,generated,,,,Default start,,,,,Rename or split if this stage has multiple meaningful starts.,
Special2WorldLavaStage::entrance::CP_Entrance::sub_near,Darker Side,Special2WorldLavaStage,Inside Culmina Crater,subarea,substage_entrance,EntranceDB,CP_Entrance,sub_near,obj178,Substage near side: CP_Entrance,250.000,-1600.000,-14950.000,0;1;2;3;4;5;6;7;8;9;10;11;12;13;14,Connected from Special2WorldHomeStage. StageData anchor UnitConfigName=DokanStageChange.,
Special2WorldLavaStage::entrance::MoonGoal::sub_far,Darker Side,Special2WorldLavaStage,Inside Culmina Crater,subarea,substage_entrance,EntranceDB,MoonGoal,sub_far,obj3264,Substage far side: MoonGoal,54350.000,36250.000,-183600.000,0;1;2;3;4;5;6;7;8;9;10;11;12;13;14,Connected from Special2WorldHomeStage. StageData anchor UnitConfigName=DokanStageChange.,
Special2WorldCloudStage::entrance::room2_start::home_in,Darker Side,Special2WorldCloudStage,Culmina Crater: Pokio Section,subarea,home_entrance,EntranceDB,room2_start,home_in,obj142,Home entrance: room2_start,0.000,0.000,900.000,0;1;2;3;4;5;6;7;8;9;10;11;12;13;14,Vanilla door Special2WorldCloudStage<->Special2WorldLavaStage (fixed).,
Special2WorldCloudStage::entrance::room2_start::home_out,Darker Side,Special2WorldCloudStage,Culmina Crater: Pokio Section,subarea,home_entrance,EntranceDB,room2_start,home_out,obj142,Home return: room2_start,0.000,0.000,900.000,0;1;2;3;4;5;6;7;8;9;10;11;12;13;14,Vanilla door Special2WorldCloudStage<->Special2WorldLavaStage (fixed).,
Special2WorldLavaStage::entrance::room2_start::sub_near,Darker Side,Special2WorldLavaStage,Inside Culmina Crater,subarea,substage_entrance,EntranceDB,room2_start,sub_near,obj1253,Substage near side: room2_start,60650.000,15852.501,-137850.000,0;1;2;3;4;5;6;7;8;9;10;11;12;13;14,Vanilla door Special2WorldCloudStage<->Special2WorldLavaStage (fixed).,
Special2WorldLavaStage::entrance::room2_start::sub_far,Darker Side,Special2WorldLavaStage,Inside Culmina Crater,subarea,substage_entrance,EntranceDB,room2_start,sub_far,obj1253,Substage far side: room2_start,60650.000,15852.501,-137850.000,0;1;2;3;4;5;6;7;8;9;10;11;12;13;14,Vanilla door Special2WorldCloudStage<->Special2WorldLavaStage (fixed).,
Special2WorldKoopaStage::entrance::room3_goal::home_in,Darker Side,Special2WorldKoopaStage,Culmina Crater: Bowser Escape,subarea,home_entrance,EntranceDB,room3_goal,home_in,obj83,Home entrance: room3_goal,16650.000,2800.000,-40113.512,0;1;2;3;4;5;6;7;8;9;10;11;12;13;14,Vanilla door Special2WorldKoopaStage<->Special2WorldLavaStage (fixed).,
Special2WorldKoopaStage::entrance::room3_goal::home_out,Darker Side,Special2WorldKoopaStage,Culmina Crater: Bowser Escape,subarea,home_entrance,EntranceDB,room3_goal,home_out,obj83,Home return: room3_goal,16650.000,2800.000,-40113.512,0;1;2;3;4;5;6;7;8;9;10;11;12;13;14,Vanilla door Special2WorldKoopaStage<->Special2WorldLavaStage (fixed).,
Special2WorldLavaStage::entrance::room3_start::sub_near,Darker Side,Special2WorldLavaStage,Inside Culmina Crater,subarea,substage_entrance,EntranceDB,room3_start,sub_near,obj2925,Substage near side: room3_start,60700.000,17850.000,-150400.000,0;1;2;3;4;5;6;7;8;9;10;11;12;13;14,Vanilla door Special2WorldKoopaStage<->Special2WorldLavaStage (fixed).,
Special2WorldLavaStage::entrance::room3_start::sub_far,Darker Side,Special2WorldLavaStage,Inside Culmina Crater,subarea,substage_entrance,EntranceDB,room3_start,sub_far,obj2925,Substage far side: room3_start,60700.000,17850.000,-150400.000,0;1;2;3;4;5;6;7;8;9;10;11;12;13;14,Vanilla door Special2WorldKoopaStage<->Special2WorldLavaStage (fixed).,
Special2WorldLavaStage::entrance::room2_start::home_in,Darker Side,Special2WorldLavaStage,Inside Culmina Crater,subarea,home_entrance,EntranceDB,room2_start,home_in,obj1253,Home entrance: room2_start,60650.000,15852.501,-137850.000,0;1;2;3;4;5;6;7;8;9;10;11;12;13;14,Vanilla door Special2WorldLavaStage<->Special2WorldCloudStage (fixed).,
Special2WorldLavaStage::entrance::room2_start::home_out,Darker Side,Special2WorldLavaStage,Inside Culmina Crater,subarea,home_entrance,EntranceDB,room2_start,home_out,obj1253,Home return: room2_start,60650.000,15852.501,-137850.000,0;1;2;3;4;5;6;7;8;9;10;11;12;13;14,Vanilla door Special2WorldLavaStage<->Special2WorldCloudStage (fixed).,
Special2WorldCloudStage::entrance::room2_start::sub_near,Darker Side,Special2WorldCloudStage,Culmina Crater: Pokio Section,subarea,substage_entrance,EntranceDB,room2_start,sub_near,obj142,Substage near side: room2_start,0.000,0.000,900.000,0;1;2;3;4;5;6;7;8;9;10;11;12;13;14,Vanilla door Special2WorldLavaStage<->Special2WorldCloudStage (fixed).,
Special2WorldCloudStage::entrance::room2_start::sub_far,Darker Side,Special2WorldCloudStage,Culmina Crater: Pokio Section,subarea,substage_entrance,EntranceDB,room2_start,sub_far,obj142,Substage far side: room2_start,0.000,0.000,900.000,0;1;2;3;4;5;6;7;8;9;10;11;12;13;14,Vanilla door Special2WorldLavaStage<->Special2WorldCloudStage (fixed).,
Special2WorldLavaStage::entrance::room3_start::home_in,Darker Side,Special2WorldLavaStage,Inside Culmina Crater,subarea,home_entrance,EntranceDB,room3_start,home_in,obj2925,Home entrance: room3_start,60700.000,17850.000,-150400.000,0;1;2;3;4;5;6;7;8;9;10;11;12;13;14,Vanilla door Special2WorldLavaStage<->Special2WorldKoopaStage (fixed).,
Special2WorldLavaStage::entrance::room3_start::home_out,Darker Side,Special2WorldLavaStage,Inside Culmina Crater,subarea,home_entrance,EntranceDB,room3_start,home_out,obj2925,Home return: room3_start,60700.000,17850.000,-150400.000,0;1;2;3;4;5;6;7;8;9;10;11;12;13;14,Vanilla door Special2WorldLavaStage<->Special2WorldKoopaStage (fixed).,
Special2WorldKoopaStage::entrance::room3_goal::sub_near,Darker Side,Special2WorldKoopaStage,Culmina Crater: Bowser Escape,subarea,substage_entrance,EntranceDB,room3_goal,sub_near,obj83,Substage near side: room3_goal,16650.000,2800.000,-40113.512,0;1;2;3;4;5;6;7;8;9;10;11;12;13;14,Vanilla door Special2WorldLavaStage<->Special2WorldKoopaStage (fixed).,
Special2WorldKoopaStage::entrance::room3_goal::sub_far,Darker Side,Special2WorldKoopaStage,Culmina Crater: Bowser Escape,subarea,substage_entrance,EntranceDB,room3_goal,sub_far,obj83,Substage far side: room3_goal,16650.000,2800.000,-40113.512,0;1;2;3;4;5;6;7;8;9;10;11;12;13;14,Vanilla door Special2WorldLavaStage<->Special2WorldKoopaStage (fixed).,
FastenerExStage::start,Lake Kingdom,FastenerExStage,Unzipping the Chasm,subarea,stage_start,generated,,,,Default start,,,,,Rename or split if this stage has multiple meaningful starts.,
FastenerExStage::entrance::FastenerEx::sub_far,Lake Kingdom,FastenerExStage,Unzipping the Chasm,subarea,substage_entrance,EntranceDB,FastenerEx,sub_far,obj263,Substage far side: FastenerEx,1000.000,200.000,450.000,0;1;2;3;4;5;6;7;8;9;10;11;12;13;14,Connected from LakeWorldHomeStage.,
FastenerExStage::entrance::FastenerEx::sub_near,Lake Kingdom,FastenerExStage,Unzipping the Chasm,subarea,substage_entrance,EntranceDB,FastenerEx,sub_near,obj263,Substage near side: FastenerEx,1000.000,200.000,450.000,0;1;2;3;4;5;6;7;8;9;10;11;12;13;14,Connected from LakeWorldHomeStage.,
FrogPoisonExStage::start,Lake Kingdom,FrogPoisonExStage,Waves of Poison,subarea,stage_start,generated,,,,Default start,,,,,Rename or split if this stage has multiple meaningful starts.,
FrogPoisonExStage::entrance::LakeWorldMoonEX1a::sub_near,Lake Kingdom,FrogPoisonExStage,Waves of Poison,subarea,substage_entrance,EntranceDB,LakeWorldMoonEX1a,sub_near,obj4566,Substage near side: LakeWorldMoonEX1a,64200.000,-850.000,36100.000,0;1;2;3;4;5;6;7;8;9;10;11;12;13;14,Connected from LakeWorldHomeStage.,
FrogPoisonExStage::entrance::LakeWorldMoonEX1b::sub_far,Lake Kingdom,FrogPoisonExStage,Waves of Poison,subarea,substage_entrance,EntranceDB,LakeWorldMoonEX1b,sub_far,obj4567,Substage far side: LakeWorldMoonEX1b,58200.000,-500.000,22600.000,0;1;2;3;4;5;6;7;8;9;10;11;12;13;14,Connected from LakeWorldHomeStage.,
GotogotonExStage::start,Lake Kingdom,GotogotonExStage,Puzzle Room,subarea,stage_start,generated,,,,Default start,,,,,Rename or split if this stage has multiple meaningful starts.,
GotogotonExStage::entrance::Goton::sub_far,Lake Kingdom,GotogotonExStage,Puzzle Room,subarea,substage_entrance,EntranceDB,Goton,sub_far,obj273,Substage far side: Goton,1750.000,-50.000,5750.000,0;1;2;3;4;5;6;7;8;9;10;11;12;13;14,Connected from LakeWorldHomeStage.,
GotogotonExStage::entrance::Goton::sub_near,Lake Kingdom,GotogotonExStage,Puzzle Room,subarea,substage_entrance,EntranceDB,Goton,sub_near,obj273,Substage near side: Goton,1750.000,-50.000,5750.000,0;1;2;3;4;5;6;7;8;9;10;11;12;13;14,Connected from LakeWorldHomeStage.,
LakeWorld2DZone::start,Lake Kingdom,LakeWorldHomeStage,Lake Kingdom,overworld,custom_place,embedded_zone,,,,LakeWorld2DZone,-14200.000,1450.000,1250.000,0;1;2;3;4;5;6;7;8;9;10;11;12;13;14,Embedded map landmark from LakeWorld2DZone.,
LakeWorldHomeStage::entrance::CapTrampolineA::home_in,Lake Kingdom,LakeWorldHomeStage,Lake Kingdom,overworld,home_entrance,EntranceDB,CapTrampolineA,home_in,obj628,Home entrance: CapTrampolineA,-1800.000,2650.000,-5400.000,0;1;2;3,Links to TrampolineWallCatchExStage.,
LakeWorldHomeStage::entrance::CapTrampolineB::home_out,Lake Kingdom,LakeWorldHomeStage,Lake Kingdom,overworld,home_entrance,EntranceDB,CapTrampolineB,home_out,obj632,Home return: CapTrampolineB,-2650.000,1750.000,-4150.000,0;1;2;3;4;5;6;7;8;9;10;11;12;13;14,Links to TrampolineWallCatchExStage.,
LakeWorldHomeStage::entrance::FastenerEx::home_in,Lake Kingdom,LakeWorldHomeStage,Lake Kingdom,overworld,home_entrance,EntranceDB,FastenerEx,home_in,obj918,Home entrance: FastenerEx,-200.000,-3050.000,-4600.000,0;1;2;3,Links to FastenerExStage.,
LakeWorldHomeStage::entrance::FastenerEx::home_out,Lake Kingdom,LakeWorldHomeStage,Lake Kingdom,overworld,home_entrance,EntranceDB,FastenerEx,home_out,obj918,Home return: FastenerEx,-200.000,-3050.000,-4600.000,0;1;2;3,Links to FastenerExStage.,
LakeWorldHomeStage::entrance::Goton::home_in,Lake Kingdom,LakeWorldHomeStage,Lake Kingdom,overworld,home_entrance,EntranceDB,Goton,home_in,obj972,Home entrance: Goton,400.000,-1850.000,3800.000,1;2;3,Links to GotogotonExStage.,
LakeWorldHomeStage::entrance::Goton::home_out,Lake Kingdom,LakeWorldHomeStage,Lake Kingdom,overworld,home_entrance,EntranceDB,Goton,home_out,obj972,Home return: Goton,400.000,-1850.000,3800.000,1;2;3,Links to GotogotonExStage.,
LakeWorldHomeStage::entrance::LakeWorldMoonEX1a::home_in,Lake Kingdom,LakeWorldHomeStage,Lake Kingdom,overworld,home_entrance,EntranceDB,LakeWorldMoonEX1a,home_in,obj752,Home entrance: LakeWorldMoonEX1a,1750.000,1040.000,5550.000,3,Links to FrogPoisonExStage. StageData anchor UnitConfigName=DokanStageChange.,
LakeWorldHomeStage::entrance::LakeWorldMoonEX1b::home_out,Lake Kingdom,LakeWorldHomeStage,Lake Kingdom,overworld,home_entrance,EntranceDB,LakeWorldMoonEX1b,home_out,obj753,Home return: LakeWorldMoonEX1b,1750.000,800.912,6150.000,3,Links to FrogPoisonExStage. StageData anchor UnitConfigName=DokanStageChange.,
LakeWorldHomeStage::entrance::LakeWorldShop::home_in,Lake Kingdom,LakeWorldHomeStage,Lake Kingdom,overworld,home_entrance,EntranceDB,LakeWorldShop,home_in,obj1114,Home entrance: LakeWorldShop,-4250.000,-2550.000,-2050.000,0;1;2;3;4;5;6;7;8;9;10;11;12;13;14,Links to LakeWorldShopStage.,
LakeWorldHomeStage::entrance::LakeWorldShop::home_out,Lake Kingdom,LakeWorldHomeStage,Lake Kingdom,overworld,home_entrance,EntranceDB,LakeWorldShop,home_out,obj1114,Home return: LakeWorldShop,-4250.000,-2550.000,-2050.000,0;1;2;3;4;5;6;7;8;9;10;11;12;13;14,Links to LakeWorldShopStage.,
LakeWorldHomeStage::stage_change::LakeWorldMoonEX1a::raw,Lake Kingdom,LakeWorldHomeStage,Lake Kingdom,overworld,stage_change,StageData,LakeWorldMoonEX1a,raw,obj752,Stage Change LakeWorldMoonEX1a,1750.000,1040.000,5550.000,3,Raw UnitConfigName=DokanStageChange.,
LakeWorldHomeStage::stage_change::LakeWorldMoonEX1b::raw,Lake Kingdom,LakeWorldHomeStage,Lake Kingdom,overworld,stage_change,StageData,LakeWorldMoonEX1b,raw,obj753,Stage Change LakeWorldMoonEX1b,1750.000,800.912,6150.000,3,Raw UnitConfigName=DokanStageChange.,
LakeWorldHomeStage::stage_change::LakeWorldRacemanStart::raw,Lake Kingdom,LakeWorldHomeStage,Lake Kingdom,overworld,stage_change,StageData,LakeWorldRacemanStart,raw,obj849,Stage Change LakeWorldRacemanStart,-800.000,492.861,3850.000,2;3,Raw UnitConfigName=PlayerStartObjNoLink.,
LakeWorldHomeStage::stage_change::StartPoint::raw,Lake Kingdom,LakeWorldHomeStage,Lake Kingdom,overworld,stage_change,StageData,StartPoint,raw,obj4,Stage Change StartPoint,700.000,800.000,6350.000,0;1;2;3;4;5;6;7;8;9;10;11;12;13;14,Raw UnitConfigName=PlayerActorHakoniwa.,
LakeWorldHomeStage::start,Lake Kingdom,LakeWorldHomeStage,Lake Kingdom,overworld,stage_start,generated,,,,Default start,,,,,Rename or split if this stage has multiple meaningful starts.,
LakeWorldHomeStage::event::MoonRockActive_Lake,Lake Kingdom,LakeWorldHomeStage,Lake Kingdom,overworld,state_event,StageData:progression_events,,,obj552,Moon Rock,4400.000,1200.000,-550.000,3,Fill the route to the Moon Rock and any prerequisite story/global state. Location imported from StageData obj obj552.,
LakeWorldHomeStage::event::WorldPeace_Lake,Lake Kingdom,LakeWorldHomeStage,Lake Kingdom,overworld,state_event,progression_events,,,,Lake Kingdom World Peace,,,,,Fill the story moons/bosses that must be completed for world peace in this kingdom.,
LakeWorldShopStage::start,Lake Kingdom,LakeWorldShopStage,Crazy Cap Store,subarea,stage_start,generated,,,,Default start,,,,,Rename or split if this stage has multiple meaningful starts.,
LakeWorldShopStage::entrance::LakeWorldShop::sub_far,Lake Kingdom,LakeWorldShopStage,Crazy Cap Store,subarea,substage_entrance,EntranceDB,LakeWorldShop,sub_far,obj7,Substage far side: LakeWorldShop,0.000,-100.000,50.000,0;1;2;3;4;5;6;7;8;9;10;11;12;13;14,Connected from LakeWorldHomeStage.,
LakeWorldShopStage::entrance::LakeWorldShop::sub_near,Lake Kingdom,LakeWorldShopStage,Crazy Cap Store,subarea,substage_entrance,EntranceDB,LakeWorldShop,sub_near,obj7,Substage near side: LakeWorldShop,0.000,-100.000,50.000,0;1;2;3;4;5;6;7;8;9;10;11;12;13;14,Connected from LakeWorldHomeStage.,
LakeWorldTimerAthletic000Zone::start,Lake Kingdom,LakeWorldHomeStage,Lake Kingdom,overworld,custom_place,embedded_zone,,,,LakeWorldTimerAthletic000Zone,-11200.000,2450.000,-4850.000,1;2;3,Embedded map landmark from LakeWorldTimerAthletic000Zone.,
LakeWorldTownZone::checkpoint::obj1323,Lake Kingdom,LakeWorldHomeStage,Lake Kingdom,overworld,checkpoint,StageData,,,obj1323,Viewing Balcony Checkpoint (obj1323),-5850.000,3950.000,-6300.000,0;1;2;3,Raw UnitConfigName=CheckpointFlag.,
LakeWorldTownZone::checkpoint::obj1389,Lake Kingdom,LakeWorldHomeStage,Lake Kingdom,overworld,checkpoint,StageData,,,obj1389,Water Plaza Display Window Checkpoint (obj1389),-17700.000,-2550.000,-4850.000,0;1;2;3,Raw UnitConfigName=CheckpointFlag.,
LakeWorldTownZone::checkpoint::obj220,Lake Kingdom,LakeWorldHomeStage,Lake Kingdom,overworld,checkpoint,StageData,,,obj220,Water Plaza Terrace Checkpoint (obj220),-13800.000,2340.001,-4850.000,0;1;2;3,Raw UnitConfigName=CheckpointFlag.,
LakeWorldTownZone::checkpoint::obj583,Lake Kingdom,LakeWorldHomeStage,Lake Kingdom,overworld,checkpoint,StageData,,,obj583,Courtyard Checkpoint (obj583),-8500.000,1650.000,1050.000,0;1;2;3,Raw UnitConfigName=CheckpointFlag.,
LakeWorldTownZone::checkpoint::obj693,Lake Kingdom,LakeWorldHomeStage,Lake Kingdom,overworld,checkpoint,StageData,,,obj693,Water Plaza entrance Checkpoint (obj693),-16500.000,-4000.000,-3150.000,0;1;2;3,Raw UnitConfigName=CheckpointFlag.,
LakeWorldTownZone::checkpoint::obj839,Lake Kingdom,LakeWorldHomeStage,Lake Kingdom,overworld,checkpoint,StageData,,,obj839,Underwater Entrance Checkpoint (obj839),-6300.000,-2150.000,-3150.000,0;1;2;3,Raw UnitConfigName=CheckpointFlag.,
LakeWorldTownZone::stage_change::CapTrampolineA::raw,Lake Kingdom,LakeWorldHomeStage,Lake Kingdom,overworld,stage_change,StageData,CapTrampolineA,raw,obj628,Stage Change CapTrampolineA,-17300.000,2650.000,-8550.000,0;1;2;3,Raw UnitConfigName=ChangeStageArea.,
LakeWorldTownZone::stage_change::CapTrampolineB::raw,Lake Kingdom,LakeWorldHomeStage,Lake Kingdom,overworld,stage_change,StageData,CapTrampolineB,raw,obj632,Stage Change CapTrampolineB,-18150.000,1750.000,-7300.000,0;1;2;3;4;5;6;7;8;9;10;11;12;13;14,Raw UnitConfigName=DokanStageChange.,
LakeWorldTownZone::stage_change::Come::raw,Lake Kingdom,LakeWorldHomeStage,Lake Kingdom,overworld,stage_change,StageData,Come,raw,obj560,Stage Change Come,-5850.000,3950.000,-5600.000,0;1;2;3;4;5;6;7;8;9;10;11;12;13;14,Raw UnitConfigName=WorldWarpHole.,
LakeWorldTownZone::stage_change::FastenerEx::raw,Lake Kingdom,LakeWorldHomeStage,Lake Kingdom,overworld,stage_change,StageData,FastenerEx,raw,obj918,Stage Change FastenerEx,-15700.000,-3050.000,-7750.000,0;1;2;3,Raw UnitConfigName=ChangeStageArea.,
LakeWorldTownZone::stage_change::Goton::raw,Lake Kingdom,LakeWorldHomeStage,Lake Kingdom,overworld,stage_change,StageData,Goton,raw,obj972,Stage Change Goton,-15100.000,-1850.000,650.000,1;2;3,Raw UnitConfigName=ChangeStageArea.,
LakeWorldTownZone::stage_change::LakeWorldShop::raw,Lake Kingdom,LakeWorldHomeStage,Lake Kingdom,overworld,stage_change,StageData,LakeWorldShop,raw,obj1114,Stage Change LakeWorldShop,-19750.000,-2550.000,-5200.000,0;1;2;3;4;5;6;7;8;9;10;11;12;13;14,Raw UnitConfigName=DoorWarpStageChange.,
LakeWorldTownZone::stage_change::Odyssey::raw,Lake Kingdom,LakeWorldHomeStage,Lake Kingdom,overworld,stage_change,StageData,Odyssey,raw,obj651,Stage Change Odyssey,-7600.000,850.000,2450.000,0;1;2;3;4;5;6;7;8;9;10;11;12;13;14,Raw UnitConfigName=WorldWarpHole.,
LakeWorldTownZone::start,Lake Kingdom,LakeWorldHomeStage,Lake Kingdom,overworld,custom_place,embedded_zone,,,,LakeWorldTownZone,-15500.000,0.000,-3150.000,,Embedded map landmark from LakeWorldTownZone.,
TrampolineWallCatchExStage::start,Lake Kingdom,TrampolineWallCatchExStage,"Jump, Grab, Cling, Climb",subarea,stage_start,generated,,,,Default start,,,,,Rename or split if this stage has multiple meaningful starts.,
TrampolineWallCatchExStage::entrance::CapTrampolineA::sub_near,Lake Kingdom,TrampolineWallCatchExStage,"Jump, Grab, Cling, Climb",subarea,substage_entrance,EntranceDB,CapTrampolineA,sub_near,obj529,Substage near side: CapTrampolineA,-1000.000,-100.000,400.000,0;1;2;3;4;5;6;7;8;9;10;11;12;13;14,Connected from LakeWorldHomeStage.,
TrampolineWallCatchExStage::entrance::CapTrampolineB::sub_far,Lake Kingdom,TrampolineWallCatchExStage,"Jump, Grab, Cling, Climb",subarea,substage_entrance,EntranceDB,CapTrampolineB,sub_far,obj1027,Substage far side: CapTrampolineB,-2800.000,600.000,-9500.000,0;1;2;3;4;5;6;7;8;9;10;11;12;13;14,Connected from LakeWorldHomeStage.,
FastenerExStage::stage_change::FastenerEx::raw,Lake Kingdom,FastenerExStage,Unzipping the Chasm,subarea,stage_change,StageData,FastenerEx,raw,obj263,Stage Change FastenerEx,1000.000,200.000,450.000,0;1;2;3;4;5;6;7;8;9;10;11;12;13;14,Raw UnitConfigName=ChangeStageArea.,
FrogPoisonExStage::stage_change::LakeWorldMoonEX1a::raw,Lake Kingdom,FrogPoisonExStage,Waves of Poison,subarea,stage_change,StageData,LakeWorldMoonEX1a,raw,obj4566,Stage Change LakeWorldMoonEX1a,64200.000,-850.000,36100.000,0;1;2;3;4;5;6;7;8;9;10;11;12;13;14,Raw UnitConfigName=DokanStageChange.,
FrogPoisonExStage::stage_change::LakeWorldMoonEX1b::raw,Lake Kingdom,FrogPoisonExStage,Waves of Poison,subarea,stage_change,StageData,LakeWorldMoonEX1b,raw,obj4567,Stage Change LakeWorldMoonEX1b,58200.000,-500.000,22600.000,0;1;2;3;4;5;6;7;8;9;10;11;12;13;14,Raw UnitConfigName=DokanStageChange.,
GotogotonExStage::stage_change::Goton::raw,Lake Kingdom,GotogotonExStage,Puzzle Room,subarea,stage_change,StageData,Goton,raw,obj273,Stage Change Goton,1750.000,-50.000,5750.000,0;1;2;3;4;5;6;7;8;9;10;11;12;13;14,Raw UnitConfigName=ChangeStageArea.,
LakeWorldShopStage::stage_change::LakeWorldShop::raw,Lake Kingdom,LakeWorldShopStage,Crazy Cap Store,subarea,stage_change,StageData,LakeWorldShop,raw,obj7,Stage Change LakeWorldShop,0.000,-100.000,50.000,0;1;2;3;4;5;6;7;8;9;10;11;12;13;14,Raw UnitConfigName=ChangeStageArea.,
LakeWorldTownZone::stage_change::Go::raw,Lake Kingdom,LakeWorldHomeStage,Lake Kingdom,overworld,stage_change,StageData,Go,raw,obj651,Stage Change Go,-7600.000,850.000,2450.000,0;1;2;3;4;5;6;7;8;9;10;11;12;13;14,Raw UnitConfigName=WorldWarpHole.,
TrampolineWallCatchExStage::stage_change::CapTrampolineA::raw,Lake Kingdom,TrampolineWallCatchExStage,"Jump, Grab, Cling, Climb",subarea,stage_change,StageData,CapTrampolineA,raw,obj529,Stage Change CapTrampolineA,-1000.000,-100.000,400.000,0;1;2;3;4;5;6;7;8;9;10;11;12;13;14,Raw UnitConfigName=ChangeStageArea.,
TrampolineWallCatchExStage::stage_change::CapTrampolineB::raw,Lake Kingdom,TrampolineWallCatchExStage,"Jump, Grab, Cling, Climb",subarea,stage_change,StageData,CapTrampolineB,raw,obj1027,Stage Change CapTrampolineB,-2800.000,600.000,-9500.000,0;1;2;3;4;5;6;7;8;9;10;11;12;13;14,Raw UnitConfigName=DokanStageChange.,
LakeWorldHomeStage::place::new_place,Lake Kingdom,LakeWorldHomeStage,Lake Kingdom,overworld,custom_place,editor,,,,Lake Town,,,,,Human-authored logic place.,
ClashWorldHomeStage::checkpoint::obj2899,Lost Kingdom,ClashWorldHomeStage,Lost Kingdom,overworld,checkpoint,StageData,,,obj2899,Mountainside Platform Checkpoint (obj2899),-5580.000,32.581,2550.000,0;1;2;3,Raw UnitConfigName=CheckpointFlag.,
ClashWorldHomeStage::checkpoint::obj543,Lost Kingdom,ClashWorldHomeStage,Lost Kingdom,overworld,checkpoint,StageData,,,obj543,Swamp Hill Checkpoint (obj543),1600.000,2200.000,-3600.000,0;1;2;3,Raw UnitConfigName=CheckpointFlag.,
ClashWorldHomeStage::checkpoint::obj545,Lost Kingdom,ClashWorldHomeStage,Lost Kingdom,overworld,checkpoint,StageData,,,obj545,Rocky Mountain Summit Checkpoint (obj545),-2750.000,7248.565,4550.000,0;1;2;3,Raw UnitConfigName=CheckpointFlag.,
ClashWorldHomeStage::entrance::ClashWorldMoonEX2::home_in,Lost Kingdom,ClashWorldHomeStage,Lost Kingdom,overworld,home_entrance,EntranceDB,ClashWorldMoonEX2,home_in,obj1639,Home entrance: ClashWorldMoonEX2,-1200.000,4100.000,3050.000,3,Links to JangoExStage. StageData anchor UnitConfigName=DokanStageChange.,
ClashWorldHomeStage::entrance::ClashWorldMoonEX2::home_out,Lost Kingdom,ClashWorldHomeStage,Lost Kingdom,overworld,home_entrance,EntranceDB,ClashWorldMoonEX2,home_out,obj1639,Home return: ClashWorldMoonEX2,-1200.000,4100.000,3050.000,3,Links to JangoExStage. StageData anchor UnitConfigName=DokanStageChange.,
ClashWorldHomeStage::entrance::Kinopio::home_in,Lost Kingdom,ClashWorldHomeStage,Lost Kingdom,overworld,home_entrance,EntranceDB,Kinopio,home_in,obj3798,Home entrance: Kinopio,-2800.041,7300.000,3200.073,0;1;2;3,Links to ClashWorldShopStage. StageData anchor UnitConfigName=ChangeStageArea.,
ClashWorldHomeStage::entrance::Kinopio::home_out,Lost Kingdom,ClashWorldHomeStage,Lost Kingdom,overworld,home_entrance,EntranceDB,Kinopio,home_out,obj3798,Home return: Kinopio,-2800.041,7300.000,3200.073,0;1;2;3,Links to ClashWorldShopStage. StageData anchor UnitConfigName=ChangeStageArea.,
ClashWorldHomeStage::entrance::imomu_01::home_in,Lost Kingdom,ClashWorldHomeStage,Lost Kingdom,overworld,home_entrance,EntranceDB,imomu_01,home_in,obj1640,Home entrance: imomu_01,6600.000,400.000,9000.000,3,Links to ImomuPoisonExStage. StageData anchor UnitConfigName=DokanStageChange.,
ClashWorldHomeStage::entrance::imomu_02::home_out,Lost Kingdom,ClashWorldHomeStage,Lost Kingdom,overworld,home_entrance,EntranceDB,imomu_02,home_out,obj1641,Home return: imomu_02,5662.062,400.000,8631.596,3,Links to ImomuPoisonExStage. StageData anchor UnitConfigName=DokanStageChange.,
ClashWorldHomeStage::stage_change::ClashStart1::raw,Lost Kingdom,ClashWorldHomeStage,Lost Kingdom,overworld,stage_change,StageData,ClashStart1,raw,obj2772,Stage Change ClashStart1,6700.000,400.000,13300.000,2;3,Raw UnitConfigName=PlayerStartObjNoLink.,
ClashWorldHomeStage::stage_change::ClashWorldMoonEX2::raw,Lost Kingdom,ClashWorldHomeStage,Lost Kingdom,overworld,stage_change,StageData,ClashWorldMoonEX2,raw,obj1639,Stage Change ClashWorldMoonEX2,-1200.000,4100.000,3050.000,3,Raw UnitConfigName=DokanStageChange.,
ClashWorldHomeStage::stage_change::Kinopio::raw,Lost Kingdom,ClashWorldHomeStage,Lost Kingdom,overworld,stage_change,StageData,Kinopio,raw,obj3798,Stage Change Kinopio,-2800.041,7300.000,3200.073,0;1;2;3,Raw UnitConfigName=ChangeStageArea.,
ClashWorldHomeStage::stage_change::imomu_01::raw,Lost Kingdom,ClashWorldHomeStage,Lost Kingdom,overworld,stage_change,StageData,imomu_01,raw,obj1640,Stage Change imomu_01,6600.000,400.000,9000.000,3,Raw UnitConfigName=DokanStageChange.,
ClashWorldHomeStage::stage_change::imomu_02::raw,Lost Kingdom,ClashWorldHomeStage,Lost Kingdom,overworld,stage_change,StageData,imomu_02,raw,obj1641,Stage Change imomu_02,5662.062,400.000,8631.596,3,Raw UnitConfigName=DokanStageChange.,
ClashWorldHomeStage::start,Lost Kingdom,ClashWorldHomeStage,Lost Kingdom,overworld,stage_start,generated,,,,Default start,,,,,Rename or split if this stage has multiple meaningful starts.,
ClashWorldHomeStage::event::MoonRockActive_Lost,Lost Kingdom,ClashWorldHomeStage,Lost Kingdom,overworld,state_event,StageData:progression_events,,,obj610,Moon Rock,8200.000,-428.193,-1150.000,3,Fill the route to the Moon Rock and any prerequisite story/global state. Location imported from StageData obj obj610.,
ClashWorldHomeStage::event::WorldPeace_Lost,Lost Kingdom,ClashWorldHomeStage,Lost Kingdom,overworld,state_event,progression_events,,,,Lost Kingdom World Peace,,,,,Fill the story moons/bosses that must be completed for world peace in this kingdom.,
ClashWorldShopStage::stage_change::Kinopio::raw,Lost Kingdom,ClashWorldShopStage,Crazy Cap Store,subarea,stage_change,StageData,Kinopio,raw,obj12,Stage Change Kinopio,0.000,-100.000,50.000,0;1;2;3;4;5;6;7;8;9;10;11;12;13;14,Raw UnitConfigName=ChangeStageArea.,
ClashWorldShopStage::stage_change::kinopio::raw,Lost Kingdom,ClashWorldShopStage,Crazy Cap Store,subarea,stage_change,StageData,kinopio,raw,obj2,Stage Change kinopio,0.000,0.000,-400.000,0;1;2;3;4;5;6;7;8;9;10;11;12;13;14,Raw UnitConfigName=PlayerActorHakoniwa.,
ClashWorldShopStage::start,Lost Kingdom,ClashWorldShopStage,Crazy Cap Store,subarea,stage_start,generated,,,,Default start,,,,,Rename or split if this stage has multiple meaningful starts.,
ClashWorldShopStage::entrance::Kinopio::sub_far,Lost Kingdom,ClashWorldShopStage,Crazy Cap Store,subarea,substage_entrance,EntranceDB,Kinopio,sub_far,obj12,Substage far side: Kinopio,0.000,-100.000,50.000,0;1;2;3;4;5;6;7;8;9;10;11;12;13;14,Connected from ClashWorldHomeStage. StageData anchor UnitConfigName=ChangeStageArea.,
ClashWorldShopStage::entrance::Kinopio::sub_near,Lost Kingdom,ClashWorldShopStage,Crazy Cap Store,subarea,substage_entrance,EntranceDB,Kinopio,sub_near,obj12,Substage near side: Kinopio,0.000,-100.000,50.000,0;1;2;3;4;5;6;7;8;9;10;11;12;13;14,Connected from ClashWorldHomeStage. StageData anchor UnitConfigName=ChangeStageArea.,
ImomuPoisonExStage::stage_change::imomu_01::raw,Lost Kingdom,ImomuPoisonExStage,Stretch and Traverse the Jungle,subarea,stage_change,StageData,imomu_01,raw,obj5483,Stage Change imomu_01,-15200.000,-300.000,-4700.000,0;1;2;3;4;5;6;7;8;9;10;11;12;13;14,Raw UnitConfigName=DokanStageChange.,
ImomuPoisonExStage::stage_change::imomu_02::raw,Lost Kingdom,ImomuPoisonExStage,Stretch and Traverse the Jungle,subarea,stage_change,StageData,imomu_02,raw,obj5484,Stage Change imomu_02,-15300.000,-100.000,-27450.000,0;1;2;3;4;5;6;7;8;9;10;11;12;13;14,Raw UnitConfigName=DokanStageChange.,
ImomuPoisonExStage::start,Lost Kingdom,ImomuPoisonExStage,Stretch and Traverse the Jungle,subarea,stage_start,generated,,,,Default start,,,,,Rename or split if this stage has multiple meaningful starts.,
ImomuPoisonExStage::entrance::imomu_01::sub_near,Lost Kingdom,ImomuPoisonExStage,Stretch and Traverse the Jungle,subarea,substage_entrance,EntranceDB,imomu_01,sub_near,obj5483,Substage near side: imomu_01,-15200.000,-300.000,-4700.000,0;1;2;3;4;5;6;7;8;9;10;11;12;13;14,Connected from ClashWorldHomeStage. StageData anchor UnitConfigName=DokanStageChange.,
ImomuPoisonExStage::entrance::imomu_02::sub_far,Lost Kingdom,ImomuPoisonExStage,Stretch and Traverse the Jungle,subarea,substage_entrance,EntranceDB,imomu_02,sub_far,obj5484,Substage far side: imomu_02,-15300.000,-100.000,-27450.000,0;1;2;3;4;5;6;7;8;9;10;11;12;13;14,Connected from ClashWorldHomeStage. StageData anchor UnitConfigName=DokanStageChange.,
JangoExStage::stage_change::ClashWorldMoonEX2::raw,Lost Kingdom,JangoExStage,Klepto 2 - Lava Boogaloo,subarea,stage_change,StageData,ClashWorldMoonEX2,raw,obj278,Stage Change ClashWorldMoonEX2,460.000,100.000,2850.000,0;1;2;3;4;5;6;7;8;9;10;11;12;13;14,Raw UnitConfigName=DokanStageChange.,
JangoExStage::start,Lost Kingdom,JangoExStage,Klepto 2 - Lava Boogaloo,subarea,stage_start,generated,,,,Default start,,,,,Rename or split if this stage has multiple meaningful starts.,
JangoExStage::entrance::ClashWorldMoonEX2::sub_far,Lost Kingdom,JangoExStage,Klepto 2 - Lava Boogaloo,subarea,substage_entrance,EntranceDB,ClashWorldMoonEX2,sub_far,obj278,Substage far side: ClashWorldMoonEX2,460.000,100.000,2850.000,0;1;2;3;4;5;6;7;8;9;10;11;12;13;14,Connected from ClashWorldHomeStage. StageData anchor UnitConfigName=DokanStageChange.,
JangoExStage::entrance::ClashWorldMoonEX2::sub_near,Lost Kingdom,JangoExStage,Klepto 2 - Lava Boogaloo,subarea,substage_entrance,EntranceDB,ClashWorldMoonEX2,sub_near,obj278,Substage near side: ClashWorldMoonEX2,460.000,100.000,2850.000,0;1;2;3;4;5;6;7;8;9;10;11;12;13;14,Connected from ClashWorldHomeStage. StageData anchor UnitConfigName=DokanStageChange.,
ClashWorldHomeStage::stage_change::Start::raw,Lost Kingdom,ClashWorldHomeStage,Lost Kingdom,overworld,stage_change,StageData,Start,raw,obj3976,Stage Change Start,5563.963,-1066.134,12329.452,1,Raw UnitConfigName=ChangeStageArea.,
ClashWorldHomeStage::place::new_place,Lost Kingdom,ClashWorldHomeStage,Lost Kingdom,overworld,custom_place,editor,,,,On a Tree in the Swamp Free,,,,,Human-authored logic place.,
ClashWorldHomeStage::place::new_place_2,Lost Kingdom,ClashWorldHomeStage,Lost Kingdom,overworld,custom_place,editor,,,,A Butterfly's Treasure Free,,,,,Human-authored logic place.,
ClashWorldHomeStage::place::new_place_3,Lost Kingdom,ClashWorldHomeStage,Lost Kingdom,overworld,custom_place,editor,,,,Halfway Point,,,,,Human-authored logic place.,
CapAppearLavaLiftExStage::stage_change::LavaLiftEx::raw,Luncheon Kingdom,CapAppearLavaLiftExStage,Volcano Cave Cruising,subarea,stage_change,StageData,LavaLiftEx,raw,obj649,Stage Change LavaLiftEx,-400.000,0.000,900.000,0;1;2;3;4;5;6;7;8;9;10;11;12;13;14,Raw UnitConfigName=DokanStageChange.,
CapAppearLavaLiftExStage::stage_change::LavaLiftExdokan::raw,Luncheon Kingdom,CapAppearLavaLiftExStage,Volcano Cave Cruising,subarea,stage_change,StageData,LavaLiftExdokan,raw,obj650,Stage Change LavaLiftExdokan,-200.000,1500.000,750.000,0;1;2;3;4;5;6;7;8;9;10;11;12;13;14,Raw UnitConfigName=DokanStageChange.,
CapAppearLavaLiftExStage::start,Luncheon Kingdom,CapAppearLavaLiftExStage,Volcano Cave Cruising,subarea,stage_start,generated,,,,Default start,,,,,Rename or split if this stage has multiple meaningful starts.,
CapAppearLavaLiftExStage::entrance::LavaLiftEx::sub_near,Luncheon Kingdom,CapAppearLavaLiftExStage,Volcano Cave Cruising,subarea,substage_entrance,EntranceDB,LavaLiftEx,sub_near,obj649,Substage near side: LavaLiftEx,-400.000,0.000,900.000,0;1;2;3;4;5;6;7;8;9;10;11;12;13;14,Connected from LavaWorldHomeStage. StageData anchor UnitConfigName=DokanStageChange.,
CapAppearLavaLiftExStage::entrance::LavaLiftExdokan::sub_far,Luncheon Kingdom,CapAppearLavaLiftExStage,Volcano Cave Cruising,subarea,substage_entrance,EntranceDB,LavaLiftExdokan,sub_far,obj650,Substage far side: LavaLiftExdokan,-200.000,1500.000,750.000,0;1;2;3;4;5;6;7;8;9;10;11;12;13;14,Connected from LavaWorldHomeStage. StageData anchor UnitConfigName=DokanStageChange.,
ForkExStage::stage_change::ForkEX::raw,Luncheon Kingdom,ForkExStage,Fork-Flickin to the Summit,subarea,stage_change,StageData,ForkEX,raw,obj5759,Stage Change ForkEX,-926.525,-50.000,900.000,0;1;2;3;4;5;6;7;8;9;10;11;12;13;14,Raw UnitConfigName=ChangeStageArea.,
ForkExStage::start,Luncheon Kingdom,ForkExStage,Fork-Flickin to the Summit,subarea,stage_start,generated,,,,Default start,,,,,Rename or split if this stage has multiple meaningful starts.,
ForkExStage::entrance::ForkEX::sub_far,Luncheon Kingdom,ForkExStage,Fork-Flickin to the Summit,subarea,substage_entrance,EntranceDB,ForkEX,sub_far,obj5759;obj5761,Substage far side: ForkEX,,,,0;1;2;3;4;5;6;7;8;9;10;11;12;13;14,Connected from LavaWorldHomeStage. StageData anchor UnitConfigName=ChangeStageArea.,
ForkExStage::entrance::ForkEX::sub_near,Luncheon Kingdom,ForkExStage,Fork-Flickin to the Summit,subarea,substage_entrance,EntranceDB,ForkEX,sub_near,obj5759;obj5761,Substage near side: ForkEX,,,,0;1;2;3;4;5;6;7;8;9;10;11;12;13;14,Connected from LavaWorldHomeStage. StageData anchor UnitConfigName=ChangeStageArea.,
GabuzouClockExStage::stage_change::GabuzouClockEx::raw,Luncheon Kingdom,GabuzouClockExStage,Blazing Above the Gears,subarea,stage_change,StageData,GabuzouClockEx,raw,obj901,Stage Change GabuzouClockEx,-2900.000,900.000,150.000,0;1;2;3;4;5;6;7;8;9;10;11;12;13;14,Raw UnitConfigName=DokanStageChange.,
GabuzouClockExStage::stage_change::GabuzouClockExdokan::raw,Luncheon Kingdom,GabuzouClockExStage,Blazing Above the Gears,subarea,stage_change,StageData,GabuzouClockExdokan,raw,obj900,Stage Change GabuzouClockExdokan,-7700.000,4200.000,-8900.000,0;1;2;3;4;5;6;7;8;9;10;11;12;13;14,Raw UnitConfigName=DokanStageChange.,
GabuzouClockExStage::start,Luncheon Kingdom,GabuzouClockExStage,Blazing Above the Gears,subarea,stage_start,generated,,,,Default start,,,,,Rename or split if this stage has multiple meaningful starts.,
GabuzouClockExStage::entrance::GabuzouClockEx::sub_near,Luncheon Kingdom,GabuzouClockExStage,Blazing Above the Gears,subarea,substage_entrance,EntranceDB,GabuzouClockEx,sub_near,obj901,Substage near side: GabuzouClockEx,-2900.000,900.000,150.000,0;1;2;3;4;5;6;7;8;9;10;11;12;13;14,Connected from LavaWorldHomeStage. StageData anchor UnitConfigName=DokanStageChange.,
GabuzouClockExStage::entrance::GabuzouClockExdokan::sub_far,Luncheon Kingdom,GabuzouClockExStage,Blazing Above the Gears,subarea,substage_entrance,EntranceDB,GabuzouClockExdokan,sub_far,obj900,Substage far side: GabuzouClockExdokan,-7700.000,4200.000,-8900.000,0;1;2;3;4;5;6;7;8;9;10;11;12;13;14,Connected from LavaWorldHomeStage. StageData anchor UnitConfigName=DokanStageChange.,
LavaBonus1Zone::stage_change::town::raw,Luncheon Kingdom,LavaBonus1Zone,Luncheon Kingdom Slots(?),subarea,stage_change,StageData,town,raw,obj25,Stage Change town,3.793,-250.000,600.000,0;1;2;3;4;5;6;7;8;9;10;11;12;13;14,Raw UnitConfigName=ChangeStageArea.,
LavaBonus1Zone::start,Luncheon Kingdom,LavaBonus1Zone,Luncheon Kingdom Slots(?),subarea,stage_start,generated,,,,Default start,,,,,Rename or split if this stage has multiple meaningful starts.,
LavaWorldBubbleLaneExStage::stage_change::PechoBubbleEx::raw,Luncheon Kingdom,LavaWorldBubbleLaneExStage,Narrow Magma Path,subarea,stage_change,StageData,PechoBubbleEx,raw,obj378,Stage Change PechoBubbleEx,2250.000,2250.000,1800.000,0;1;2;3;4;5;6;7;8;9;10;11;12;13;14,Raw UnitConfigName=ChangeStageArea.,
LavaWorldBubbleLaneExStage::stage_change::PechoBubbleExDokan::raw,Luncheon Kingdom,LavaWorldBubbleLaneExStage,Narrow Magma Path,subarea,stage_change,StageData,PechoBubbleExDokan,raw,obj366,Stage Change PechoBubbleExDokan,1600.000,4450.000,-13950.000,0;1;2;3;4;5;6;7;8;9;10;11;12;13;14,Raw UnitConfigName=DokanStageChange.,
LavaWorldBubbleLaneExStage::start,Luncheon Kingdom,LavaWorldBubbleLaneExStage,Narrow Magma Path,subarea,stage_start,generated,,,,Default start,,,,,Rename or split if this stage has multiple meaningful starts.,
LavaWorldBubbleLaneExStage::entrance::PechoBubbleEx::sub_near,Luncheon Kingdom,LavaWorldBubbleLaneExStage,Narrow Magma Path,subarea,substage_entrance,EntranceDB,PechoBubbleEx,sub_near,obj378,Substage near side: PechoBubbleEx,2250.000,2250.000,1800.000,0;1;2;3;4;5;6;7;8;9;10;11;12;13;14,Connected from LavaWorldHomeStage. StageData anchor UnitConfigName=ChangeStageArea.,
LavaWorldBubbleLaneExStage::entrance::PechoBubbleExDokan::sub_far,Luncheon Kingdom,LavaWorldBubbleLaneExStage,Narrow Magma Path,subarea,substage_entrance,EntranceDB,PechoBubbleExDokan,sub_far,obj366,Substage far side: PechoBubbleExDokan,1600.000,4450.000,-13950.000,0;1;2;3;4;5;6;7;8;9;10;11;12;13;14,Connected from LavaWorldHomeStage. StageData anchor UnitConfigName=DokanStageChange.,
LavaWorldClockExStage::stage_change::BBQEx::raw,Luncheon Kingdom,LavaWorldClockExStage,Spinning Athletics,subarea,stage_change,StageData,BBQEx,raw,obj435,Stage Change BBQEx,-300.000,150.000,150.000,0;1;2;3;4;5;6;7;8;9;10;11;12;13;14,Raw UnitConfigName=ChangeStageArea.,
LavaWorldClockExStage::stage_change::BBQExDokan::raw,Luncheon Kingdom,LavaWorldClockExStage,Spinning Athletics,subarea,stage_change,StageData,BBQExDokan,raw,obj437,Stage Change BBQExDokan,14400.000,1350.000,1200.000,0;1;2;3;4;5;6;7;8;9;10;11;12;13;14,Raw UnitConfigName=DokanStageChange.,
LavaWorldClockExStage::start,Luncheon Kingdom,LavaWorldClockExStage,Spinning Athletics,subarea,stage_start,generated,,,,Default start,,,,,Rename or split if this stage has multiple meaningful starts.,
LavaWorldClockExStage::entrance::BBQEx::sub_near,Luncheon Kingdom,LavaWorldClockExStage,Spinning Athletics,subarea,substage_entrance,EntranceDB,BBQEx,sub_near,obj435,Substage near side: BBQEx,-300.000,150.000,150.000,0;1;2;3;4;5;6;7;8;9;10;11;12;13;14,Connected from LavaWorldHomeStage. StageData anchor UnitConfigName=ChangeStageArea.,
LavaWorldClockExStage::entrance::BBQExDokan::sub_far,Luncheon Kingdom,LavaWorldClockExStage,Spinning Athletics,subarea,substage_entrance,EntranceDB,BBQExDokan,sub_far,obj437,Substage far side: BBQExDokan,14400.000,1350.000,1200.000,0;1;2;3;4;5;6;7;8;9;10;11;12;13;14,Connected from LavaWorldHomeStage. StageData anchor UnitConfigName=DokanStageChange.,
LavaWorldCostumeStage::stage_change::CostumeEventWorldLava::raw,Luncheon Kingdom,LavaWorldCostumeStage,Simmering in the Kitchen,subarea,stage_change,StageData,CostumeEventWorldLava,raw,obj47,Stage Change CostumeEventWorldLava,57.623,-103.428,2579.594,0;1;2;3;4;5;6;7;8;9;10;11;12;13;14,Raw UnitConfigName=ChangeStageArea.,
LavaWorldCostumeStage::stage_change::CostumeOut::raw,Luncheon Kingdom,LavaWorldCostumeStage,Simmering in the Kitchen,subarea,stage_change,StageData,CostumeOut,raw,obj35,Stage Change CostumeOut,1000.000,1300.000,-12350.000,0;1;2;3;4;5;6;7;8;9;10;11;12;13;14,Raw UnitConfigName=DokanStageChange.,
LavaWorldCostumeStage::start,Luncheon Kingdom,LavaWorldCostumeStage,Simmering in the Kitchen,subarea,stage_start,generated,,,,Default start,,,,,Rename or split if this stage has multiple meaningful starts.,
LavaWorldCostumeStage::entrance::CostumeEventWorldLava::sub_near,Luncheon Kingdom,LavaWorldCostumeStage,Simmering in the Kitchen,subarea,substage_entrance,EntranceDB,CostumeEventWorldLava,sub_near,obj47,Substage near side: CostumeEventWorldLava,57.623,-103.428,2579.594,0;1;2;3;4;5;6;7;8;9;10;11;12;13;14,Connected from LavaWorldHomeStage. StageData anchor UnitConfigName=ChangeStageArea.,
LavaWorldCostumeStage::entrance::CostumeOut::sub_far,Luncheon Kingdom,LavaWorldCostumeStage,Simmering in the Kitchen,subarea,substage_entrance,EntranceDB,CostumeOut,sub_far,obj35,Substage far side: CostumeOut,1000.000,1300.000,-12350.000,0;1;2;3;4;5;6;7;8;9;10;11;12;13;14,Connected from LavaWorldHomeStage. StageData anchor UnitConfigName=DokanStageChange.,
LavaWorldExcavationExStage::stage_change::MartinCubeEx::raw,Luncheon Kingdom,LavaWorldExcavationExStage,Shards in the Cheese Rocks,subarea,stage_change,StageData,MartinCubeEx,raw,obj441,Stage Change MartinCubeEx,-2000.000,-100.000,-700.000,0;1;2;3;4;5;6;7;8;9;10;11;12;13;14,Raw UnitConfigName=ChangeStageArea.,
LavaWorldExcavationExStage::start,Luncheon Kingdom,LavaWorldExcavationExStage,Shards in the Cheese Rocks,subarea,stage_start,generated,,,,Default start,,,,,Rename or split if this stage has multiple meaningful starts.,
LavaWorldExcavationExStage::entrance::MartinCubeEx::sub_far,Luncheon Kingdom,LavaWorldExcavationExStage,Shards in the Cheese Rocks,subarea,substage_entrance,EntranceDB,MartinCubeEx,sub_far,obj441,Substage far side: MartinCubeEx,-2000.000,-100.000,-700.000,0;1;2;3;4;5;6;7;8;9;10;11;12;13;14,Connected from LavaWorldHomeStage. StageData anchor UnitConfigName=ChangeStageArea.,
LavaWorldExcavationExStage::entrance::MartinCubeEx::sub_near,Luncheon Kingdom,LavaWorldExcavationExStage,Shards in the Cheese Rocks,subarea,substage_entrance,EntranceDB,MartinCubeEx,sub_near,obj441,Substage near side: MartinCubeEx,-2000.000,-100.000,-700.000,0;1;2;3;4;5;6;7;8;9;10;11;12;13;14,Connected from LavaWorldHomeStage. StageData anchor UnitConfigName=ChangeStageArea.,
LavaWorldFenceLiftExStage::stage_change::FenceLiftEx::raw,Luncheon Kingdom,LavaWorldFenceLiftExStage,Lava Island Fly-By,subarea,stage_change,StageData,FenceLiftEx,raw,obj992,Stage Change FenceLiftEx,-850.000,250.000,8150.000,0;1;2;3;4;5;6;7;8;9;10;11;12;13;14,Raw UnitConfigName=DokanStageChange.,
LavaWorldFenceLiftExStage::stage_change::FenceLiftExdokan::raw,Luncheon Kingdom,LavaWorldFenceLiftExStage,Lava Island Fly-By,subarea,stage_change,StageData,FenceLiftExdokan,raw,obj411,Stage Change FenceLiftExdokan,0.000,1200.000,-8250.000,0;1;2;3;4;5;6;7;8;9;10;11;12;13;14,Raw UnitConfigName=DokanStageChange.,
LavaWorldFenceLiftExStage::start,Luncheon Kingdom,LavaWorldFenceLiftExStage,Lava Island Fly-By,subarea,stage_start,generated,,,,Default start,,,,,Rename or split if this stage has multiple meaningful starts.,
LavaWorldFenceLiftExStage::entrance::FenceLiftEx::sub_near,Luncheon Kingdom,LavaWorldFenceLiftExStage,Lava Island Fly-By,subarea,substage_entrance,EntranceDB,FenceLiftEx,sub_near,obj992,Substage near side: FenceLiftEx,-850.000,250.000,8150.000,0;1;2;3;4;5;6;7;8;9;10;11;12;13;14,Connected from LavaWorldHomeStage. StageData anchor UnitConfigName=DokanStageChange.,
LavaWorldFenceLiftExStage::entrance::FenceLiftExdokan::sub_far,Luncheon Kingdom,LavaWorldFenceLiftExStage,Lava Island Fly-By,subarea,substage_entrance,EntranceDB,FenceLiftExdokan,sub_far,obj411,Substage far side: FenceLiftExdokan,0.000,1200.000,-8250.000,0;1;2;3;4;5;6;7;8;9;10;11;12;13;14,Connected from LavaWorldHomeStage. StageData anchor UnitConfigName=DokanStageChange.,
LavaWorldHomeStage::checkpoint::obj1061,Luncheon Kingdom,LavaWorldHomeStage,Luncheon Kingdom,overworld,checkpoint,StageData,,,obj1061,Meat Plateau Checkpoint (obj1061),-17350.000,6450.000,-4650.000,0;1;2;6;7;9,Raw UnitConfigName=CheckpointFlag.,
LavaWorldHomeStage::checkpoint::obj2292,Luncheon Kingdom,LavaWorldHomeStage,Luncheon Kingdom,overworld,checkpoint,StageData,,,obj2292,Start of the Peak Climb Checkpoint (obj2292),-15500.000,2150.000,8850.000,1;2;6;7,Raw UnitConfigName=CheckpointFlag.,
LavaWorldHomeStage::checkpoint::obj2549,Luncheon Kingdom,LavaWorldHomeStage,Luncheon Kingdom,overworld,checkpoint,StageData,,,obj2549,Volcano Cave Entrance Checkpoint (obj2549),-100.000,2200.000,13600.000,1;2;6;7,Raw UnitConfigName=CheckpointFlag.,
LavaWorldHomeStage::checkpoint::obj4074,Luncheon Kingdom,LavaWorldHomeStage,Luncheon Kingdom,overworld,checkpoint,StageData,,,obj4074,Path to the Meat Plateau Checkpoint (obj4074),-9550.000,2250.000,-1600.000,0;2;6;7;9,Raw UnitConfigName=CheckpointFlag.,
LavaWorldHomeStage::checkpoint::obj4117,Luncheon Kingdom,LavaWorldHomeStage,Luncheon Kingdom,overworld,checkpoint,StageData,,,obj4117,Top of the Peak Climb Checkpoint (obj4117),-12450.000,8850.000,10200.000,1;2;6;7,Raw UnitConfigName=CheckpointFlag.,
LavaWorldHomeStage::checkpoint::obj4120,Luncheon Kingdom,LavaWorldHomeStage,Luncheon Kingdom,overworld,checkpoint,StageData,,,obj4120,Remote Island in the Lava Checkpoint (obj4120),-16581.654,2650.000,-18561.553,0;1;2;6;7;9,Raw UnitConfigName=CheckpointFlag.,
LavaWorldHomeStage::checkpoint::obj4619,Luncheon Kingdom,LavaWorldHomeStage,Luncheon Kingdom,overworld,checkpoint,StageData,,,obj4619,Salt-Pile Isle Checkpoint (obj4619),3600.000,139.698,-900.000,0;1;2;6;7;9,Raw UnitConfigName=CheckpointFlag.,
LavaWorldHomeStage::checkpoint::obj6042,Luncheon Kingdom,LavaWorldHomeStage,Luncheon Kingdom,overworld,checkpoint,StageData,,,obj6042,Floating Sky Island Checkpoint (obj6042),17200.000,8900.000,-19800.000,0;1;2;6;7;9,Raw UnitConfigName=CheckpointFlag.,
LavaWorldHomeStage::checkpoint::obj642,Luncheon Kingdom,LavaWorldHomeStage,Luncheon Kingdom,overworld,checkpoint,StageData,,,obj642,Peronza PlazaCheckpoint (obj642),1350.000,2200.000,7750.000,0;2;6;7;9,Raw UnitConfigName=CheckpointFlag.,
LavaWorldHomeStage::entrance::BBQEx::home_in,Luncheon Kingdom,LavaWorldHomeStage,Luncheon Kingdom,overworld,home_entrance,EntranceDB,BBQEx,home_in,obj3148,Home entrance: BBQEx,-19586.857,2300.000,-12303.658,0;1;2;3;4;5;6;7;8;9;10;11;12;13;14,Links to LavaWorldClockExStage. StageData anchor UnitConfigName=DoorAreaChangeCap.,
LavaWorldHomeStage::entrance::BBQExDokan::home_out,Luncheon Kingdom,LavaWorldHomeStage,Luncheon Kingdom,overworld,home_entrance,EntranceDB,BBQExDokan,home_out,obj3146,Home return: BBQExDokan,-19869.701,2300.000,-12586.501,0;1;2;6;7;9,Links to LavaWorldClockExStage. StageData anchor UnitConfigName=DokanStageChange.,
LavaWorldHomeStage::entrance::CostumeEventWorldLava::home_in,Luncheon Kingdom,LavaWorldHomeStage,Luncheon Kingdom,overworld,home_entrance,EntranceDB,CostumeEventWorldLava,home_in,obj5522,Home entrance: CostumeEventWorldLava,-3400.000,2400.000,5100.000,0;1;2;3;4;5;6;7;8;9;10;11;12;13;14,Links to LavaWorldCostumeStage. StageData anchor UnitConfigName=DoorWarpStageChange.,
LavaWorldHomeStage::entrance::CostumeOut::home_out,Luncheon Kingdom,LavaWorldHomeStage,Luncheon Kingdom,overworld,home_entrance,EntranceDB,CostumeOut,home_out,obj6388,Home return: CostumeOut,-2750.000,2200.001,5450.000,0;1;2;6;7;9,Links to LavaWorldCostumeStage. StageData anchor UnitConfigName=DokanStageChange.,
LavaWorldHomeStage::entrance::FenceLiftEx::home_in,Luncheon Kingdom,LavaWorldHomeStage,Luncheon Kingdom,overworld,home_entrance,EntranceDB,FenceLiftEx,home_in,obj5651,Home entrance: FenceLiftEx,18850.000,1700.000,5200.000,7,Links to LavaWorldFenceLiftExStage. StageData anchor UnitConfigName=DokanStageChange.,
LavaWorldHomeStage::entrance::FenceLiftExdokan::home_out,Luncheon Kingdom,LavaWorldHomeStage,Luncheon Kingdom,overworld,home_entrance,EntranceDB,FenceLiftExdokan,home_out,obj5652,Home return: FenceLiftExdokan,19550.000,1700.000,5200.000,7,Links to LavaWorldFenceLiftExStage. StageData anchor UnitConfigName=DokanStageChange.,
LavaWorldHomeStage::entrance::ForkEX::home_in,Luncheon Kingdom,LavaWorldHomeStage,Luncheon Kingdom,overworld,home_entrance,EntranceDB,ForkEX,home_in,obj2867,Home entrance: ForkEX,300.000,750.000,-5500.000,0;1;2;6;7;9,Links to ForkExStage. StageData anchor UnitConfigName=ChangeStageArea.,
LavaWorldHomeStage::entrance::ForkEX::home_out,Luncheon Kingdom,LavaWorldHomeStage,Luncheon Kingdom,overworld,home_entrance,EntranceDB,ForkEX,home_out,obj2867,Home return: ForkEX,300.000,750.000,-5500.000,0;1;2;6;7;9,Links to ForkExStage. StageData anchor UnitConfigName=ChangeStageArea.,
LavaWorldHomeStage::entrance::GabuzouClockEx::home_in,Luncheon Kingdom,LavaWorldHomeStage,Luncheon Kingdom,overworld,home_entrance,EntranceDB,GabuzouClockEx,home_in,obj5661,Home entrance: GabuzouClockEx,-17350.000,6750.000,-2750.000,7,Links to GabuzouClockExStage. StageData anchor UnitConfigName=DokanStageChange.,
LavaWorldHomeStage::entrance::GabuzouClockExdokan::home_out,Luncheon Kingdom,LavaWorldHomeStage,Luncheon Kingdom,overworld,home_entrance,EntranceDB,GabuzouClockExdokan,home_out,obj5662,Home return: GabuzouClockExdokan,-17350.000,6750.000,-3200.000,7,Links to GabuzouClockExStage. StageData anchor UnitConfigName=DokanStageChange.,
LavaWorldHomeStage::entrance::KeyMoveEx::home_in,Luncheon Kingdom,LavaWorldHomeStage,Luncheon Kingdom,overworld,home_entrance,EntranceDB,KeyMoveEx,home_in,obj3133,Home entrance: KeyMoveEx,6400.000,-50.000,9650.000,0;1;2;6;7;9,Links to LavaWorldUpDownExStage. StageData anchor UnitConfigName=ChangeStageArea.,
LavaWorldHomeStage::entrance::KeyMoveExDokan::home_out,Luncheon Kingdom,LavaWorldHomeStage,Luncheon Kingdom,overworld,home_entrance,EntranceDB,KeyMoveExDokan,home_out,obj3134,Home return: KeyMoveExDokan,6400.000,0.000,8750.000,0;1;2;6;7;9,Links to LavaWorldUpDownExStage. StageData anchor UnitConfigName=DokanStageChange.,
LavaWorldHomeStage::entrance::LavaLiftEx::home_in,Luncheon Kingdom,LavaWorldHomeStage,Luncheon Kingdom,overworld,home_entrance,EntranceDB,LavaLiftEx,home_in,obj5659,Home entrance: LavaLiftEx,-3450.000,2150.000,17700.000,7,Links to CapAppearLavaLiftExStage. StageData anchor UnitConfigName=DokanStageChange.,
LavaWorldHomeStage::entrance::LavaLiftExdokan::home_out,Luncheon Kingdom,LavaWorldHomeStage,Luncheon Kingdom,overworld,home_entrance,EntranceDB,LavaLiftExdokan,home_out,obj5660,Home return: LavaLiftExdokan,-3450.000,2150.000,17300.000,7,Links to CapAppearLavaLiftExStage. StageData anchor UnitConfigName=DokanStageChange.,
LavaWorldHomeStage::entrance::MartinCubeEx::home_in,Luncheon Kingdom,LavaWorldHomeStage,Luncheon Kingdom,overworld,home_entrance,EntranceDB,MartinCubeEx,home_in,obj3169,Home entrance: MartinCubeEx,-5050.000,2550.000,-8350.000,0;1;2;6;7;9,Links to LavaWorldExcavationExStage. StageData anchor UnitConfigName=ChangeStageArea.,
LavaWorldHomeStage::entrance::MartinCubeEx::home_out,Luncheon Kingdom,LavaWorldHomeStage,Luncheon Kingdom,overworld,home_entrance,EntranceDB,MartinCubeEx,home_out,obj3169,Home return: MartinCubeEx,-5050.000,2550.000,-8350.000,0;1;2;6;7;9,Links to LavaWorldExcavationExStage. StageData anchor UnitConfigName=ChangeStageArea.,
LavaWorldHomeStage::entrance::PechoBubbleEx::home_in,Luncheon Kingdom,LavaWorldHomeStage,Luncheon Kingdom,overworld,home_entrance,EntranceDB,PechoBubbleEx,home_in,obj3139,Home entrance: PechoBubbleEx,-16400.000,2100.000,-3550.000,0;1;2;6;7;9,Links to LavaWorldBubbleLaneExStage. StageData anchor UnitConfigName=ChangeStageArea.,
LavaWorldHomeStage::entrance::PechoBubbleExDokan::home_out,Luncheon Kingdom,LavaWorldHomeStage,Luncheon Kingdom,overworld,home_entrance,EntranceDB,PechoBubbleExDokan,home_out,obj3140,Home return: PechoBubbleExDokan,-16400.000,2150.000,-4200.000,0;1;2;6;7;9,Links to LavaWorldBubbleLaneExStage. StageData anchor UnitConfigName=DokanStageChange.,
LavaWorldHomeStage::entrance::TreasureEventWorldLava::home_in,Luncheon Kingdom,LavaWorldHomeStage,Luncheon Kingdom,overworld,home_entrance,EntranceDB,TreasureEventWorldLava,home_in,obj6280,Home entrance: TreasureEventWorldLava,-11500.000,2250.000,-4125.000,1;2;3;6;7;8,Links to LavaWorldTreasureStage. StageData anchor UnitConfigName=DoorWarpStageChange.,
LavaWorldHomeStage::entrance::TreasureEventWorldLava::home_out,Luncheon Kingdom,LavaWorldHomeStage,Luncheon Kingdom,overworld,home_entrance,EntranceDB,TreasureEventWorldLava,home_out,obj6280,Home return: TreasureEventWorldLava,-11500.000,2250.000,-4125.000,1;2;3;6;7;8,Links to LavaWorldTreasureStage. StageData anchor UnitConfigName=DoorWarpStageChange.,
LavaWorldHomeStage::entrance::shop::home_in,Luncheon Kingdom,LavaWorldHomeStage,Luncheon Kingdom,overworld,home_entrance,EntranceDB,shop,home_in,obj4087,Home entrance: shop,-3400.000,2400.000,3700.000,0;1;2;3;4;5;6;7;8;9;10;11;12;13;14,Links to LavaWorldShopStage. StageData anchor UnitConfigName=DoorWarpStageChange.,
LavaWorldHomeStage::entrance::shop::home_out,Luncheon Kingdom,LavaWorldHomeStage,Luncheon Kingdom,overworld,home_entrance,EntranceDB,shop,home_out,obj4087,Home return: shop,-3400.000,2400.000,3700.000,0;1;2;3;4;5;6;7;8;9;10;11;12;13;14,Links to LavaWorldShopStage. StageData anchor UnitConfigName=DoorWarpStageChange.,
LavaWorldHomeStage::entrance::town::home_in,Luncheon Kingdom,LavaWorldHomeStage,Luncheon Kingdom,overworld,home_entrance,EntranceDB,town,home_in,obj3860,Home entrance: town,-3925.648,2400.000,10174.180,0;1;2;3;4;5;6;7;8;9;10;11;12;13;14,Links to SandWorldSlotStage. StageData anchor UnitConfigName=DoorWarpStageChange.,
LavaWorldHomeStage::entrance::town::home_out,Luncheon Kingdom,LavaWorldHomeStage,Luncheon Kingdom,overworld,home_entrance,EntranceDB,town,home_out,obj3860,Home return: town,-3925.648,2400.000,10174.180,0;1;2;3;4;5;6;7;8;9;10;11;12;13;14,Links to SandWorldSlotStage. StageData anchor UnitConfigName=DoorWarpStageChange.,
LavaWorldHomeStage::stage_change::BBQEx::raw,Luncheon Kingdom,LavaWorldHomeStage,Luncheon Kingdom,overworld,stage_change,StageData,BBQEx,raw,obj3148,Stage Change BBQEx,-19586.857,2300.000,-12303.658,0;1;2;3;4;5;6;7;8;9;10;11;12;13;14,Raw UnitConfigName=DoorAreaChangeCap.,
LavaWorldHomeStage::stage_change::BBQExDokan::raw,Luncheon Kingdom,LavaWorldHomeStage,Luncheon Kingdom,overworld,stage_change,StageData,BBQExDokan,raw,obj3146,Stage Change BBQExDokan,-19869.701,2300.000,-12586.501,0;1;2;6;7;9,Raw UnitConfigName=DokanStageChange.,
LavaWorldHomeStage::stage_change::Come::raw,Luncheon Kingdom,LavaWorldHomeStage,Luncheon Kingdom,overworld,stage_change,StageData,Come,raw,obj4889,Stage Change Come,17300.000,8900.000,-20550.000,0;1;2;3;4;5;6;7;8;9;10;11;12;13;14,Raw UnitConfigName=WorldWarpHole.,
LavaWorldHomeStage::stage_change::CostumeEventWorldLava::raw,Luncheon Kingdom,LavaWorldHomeStage,Luncheon Kingdom,overworld,stage_change,StageData,CostumeEventWorldLava,raw,obj5522,Stage Change CostumeEventWorldLava,-3400.000,2400.000,5100.000,0;1;2;3;4;5;6;7;8;9;10;11;12;13;14,Raw UnitConfigName=DoorWarpStageChange.,
LavaWorldHomeStage::stage_change::CostumeOut::raw,Luncheon Kingdom,LavaWorldHomeStage,Luncheon Kingdom,overworld,stage_change,StageData,CostumeOut,raw,obj6388,Stage Change CostumeOut,-2750.000,2200.001,5450.000,0;1;2;6;7;9,Raw UnitConfigName=DokanStageChange.,
LavaWorldHomeStage::stage_change::FenceLiftEx::raw,Luncheon Kingdom,LavaWorldHomeStage,Luncheon Kingdom,overworld,stage_change,StageData,FenceLiftEx,raw,obj5651,Stage Change FenceLiftEx,18850.000,1700.000,5200.000,7,Raw UnitConfigName=DokanStageChange.,
LavaWorldHomeStage::stage_change::FenceLiftExdokan::raw,Luncheon Kingdom,LavaWorldHomeStage,Luncheon Kingdom,overworld,stage_change,StageData,FenceLiftExdokan,raw,obj5652,Stage Change FenceLiftExdokan,19550.000,1700.000,5200.000,7,Raw UnitConfigName=DokanStageChange.,
LavaWorldHomeStage::stage_change::ForkEX::raw,Luncheon Kingdom,LavaWorldHomeStage,Luncheon Kingdom,overworld,stage_change,StageData,ForkEX,raw,obj2867,Stage Change ForkEX,300.000,750.000,-5500.000,0;1;2;6;7;9,Raw UnitConfigName=ChangeStageArea.,
LavaWorldHomeStage::stage_change::GabuzouClockEx::raw,Luncheon Kingdom,LavaWorldHomeStage,Luncheon Kingdom,overworld,stage_change,StageData,GabuzouClockEx,raw,obj5661,Stage Change GabuzouClockEx,-17350.000,6750.000,-2750.000,7,Raw UnitConfigName=DokanStageChange.,
LavaWorldHomeStage::stage_change::GabuzouClockExdokan::raw,Luncheon Kingdom,LavaWorldHomeStage,Luncheon Kingdom,overworld,stage_change,StageData,GabuzouClockExdokan,raw,obj5662,Stage Change GabuzouClockExdokan,-17350.000,6750.000,-3200.000,7,Raw UnitConfigName=DokanStageChange.,
LavaWorldHomeStage::stage_change::Go::raw,Luncheon Kingdom,LavaWorldHomeStage,Luncheon Kingdom,overworld,stage_change,StageData,Go,raw,obj4893,Stage Change Go,-19996.160,2393.325,-22001.203,0;1;2;3;4;5;6;7;8;9;10;11;12;13;14,Raw UnitConfigName=WorldWarpHole.,
LavaWorldHomeStage::stage_change::KeyMoveEx::raw,Luncheon Kingdom,LavaWorldHomeStage,Luncheon Kingdom,overworld,stage_change,StageData,KeyMoveEx,raw,obj3133,Stage Change KeyMoveEx,6400.000,-50.000,9650.000,0;1;2;6;7;9,Raw UnitConfigName=ChangeStageArea.,
LavaWorldHomeStage::stage_change::KeyMoveExDokan::raw,Luncheon Kingdom,LavaWorldHomeStage,Luncheon Kingdom,overworld,stage_change,StageData,KeyMoveExDokan,raw,obj3134,Stage Change KeyMoveExDokan,6400.000,0.000,8750.000,0;1;2;6;7;9,Raw UnitConfigName=DokanStageChange.,
LavaWorldHomeStage::stage_change::LavaLiftEx::raw,Luncheon Kingdom,LavaWorldHomeStage,Luncheon Kingdom,overworld,stage_change,StageData,LavaLiftEx,raw,obj5659,Stage Change LavaLiftEx,-3450.000,2150.000,17700.000,7,Raw UnitConfigName=DokanStageChange.,
LavaWorldHomeStage::stage_change::LavaLiftExdokan::raw,Luncheon Kingdom,LavaWorldHomeStage,Luncheon Kingdom,overworld,stage_change,StageData,LavaLiftExdokan,raw,obj5660,Stage Change LavaLiftExdokan,-3450.000,2150.000,17300.000,7,Raw UnitConfigName=DokanStageChange.,
LavaWorldHomeStage::stage_change::LavaStart::raw,Luncheon Kingdom,LavaWorldHomeStage,Luncheon Kingdom,overworld,stage_change,StageData,LavaStart,raw,obj6091,Stage Change LavaStart,-12150.000,2422.446,16000.000,3,Raw UnitConfigName=PlayerStartObjNoLink.,
LavaWorldHomeStage::stage_change::MartinCubeEx::raw,Luncheon Kingdom,LavaWorldHomeStage,Luncheon Kingdom,overworld,stage_change,StageData,MartinCubeEx,raw,obj3169,Stage Change MartinCubeEx,-5050.000,2550.000,-8350.000,0;1;2;6;7;9,Raw UnitConfigName=ChangeStageArea.,
LavaWorldHomeStage::stage_change::PechoBubbleEx::raw,Luncheon Kingdom,LavaWorldHomeStage,Luncheon Kingdom,overworld,stage_change,StageData,PechoBubbleEx,raw,obj3139,Stage Change PechoBubbleEx,-16400.000,2100.000,-3550.000,0;1;2;6;7;9,Raw UnitConfigName=ChangeStageArea.,
LavaWorldHomeStage::stage_change::PechoBubbleExDokan::raw,Luncheon Kingdom,LavaWorldHomeStage,Luncheon Kingdom,overworld,stage_change,StageData,PechoBubbleExDokan,raw,obj3140,Stage Change PechoBubbleExDokan,-16400.000,2150.000,-4200.000,0;1;2;6;7;9,Raw UnitConfigName=DokanStageChange.,
LavaWorldHomeStage::stage_change::TreasureEventWorldLava::raw,Luncheon Kingdom,LavaWorldHomeStage,Luncheon Kingdom,overworld,stage_change,StageData,TreasureEventWorldLava,raw,obj6280,Stage Change TreasureEventWorldLava,-11500.000,2250.000,-4125.000,1;2;3;6;7;8,Raw UnitConfigName=DoorWarpStageChange.,
LavaWorldHomeStage::stage_change::shop::raw,Luncheon Kingdom,LavaWorldHomeStage,Luncheon Kingdom,overworld,stage_change,StageData,shop,raw,obj4087,Stage Change shop,-3400.000,2400.000,3700.000,0;1;2;3;4;5;6;7;8;9;10;11;12;13;14,Raw UnitConfigName=DoorWarpStageChange.,
LavaWorldHomeStage::stage_change::start::raw,Luncheon Kingdom,LavaWorldHomeStage,Luncheon Kingdom,overworld,stage_change,StageData,start,raw,obj2,Stage Change start,21550.000,200.000,9500.000,0;1;2;3;4;5;6;7;8;9;10;11;12;13;14,Raw UnitConfigName=PlayerActorHakoniwa.,
LavaWorldHomeStage::stage_change::town::raw,Luncheon Kingdom,LavaWorldHomeStage,Luncheon Kingdom,overworld,stage_change,StageData,town,raw,obj3860,Stage Change town,-3925.648,2400.000,10174.180,0;1;2;3;4;5;6;7;8;9;10;11;12;13;14,Raw UnitConfigName=DoorWarpStageChange.,
LavaWorldHomeStage::start,Luncheon Kingdom,LavaWorldHomeStage,Luncheon Kingdom,overworld,stage_start,generated,,,,Default start,,,,,Rename or split if this stage has multiple meaningful starts.,
LavaWorldHomeStage::event::MoonRockActive_Luncheon,Luncheon Kingdom,LavaWorldHomeStage,Luncheon Kingdom,overworld,state_event,StageData:progression_events,,,obj4881,Moon Rock,13600.000,-100.000,-5650.000,7,Fill the route to the Moon Rock and any prerequisite story/global state. Location imported from StageData obj obj4881.,
LavaWorldHomeStage::event::WorldPeace_Luncheon,Luncheon Kingdom,LavaWorldHomeStage,Luncheon Kingdom,overworld,state_event,progression_events,,,,Luncheon Kingdom World Peace,,,,,Fill the story moons/bosses that must be completed for world peace in this kingdom.,
LavaWorldIslandZone::start,Luncheon Kingdom,LavaWorldHomeStage,Luncheon Kingdom,overworld,custom_place,embedded_zone,,,,LavaWorldIslandZone,-17250.000,1500.000,-19250.000,0;1;2;3;4;5;6;7;8;9;10;11;12;13;14,Embedded map landmark from LavaWorldIslandZone.,
LavaWorldShopStage::stage_change::shop::raw,Luncheon Kingdom,LavaWorldShopStage,Crazy Cap Store(?),subarea,stage_change,StageData,shop,raw,obj6,Stage Change shop,0.000,-100.000,0.000,0;1;2;3;4;5;6;7;8;9;10;11;12;13;14,Raw UnitConfigName=ChangeStageArea.,
LavaWorldShopStage::start,Luncheon Kingdom,LavaWorldShopStage,Crazy Cap Store(?),subarea,stage_start,generated,,,,Default start,,,,,Rename or split if this stage has multiple meaningful starts.,
LavaWorldShopStage::entrance::shop::sub_far,Luncheon Kingdom,LavaWorldShopStage,Crazy Cap Store(?),subarea,substage_entrance,EntranceDB,shop,sub_far,obj6,Substage far side: shop,0.000,-100.000,0.000,0;1;2;3;4;5;6;7;8;9;10;11;12;13;14,Connected from LavaWorldHomeStage. StageData anchor UnitConfigName=ChangeStageArea.,
LavaWorldShopStage::entrance::shop::sub_near,Luncheon Kingdom,LavaWorldShopStage,Crazy Cap Store(?),subarea,substage_entrance,EntranceDB,shop,sub_near,obj6,Substage near side: shop,0.000,-100.000,0.000,0;1;2;3;4;5;6;7;8;9;10;11;12;13;14,Connected from LavaWorldHomeStage. StageData anchor UnitConfigName=ChangeStageArea.,
LavaWorldTimerAthletic000Zone::start,Luncheon Kingdom,LavaWorldHomeStage,Luncheon Kingdom,overworld,custom_place,embedded_zone,,,,LavaWorldTimerAthletic000Zone,19150.000,1700.000,13450.000,0;1;2;6;7;9,Embedded map landmark from LavaWorldTimerAthletic000Zone.,
LavaWorldTimerAthletic001Zone::start,Luncheon Kingdom,LavaWorldHomeStage,Luncheon Kingdom,overworld,custom_place,embedded_zone,,,,LavaWorldTimerAthletic001Zone,7950.000,1000.000,4750.000,1;2;6;7,Embedded map landmark from LavaWorldTimerAthletic001Zone.,
LavaWorldTreasureStage::stage_change::TreasureEventWorldLava::raw,Luncheon Kingdom,LavaWorldTreasureStage,Luncheon Treasure Vault(?),subarea,stage_change,StageData,TreasureEventWorldLava,raw,obj6,Stage Change TreasureEventWorldLava,0.000,-450.000,1250.000,0;1;2;3;4;5;6;7;8;9;10;11;12;13;14,Raw UnitConfigName=ChangeStageArea.,
LavaWorldTreasureStage::start,Luncheon Kingdom,LavaWorldTreasureStage,Luncheon Treasure Vault(?),subarea,stage_start,generated,,,,Default start,,,,,Rename or split if this stage has multiple meaningful starts.,
LavaWorldTreasureStage::entrance::TreasureEventWorldLava::sub_far,Luncheon Kingdom,LavaWorldTreasureStage,Luncheon Treasure Vault(?),subarea,substage_entrance,EntranceDB,TreasureEventWorldLava,sub_far,obj6,Substage far side: TreasureEventWorldLava,0.000,-450.000,1250.000,0;1;2;3;4;5;6;7;8;9;10;11;12;13;14,Connected from LavaWorldHomeStage. StageData anchor UnitConfigName=ChangeStageArea.,
LavaWorldTreasureStage::entrance::TreasureEventWorldLava::sub_near,Luncheon Kingdom,LavaWorldTreasureStage,Luncheon Treasure Vault(?),subarea,substage_entrance,EntranceDB,TreasureEventWorldLava,sub_near,obj6,Substage near side: TreasureEventWorldLava,0.000,-450.000,1250.000,0;1;2;3;4;5;6;7;8;9;10;11;12;13;14,Connected from LavaWorldHomeStage. StageData anchor UnitConfigName=ChangeStageArea.,
LavaWorldUpDownExStage::stage_change::KeyMoveEx::raw,Luncheon Kingdom,LavaWorldUpDownExStage,Magma Swamp,subarea,stage_change,StageData,KeyMoveEx,raw,obj326,Stage Change KeyMoveEx,-1100.000,400.000,2450.000,0,Raw UnitConfigName=ChangeStageArea.,
LavaWorldUpDownExStage::stage_change::KeyMoveExDokan::raw,Luncheon Kingdom,LavaWorldUpDownExStage,Magma Swamp,subarea,stage_change,StageData,KeyMoveExDokan,raw,obj310,Stage Change KeyMoveExDokan,550.000,650.000,-7350.000,0,Raw UnitConfigName=DokanStageChange.,
LavaWorldUpDownExStage::start,Luncheon Kingdom,LavaWorldUpDownExStage,Magma Swamp,subarea,stage_start,generated,,,,Default start,,,,,Rename or split if this stage has multiple meaningful starts.,
LavaWorldUpDownExStage::entrance::KeyMoveEx::sub_near,Luncheon Kingdom,LavaWorldUpDownExStage,Magma Swamp,subarea,substage_entrance,EntranceDB,KeyMoveEx,sub_near,obj326,Substage near side: KeyMoveEx,-1100.000,400.000,2450.000,0,Connected from LavaWorldHomeStage. StageData anchor UnitConfigName=ChangeStageArea.,
LavaWorldUpDownExStage::entrance::KeyMoveExDokan::sub_far,Luncheon Kingdom,LavaWorldUpDownExStage,Magma Swamp,subarea,substage_entrance,EntranceDB,KeyMoveExDokan,sub_far,obj310,Substage far side: KeyMoveExDokan,550.000,650.000,-7350.000,0,Connected from LavaWorldHomeStage. StageData anchor UnitConfigName=DokanStageChange.,
LavaBonus1Zone::entrance::town::sub_near,Luncheon Kingdom,LavaBonus1Zone,Luncheon Kingdom Slots(?),subarea,substage_entrance,EntranceDB,town,sub_near,obj25,Substage near side: town,3.793,-250.000,600.000,0;1;2;3;4;5;6;7;8;9;10;11;12;13;14,Connected from LavaWorldHomeStage.,
LavaBonus1Zone::entrance::town::sub_far,Luncheon Kingdom,LavaBonus1Zone,Luncheon Kingdom Slots(?),subarea,substage_entrance,EntranceDB,town,sub_far,obj25,Substage far side: town,3.793,-250.000,600.000,0;1;2;3;4;5;6;7;8;9;10;11;12;13;14,Connected from LavaWorldHomeStage.,
LavaWorldHomeStage::place::new_place,Luncheon Kingdom,LavaWorldHomeStage,Luncheon Kingdom,overworld,custom_place,editor,,,,Peronza Plaza,,,,,Human-authored logic place.,
LavaWorldHomeStage::place::new_place_2,Luncheon Kingdom,LavaWorldHomeStage,Luncheon Kingdom,overworld,custom_place,editor,,,,Path to the Meat Plateau,,,,,Human-authored logic place.,
LavaWorldHomeStage::place::new_place_4,Luncheon Kingdom,LavaWorldHomeStage,Luncheon Kingdom,overworld,custom_place,editor,,,,Jutting Crag,,,,,Human-authored logic place.,
LavaWorldHomeStage::place::new_place_5,Luncheon Kingdom,LavaWorldHomeStage,Luncheon Kingdom,overworld,custom_place,editor,,,,Captain Toad Free,,,,,Human-authored logic place.,
LavaWorldHomeStage::place::new_place_6,Luncheon Kingdom,LavaWorldHomeStage,Luncheon Kingdom,overworld,custom_place,editor,,,,The Rooftop Lantern Free,,,,,Human-authored logic place.,
LavaWorldHomeStage::place::new_place_7,Luncheon Kingdom,LavaWorldHomeStage,Luncheon Kingdom,overworld,custom_place,editor,,,,Under the Meat Plateau Free,,,,,Human-authored logic place.,
LavaWorldCaveZone::start,Luncheon Kingdom,LavaWorldHomeStage,Luncheon Kingdom,overworld,custom_place,embedded_zone,,,,LavaWorldCaveZone,-3300.000,-46100.000,126100.000,1;2;3;6;7;8,Embedded map landmark from LavaWorldCaveZone.,
LavaWorldHomeStage::place::new_place_3,Luncheon Kingdom,LavaWorldHomeStage,Luncheon Kingdom,overworld,custom_place,editor,,,,Post 2nd Story Moon,,,,,Human-authored logic place.,
LavaWorldHomeStage::place::new_place_8,Luncheon Kingdom,LavaWorldHomeStage,Luncheon Kingdom,overworld,custom_place,editor,,,,Meat Multi Free,,,,,Human-authored logic place.,
BikeSteelExStage::stage_change::bike::raw,Metro Kingdom,BikeSteelExStage,Scooter Daredevil,subarea,stage_change,StageData,bike,raw,obj1745,Stage Change bike,200.000,2100.000,1800.000,0,Raw UnitConfigName=DokanStageChange.,
BikeSteelExStage::stage_change::bikereturn::raw,Metro Kingdom,BikeSteelExStage,Scooter Daredevil,subarea,stage_change,StageData,bikereturn,raw,obj1744,Stage Change bikereturn,-47195.445,1550.000,-33539.672,0,Raw UnitConfigName=DokanStageChange.,
BikeSteelExStage::start,Metro Kingdom,BikeSteelExStage,Scooter Daredevil,subarea,stage_start,generated,,,,Default start,,,,,Rename or split if this stage has multiple meaningful starts.,
BikeSteelExStage::entrance::bike::sub_near,Metro Kingdom,BikeSteelExStage,Scooter Daredevil,subarea,substage_entrance,EntranceDB,bike,sub_near,obj1745,Substage near side: bike,200.000,2100.000,1800.000,0,Connected from CityWorldHomeStage. StageData anchor UnitConfigName=DokanStageChange.,
BikeSteelExStage::entrance::bikereturn::sub_far,Metro Kingdom,BikeSteelExStage,Scooter Daredevil,subarea,substage_entrance,EntranceDB,bikereturn,sub_far,obj1744,Substage far side: bikereturn,-47195.445,1550.000,-33539.672,0,Connected from CityWorldHomeStage. StageData anchor UnitConfigName=DokanStageChange.,
CapRotatePackunExStage::stage_change::kaitendokan::raw,Metro Kingdom,CapRotatePackunExStage,Rotating Maze Shards,subarea,stage_change,StageData,kaitendokan,raw,obj197,Stage Change kaitendokan,-910.500,-700.000,3500.000,0;1;2;3;4;5;6;7;8;9;10;11;12;13;14,Raw UnitConfigName=DokanStageChange.,
CapRotatePackunExStage::start,Metro Kingdom,CapRotatePackunExStage,Rotating Maze Shards,subarea,stage_start,generated,,,,Default start,,,,,Rename or split if this stage has multiple meaningful starts.,
CapRotatePackunExStage::entrance::kaitendokan::sub_far,Metro Kingdom,CapRotatePackunExStage,Rotating Maze Shards,subarea,substage_entrance,EntranceDB,kaitendokan,sub_far,obj197,Substage far side: kaitendokan,-910.500,-700.000,3500.000,0;1;2;3;4;5;6;7;8;9;10;11;12;13;14,Connected from CityWorldHomeStage. StageData anchor UnitConfigName=DokanStageChange.,
CapRotatePackunExStage::entrance::kaitendokan::sub_near,Metro Kingdom,CapRotatePackunExStage,Rotating Maze Shards,subarea,substage_entrance,EntranceDB,kaitendokan,sub_near,obj197,Substage near side: kaitendokan,-910.500,-700.000,3500.000,0;1;2;3;4;5;6;7;8;9;10;11;12;13;14,Connected from CityWorldHomeStage. StageData anchor UnitConfigName=DokanStageChange.,
CityPeopleRoadStage::stage_change::gunsyu::raw,Metro Kingdom,CityPeopleRoadStage,Crowded Alleyway,subarea,stage_change,StageData,gunsyu,raw,obj379,Stage Change gunsyu,-1100.000,-50.000,-5950.000,0;1;2;3;4;5;6;7;8;9;10;11;12;13;14,Raw UnitConfigName=ChangeStageArea.,
CityPeopleRoadStage::stage_change::gunsyudokan::raw,Metro Kingdom,CityPeopleRoadStage,Crowded Alleyway,subarea,stage_change,StageData,gunsyudokan,raw,obj248,Stage Change gunsyudokan,333.000,100.000,1250.000,0;1;2;3;4;5;6;7;8;9;10;11;12;13;14,Raw UnitConfigName=DokanStageChange.,
CityPeopleRoadStage::start,Metro Kingdom,CityPeopleRoadStage,Crowded Alleyway,subarea,stage_start,generated,,,,Default start,,,,,Rename or split if this stage has multiple meaningful starts.,
CityPeopleRoadStage::entrance::gunsyu::sub_near,Metro Kingdom,CityPeopleRoadStage,Crowded Alleyway,subarea,substage_entrance,EntranceDB,gunsyu,sub_near,obj379,Substage near side: gunsyu,-1100.000,-50.000,-5950.000,0;1;2;3;4;5;6;7;8;9;10;11;12;13;14,Connected from CityWorldHomeStage. StageData anchor UnitConfigName=ChangeStageArea.,
CityPeopleRoadStage::entrance::gunsyudokan::sub_far,Metro Kingdom,CityPeopleRoadStage,Crowded Alleyway,subarea,substage_entrance,EntranceDB,gunsyudokan,sub_far,obj248,Substage far side: gunsyudokan,333.000,100.000,1250.000,0;1;2;3;4;5;6;7;8;9;10;11;12;13;14,Connected from CityWorldHomeStage. StageData anchor UnitConfigName=DokanStageChange.,
CityWorld2DSign004Zone::start,Metro Kingdom,CityWorldHomeStage,Metro Kingdom,overworld,custom_place,embedded_zone,,,,CityWorld2DSign004Zone,-4539.211,84.531,-4743.570,2;6;10;13,Embedded map landmark from CityWorld2DSign004Zone.,
CityWorldFactory01Zone::stage_change::under001enter::raw,Metro Kingdom,CityWorldFactoryStage,Sewers,subarea,stage_change,StageData,under001enter,raw,obj2,Stage Change under001enter,37750.000,700.000,6950.000,0;1;2;3;4;5;6;7;8;9;10;11;12;13;14,Raw UnitConfigName=PlayerActorHakoniwa.,
CityWorldFactory01Zone::start,Metro Kingdom,CityWorldFactoryStage,Sewers,subarea,custom_place,embedded_zone,,,,CityWorldFactory01Zone,43250.000,900.000,-1500.000,,Embedded map landmark from CityWorldFactory01Zone.,
CityWorldFactoryStage::stage_change::under001enter::raw,Metro Kingdom,CityWorldFactoryStage,Sewers,subarea,stage_change,StageData,under001enter,raw,obj221,Stage Change under001enter,-6900.000,1000.000,-2650.000,0;1;2;3;4;5;6;7;8;9;10;11;12;13;14,Raw UnitConfigName=DokanStageChange.,
CityWorldFactoryStage::start,Metro Kingdom,CityWorldFactoryStage,Sewers,subarea,stage_start,generated,,,,Default start,,,,,Rename or split if this stage has multiple meaningful starts.,
CityWorldHomeStage::checkpoint::obj14061,Metro Kingdom,CityWorldHomeStage,Metro Kingdom,overworld,checkpoint,StageData,,,obj14061,Isolated Rooftop Checkpoint (obj14061),18150.000,-1300.000,23800.000,1;2;3;4;6;7;9;10;12;13,Raw UnitConfigName=CheckpointFlag.,
CityWorldHomeStage::checkpoint::obj3994,Metro Kingdom,CityWorldHomeStage,Metro Kingdom,overworld,checkpoint,StageData,,,obj3994,Main Street Entrance Checkpoint (obj3994),0.000,-11.035,10300.000,1;3;4;7;9;11;12,Raw UnitConfigName=CheckpointFlag.,
CityWorldHomeStage::checkpoint::obj3996,Metro Kingdom,CityWorldHomeStage,Metro Kingdom,overworld,checkpoint,StageData,,,obj3996,Heliport Checkpoint (obj3996),4700.000,5982.012,-11400.000,0;1;3;4;7;9;11;12;14,Raw UnitConfigName=CheckpointFlag.,
CityWorldHomeStage::checkpoint::obj3998,Metro Kingdom,CityWorldHomeStage,Metro Kingdom,overworld,checkpoint,StageData,,,obj3998,Mayor Pauline Commemorative Park Checkpoint (obj3998),17865.000,-16.824,-10650.000,1;3;4;7;9;11;12,Raw UnitConfigName=CheckpointFlag.,
CityWorldHomeStage::checkpoint::obj4000,Metro Kingdom,CityWorldHomeStage,Metro Kingdom,overworld,checkpoint,StageData,,,obj4000,Outdoor Cafe Checkpoint (obj4000),-7500.000,67.976,-8850.000,1;3;4;7;9;11;12,Raw UnitConfigName=CheckpointFlag.,
CityWorldHomeStage::checkpoint::obj4904,Metro Kingdom,CityWorldHomeStage,Metro Kingdom,overworld,checkpoint,StageData,,,obj4904,New Donk City Hall Plaza Checkpoint (obj4904),250.000,82.000,-7100.000,1;3;4;7;9;11;12,Raw UnitConfigName=CheckpointFlag.,
CityWorldHomeStage::checkpoint::obj5012,Metro Kingdom,CityWorldHomeStage,Metro Kingdom,overworld,checkpoint,StageData,,,obj5012,Rooftop Garden Checkpoint (obj5012),-7200.000,4039.715,1350.000,1;3;4;7;9;11;12,Raw UnitConfigName=CheckpointFlag.,
CityWorldHomeStage::checkpoint::obj5016,Metro Kingdom,CityWorldHomeStage,Metro Kingdom,overworld,checkpoint,StageData,,,obj5016,New Donk City Hall Rooftop Checkpoint (obj5016),-0.000,10936.929,-10600.000,0;1;3;4;7;9;11;12;14,Raw UnitConfigName=CheckpointFlag.,
CityWorldHomeStage::checkpoint::obj8918,Metro Kingdom,CityWorldHomeStage,Metro Kingdom,overworld,checkpoint,StageData,,,obj8918,City Outskirts Checkpoint (obj8918),5850.000,-11.035,9200.000,0;14,Raw UnitConfigName=CheckpointFlag.,
CityWorldHomeStage::checkpoint::obj9017,Metro Kingdom,CityWorldHomeStage,Metro Kingdom,overworld,checkpoint,StageData,,,obj9017,Construction Access Checkpoint (obj9017),3950.000,85.479,-8850.000,0;14,Raw UnitConfigName=CheckpointFlag.,
CityWorldHomeStage::checkpoint::obj9086,Metro Kingdom,CityWorldHomeStage,Metro Kingdom,overworld,checkpoint,StageData,,,obj9086,Construction Site Checkpoint (obj9086),-11750.000,142.161,2800.000,0;1;3;4;7;9;11;12;14,Raw UnitConfigName=CheckpointFlag.,
CityWorldHomeStage::entrance::Bonus::home_in,Metro Kingdom,CityWorldHomeStage,Metro Kingdom,overworld,home_entrance,EntranceDB,Bonus,home_in,obj9088,Home entrance: Bonus,-8145.875,50.000,-4000.000,1;3;4;7;9;11;12,Links to CityWorldSandSlotStage. StageData anchor UnitConfigName=ChangeStageArea.,
CityWorldHomeStage::entrance::Bonus::home_out,Metro Kingdom,CityWorldHomeStage,Metro Kingdom,overworld,home_entrance,EntranceDB,Bonus,home_out,obj9088,Home return: Bonus,-8145.875,50.000,-4000.000,1;3;4;7;9;11;12,Links to CityWorldSandSlotStage. StageData anchor UnitConfigName=ChangeStageArea.,
CityWorldHomeStage::entrance::bike02::home_in,Metro Kingdom,CityWorldHomeStage,Metro Kingdom,overworld,home_entrance,EntranceDB,bike02,home_in,obj11188,Home entrance: bike02,-4008.420,-50.000,-5963.662,1;3;4;5;7;8;9;12,Links to TrexBikeExStage. StageData anchor UnitConfigName=ChangeStageArea.,
CityWorldHomeStage::entrance::bike02return::home_out,Metro Kingdom,CityWorldHomeStage,Metro Kingdom,overworld,home_entrance,EntranceDB,bike02return,home_out,obj14614,Home return: bike02return,-4250.000,-0.000,-6550.000,1;3;4;5;7;8;9;12,Links to TrexBikeExStage. StageData anchor UnitConfigName=DokanStageChange.,
CityWorldHomeStage::entrance::bike::home_in,Metro Kingdom,CityWorldHomeStage,Metro Kingdom,overworld,home_entrance,EntranceDB,bike,home_in,obj13305,Home entrance: bike,-3050.000,2374.997,-200.000,7,Links to BikeSteelExStage. StageData anchor UnitConfigName=DokanStageChange.,
CityWorldHomeStage::entrance::bikereturn::home_out,Metro Kingdom,CityWorldHomeStage,Metro Kingdom,overworld,home_entrance,EntranceDB,bikereturn,home_out,obj14564,Home return: bikereturn,-3050.000,2374.997,-550.000,7,Links to BikeSteelExStage. StageData anchor UnitConfigName=DokanStageChange.,
CityWorldHomeStage::entrance::bou::home_in,Metro Kingdom,CityWorldHomeStage,Metro Kingdom,overworld,home_entrance,EntranceDB,bou,home_in,obj4897,Home entrance: bou,5240.396,-50.000,-450.000,1;3;4;7;9;11;12,Links to PoleKillerExStage. StageData anchor UnitConfigName=ChangeStageArea.,
CityWorldHomeStage::entrance::boureturn::home_out,Metro Kingdom,CityWorldHomeStage,Metro Kingdom,overworld,home_entrance,EntranceDB,boureturn,home_out,obj14108,Home return: boureturn,3850.000,0.000,-450.000,1;3;4;7;9;11;12,Links to PoleKillerExStage. StageData anchor UnitConfigName=DokanStageChange.,
CityWorldHomeStage::entrance::car::home_in,Metro Kingdom,CityWorldHomeStage,Metro Kingdom,overworld,home_entrance,EntranceDB,car,home_in,obj5736,Home entrance: car,-4099.522,50.000,7914.376,1;3;4;7;9;11;12,Links to RadioControlExStage. StageData anchor UnitConfigName=ChangeStageArea.,
CityWorldHomeStage::entrance::car::home_out,Metro Kingdom,CityWorldHomeStage,Metro Kingdom,overworld,home_entrance,EntranceDB,car,home_out,obj5736,Home return: car,-4099.522,50.000,7914.376,1;3;4;7;9;11;12,Links to RadioControlExStage. StageData anchor UnitConfigName=ChangeStageArea.,
CityWorldHomeStage::entrance::densen::home_in,Metro Kingdom,CityWorldHomeStage,Metro Kingdom,overworld,home_entrance,EntranceDB,densen,home_in,obj6473,Home entrance: densen,-5300.000,-50.000,-10414.004,1;3;4;7;9;11;12,Links to ElectricWireExStage. StageData anchor UnitConfigName=ChangeStageArea.,
CityWorldHomeStage::entrance::densendokan::home_out,Metro Kingdom,CityWorldHomeStage,Metro Kingdom,overworld,home_entrance,EntranceDB,densendokan,home_out,obj14254,Home return: densendokan,-5300.000,0.000,-9650.000,1;3;4;7;9;11;12,Links to ElectricWireExStage. StageData anchor UnitConfigName=DokanStageChange.,
CityWorldHomeStage::entrance::donsuke::home_in,Metro Kingdom,CityWorldHomeStage,Metro Kingdom,overworld,home_entrance,EntranceDB,donsuke,home_in,obj14348,Home entrance: donsuke,1801.339,4000.834,-13049.397,7,Links to DonsukeExStage. StageData anchor UnitConfigName=DokanStageChange.,
CityWorldHomeStage::entrance::donsuke::home_out,Metro Kingdom,CityWorldHomeStage,Metro Kingdom,overworld,home_entrance,EntranceDB,donsuke,home_out,obj14348,Home return: donsuke,1801.339,4000.834,-13049.397,7,Links to DonsukeExStage. StageData anchor UnitConfigName=DokanStageChange.,
CityWorldHomeStage::entrance::gragra::home_in,Metro Kingdom,CityWorldHomeStage,Metro Kingdom,overworld,home_entrance,EntranceDB,gragra,home_in,obj13304,Home entrance: gragra,2950.000,5600.000,-2100.000,7,Links to SwingSteelExStage. StageData anchor UnitConfigName=DokanStageChange.,
CityWorldHomeStage::entrance::gragrareturn::home_out,Metro Kingdom,CityWorldHomeStage,Metro Kingdom,overworld,home_entrance,EntranceDB,gragrareturn,home_out,obj14107,Home return: gragrareturn,2950.000,5600.000,-2400.000,7,Links to SwingSteelExStage. StageData anchor UnitConfigName=DokanStageChange.,
CityWorldHomeStage::entrance::gunsyu::home_in,Metro Kingdom,CityWorldHomeStage,Metro Kingdom,overworld,home_entrance,EntranceDB,gunsyu,home_in,obj14328,Home entrance: gunsyu,-7439.728,-182.742,-11316.779,1;3;4;7;9;11;12,Links to CityPeopleRoadStage. StageData anchor UnitConfigName=ChangeStageArea.,
CityWorldHomeStage::entrance::gunsyudokan::home_out,Metro Kingdom,CityWorldHomeStage,Metro Kingdom,overworld,home_entrance,EntranceDB,gunsyudokan,home_out,obj14327,Home return: gunsyudokan,-16260.000,-2100.000,-11850.000,1;3;4;7;12,Links to CityPeopleRoadStage. StageData anchor UnitConfigName=DokanStageChange.,
CityWorldHomeStage::entrance::kaitendokan::home_in,Metro Kingdom,CityWorldHomeStage,Metro Kingdom,overworld,home_entrance,EntranceDB,kaitendokan,home_in,obj10736;obj14252,Home entrance: kaitendokan,,,,1;3;4;7;9;11;12,Links to CapRotatePackunExStage. StageData anchor UnitConfigName=ChangeStageArea;DokanStageChange.,
CityWorldHomeStage::entrance::kaitendokan::home_out,Metro Kingdom,CityWorldHomeStage,Metro Kingdom,overworld,home_entrance,EntranceDB,kaitendokan,home_out,obj10736;obj14252,Home return: kaitendokan,,,,1;3;4;7;9;11;12,Links to CapRotatePackunExStage. StageData anchor UnitConfigName=ChangeStageArea;DokanStageChange.,
CityWorldHomeStage::entrance::main_enter::home_in,Metro Kingdom,CityWorldHomeStage,Metro Kingdom,overworld,home_entrance,EntranceDB,main_enter,home_in,obj4457,Home entrance: main_enter,0.000,5950.000,-10820.229,0;1;2;3;4;6;7;9;10;11;12;13;14,Links to CityWorldMainTowerStage. StageData anchor UnitConfigName=ChangeStageArea.,
CityWorldHomeStage::entrance::main_exit::home_out,Metro Kingdom,CityWorldHomeStage,Metro Kingdom,overworld,home_entrance,EntranceDB,main_exit,home_out,obj4458,Home return: main_exit,0.000,10900.000,-11697.164,0;1;2;3;4;6;7;9;10;11;12;13;14,Links to CityWorldMainTowerStage. StageData anchor UnitConfigName=ChangeStageArea.,
CityWorldHomeStage::entrance::onpu::home_in,Metro Kingdom,CityWorldHomeStage,Metro Kingdom,overworld,home_entrance,EntranceDB,onpu,home_in,obj2834,Home entrance: onpu,-1905.628,-50.000,1250.000,1;3;4;7;9;11;12,Links to Note2D3DRoomExStage. StageData anchor UnitConfigName=ChangeStageArea.,
CityWorldHomeStage::entrance::onpu::home_out,Metro Kingdom,CityWorldHomeStage,Metro Kingdom,overworld,home_entrance,EntranceDB,onpu,home_out,obj2834,Home return: onpu,-1905.628,-50.000,1250.000,1;3;4;7;9;11;12,Links to Note2D3DRoomExStage. StageData anchor UnitConfigName=ChangeStageArea.,
CityWorldHomeStage::entrance::shop_coin::home_in,Metro Kingdom,CityWorldHomeStage,Metro Kingdom,overworld,home_entrance,EntranceDB,shop_coin,home_in,obj9317,Home entrance: shop_coin,-3616.394,-50.000,3925.122,0;1;3;4;7;9;11;12;14,Links to CityWorldShop01Stage. StageData anchor UnitConfigName=ChangeStageArea.,
CityWorldHomeStage::entrance::shop_coin::home_out,Metro Kingdom,CityWorldHomeStage,Metro Kingdom,overworld,home_entrance,EntranceDB,shop_coin,home_out,obj9317,Home return: shop_coin,-3616.394,-50.000,3925.122,0;1;3;4;7;9;11;12;14,Links to CityWorldShop01Stage. StageData anchor UnitConfigName=ChangeStageArea.,
CityWorldHomeStage::entrance::shop_corect::home_in,Metro Kingdom,CityWorldHomeStage,Metro Kingdom,overworld,home_entrance,EntranceDB,shop_corect,home_in,obj7216,Home entrance: shop_corect,-2945.110,-50.000,3923.680,0;1;3;4;7;9;11;12;14,Links to CityWorldShop01Stage. StageData anchor UnitConfigName=ChangeStageArea.,
CityWorldHomeStage::entrance::shop_corect::home_out,Metro Kingdom,CityWorldHomeStage,Metro Kingdom,overworld,home_entrance,EntranceDB,shop_corect,home_out,obj7216,Home return: shop_corect,-2945.110,-50.000,3923.680,0;1;3;4;7;9;11;12;14,Links to CityWorldShop01Stage. StageData anchor UnitConfigName=ChangeStageArea.,
CityWorldHomeStage::entrance::taxi::home_in,Metro Kingdom,CityWorldHomeStage,Metro Kingdom,overworld,home_entrance,EntranceDB,taxi,home_in,obj15009,Home entrance: taxi,400.000,-109.130,-2000.000,1;3;4;7;12,Links to ShootingCityYoshiExStage. StageData anchor UnitConfigName=ChangeStageArea.,
CityWorldHomeStage::entrance::taxi::home_out,Metro Kingdom,CityWorldHomeStage,Metro Kingdom,overworld,home_entrance,EntranceDB,taxi,home_out,obj15009,Home return: taxi,400.000,-109.130,-2000.000,1;3;4;7;12,Links to ShootingCityYoshiExStage. StageData anchor UnitConfigName=ChangeStageArea.,
CityWorldHomeStage::entrance::tenjo::home_in,Metro Kingdom,CityWorldHomeStage,Metro Kingdom,overworld,home_entrance,EntranceDB,tenjo,home_in,obj7092,Home entrance: tenjo,-17350.000,-1900.000,-11850.000,1;3;4;7;12,Links to PoleGrabCeilExStage. StageData anchor UnitConfigName=BazookaElectric.,
CityWorldHomeStage::entrance::tenjo::home_out,Metro Kingdom,CityWorldHomeStage,Metro Kingdom,overworld,home_entrance,EntranceDB,tenjo,home_out,obj7092,Home return: tenjo,-17350.000,-1900.000,-11850.000,1;3;4;7;12,Links to PoleGrabCeilExStage. StageData anchor UnitConfigName=BazookaElectric.,
CityWorldHomeStage::entrance::theater::home_in,Metro Kingdom,CityWorldHomeStage,Metro Kingdom,overworld,home_entrance,EntranceDB,theater,home_in,obj13499,Home entrance: theater,-6217.654,-50.000,-5513.361,4;7,Links to Theater2DExStage. StageData anchor UnitConfigName=ChangeStageArea.,
CityWorldHomeStage::entrance::theater::home_out,Metro Kingdom,CityWorldHomeStage,Metro Kingdom,overworld,home_entrance,EntranceDB,theater,home_out,obj13499,Home return: theater,-6217.654,-50.000,-5513.361,4;7,Links to Theater2DExStage. StageData anchor UnitConfigName=ChangeStageArea.,
CityWorldHomeStage::stage_change::Bonus::raw,Metro Kingdom,CityWorldHomeStage,Metro Kingdom,overworld,stage_change,StageData,Bonus,raw,obj9088,Stage Change Bonus,-8145.875,50.000,-4000.000,1;3;4;7;9;11;12,Raw UnitConfigName=ChangeStageArea.,
CityWorldHomeStage::stage_change::CityWorldRacemanStart::raw,Metro Kingdom,CityWorldHomeStage,Metro Kingdom,overworld,stage_change,StageData,CityWorldRacemanStart,raw,obj14414,Stage Change CityWorldRacemanStart,5950.000,3929.791,-300.000,4;7,Raw UnitConfigName=PlayerStartObjNoLink.,
CityWorldHomeStage::stage_change::Come::raw,Metro Kingdom,CityWorldHomeStage,Metro Kingdom,overworld,stage_change,StageData,Come,raw,obj8864,Stage Change Come,19000.000,-1300.000,23800.000,1;2;3;4;6;7;9;10;12;13,Raw UnitConfigName=WorldWarpHole.,
CityWorldHomeStage::stage_change::Go::raw,Metro Kingdom,CityWorldHomeStage,Metro Kingdom,overworld,stage_change,StageData,Go,raw,obj8865,Stage Change Go,-2000.000,2435.000,19650.000,0;1;2;3;4;6;7;9;10;11;12;13;14,Raw UnitConfigName=WorldWarpHole.,
CityWorldHomeStage::stage_change::SessionMayorComplete::raw,Metro Kingdom,CityWorldHomeStage,Metro Kingdom,overworld,stage_change,StageData,SessionMayorComplete,raw,obj10083,Stage Change SessionMayorComplete,-120025.000,4900.000,-2200.000,1;9;11;12,Raw UnitConfigName=PlayerStartObjNoLink.,
CityWorldHomeStage::stage_change::SessionMember::raw,Metro Kingdom,CityWorldHomeStage,Metro Kingdom,overworld,stage_change,StageData,SessionMember,raw,obj7158,Stage Change SessionMember,-120025.000,4900.000,-2050.000,1;9;11;12,Raw UnitConfigName=PlayerStartObjNoLink.,
CityWorldHomeStage::stage_change::back_from_ceremony::raw,Metro Kingdom,CityWorldHomeStage,Metro Kingdom,overworld,stage_change,StageData,back_from_ceremony,raw,obj16099,Stage Change back_from_ceremony,-120741.336,4900.000,-2387.974,3;4;7,Raw UnitConfigName=PlayerStartObjNoLink.,
CityWorldHomeStage::stage_change::bike02::raw,Metro Kingdom,CityWorldHomeStage,Metro Kingdom,overworld,stage_change,StageData,bike02,raw,obj11188,Stage Change bike02,-4008.420,-50.000,-5963.662,1;3;4;5;7;8;9;12,Raw UnitConfigName=ChangeStageArea.,
CityWorldHomeStage::stage_change::bike02return::raw,Metro Kingdom,CityWorldHomeStage,Metro Kingdom,overworld,stage_change,StageData,bike02return,raw,obj14614,Stage Change bike02return,-4250.000,-0.000,-6550.000,1;3;4;5;7;8;9;12,Raw UnitConfigName=DokanStageChange.,
CityWorldHomeStage::stage_change::bike::raw,Metro Kingdom,CityWorldHomeStage,Metro Kingdom,overworld,stage_change,StageData,bike,raw,obj13305,Stage Change bike,-3050.000,2374.997,-200.000,7,Raw UnitConfigName=DokanStageChange.,
CityWorldHomeStage::stage_change::bikereturn::raw,Metro Kingdom,CityWorldHomeStage,Metro Kingdom,overworld,stage_change,StageData,bikereturn,raw,obj14564,Stage Change bikereturn,-3050.000,2374.997,-550.000,7,Raw UnitConfigName=DokanStageChange.,
CityWorldHomeStage::stage_change::bou::raw,Metro Kingdom,CityWorldHomeStage,Metro Kingdom,overworld,stage_change,StageData,bou,raw,obj4897,Stage Change bou,5240.396,-50.000,-450.000,1;3;4;7;9;11;12,Raw UnitConfigName=ChangeStageArea.,
CityWorldHomeStage::stage_change::boureturn::raw,Metro Kingdom,CityWorldHomeStage,Metro Kingdom,overworld,stage_change,StageData,boureturn,raw,obj14108,Stage Change boureturn,3850.000,0.000,-450.000,1;3;4;7;9;11;12,Raw UnitConfigName=DokanStageChange.,
CityWorldHomeStage::stage_change::car::raw,Metro Kingdom,CityWorldHomeStage,Metro Kingdom,overworld,stage_change,StageData,car,raw,obj5736,Stage Change car,-4099.522,50.000,7914.376,1;3;4;7;9;11;12,Raw UnitConfigName=ChangeStageArea.,
CityWorldHomeStage::stage_change::densen::raw,Metro Kingdom,CityWorldHomeStage,Metro Kingdom,overworld,stage_change,StageData,densen,raw,obj6473,Stage Change densen,-5300.000,-50.000,-10414.004,1;3;4;7;9;11;12,Raw UnitConfigName=ChangeStageArea.,
CityWorldHomeStage::stage_change::densendokan::raw,Metro Kingdom,CityWorldHomeStage,Metro Kingdom,overworld,stage_change,StageData,densendokan,raw,obj14254,Stage Change densendokan,-5300.000,0.000,-9650.000,1;3;4;7;9;11;12,Raw UnitConfigName=DokanStageChange.,
CityWorldHomeStage::stage_change::donsuke::raw,Metro Kingdom,CityWorldHomeStage,Metro Kingdom,overworld,stage_change,StageData,donsuke,raw,obj14348,Stage Change donsuke,1801.339,4000.834,-13049.397,7,Raw UnitConfigName=DokanStageChange.,
CityWorldHomeStage::stage_change::gragra::raw,Metro Kingdom,CityWorldHomeStage,Metro Kingdom,overworld,stage_change,StageData,gragra,raw,obj13304,Stage Change gragra,2950.000,5600.000,-2100.000,7,Raw UnitConfigName=DokanStageChange.,
CityWorldHomeStage::stage_change::gragrareturn::raw,Metro Kingdom,CityWorldHomeStage,Metro Kingdom,overworld,stage_change,StageData,gragrareturn,raw,obj14107,Stage Change gragrareturn,2950.000,5600.000,-2400.000,7,Raw UnitConfigName=DokanStageChange.,
CityWorldHomeStage::stage_change::gunsyu::raw,Metro Kingdom,CityWorldHomeStage,Metro Kingdom,overworld,stage_change,StageData,gunsyu,raw,obj14328,Stage Change gunsyu,-7439.728,-182.742,-11316.779,1;3;4;7;9;11;12,Raw UnitConfigName=ChangeStageArea.,
CityWorldHomeStage::stage_change::gunsyudokan::raw,Metro Kingdom,CityWorldHomeStage,Metro Kingdom,overworld,stage_change,StageData,gunsyudokan,raw,obj14327,Stage Change gunsyudokan,-16260.000,-2100.000,-11850.000,1;3;4;7;12,Raw UnitConfigName=DokanStageChange.,
CityWorldHomeStage::stage_change::kaitendokan::raw,Metro Kingdom,CityWorldHomeStage,Metro Kingdom,overworld,stage_change,StageData,kaitendokan,raw,obj10736,Stage Change kaitendokan,-6500.000,-6467.891,5250.000,1;3;4;7;9;11;12,Raw UnitConfigName=ChangeStageArea.,
CityWorldHomeStage::stage_change::main_enter::raw,Metro Kingdom,CityWorldHomeStage,Metro Kingdom,overworld,stage_change,StageData,main_enter,raw,obj4457,Stage Change main_enter,0.000,5950.000,-10820.229,0;1;2;3;4;6;7;9;10;11;12;13;14,Raw UnitConfigName=ChangeStageArea.,
CityWorldHomeStage::stage_change::main_exit::raw,Metro Kingdom,CityWorldHomeStage,Metro Kingdom,overworld,stage_change,StageData,main_exit,raw,obj4458,Stage Change main_exit,0.000,10900.000,-11697.164,0;1;2;3;4;6;7;9;10;11;12;13;14,Raw UnitConfigName=ChangeStageArea.,
CityWorldHomeStage::stage_change::onpu::raw,Metro Kingdom,CityWorldHomeStage,Metro Kingdom,overworld,stage_change,StageData,onpu,raw,obj2834,Stage Change onpu,-1905.628,-50.000,1250.000,1;3;4;7;9;11;12,Raw UnitConfigName=ChangeStageArea.,
CityWorldHomeStage::stage_change::session_end::raw,Metro Kingdom,CityWorldHomeStage,Metro Kingdom,overworld,stage_change,StageData,session_end,raw,obj12611,Stage Change session_end,-120025.000,4900.000,-2050.000,3;4;7,Raw UnitConfigName=PlayerStartObjNoLink.,
CityWorldHomeStage::stage_change::session_restart::raw,Metro Kingdom,CityWorldHomeStage,Metro Kingdom,overworld,stage_change,StageData,session_restart,raw,obj12612,Stage Change session_restart,-2750.000,2600.000,22850.000,6;10,Raw UnitConfigName=PlayerStartObjNoLink.,
CityWorldHomeStage::stage_change::shop_coin::raw,Metro Kingdom,CityWorldHomeStage,Metro Kingdom,overworld,stage_change,StageData,shop_coin,raw,obj9317,Stage Change shop_coin,-3616.394,-50.000,3925.122,0;1;3;4;7;9;11;12;14,Raw UnitConfigName=ChangeStageArea.,
CityWorldHomeStage::stage_change::shop_corect::raw,Metro Kingdom,CityWorldHomeStage,Metro Kingdom,overworld,stage_change,StageData,shop_corect,raw,obj7216,Stage Change shop_corect,-2945.110,-50.000,3923.680,0;1;3;4;7;9;11;12;14,Raw UnitConfigName=ChangeStageArea.,
CityWorldHomeStage::stage_change::start::raw,Metro Kingdom,CityWorldHomeStage,Metro Kingdom,overworld,stage_change,StageData,start,raw,obj1800,Stage Change start,-2750.000,2600.000,22850.000,0;1;2;3;4;5;6;7;8;9;10;11;12;13;14,Raw UnitConfigName=PlayerActorHakoniwa.,
CityWorldHomeStage::stage_change::taxi::raw,Metro Kingdom,CityWorldHomeStage,Metro Kingdom,overworld,stage_change,StageData,taxi,raw,obj15009,Stage Change taxi,400.000,-109.130,-2000.000,1;3;4;7;12,Raw UnitConfigName=ChangeStageArea.,
CityWorldHomeStage::stage_change::tenjo::raw,Metro Kingdom,CityWorldHomeStage,Metro Kingdom,overworld,stage_change,StageData,tenjo,raw,obj7092,Stage Change tenjo,-17350.000,-1900.000,-11850.000,1;3;4;7;12,Raw UnitConfigName=BazookaElectric.,
CityWorldHomeStage::stage_change::theater::raw,Metro Kingdom,CityWorldHomeStage,Metro Kingdom,overworld,stage_change,StageData,theater,raw,obj13499,Stage Change theater,-6217.654,-50.000,-5513.361,4;7,Raw UnitConfigName=ChangeStageArea.,
CityWorldHomeStage::stage_change::under001enter::raw,Metro Kingdom,CityWorldHomeStage,Metro Kingdom,overworld,stage_change,StageData,under001enter,raw,obj5842,Stage Change under001enter,-6950.000,-6565.734,-7400.000,1;3;4;7;12,Raw UnitConfigName=ChangeStageArea.,
CityWorldHomeStage::start,Metro Kingdom,CityWorldHomeStage,Metro Kingdom,overworld,stage_start,generated,,,,Default start,,,,,Rename or split if this stage has multiple meaningful starts.,
CityWorldHomeStage::event::MoonRockActive_Metro,Metro Kingdom,CityWorldHomeStage,Metro Kingdom,overworld,state_event,StageData:progression_events,,,obj12582,Moon Rock,1300.000,2800.000,20950.000,7,Fill the route to the Moon Rock and any prerequisite story/global state. Location imported from StageData obj obj12582.,
CityWorldHomeStage::event::WorldPeace_Metro,Metro Kingdom,CityWorldHomeStage,Metro Kingdom,overworld,state_event,progression_events,,,,Metro Kingdom World Peace,,,,,Fill the story moons/bosses that must be completed for world peace in this kingdom.,
CityWorldMainTowerStage::stage_change::main_enter::raw,Metro Kingdom,CityWorldMainTowerStage,Inside New Donk City Tower,subarea,stage_change,StageData,main_enter,raw,obj7,Stage Change main_enter,0.000,1600.000,3376.675,0;1;2;3;4;5;6;7;8;9;10;11;12;13;14,Raw UnitConfigName=ChangeStageArea.,
CityWorldMainTowerStage::stage_change::main_exit::raw,Metro Kingdom,CityWorldMainTowerStage,Inside New Donk City Tower,subarea,stage_change,StageData,main_exit,raw,obj5,Stage Change main_exit,0.000,9600.000,3348.965,0;1;2;3;4;5;6;7;8;9;10;11;12;13;14,Raw UnitConfigName=ChangeStageArea.,
CityWorldMainTowerStage::start,Metro Kingdom,CityWorldMainTowerStage,Inside New Donk City Tower,subarea,stage_start,generated,,,,Default start,,,,,Rename or split if this stage has multiple meaningful starts.,
CityWorldMainTowerStage::entrance::main_enter::sub_near,Metro Kingdom,CityWorldMainTowerStage,Inside New Donk City Tower,subarea,substage_entrance,EntranceDB,main_enter,sub_near,obj7,Substage near side: main_enter,0.000,1600.000,3376.675,0;1;2;3;4;5;6;7;8;9;10;11;12;13;14,Connected from CityWorldHomeStage. StageData anchor UnitConfigName=ChangeStageArea.,
CityWorldMainTowerStage::entrance::main_exit::sub_far,Metro Kingdom,CityWorldMainTowerStage,Inside New Donk City Tower,subarea,substage_entrance,EntranceDB,main_exit,sub_far,obj5,Substage far side: main_exit,0.000,9600.000,3348.965,0;1;2;3;4;5;6;7;8;9;10;11;12;13;14,Connected from CityWorldHomeStage. StageData anchor UnitConfigName=ChangeStageArea.,
CityWorldSandSlotStage::stage_change::Bonus::raw,Metro Kingdom,CityWorldSandSlotStage,Metro Kingdom Slots,subarea,stage_change,StageData,Bonus,raw,obj20,Stage Change Bonus,0.000,-150.000,950.000,0;1;2;3;4;5;6;7;8;9;10;11;12;13;14,Raw UnitConfigName=ChangeStageArea.,
CityWorldSandSlotStage::start,Metro Kingdom,CityWorldSandSlotStage,Metro Kingdom Slots,subarea,stage_start,generated,,,,Default start,,,,,Rename or split if this stage has multiple meaningful starts.,
CityWorldSandSlotStage::entrance::Bonus::sub_far,Metro Kingdom,CityWorldSandSlotStage,Metro Kingdom Slots,subarea,substage_entrance,EntranceDB,Bonus,sub_far,obj20,Substage far side: Bonus,0.000,-150.000,950.000,0;1;2;3;4;5;6;7;8;9;10;11;12;13;14,Connected from CityWorldHomeStage. StageData anchor UnitConfigName=ChangeStageArea.,
CityWorldSandSlotStage::entrance::Bonus::sub_near,Metro Kingdom,CityWorldSandSlotStage,Metro Kingdom Slots,subarea,substage_entrance,EntranceDB,Bonus,sub_near,obj20,Substage near side: Bonus,0.000,-150.000,950.000,0;1;2;3;4;5;6;7;8;9;10;11;12;13;14,Connected from CityWorldHomeStage. StageData anchor UnitConfigName=ChangeStageArea.,
CityWorldShop01Stage::stage_change::shop_coin::raw,Metro Kingdom,CityWorldShop01Stage,Crazy Cap Store,subarea,stage_change,StageData,shop_coin,raw,obj6,Stage Change shop_coin,0.000,-100.000,350.000,0;1;2;3;4;5;6;7;8;9;10;11;12;13;14,Raw UnitConfigName=ChangeStageArea.,
CityWorldShop01Stage::stage_change::shop_corect::raw,Metro Kingdom,CityWorldShop01Stage,Crazy Cap Store,subarea,stage_change,StageData,shop_corect,raw,obj159,Stage Change shop_corect,1250.000,-50.000,350.000,0;1;2;3;4;5;6;7;8;9;10;11;12;13;14,Raw UnitConfigName=ChangeStageArea.,
CityWorldShop01Stage::start,Metro Kingdom,CityWorldShop01Stage,Crazy Cap Store,subarea,stage_start,generated,,,,Default start,,,,,Rename or split if this stage has multiple meaningful starts.,
CityWorldShop01Stage::entrance::shop_coin::sub_far,Metro Kingdom,CityWorldShop01Stage,Crazy Cap Store,subarea,substage_entrance,EntranceDB,shop_coin,sub_far,obj6,Substage far side: shop_coin,0.000,-100.000,350.000,0;1;2;3;4;5;6;7;8;9;10;11;12;13;14,Connected from CityWorldHomeStage. StageData anchor UnitConfigName=ChangeStageArea.,
CityWorldShop01Stage::entrance::shop_coin::sub_near,Metro Kingdom,CityWorldShop01Stage,Crazy Cap Store,subarea,substage_entrance,EntranceDB,shop_coin,sub_near,obj6,Substage near side: shop_coin,0.000,-100.000,350.000,0;1;2;3;4;5;6;7;8;9;10;11;12;13;14,Connected from CityWorldHomeStage. StageData anchor UnitConfigName=ChangeStageArea.,
CityWorldShop01Stage::entrance::shop_corect::sub_far,Metro Kingdom,CityWorldShop01Stage,Crazy Cap Store,subarea,substage_entrance,EntranceDB,shop_corect,sub_far,obj159,Substage far side: shop_corect,1250.000,-50.000,350.000,0;1;2;3;4;5;6;7;8;9;10;11;12;13;14,Connected from CityWorldHomeStage. StageData anchor UnitConfigName=ChangeStageArea.,
CityWorldShop01Stage::entrance::shop_corect::sub_near,Metro Kingdom,CityWorldShop01Stage,Crazy Cap Store,subarea,substage_entrance,EntranceDB,shop_corect,sub_near,obj159,Substage near side: shop_corect,1250.000,-50.000,350.000,0;1;2;3;4;5;6;7;8;9;10;11;12;13;14,Connected from CityWorldHomeStage. StageData anchor UnitConfigName=ChangeStageArea.,
CityWorldTimerAthletic003Zone::start,Metro Kingdom,CityWorldHomeStage,Metro Kingdom,overworld,custom_place,embedded_zone,,,,CityWorldTimerAthletic003Zone,0.000,200.000,-50.000,3;4;7,Embedded map landmark from CityWorldTimerAthletic003Zone.,
DonsukeExStage::stage_change::donsuke::raw,Metro Kingdom,DonsukeExStage,Pitchblack Mountain,subarea,stage_change,StageData,donsuke,raw,obj1176,Stage Change donsuke,12100.000,-50.000,2750.000,0;1;2;3;4;5;6;7;8;9;10;11;12;13;14,Raw UnitConfigName=DokanStageChange.,
DonsukeExStage::start,Metro Kingdom,DonsukeExStage,Pitchblack Mountain,subarea,stage_start,generated,,,,Default start,,,,,Rename or split if this stage has multiple meaningful starts.,
DonsukeExStage::entrance::donsuke::sub_far,Metro Kingdom,DonsukeExStage,Pitchblack Mountain,subarea,substage_entrance,EntranceDB,donsuke,sub_far,obj1176,Substage far side: donsuke,12100.000,-50.000,2750.000,0;1;2;3;4;5;6;7;8;9;10;11;12;13;14,Connected from CityWorldHomeStage. StageData anchor UnitConfigName=DokanStageChange.,
DonsukeExStage::entrance::donsuke::sub_near,Metro Kingdom,DonsukeExStage,Pitchblack Mountain,subarea,substage_entrance,EntranceDB,donsuke,sub_near,obj1176,Substage near side: donsuke,12100.000,-50.000,2750.000,0;1;2;3;4;5;6;7;8;9;10;11;12;13;14,Connected from CityWorldHomeStage. StageData anchor UnitConfigName=DokanStageChange.,
ElectricWireExStage::stage_change::densen::raw,Metro Kingdom,ElectricWireExStage,Rewiring the Neighborhood,subarea,stage_change,StageData,densen,raw,obj792,Stage Change densen,467.809,-850.000,3764.352,0;1;2;3;4;5;6;7;8;9;10;11;12;13;14,Raw UnitConfigName=ChangeStageArea.,
ElectricWireExStage::stage_change::densendokan::raw,Metro Kingdom,ElectricWireExStage,Rewiring the Neighborhood,subarea,stage_change,StageData,densendokan,raw,obj794,Stage Change densendokan,13945.000,-350.000,-19365.000,0;1;2;3;4;5;6;7;8;9;10;11;12;13;14,Raw UnitConfigName=DokanStageChange.,
ElectricWireExStage::start,Metro Kingdom,ElectricWireExStage,Rewiring the Neighborhood,subarea,stage_start,generated,,,,Default start,,,,,Rename or split if this stage has multiple meaningful starts.,
ElectricWireExStage::entrance::densen::sub_near,Metro Kingdom,ElectricWireExStage,Rewiring the Neighborhood,subarea,substage_entrance,EntranceDB,densen,sub_near,obj792,Substage near side: densen,467.809,-850.000,3764.352,0;1;2;3;4;5;6;7;8;9;10;11;12;13;14,Connected from CityWorldHomeStage. StageData anchor UnitConfigName=ChangeStageArea.,
ElectricWireExStage::entrance::densendokan::sub_far,Metro Kingdom,ElectricWireExStage,Rewiring the Neighborhood,subarea,substage_entrance,EntranceDB,densendokan,sub_far,obj794,Substage far side: densendokan,13945.000,-350.000,-19365.000,0;1;2;3;4;5;6;7;8;9;10;11;12;13;14,Connected from CityWorldHomeStage. StageData anchor UnitConfigName=DokanStageChange.,
Note2D3DRoomExStage::stage_change::onpu::raw,Metro Kingdom,Note2D3DRoomExStage,Rainbow Notes,subarea,stage_change,StageData,onpu,raw,obj933,Stage Change onpu,-50.000,-50.000,1100.000,0;1;2;3;4;5;6;7;8;9;10;11,Raw UnitConfigName=ChangeStageArea.,
Note2D3DRoomExStage::start,Metro Kingdom,Note2D3DRoomExStage,Rainbow Notes,subarea,stage_start,generated,,,,Default start,,,,,Rename or split if this stage has multiple meaningful starts.,
Note2D3DRoomExStage::entrance::onpu::sub_far,Metro Kingdom,Note2D3DRoomExStage,Rainbow Notes,subarea,substage_entrance,EntranceDB,onpu,sub_far,obj933,Substage far side: onpu,-50.000,-50.000,1100.000,0;1;2;3;4;5;6;7;8;9;10;11,Connected from CityWorldHomeStage. StageData anchor UnitConfigName=ChangeStageArea.,
Note2D3DRoomExStage::entrance::onpu::sub_near,Metro Kingdom,Note2D3DRoomExStage,Rainbow Notes,subarea,substage_entrance,EntranceDB,onpu,sub_near,obj933,Substage near side: onpu,-50.000,-50.000,1100.000,0;1;2;3;4;5;6;7;8;9;10;11,Connected from CityWorldHomeStage. StageData anchor UnitConfigName=ChangeStageArea.,
PoleGrabCeilExStage::stage_change::tenjo::raw,Metro Kingdom,PoleGrabCeilExStage,Swinging Along the High-Rises,subarea,stage_change,StageData,tenjo,raw,obj846,Stage Change tenjo,-4100.000,772.000,3277.594,0;1;2;3;4;5;6;7;8;9;10;11;12;13;14,Raw UnitConfigName=BazookaElectric.,
PoleGrabCeilExStage::start,Metro Kingdom,PoleGrabCeilExStage,Swinging Along the High-Rises,subarea,stage_start,generated,,,,Default start,,,,,Rename or split if this stage has multiple meaningful starts.,
PoleGrabCeilExStage::entrance::tenjo::sub_far,Metro Kingdom,PoleGrabCeilExStage,Swinging Along the High-Rises,subarea,substage_entrance,EntranceDB,tenjo,sub_far,obj846;obj847,Substage far side: tenjo,,,,0;1;2;3;4;5;6;7;8;9;10;11;12;13;14,Connected from CityWorldHomeStage. StageData anchor UnitConfigName=BazookaElectric.,
PoleGrabCeilExStage::entrance::tenjo::sub_near,Metro Kingdom,PoleGrabCeilExStage,Swinging Along the High-Rises,subarea,substage_entrance,EntranceDB,tenjo,sub_near,obj846;obj847,Substage near side: tenjo,,,,0;1;2;3;4;5;6;7;8;9;10;11;12;13;14,Connected from CityWorldHomeStage. StageData anchor UnitConfigName=BazookaElectric.,
PoleKillerExStage::stage_change::bou::raw,Metro Kingdom,PoleKillerExStage,Bullet Billding,subarea,stage_change,StageData,bou,raw,obj1657,Stage Change bou,-2400.903,2650.000,950.000,0;1;2;3;4;5;6;7;8;9;10;11;12;13;14,Raw UnitConfigName=ChangeStageArea.,
PoleKillerExStage::stage_change::boureturn::raw,Metro Kingdom,PoleKillerExStage,Bullet Billding,subarea,stage_change,StageData,boureturn,raw,obj1767,Stage Change boureturn,8200.000,6203.630,-2075.000,0;1;2;3;4;5;6;7;8;9;10;11;12;13;14,Raw UnitConfigName=DokanStageChange.,
PoleKillerExStage::start,Metro Kingdom,PoleKillerExStage,Bullet Billding,subarea,stage_start,generated,,,,Default start,,,,,Rename or split if this stage has multiple meaningful starts.,
PoleKillerExStage::entrance::bou::sub_near,Metro Kingdom,PoleKillerExStage,Bullet Billding,subarea,substage_entrance,EntranceDB,bou,sub_near,obj1657,Substage near side: bou,-2400.903,2650.000,950.000,0;1;2;3;4;5;6;7;8;9;10;11;12;13;14,Connected from CityWorldHomeStage. StageData anchor UnitConfigName=ChangeStageArea.,
PoleKillerExStage::entrance::boureturn::sub_far,Metro Kingdom,PoleKillerExStage,Bullet Billding,subarea,substage_entrance,EntranceDB,boureturn,sub_far,obj1767,Substage far side: boureturn,8200.000,6203.630,-2075.000,0;1;2;3;4;5;6;7;8;9;10;11;12;13;14,Connected from CityWorldHomeStage. StageData anchor UnitConfigName=DokanStageChange.,
RadioControlExStage::stage_change::car::raw,Metro Kingdom,RadioControlExStage,RC Race,subarea,stage_change,StageData,car,raw,obj45,Stage Change car,0.000,-300.000,-300.000,0;1;2;3;4;5;6;7;8;9;10;11;12;13;14,Raw UnitConfigName=ChangeStageArea.,
RadioControlExStage::start,Metro Kingdom,RadioControlExStage,RC Race,subarea,stage_start,generated,,,,Default start,,,,,Rename or split if this stage has multiple meaningful starts.,
RadioControlExStage::entrance::car::sub_far,Metro Kingdom,RadioControlExStage,RC Race,subarea,substage_entrance,EntranceDB,car,sub_far,obj45,Substage far side: car,0.000,-300.000,-300.000,0;1;2;3;4;5;6;7;8;9;10;11;12;13;14,Connected from CityWorldHomeStage. StageData anchor UnitConfigName=ChangeStageArea.,
RadioControlExStage::entrance::car::sub_near,Metro Kingdom,RadioControlExStage,RC Race,subarea,substage_entrance,EntranceDB,car,sub_near,obj45,Substage near side: car,0.000,-300.000,-300.000,0;1;2;3;4;5;6;7;8;9;10;11;12;13;14,Connected from CityWorldHomeStage. StageData anchor UnitConfigName=ChangeStageArea.,
ShootingCityExStage::stage_change::taxi::raw,Metro Kingdom,ShootingCityExStage,Shards Under Siege,subarea,stage_change,StageData,taxi,raw,obj412,Stage Change taxi,-2500.000,-200.000,6250.000,0;1;2;3;4;5;6;7;8;9;10;11;12;13;14,Raw UnitConfigName=ChangeStageArea.,
ShootingCityExStage::stage_change::taxireturn::raw,Metro Kingdom,ShootingCityExStage,Shards Under Siege,subarea,stage_change,StageData,taxireturn,raw,obj344,Stage Change taxireturn,3141.508,-50.000,-15850.000,0;1;2;3;4;5;6;7;8;9;10;11;12;13;14,Raw UnitConfigName=ChangeStageArea.,
ShootingCityExStage::start,Metro Kingdom,ShootingCityExStage,Shards Under Siege,subarea,stage_start,generated,,,,Default start,,,,,Rename or split if this stage has multiple meaningful starts.,
SwingSteelExStage::stage_change::gragra::raw,Metro Kingdom,SwingSteelExStage,Swinging Scaffolding,subarea,stage_change,StageData,gragra,raw,obj360,Stage Change gragra,-1950.000,800.000,-200.000,0;1;2;3;4;5;6;7;8;9;10;11;12;13;14,Raw UnitConfigName=DokanStageChange.,
SwingSteelExStage::stage_change::gragrareturn::raw,Metro Kingdom,SwingSteelExStage,Swinging Scaffolding,subarea,stage_change,StageData,gragrareturn,raw,obj361,Stage Change gragrareturn,-150.000,1800.000,-22950.000,0;1;2;3;4;5;6;7;8;9;10;11;12;13;14,Raw UnitConfigName=DokanStageChange.,
SwingSteelExStage::start,Metro Kingdom,SwingSteelExStage,Swinging Scaffolding,subarea,stage_start,generated,,,,Default start,,,,,Rename or split if this stage has multiple meaningful starts.,
SwingSteelExStage::entrance::gragra::sub_near,Metro Kingdom,SwingSteelExStage,Swinging Scaffolding,subarea,substage_entrance,EntranceDB,gragra,sub_near,obj360,Substage near side: gragra,-1950.000,800.000,-200.000,0;1;2;3;4;5;6;7;8;9;10;11;12;13;14,Connected from CityWorldHomeStage. StageData anchor UnitConfigName=DokanStageChange.,
SwingSteelExStage::entrance::gragrareturn::sub_far,Metro Kingdom,SwingSteelExStage,Swinging Scaffolding,subarea,substage_entrance,EntranceDB,gragrareturn,sub_far,obj361,Substage far side: gragrareturn,-150.000,1800.000,-22950.000,0;1;2;3;4;5;6;7;8;9;10;11;12;13;14,Connected from CityWorldHomeStage. StageData anchor UnitConfigName=DokanStageChange.,
Theater2DExStage::stage_change::theater::raw,Metro Kingdom,Theater2DExStage,On the Big Screen,subarea,stage_change,StageData,theater,raw,obj91,Stage Change theater,9300.000,-150.000,-33450.000,0;1;2;3;4;5;6;7;8;9;10;11;12;13;14,Raw UnitConfigName=ChangeStageArea.,
Theater2DExStage::start,Metro Kingdom,Theater2DExStage,On the Big Screen,subarea,stage_start,generated,,,,Default start,,,,,Rename or split if this stage has multiple meaningful starts.,
Theater2DExStage::entrance::theater::sub_far,Metro Kingdom,Theater2DExStage,On the Big Screen,subarea,substage_entrance,EntranceDB,theater,sub_far,obj91,Substage far side: theater,9300.000,-150.000,-33450.000,0;1;2;3;4;5;6;7;8;9;10;11;12;13;14,Connected from CityWorldHomeStage. StageData anchor UnitConfigName=ChangeStageArea.,
Theater2DExStage::entrance::theater::sub_near,Metro Kingdom,Theater2DExStage,On the Big Screen,subarea,substage_entrance,EntranceDB,theater,sub_near,obj91,Substage near side: theater,9300.000,-150.000,-33450.000,0;1;2;3;4;5;6;7;8;9;10;11;12;13;14,Connected from CityWorldHomeStage. StageData anchor UnitConfigName=ChangeStageArea.,
TrexBikeExStage::stage_change::bike02::raw,Metro Kingdom,TrexBikeExStage,Scooter Escape!,subarea,stage_change,StageData,bike02,raw,obj5111,Stage Change bike02,-6875.000,2850.000,600.000,0;1;2;3;4;5;6;7;8;9;10;11;12;13;14,Raw UnitConfigName=ChangeStageArea.,
TrexBikeExStage::stage_change::bike02return::raw,Metro Kingdom,TrexBikeExStage,Scooter Escape!,subarea,stage_change,StageData,bike02return,raw,obj3655,Stage Change bike02return,62299.996,-2000.000,1630.002,0;1;2;3;4;5;6;7;8;9;10;11;12;13;14,Raw UnitConfigName=DokanStageChange.,
TrexBikeExStage::start,Metro Kingdom,TrexBikeExStage,Scooter Escape!,subarea,stage_start,generated,,,,Default start,,,,,Rename or split if this stage has multiple meaningful starts.,
TrexBikeExStage::entrance::bike02::sub_near,Metro Kingdom,TrexBikeExStage,Scooter Escape!,subarea,substage_entrance,EntranceDB,bike02,sub_near,obj5111,Substage near side: bike02,-6875.000,2850.000,600.000,0;1;2;3;4;5;6;7;8;9;10;11;12;13;14,Connected from CityWorldHomeStage. StageData anchor UnitConfigName=ChangeStageArea.,
TrexBikeExStage::entrance::bike02return::sub_far,Metro Kingdom,TrexBikeExStage,Scooter Escape!,subarea,substage_entrance,EntranceDB,bike02return,sub_far,obj3655,Substage far side: bike02return,62299.996,-2000.000,1630.002,0;1;2;3;4;5;6;7;8;9;10;11;12;13;14,Connected from CityWorldHomeStage. StageData anchor UnitConfigName=DokanStageChange.,
CityWorldTimerAthletic002Zone::start,Metro Kingdom,CityWorldHomeStage,Metro Kingdom,overworld,custom_place,embedded_zone,,,,CityWorldTimerAthletic002Zone,0.000,14800.000,-11700.000,3;4;7,Embedded map landmark from CityWorldTimerAthletic002Zone.,
CityWorldHomeStage::entrance::taxireturn::home_out,Metro Kingdom,CityWorldHomeStage,Metro Kingdom,overworld,home_entrance,EntranceDB,taxireturn,home_out,obj344,Home return: taxireturn,3141.508,-50.000,-15850.000,0;1;2;3;4;5;6;7;8;9;10;11;12;13;14,Links to ShootingCityExStage. EXIT_ONLY spawn in home after using taxireturn ChangeStageArea.,
ShootingCityExStage::entrance::taxi::sub_near,Metro Kingdom,ShootingCityExStage,Shards Under Siege,subarea,substage_entrance,EntranceDB,taxi,sub_near,obj412,Substage near side: taxi,-2500.000,-200.000,6250.000,0;1;2;3;4;5;6;7;8;9;10;11;12;13;14,Connected from CityWorldHomeStage.,
ShootingCityExStage::entrance::taxireturn::sub_far,Metro Kingdom,ShootingCityExStage,Shards Under Siege,subarea,substage_entrance,EntranceDB,taxireturn,sub_far,obj344,Substage far side: taxireturn,3141.508,-50.000,-15850.000,0;1;2;3;4;5;6;7;8;9;10;11;12;13;14,Connected from CityWorldHomeStage. EXIT_ONLY in sub-stage.,
CityWorldHomeStage::place::new_place,Metro Kingdom,CityWorldHomeStage,Metro Kingdom,overworld,custom_place,editor,,,,Trumpeter Free,,,,,Human-authored logic place.,
CityWorldHomeStage::place::new_place_2,Metro Kingdom,CityWorldHomeStage,Metro Kingdom,overworld,custom_place,editor,,,,Girder Sandwich Free,,,,,Human-authored logic place.,
CityWorldHomeStage::place::new_place_3,Metro Kingdom,CityWorldHomeStage,Metro Kingdom,overworld,custom_place,editor,,,,Glittering Above the Pool Free,,,,,Human-authored logic place.,
CityWorldHomeStage::place::new_place_4,Metro Kingdom,CityWorldHomeStage,Metro Kingdom,overworld,custom_place,editor,,,,Left at the Cafe Free,,,,,Human-authored logic place.,
CityWorldHomeStage::place::new_place_5,Metro Kingdom,CityWorldHomeStage,Metro Kingdom,overworld,custom_place,editor,,,,Hint Art Free,,,,,Human-authored logic place.,
CityWorldHomeStage::place::new_place_6,Metro Kingdom,CityWorldHomeStage,Metro Kingdom,overworld,custom_place,editor,,,,Hanging Between Buildings Free,,,,,Human-authored logic place.,
CityWorldHomeStage::place::new_place_7,Metro Kingdom,CityWorldHomeStage,Metro Kingdom,overworld,custom_place,editor,,,,Crossing Lines Free,,,,,Human-authored logic place.,
CityWorldHomeStage::place::new_place_8,Metro Kingdom,CityWorldHomeStage,Metro Kingdom,overworld,custom_place,editor,,,,Metro KFR,,,,,Human-authored logic place.,
ShootingCityExStage::place::new_place,Metro Kingdom,ShootingCityExStage,Shards Under Siege,subarea,custom_place,editor,,,,Moon Free Space,,,,,Human-authored logic place.,
CityWorld2DSign000Zone::start,Metro Kingdom,CityWorldHomeStage,Metro Kingdom,overworld,custom_place,embedded_zone,,,,CityWorld2DSign000Zone,-4900.000,1600.000,8950.000,2;6;10;13,Embedded map landmark from CityWorld2DSign000Zone.,
CityWorld2DSign001Zone::start,Metro Kingdom,CityWorldHomeStage,Metro Kingdom,overworld,custom_place,embedded_zone,,,,CityWorld2DSign001Zone,-2200.000,3250.000,4400.000,2;6;10;13,Embedded map landmark from CityWorld2DSign001Zone.,
CityWorld2DSign002Zone::start,Metro Kingdom,CityWorldHomeStage,Metro Kingdom,overworld,custom_place,embedded_zone,,,,CityWorld2DSign002Zone,-1000.000,2050.000,1750.000,2;6;10;13,Embedded map landmark from CityWorld2DSign002Zone.,
CityWorld2DSign003Zone::start,Metro Kingdom,CityWorldHomeStage,Metro Kingdom,overworld,custom_place,embedded_zone,,,,CityWorld2DSign003Zone,-4450.000,3250.000,-2800.000,2;6;10;13,Embedded map landmark from CityWorld2DSign003Zone.,
CityWorld2DSign005Zone::start,Metro Kingdom,CityWorldHomeStage,Metro Kingdom,overworld,custom_place,embedded_zone,,,,CityWorld2DSign005Zone,-6100.000,4150.000,-13000.000,2;6;10,Embedded map landmark from CityWorld2DSign005Zone.,
CityWorld2DSign006Zone::start,Metro Kingdom,CityWorldHomeStage,Metro Kingdom,overworld,custom_place,embedded_zone,,,,CityWorld2DSign006Zone,0.000,9800.000,-6900.000,2;6;10,Embedded map landmark from CityWorld2DSign006Zone.,
CityWorldTimerAthletic000Zone::start,Metro Kingdom,CityWorldHomeStage,Metro Kingdom,overworld,custom_place,embedded_zone,,,,CityWorldTimerAthletic000Zone,0.000,50.000,-4500.000,1;3;4;5;7;8;9;11;12,Embedded map landmark from CityWorldTimerAthletic000Zone.,
CityWorldHomeStage::entrance::under001enter::home_in,Metro Kingdom,CityWorldHomeStage,Metro Kingdom,overworld,home_entrance,EntranceDB,under001enter,home_in,obj13901;obj2;obj5842,Home entrance: under001enter,-5500.000,-200.000,8450.000,0;1;2;3;4;5;6;7;8;9;10;11;12;13;14,Vanilla door CityWorldHomeStage<->CityWorldFactoryStage (fixed).,
CityWorldHomeStage::entrance::under001enter::home_out,Metro Kingdom,CityWorldHomeStage,Metro Kingdom,overworld,home_entrance,EntranceDB,under001enter,home_out,obj13901;obj2;obj5842,Home return: under001enter,-5500.000,-200.000,8450.000,0;1;2;3;4;5;6;7;8;9;10;11;12;13;14,Vanilla door CityWorldHomeStage<->CityWorldFactoryStage (fixed).,
CityWorldFactoryStage::entrance::under001enter::sub_near,Metro Kingdom,CityWorldFactoryStage,Sewers,subarea,substage_entrance,EntranceDB,under001enter,sub_near,obj221,Substage near side: under001enter,-6900.000,1000.000,-2650.000,0;1;2;3;4;5;6;7;8;9;10;11;12;13;14,Vanilla door CityWorldHomeStage<->CityWorldFactoryStage (fixed).,
CityWorldFactoryStage::entrance::under001enter::sub_far,Metro Kingdom,CityWorldFactoryStage,Sewers,subarea,substage_entrance,EntranceDB,under001enter,sub_far,obj221,Substage far side: under001enter,-6900.000,1000.000,-2650.000,0;1;2;3;4;5;6;7;8;9;10;11;12;13;14,Vanilla door CityWorldHomeStage<->CityWorldFactoryStage (fixed).,
CityWorldHomeStage::place::new_place_9,Metro Kingdom,CityWorldHomeStage,Metro Kingdom,overworld,custom_place,editor,,,,Night Metro Multi Free,,,,,Human-authored logic place.,
Galaxy2DExStage::stage_change::dot00::raw,Moon Kingdom,Galaxy2DExStage,8-Bit Galaxy,subarea,stage_change,StageData,dot00,raw,obj1444,Stage Change dot00,7250.000,1250.000,4650.000,0;1;2;3;4;5;6;7;8;9;10;11;12;13;14,Raw UnitConfigName=DokanStageChange.,
Galaxy2DExStage::stage_change::dot01::raw,Moon Kingdom,Galaxy2DExStage,8-Bit Galaxy,subarea,stage_change,StageData,dot01,raw,obj1443,Stage Change dot01,16200.000,10450.000,4650.000,0;1;2;3;4;5;6;7;8;9;10;11;12;13;14,Raw UnitConfigName=DokanStageChange.,
Galaxy2DExStage::start,Moon Kingdom,Galaxy2DExStage,8-Bit Galaxy,subarea,stage_start,generated,,,,Default start,,,,,Rename or split if this stage has multiple meaningful starts.,
Galaxy2DExStage::entrance::dot00::sub_near,Moon Kingdom,Galaxy2DExStage,8-Bit Galaxy,subarea,substage_entrance,EntranceDB,dot00,sub_near,obj1444,Substage near side: dot00,7250.000,1250.000,4650.000,0;1;2;3;4;5;6;7;8;9;10;11;12;13;14,Connected from MoonWorldHomeStage. StageData anchor UnitConfigName=DokanStageChange.,
Galaxy2DExStage::entrance::dot01::sub_far,Moon Kingdom,Galaxy2DExStage,8-Bit Galaxy,subarea,substage_entrance,EntranceDB,dot01,sub_far,obj1443,Substage far side: dot01,16200.000,10450.000,4650.000,0;1;2;3;4;5;6;7;8;9;10;11;12;13;14,Connected from MoonWorldHomeStage. StageData anchor UnitConfigName=DokanStageChange.,
MoonAthleticExStage::stage_change::moon::raw,Moon Kingdom,MoonAthleticExStage,Giant Swings,subarea,stage_change,StageData,moon,raw,obj66,Stage Change moon,-7800.000,-900.000,-5950.000,0;1;2;3;4;5;6;7;8;9;10;11;12;13;14,Raw UnitConfigName=DokanStageChange.,
MoonAthleticExStage::stage_change::moon_exit::raw,Moon Kingdom,MoonAthleticExStage,Giant Swings,subarea,stage_change,StageData,moon_exit,raw,obj67,Stage Change moon_exit,-6900.000,800.000,-39850.000,0;1;2;3;4;5;6;7;8;9;10;11;12;13;14,Raw UnitConfigName=DokanStageChange.,
MoonAthleticExStage::start,Moon Kingdom,MoonAthleticExStage,Giant Swings,subarea,stage_start,generated,,,,Default start,,,,,Rename or split if this stage has multiple meaningful starts.,
MoonAthleticExStage::entrance::moon::sub_near,Moon Kingdom,MoonAthleticExStage,Giant Swings,subarea,substage_entrance,EntranceDB,moon,sub_near,obj66,Substage near side: moon,-7800.000,-900.000,-5950.000,0;1;2;3;4;5;6;7;8;9;10;11;12;13;14,Connected from MoonWorldHomeStage. StageData anchor UnitConfigName=DokanStageChange.,
MoonAthleticExStage::entrance::moon_exit::sub_far,Moon Kingdom,MoonAthleticExStage,Giant Swings,subarea,substage_entrance,EntranceDB,moon_exit,sub_far,obj67,Substage far side: moon_exit,-6900.000,800.000,-39850.000,0;1;2;3;4;5;6;7;8;9;10;11;12;13;14,Connected from MoonWorldHomeStage. StageData anchor UnitConfigName=DokanStageChange.,
MoonWorldBasementStage::stage_change::ClashStart1::raw,Moon Kingdom,MoonWorldBasementStage,Moon Cave Escape,subarea,stage_change,StageData,ClashStart1,raw,obj256,Stage Change ClashStart1,-800.000,450.000,108500.000,0;1;2;3;4;5;6;7;8;9;10;11;12;13;14,Raw UnitConfigName=PlayerActorHakoniwa.,
MoonWorldBasementStage::start,Moon Kingdom,MoonWorldBasementStage,Moon Cave Escape,subarea,stage_start,generated,,,,Default start,,,,,Rename or split if this stage has multiple meaningful starts.,
MoonWorldCaptureParadeKillerZone::start,Moon Kingdom,MoonWorldCaptureParadeStage,Underground Caverns,subarea,custom_place,embedded_zone,,,,MoonWorldCaptureParadeKillerZone,16940.000,9700.000,-29710.000,0;1;2;3;4;5;6;7;8;9;10;11;12;13;14,Embedded map landmark from MoonWorldCaptureParadeKillerZone.,
MoonWorldCaptureParadeLavaPillarZone::start,Moon Kingdom,MoonWorldCaptureParadeStage,Underground Caverns,subarea,custom_place,embedded_zone,,,,MoonWorldCaptureParadeLavaPillarZone,5350.000,-550.000,-3550.000,0;1;2;3;4;5;6;7;8;9;10;11;12;13;14,Embedded map landmark from MoonWorldCaptureParadeLavaPillarZone.,
MoonWorldCaptureParadeStage::stage_change::bbb::raw,Moon Kingdom,MoonWorldCaptureParadeStage,Underground Caverns,subarea,stage_change,StageData,bbb,raw,obj5,Stage Change bbb,64450.000,30650.000,-50000.000,0;1;2;3;4;5;6;7;8;9;10;11;12;13;14,Raw UnitConfigName=ChangeStageArea.,
MoonWorldCaptureParadeStage::stage_change::ccc::raw,Moon Kingdom,MoonWorldCaptureParadeStage,Underground Caverns,subarea,stage_change,StageData,ccc,raw,obj9,Stage Change ccc,-5323.242,11961.930,4323.242,0;1;2;3;4;5;6;7;8;9;10;11;12;13;14,Raw UnitConfigName=PlayerStartObjNoLink.,
MoonWorldCaptureParadeStage::stage_change::vvv::raw,Moon Kingdom,MoonWorldCaptureParadeStage,Underground Caverns,subarea,stage_change,StageData,vvv,raw,obj324,Stage Change vvv,-7039.435,2650.000,6042.041,0;1;2;3;4;5;6;7;8;9;10;11;12;13;14,Raw UnitConfigName=DokanStageChange.,
MoonWorldCaptureParadeStage::start,Moon Kingdom,MoonWorldCaptureParadeStage,Underground Caverns,subarea,stage_start,generated,,,,Default start,,,,,Rename or split if this stage has multiple meaningful starts.,
MoonWorldHome2DZone::start,Moon Kingdom,MoonWorldHomeStage,Moon Kingdom,overworld,custom_place,embedded_zone,,,,MoonWorldHome2DZone,5950.000,700.000,35900.000,0;1;2;3;4;5;6;7;8;9;10;11;12;13;14,Embedded map landmark from MoonWorldHome2DZone.,
MoonWorldHomeStage::checkpoint::obj1006,Moon Kingdom,MoonWorldHomeStage,Moon Kingdom,overworld,checkpoint,StageData,,,obj1006,Quiet Wall Checkpoint (obj1006),-5090.000,-1627.226,-7140.000,0;1;2,Raw UnitConfigName=CheckpointFlag.,
MoonWorldHomeStage::checkpoint::obj127,Moon Kingdom,MoonWorldHomeStage,Moon Kingdom,overworld,checkpoint,StageData,,,obj127,Ever-After Hill Checkpoint (obj127),-3450.000,3167.934,-12350.000,0;1;2,Raw UnitConfigName=CheckpointFlag.,
MoonWorldHomeStage::checkpoint::obj1348,Moon Kingdom,MoonWorldHomeStage,Moon Kingdom,overworld,checkpoint,StageData,,,obj1348,Wedding Hall Checkpoint (obj1348),-10600.000,4700.556,-26050.000,1;2,Raw UnitConfigName=CheckpointFlag.,
MoonWorldHomeStage::checkpoint::obj345,Moon Kingdom,MoonWorldHomeStage,Moon Kingdom,overworld,checkpoint,StageData,,,obj345,Ringing-Bells Plateau Checkpoint (obj345),-4200.000,39.463,7450.000,0;1;2,Raw UnitConfigName=CheckpointFlag.,
MoonWorldHomeStage::entrance::ddd::home_in,Moon Kingdom,MoonWorldHomeStage,Moon Kingdom,overworld,home_entrance,EntranceDB,ddd,home_in,obj889,Home entrance: ddd,7382.650,3150.000,29952.707,1;2,Links to MoonWorldShopRoom. StageData anchor UnitConfigName=ChangeStageArea.,
MoonWorldHomeStage::entrance::ddd::home_out,Moon Kingdom,MoonWorldHomeStage,Moon Kingdom,overworld,home_entrance,EntranceDB,ddd,home_out,obj889,Home return: ddd,7382.650,3150.000,29952.707,1;2,Links to MoonWorldShopRoom. StageData anchor UnitConfigName=ChangeStageArea.,
MoonWorldHomeStage::entrance::dot00::home_in,Moon Kingdom,MoonWorldHomeStage,Moon Kingdom,overworld,home_entrance,EntranceDB,dot00,home_in,obj920,Home entrance: dot00,17850.000,6226.104,34000.000,2,Links to Galaxy2DExStage. StageData anchor UnitConfigName=DokanStageChange.,
MoonWorldHomeStage::entrance::dot01::home_out,Moon Kingdom,MoonWorldHomeStage,Moon Kingdom,overworld,home_entrance,EntranceDB,dot01,home_out,obj922,Home return: dot01,19000.000,6244.794,34250.000,2,Links to Galaxy2DExStage. StageData anchor UnitConfigName=DokanStageChange.,
MoonWorldHomeStage::entrance::ggg::home_in,Moon Kingdom,MoonWorldHomeStage,Moon Kingdom,overworld,home_entrance,EntranceDB,ggg,home_in,obj882,Home entrance: ggg,-6570.727,-2050.000,-15400.000,1;2,Links to MoonWorldSphinxRoom. StageData anchor UnitConfigName=ChangeStageArea.,
MoonWorldHomeStage::entrance::ggg::home_out,Moon Kingdom,MoonWorldHomeStage,Moon Kingdom,overworld,home_entrance,EntranceDB,ggg,home_out,obj882,Home return: ggg,-6570.727,-2050.000,-15400.000,1;2,Links to MoonWorldSphinxRoom. StageData anchor UnitConfigName=ChangeStageArea.,
MoonWorldHomeStage::entrance::moon::home_in,Moon Kingdom,MoonWorldHomeStage,Moon Kingdom,overworld,home_entrance,EntranceDB,moon,home_in,obj917,Home entrance: moon,-250.000,4393.905,33600.000,2,Links to MoonAthleticExStage. StageData anchor UnitConfigName=DokanStageChange.,
MoonWorldHomeStage::entrance::moon_exit::home_out,Moon Kingdom,MoonWorldHomeStage,Moon Kingdom,overworld,home_entrance,EntranceDB,moon_exit,home_out,obj924,Home return: moon_exit,-250.000,4368.079,34000.000,2,Links to MoonAthleticExStage. StageData anchor UnitConfigName=DokanStageChange.,
MoonWorldHomeStage::stage_change::MoonWorldRacemanStart::raw,Moon Kingdom,MoonWorldHomeStage,Moon Kingdom,overworld,stage_change,StageData,MoonWorldRacemanStart,raw,obj1066,Stage Change MoonWorldRacemanStart,-5479.073,4696.479,-28200.729,1;2,Raw UnitConfigName=PlayerStartObjNoLink.,
MoonWorldHomeStage::stage_change::aaa::raw,Moon Kingdom,MoonWorldHomeStage,Moon Kingdom,overworld,stage_change,StageData,aaa,raw,obj56,Stage Change aaa,-9568.715,5200.000,-31443.609,0;1;2;3;4;5;6;7;8;9;10;11;12;13;14,Raw UnitConfigName=ChangeStageArea.,
MoonWorldHomeStage::stage_change::bbb::raw,Moon Kingdom,MoonWorldHomeStage,Moon Kingdom,overworld,stage_change,StageData,bbb,raw,obj207,Stage Change bbb,-6936.063,2123.930,-14074.742,0;1;2;3;4;5;6;7;8;9;10;11;12;13;14,Raw UnitConfigName=ChangeStageArea.,
MoonWorldHomeStage::stage_change::ccc::raw,Moon Kingdom,MoonWorldHomeStage,Moon Kingdom,overworld,stage_change,StageData,ccc,raw,obj208,Stage Change ccc,-5350.000,-7650.000,-12200.000,0;1;2;3;4;5;6;7;8;9;10;11;12;13;14,Raw UnitConfigName=ChangeStageArea.,
MoonWorldHomeStage::stage_change::ddd::raw,Moon Kingdom,MoonWorldHomeStage,Moon Kingdom,overworld,stage_change,StageData,ddd,raw,obj889,Stage Change ddd,7382.650,3150.000,29952.707,1;2,Raw UnitConfigName=ChangeStageArea.,
MoonWorldHomeStage::stage_change::dot00::raw,Moon Kingdom,MoonWorldHomeStage,Moon Kingdom,overworld,stage_change,StageData,dot00,raw,obj920,Stage Change dot00,17850.000,6226.104,34000.000,2,Raw UnitConfigName=DokanStageChange.,
MoonWorldHomeStage::stage_change::dot01::raw,Moon Kingdom,MoonWorldHomeStage,Moon Kingdom,overworld,stage_change,StageData,dot01,raw,obj922,Stage Change dot01,19000.000,6244.794,34250.000,2,Raw UnitConfigName=DokanStageChange.,
MoonWorldHomeStage::stage_change::fff::raw,Moon Kingdom,MoonWorldHomeStage,Moon Kingdom,overworld,stage_change,StageData,fff,raw,obj664,Stage Change fff,-9600.000,10500.000,-31400.000,0;1;2;3;4;5;6;7;8;9;10;11;12;13;14,Raw UnitConfigName=ChangeStageArea.,
MoonWorldHomeStage::stage_change::ggg::raw,Moon Kingdom,MoonWorldHomeStage,Moon Kingdom,overworld,stage_change,StageData,ggg,raw,obj882,Stage Change ggg,-6570.727,-2050.000,-15400.000,1;2,Raw UnitConfigName=ChangeStageArea.,
MoonWorldHomeStage::stage_change::moon::raw,Moon Kingdom,MoonWorldHomeStage,Moon Kingdom,overworld,stage_change,StageData,moon,raw,obj917,Stage Change moon,-250.000,4393.905,33600.000,2,Raw UnitConfigName=DokanStageChange.,
MoonWorldHomeStage::stage_change::moon_exit::raw,Moon Kingdom,MoonWorldHomeStage,Moon Kingdom,overworld,stage_change,StageData,moon_exit,raw,obj924,Stage Change moon_exit,-250.000,4368.079,34000.000,2,Raw UnitConfigName=DokanStageChange.,
MoonWorldHomeStage::stage_change::vvv::raw,Moon Kingdom,MoonWorldHomeStage,Moon Kingdom,overworld,stage_change,StageData,vvv,raw,obj703,Stage Change vvv,-5900.000,-1546.326,-8250.000,0;1;2,Raw UnitConfigName=DokanStageChange.,
MoonWorldHomeStage::start,Moon Kingdom,MoonWorldHomeStage,Moon Kingdom,overworld,stage_start,generated,,,,Default start,,,,,Rename or split if this stage has multiple meaningful starts.,
MoonWorldHomeStage::event::MoonRockActive_Moon,Moon Kingdom,MoonWorldHomeStage,Moon Kingdom,overworld,state_event,StageData:progression_events,,,obj144,Moon Rock,6600.000,1358.887,4350.000,2,Fill the route to the Moon Rock and any prerequisite story/global state. Location imported from StageData obj obj144.,
MoonWorldHomeStage::event::WorldPeace_Moon,Moon Kingdom,MoonWorldHomeStage,Moon Kingdom,overworld,state_event,progression_events,,,,Moon Kingdom World Peace,,,,,Fill the story moons/bosses that must be completed for world peace in this kingdom.,
MoonWorldShopRoom::stage_change::ddd::raw,Moon Kingdom,MoonWorldShopRoom,Crazy Cap Store,subarea,stage_change,StageData,ddd,raw,obj6,Stage Change ddd,0.000,-100.000,50.000,0;1;2;3;4;5;6;7;8;9;10;11;12;13;14,Raw UnitConfigName=ChangeStageArea.,
MoonWorldShopRoom::start,Moon Kingdom,MoonWorldShopRoom,Crazy Cap Store,subarea,stage_start,generated,,,,Default start,,,,,Rename or split if this stage has multiple meaningful starts.,
MoonWorldShopRoom::entrance::ddd::sub_far,Moon Kingdom,MoonWorldShopRoom,Crazy Cap Store,subarea,substage_entrance,EntranceDB,ddd,sub_far,obj6,Substage far side: ddd,0.000,-100.000,50.000,0;1;2;3;4;5;6;7;8;9;10;11;12;13;14,Connected from MoonWorldHomeStage. StageData anchor UnitConfigName=ChangeStageArea.,
MoonWorldShopRoom::entrance::ddd::sub_near,Moon Kingdom,MoonWorldShopRoom,Crazy Cap Store,subarea,substage_entrance,EntranceDB,ddd,sub_near,obj6,Substage near side: ddd,0.000,-100.000,50.000,0;1;2;3;4;5;6;7;8;9;10;11;12;13;14,Connected from MoonWorldHomeStage. StageData anchor UnitConfigName=ChangeStageArea.,
MoonWorldSphinxRoom::stage_change::ggg::raw,Moon Kingdom,MoonWorldSphinxRoom,Moon Kingdom Treasure Vault,subarea,stage_change,StageData,ggg,raw,obj93,Stage Change ggg,0.000,-100.000,700.000,0;1;2;3;4;5;6;7;8;9;10;11;12;13;14,Raw UnitConfigName=ChangeStageArea.,
MoonWorldSphinxRoom::start,Moon Kingdom,MoonWorldSphinxRoom,Moon Kingdom Treasure Vault,subarea,stage_start,generated,,,,Default start,,,,,Rename or split if this stage has multiple meaningful starts.,
MoonWorldSphinxRoom::entrance::ggg::sub_far,Moon Kingdom,MoonWorldSphinxRoom,Moon Kingdom Treasure Vault,subarea,substage_entrance,EntranceDB,ggg,sub_far,obj93,Substage far side: ggg,0.000,-100.000,700.000,0;1;2;3;4;5;6;7;8;9;10;11;12;13;14,Connected from MoonWorldHomeStage. StageData anchor UnitConfigName=ChangeStageArea.,
MoonWorldSphinxRoom::entrance::ggg::sub_near,Moon Kingdom,MoonWorldSphinxRoom,Moon Kingdom Treasure Vault,subarea,substage_entrance,EntranceDB,ggg,sub_near,obj93,Substage near side: ggg,0.000,-100.000,700.000,0;1;2;3;4;5;6;7;8;9;10;11;12;13;14,Connected from MoonWorldHomeStage. StageData anchor UnitConfigName=ChangeStageArea.,
MoonWorldWeddingRoomStage::stage_change::aaa::raw,Moon Kingdom,MoonWorldWeddingRoomStage,Wedding Room,subarea,stage_change,StageData,aaa,raw,obj121,Stage Change aaa,100.000,-100.000,4050.000,0;1;2;3;4;5;6;7;8;9;10;11;12;13;14,Raw UnitConfigName=ChangeStageArea.,
MoonWorldWeddingRoomStage::stage_change::fff::raw,Moon Kingdom,MoonWorldWeddingRoomStage,Wedding Room,subarea,stage_change,StageData,fff,raw,obj251,Stage Change fff,100.000,3250.000,950.000,0;1;2;3;4;5;6;7;8;9;10;11;12;13;14,Raw UnitConfigName=PlayerStartObjNoLink.,
MoonWorldWeddingRoomStage::start,Moon Kingdom,MoonWorldWeddingRoomStage,Wedding Room,subarea,stage_start,generated,,,,Default start,,,,,Rename or split if this stage has multiple meaningful starts.,
MoonWorldWeddingRoomZone::stage_change::fff::raw,Moon Kingdom,MoonWorldWeddingRoomStage,Wedding Room,subarea,stage_change,StageData,fff,raw,obj251,Stage Change fff,100.000,3250.000,950.000,0;1;2;3;4;5;6;7;8;9;10;11;12;13;14,Raw UnitConfigName=PlayerStartObjNoLink.,
MoonWorldWeddingRoomZone::stage_change::kkk::raw,Moon Kingdom,MoonWorldWeddingRoomStage,Wedding Room,subarea,stage_change,StageData,kkk,raw,obj347,Stage Change kkk,-1300.000,550.000,-1150.000,1;2,Raw UnitConfigName=PictureStageChange.,
MoonWorldWeddingRoomZone::stage_change::ppp::raw,Moon Kingdom,MoonWorldWeddingRoomStage,Wedding Room,subarea,stage_change,StageData,ppp,raw,obj353,Stage Change ppp,1500.000,550.000,-1150.000,1;2,Raw UnitConfigName=PictureStageChange.,
MoonWorldWeddingRoomZone::start,Moon Kingdom,MoonWorldWeddingRoomStage,Wedding Room,subarea,custom_place,embedded_zone,,,,MoonWorldWeddingRoomZone,0.000,0.000,0.000,,Embedded map landmark from MoonWorldWeddingRoomZone.,
MoonWorldBasement000Zone::start,Moon Kingdom,MoonWorldBasementStage,Moon Cave Escape,subarea,custom_place,embedded_zone,,,,MoonWorldBasement000Zone,500.000,1600.000,8400.000,0;1;2;3;4;5;6;7;8;9;10;11;12;13;14,Embedded map landmark from MoonWorldBasement000Zone.,
MoonWorldBasement001Zone::start,Moon Kingdom,MoonWorldBasementStage,Moon Cave Escape,subarea,custom_place,embedded_zone,,,,MoonWorldBasement001Zone,-3200.000,-2200.000,95450.000,0;1;2;3;4;5;6;7;8;9;10;11;12;13;14,Embedded map landmark from MoonWorldBasement001Zone.,
MoonWorldBasement002Zone::start,Moon Kingdom,MoonWorldBasementStage,Moon Cave Escape,subarea,custom_place,embedded_zone,,,,MoonWorldBasement002Zone,100.000,5700.000,58950.000,0;1;2;3;4;5;6;7;8;9;10;11;12;13;14,Embedded map landmark from MoonWorldBasement002Zone.,
MoonWorldBasement003Zone::start,Moon Kingdom,MoonWorldBasementStage,Moon Cave Escape,subarea,custom_place,embedded_zone,,,,MoonWorldBasement003Zone,-10095.000,6250.000,61150.000,0;1;2;3;4;5;6;7;8;9;10;11;12;13;14,Embedded map landmark from MoonWorldBasement003Zone.,
MoonWorldBasement004Zone::start,Moon Kingdom,MoonWorldBasementStage,Moon Cave Escape,subarea,custom_place,embedded_zone,,,,MoonWorldBasement004Zone,-40150.000,7550.000,69800.000,0;1;2;3;4;5;6;7;8;9;10;11;12;13;14,Embedded map landmark from MoonWorldBasement004Zone.,
MoonWorldCaptureParadeBullZone::start,Moon Kingdom,MoonWorldCaptureParadeStage,Underground Caverns,subarea,custom_place,embedded_zone,,,,MoonWorldCaptureParadeBullZone,55000.000,14400.000,-32600.000,0;1;2;3;4;5;6;7;8;9;10;11;12;13;14,Embedded map landmark from MoonWorldCaptureParadeBullZone.,
MoonWorldCaptureParadeLiftZone::start,Moon Kingdom,MoonWorldCaptureParadeStage,Underground Caverns,subarea,custom_place,embedded_zone,,,,MoonWorldCaptureParadeLiftZone,550.000,9150.000,-23150.000,0;1;2;3;4;5;6;7;8;9;10;11;12;13;14,Embedded map landmark from MoonWorldCaptureParadeLiftZone.,
MoonWorldCaptureParadeMeganeZone::start,Moon Kingdom,MoonWorldCaptureParadeStage,Underground Caverns,subarea,custom_place,embedded_zone,,,,MoonWorldCaptureParadeMeganeZone,38550.000,10300.000,-3800.000,0;1;2;3;4;5;6;7;8;9;10;11;12;13;14,Embedded map landmark from MoonWorldCaptureParadeMeganeZone.,
MoonWorldHomeStage::entrance::bbb::home_in,Moon Kingdom,MoonWorldHomeStage,Moon Kingdom,overworld,home_entrance,EntranceDB,bbb,home_in,obj207,Home entrance: bbb,-6936.063,2123.930,-14074.742,0;1;2;3;4;5;6;7;8;9;10;11;12;13;14,Vanilla door MoonWorldHomeStage<->MoonWorldCaptureParadeStage (fixed).,
MoonWorldHomeStage::entrance::bbb::home_out,Moon Kingdom,MoonWorldHomeStage,Moon Kingdom,overworld,home_entrance,EntranceDB,bbb,home_out,obj207,Home return: bbb,-6936.063,2123.930,-14074.742,0;1;2;3;4;5;6;7;8;9;10;11;12;13;14,Vanilla door MoonWorldHomeStage<->MoonWorldCaptureParadeStage (fixed).,
MoonWorldCaptureParadeStage::entrance::bbb::sub_near,Moon Kingdom,MoonWorldCaptureParadeStage,Underground Caverns,subarea,substage_entrance,EntranceDB,bbb,sub_near,obj5,Substage near side: bbb,64450.000,30650.000,-50000.000,0;1;2;3;4;5;6;7;8;9;10;11;12;13;14,Vanilla door MoonWorldHomeStage<->MoonWorldCaptureParadeStage (fixed).,
MoonWorldCaptureParadeStage::entrance::bbb::sub_far,Moon Kingdom,MoonWorldCaptureParadeStage,Underground Caverns,subarea,substage_entrance,EntranceDB,bbb,sub_far,obj5,Substage far side: bbb,64450.000,30650.000,-50000.000,0;1;2;3;4;5;6;7;8;9;10;11;12;13;14,Vanilla door MoonWorldHomeStage<->MoonWorldCaptureParadeStage (fixed).,
MoonWorldHomeStage::entrance::aaa::home_in,Moon Kingdom,MoonWorldHomeStage,Moon Kingdom,overworld,home_entrance,EntranceDB,aaa,home_in,obj56,Home entrance: aaa,-9568.715,5200.000,-31443.609,0;1;2;3;4;5;6;7;8;9;10;11;12;13;14,Vanilla door MoonWorldHomeStage<->MoonWorldWeddingRoomStage (fixed).,
MoonWorldHomeStage::entrance::aaa::home_out,Moon Kingdom,MoonWorldHomeStage,Moon Kingdom,overworld,home_entrance,EntranceDB,aaa,home_out,obj56,Home return: aaa,-9568.715,5200.000,-31443.609,0;1;2;3;4;5;6;7;8;9;10;11;12;13;14,Vanilla door MoonWorldHomeStage<->MoonWorldWeddingRoomStage (fixed).,
MoonWorldWeddingRoomStage::entrance::aaa::sub_near,Moon Kingdom,MoonWorldWeddingRoomStage,Wedding Room,subarea,substage_entrance,EntranceDB,aaa,sub_near,obj121,Substage near side: aaa,100.000,-100.000,4050.000,0;1;2;3;4;5;6;7;8;9;10;11;12;13;14,Vanilla door MoonWorldHomeStage<->MoonWorldWeddingRoomStage (fixed).,
MoonWorldWeddingRoomStage::entrance::aaa::sub_far,Moon Kingdom,MoonWorldWeddingRoomStage,Wedding Room,subarea,substage_entrance,EntranceDB,aaa,sub_far,obj121,Substage far side: aaa,100.000,-100.000,4050.000,0;1;2;3;4;5;6;7;8;9;10;11;12;13;14,Vanilla door MoonWorldHomeStage<->MoonWorldWeddingRoomStage (fixed).,
DotHardExStage::stage_change::PeachWorldEx2a::raw,Mushroom Kingdom,DotHardExStage,8-Bit Bullet Bills,subarea,stage_change,StageData,PeachWorldEx2a,raw,obj866,Stage Change PeachWorldEx2a,-6750.000,-2300.000,500.000,0;1;2;3;4;5;6;7;8;9;10;11;12;13;14,Raw UnitConfigName=DokanStageChange.,
DotHardExStage::start,Mushroom Kingdom,DotHardExStage,8-Bit Bullet Bills,subarea,stage_start,generated,,,,Default start,,,,,Rename or split if this stage has multiple meaningful starts.,
DotHardExStage::entrance::PeachWorldEx2a::sub_far,Mushroom Kingdom,DotHardExStage,8-Bit Bullet Bills,subarea,substage_entrance,EntranceDB,PeachWorldEx2a,sub_far,obj866,Substage far side: PeachWorldEx2a,-6750.000,-2300.000,500.000,0;1;2;3;4;5;6;7;8;9;10;11;12;13;14,Connected from PeachWorldHomeStage. StageData anchor UnitConfigName=DokanStageChange.,
DotHardExStage::entrance::PeachWorldEx2a::sub_near,Mushroom Kingdom,DotHardExStage,8-Bit Bullet Bills,subarea,substage_entrance,EntranceDB,PeachWorldEx2a,sub_near,obj866,Substage near side: PeachWorldEx2a,-6750.000,-2300.000,500.000,0;1;2;3;4;5;6;7;8;9;10;11;12;13;14,Connected from PeachWorldHomeStage. StageData anchor UnitConfigName=DokanStageChange.,
FukuwaraiMarioStage::stage_change::Fukuwarai2::raw,Mushroom Kingdom,FukuwaraiMarioStage,Picture Match,subarea,stage_change,StageData,Fukuwarai2,raw,obj124,Stage Change Fukuwarai2,-0.000,0.000,1400.000,0;1;2;3;4;5;6;7;8;9;10;11;12;13;14,Raw UnitConfigName=BazookaElectric.,
FukuwaraiMarioStage::start,Mushroom Kingdom,FukuwaraiMarioStage,Picture Match,subarea,stage_start,generated,,,,Default start,,,,,Rename or split if this stage has multiple meaningful starts.,
FukuwaraiMarioStage::entrance::Fukuwarai2::sub_far,Mushroom Kingdom,FukuwaraiMarioStage,Picture Match,subarea,substage_entrance,EntranceDB,Fukuwarai2,sub_far,obj124,Substage far side: Fukuwarai2,-0.000,0.000,1400.000,0;1;2;3;4;5;6;7;8;9;10;11;12;13;14,Connected from PeachWorldHomeStage. StageData anchor UnitConfigName=BazookaElectric.,
FukuwaraiMarioStage::entrance::Fukuwarai2::sub_near,Mushroom Kingdom,FukuwaraiMarioStage,Picture Match,subarea,substage_entrance,EntranceDB,Fukuwarai2,sub_near,obj124,Substage near side: Fukuwarai2,-0.000,0.000,1400.000,0;1;2;3;4;5;6;7;8;9;10;11;12;13;14,Connected from PeachWorldHomeStage. StageData anchor UnitConfigName=BazookaElectric.,
PeachWorldCastleStage::stage_change::PeachCastleGate::raw,Mushroom Kingdom,PeachWorldCastleStage,Peach's Castle,subarea,stage_change,StageData,PeachCastleGate,raw,obj4,Stage Change PeachCastleGate,0.000,-100.000,2200.000,0;1;2;3;4;5;6;7;8;9;10;11;12;13;14,Raw UnitConfigName=ChangeStageArea.,
PeachWorldCastleStage::start,Mushroom Kingdom,PeachWorldCastleStage,Peach's Castle,subarea,stage_start,generated,,,,Default start,,,,,Rename or split if this stage has multiple meaningful starts.,
PeachWorldCastleStage::entrance::PeachCastleGate::sub_far,Mushroom Kingdom,PeachWorldCastleStage,Peach's Castle,subarea,substage_entrance,EntranceDB,PeachCastleGate,sub_far,obj4,Substage far side: PeachCastleGate,0.000,-100.000,2200.000,0;1;2;3;4;5;6;7;8;9;10;11;12;13;14,Connected from PeachWorldHomeStage. StageData anchor UnitConfigName=ChangeStageArea.,
PeachWorldCastleStage::entrance::PeachCastleGate::sub_near,Mushroom Kingdom,PeachWorldCastleStage,Peach's Castle,subarea,substage_entrance,EntranceDB,PeachCastleGate,sub_near,obj4,Substage near side: PeachCastleGate,0.000,-100.000,2200.000,0;1;2;3;4;5;6;7;8;9;10;11;12;13;14,Connected from PeachWorldHomeStage. StageData anchor UnitConfigName=ChangeStageArea.,
PeachWorldCostumeStage::stage_change::CostumeEventWorldPeach::raw,Mushroom Kingdom,PeachWorldCostumeStage,Castle Courtyard 64,subarea,stage_change,StageData,CostumeEventWorldPeach,raw,obj15,Stage Change CostumeEventWorldPeach,0.000,0.000,800.000,0;1;2;3;4;5;6;7;8;9;10;11;12;13;14,Raw UnitConfigName=DoorWarpStageChange.,
PeachWorldCostumeStage::start,Mushroom Kingdom,PeachWorldCostumeStage,Castle Courtyard 64,subarea,stage_start,generated,,,,Default start,,,,,Rename or split if this stage has multiple meaningful starts.,
PeachWorldCostumeStage::entrance::CostumeEventWorldPeach::sub_far,Mushroom Kingdom,PeachWorldCostumeStage,Castle Courtyard 64,subarea,substage_entrance,EntranceDB,CostumeEventWorldPeach,sub_far,obj15,Substage far side: CostumeEventWorldPeach,0.000,0.000,800.000,0;1;2;3;4;5;6;7;8;9;10;11;12;13;14,Connected from PeachWorldHomeStage. StageData anchor UnitConfigName=DoorWarpStageChange.,
PeachWorldCostumeStage::entrance::CostumeEventWorldPeach::sub_near,Mushroom Kingdom,PeachWorldCostumeStage,Castle Courtyard 64,subarea,substage_entrance,EntranceDB,CostumeEventWorldPeach,sub_near,obj15,Substage near side: CostumeEventWorldPeach,0.000,0.000,800.000,0;1;2;3;4;5;6;7;8;9;10;11;12;13;14,Connected from PeachWorldHomeStage. StageData anchor UnitConfigName=DoorWarpStageChange.,
PeachWorldHomeStage::checkpoint::obj1143,Mushroom Kingdom,PeachWorldHomeStage,Mushroom Kingdom,overworld,checkpoint,StageData,,,obj1143,Goomba Woods Checkpoint (obj1143),1200.000,100.000,-22800.000,1;2,Raw UnitConfigName=CheckpointFlag.,
PeachWorldHomeStage::checkpoint::obj1145,Mushroom Kingdom,PeachWorldHomeStage,Mushroom Kingdom,overworld,checkpoint,StageData,,,obj1145,Mushroom Pond Checkpoint (obj1145),-8250.000,-2300.000,10200.000,1;2,Raw UnitConfigName=CheckpointFlag.,
PeachWorldHomeStage::checkpoint::obj1455,Mushroom Kingdom,PeachWorldHomeStage,Mushroom Kingdom,overworld,checkpoint,StageData,,,obj1455,Yoshi's House Checkpoint (obj1455),-1700.000,2000.000,20600.000,0;1;2,Raw UnitConfigName=CheckpointFlag.,
PeachWorldHomeStage::checkpoint::obj162,Mushroom Kingdom,PeachWorldHomeStage,Mushroom Kingdom,overworld,checkpoint,StageData,,,obj162,Peach's Castle Main Entrance Checkpoint (obj162),-1700.000,2628.520,-9200.000,1;2,Raw UnitConfigName=CheckpointFlag.,
PeachWorldHomeStage::entrance::CostumeEventWorldPeach::home_in,Mushroom Kingdom,PeachWorldHomeStage,Mushroom Kingdom,overworld,home_entrance,EntranceDB,CostumeEventWorldPeach,home_in,obj824,Home entrance: CostumeEventWorldPeach,-1700.000,1600.000,-19050.000,0;1;2;3;4;5;6;7;8;9;10;11;12;13;14,Links to PeachWorldCostumeStage. StageData anchor UnitConfigName=DoorWarpStageChange.,
PeachWorldHomeStage::entrance::CostumeEventWorldPeach::home_out,Mushroom Kingdom,PeachWorldHomeStage,Mushroom Kingdom,overworld,home_entrance,EntranceDB,CostumeEventWorldPeach,home_out,obj824,Home return: CostumeEventWorldPeach,-1700.000,1600.000,-19050.000,0;1;2;3;4;5;6;7;8;9;10;11;12;13;14,Links to PeachWorldCostumeStage. StageData anchor UnitConfigName=DoorWarpStageChange.,
PeachWorldHomeStage::entrance::Fukuwarai2::home_in,Mushroom Kingdom,PeachWorldHomeStage,Mushroom Kingdom,overworld,home_entrance,EntranceDB,Fukuwarai2,home_in,obj1759,Home entrance: Fukuwarai2,7000.000,895.572,-20750.000,1;2,Links to FukuwaraiMarioStage. StageData anchor UnitConfigName=BazookaElectric.,
PeachWorldHomeStage::entrance::Fukuwarai2::home_out,Mushroom Kingdom,PeachWorldHomeStage,Mushroom Kingdom,overworld,home_entrance,EntranceDB,Fukuwarai2,home_out,obj1759,Home return: Fukuwarai2,7000.000,895.572,-20750.000,1;2,Links to FukuwaraiMarioStage. StageData anchor UnitConfigName=BazookaElectric.,
PeachWorldHomeStage::entrance::PeachCastleGate::home_in,Mushroom Kingdom,PeachWorldHomeStage,Mushroom Kingdom,overworld,home_entrance,EntranceDB,PeachCastleGate,home_in,obj685,Home entrance: PeachCastleGate,-1700.000,2600.000,-12350.000,1;2,Links to PeachWorldCastleStage. StageData anchor UnitConfigName=ChangeStageArea.,
PeachWorldHomeStage::entrance::PeachCastleGate::home_out,Mushroom Kingdom,PeachWorldHomeStage,Mushroom Kingdom,overworld,home_entrance,EntranceDB,PeachCastleGate,home_out,obj685,Home return: PeachCastleGate,-1700.000,2600.000,-12350.000,1;2,Links to PeachWorldCastleStage. StageData anchor UnitConfigName=ChangeStageArea.,
PeachWorldHomeStage::entrance::PeachWorldEx1a::home_in,Mushroom Kingdom,PeachWorldHomeStage,Mushroom Kingdom,overworld,home_entrance,EntranceDB,PeachWorldEx1a,home_in,obj816,Home entrance: PeachWorldEx1a,6200.000,700.000,-10000.000,0;1;2;3;4;5;6;7;8;9;10;11;12;13;14,Links to YoshiCloudExStage. StageData anchor UnitConfigName=DokanStageChange.,
PeachWorldHomeStage::entrance::PeachWorldEx1a::home_out,Mushroom Kingdom,PeachWorldHomeStage,Mushroom Kingdom,overworld,home_entrance,EntranceDB,PeachWorldEx1a,home_out,obj816,Home return: PeachWorldEx1a,6200.000,700.000,-10000.000,0;1;2;3;4;5;6;7;8;9;10;11;12;13;14,Links to YoshiCloudExStage. StageData anchor UnitConfigName=DokanStageChange.,
PeachWorldHomeStage::entrance::PeachWorldEx2a::home_in,Mushroom Kingdom,PeachWorldHomeStage,Mushroom Kingdom,overworld,home_entrance,EntranceDB,PeachWorldEx2a,home_in,obj1336;obj1552,Home entrance: PeachWorldEx2a,,,,1;2;3;4,Links to DotHardExStage. StageData anchor UnitConfigName=ChangeStageArea;DokanStageChange.,
PeachWorldHomeStage::entrance::PeachWorldEx2a::home_out,Mushroom Kingdom,PeachWorldHomeStage,Mushroom Kingdom,overworld,home_entrance,EntranceDB,PeachWorldEx2a,home_out,obj1336;obj1552,Home return: PeachWorldEx2a,,,,1;2;3;4,Links to DotHardExStage. StageData anchor UnitConfigName=ChangeStageArea;DokanStageChange.,
PeachWorldHomeStage::entrance::PeachWorldShopA::home_in,Mushroom Kingdom,PeachWorldHomeStage,Mushroom Kingdom,overworld,home_entrance,EntranceDB,PeachWorldShopA,home_in,obj805,Home entrance: PeachWorldShopA,6245.710,125.000,554.289,1;2,Links to PeachWorldShopStage. StageData anchor UnitConfigName=ChangeStageArea.,
PeachWorldHomeStage::entrance::PeachWorldShopA::home_out,Mushroom Kingdom,PeachWorldHomeStage,Mushroom Kingdom,overworld,home_entrance,EntranceDB,PeachWorldShopA,home_out,obj805,Home return: PeachWorldShopA,6245.710,125.000,554.289,1;2,Links to PeachWorldShopStage. StageData anchor UnitConfigName=ChangeStageArea.,
PeachWorldHomeStage::stage_change::BossForestA::raw,Mushroom Kingdom,PeachWorldHomeStage,Mushroom Kingdom,overworld,stage_change,StageData,BossForestA,raw,obj1129,Stage Change BossForestA,-6450.000,2700.000,-21600.000,1;2,Raw UnitConfigName=ChangeStageArea.,
PeachWorldHomeStage::stage_change::BossKnuckleA::raw,Mushroom Kingdom,PeachWorldHomeStage,Mushroom Kingdom,overworld,stage_change,StageData,BossKnuckleA,raw,obj1060,Stage Change BossKnuckleA,-5885.355,400.000,-3614.645,1;2,Raw UnitConfigName=ChangeStageArea.,
PeachWorldHomeStage::stage_change::BossMagmaA::raw,Mushroom Kingdom,PeachWorldHomeStage,Mushroom Kingdom,overworld,stage_change,StageData,BossMagmaA,raw,obj1047,Stage Change BossMagmaA,-1385.355,-2100.000,10014.645,1;2,Raw UnitConfigName=ChangeStageArea.,
PeachWorldHomeStage::stage_change::BossRaidA::raw,Mushroom Kingdom,PeachWorldHomeStage,Mushroom Kingdom,overworld,stage_change,StageData,BossRaidA,raw,obj2205,Stage Change BossRaidA,300.000,1750.000,-13600.000,0;1;2;3;4;5;6;7;8;9;10;11;12;13;14,Raw UnitConfigName=DokanStageChange.,
PeachWorldHomeStage::stage_change::BossRaidB::raw,Mushroom Kingdom,PeachWorldHomeStage,Mushroom Kingdom,overworld,stage_change,StageData,BossRaidB,raw,obj2751,Stage Change BossRaidB,2700.000,2600.000,-14500.000,0;1;2;3;4;5;6;7;8;9;10;11;12;13;14,Raw UnitConfigName=DokanStageChange.,
PeachWorldHomeStage::stage_change::Come::raw,Mushroom Kingdom,PeachWorldHomeStage,Mushroom Kingdom,overworld,stage_change,StageData,Come,raw,obj128,Stage Change Come,-1700.000,2100.000,21800.000,0;1;2;3;4;5;6;7;8;9;10;11;12;13;14,Raw UnitConfigName=WorldWarpHole.,
PeachWorldHomeStage::stage_change::CostumeEventWorldPeach::raw,Mushroom Kingdom,PeachWorldHomeStage,Mushroom Kingdom,overworld,stage_change,StageData,CostumeEventWorldPeach,raw,obj824,Stage Change CostumeEventWorldPeach,-1700.000,1600.000,-19050.000,0;1;2;3;4;5;6;7;8;9;10;11;12;13;14,Raw UnitConfigName=DoorWarpStageChange.,
PeachWorldHomeStage::stage_change::Fukuwarai2::raw,Mushroom Kingdom,PeachWorldHomeStage,Mushroom Kingdom,overworld,stage_change,StageData,Fukuwarai2,raw,obj1759,Stage Change Fukuwarai2,7000.000,895.572,-20750.000,1;2,Raw UnitConfigName=BazookaElectric.,
PeachWorldHomeStage::stage_change::GiantWanderBossA::raw,Mushroom Kingdom,PeachWorldHomeStage,Mushroom Kingdom,overworld,stage_change,StageData,GiantWanderBossA,raw,obj1053,Stage Change GiantWanderBossA,-8250.000,-3600.000,4845.000,0;1;2;3;4;5;6;7;8;9;10;11;12;13;14,Raw UnitConfigName=DokanStageChange.,
PeachWorldHomeStage::stage_change::GiantWanderBossB::raw,Mushroom Kingdom,PeachWorldHomeStage,Mushroom Kingdom,overworld,stage_change,StageData,GiantWanderBossB,raw,obj2750,Stage Change GiantWanderBossB,-7950.000,-3600.000,4845.000,0;1;2;3;4;5;6;7;8;9;10;11;12;13;14,Raw UnitConfigName=DokanStageChange.,
PeachWorldHomeStage::stage_change::Go::raw,Mushroom Kingdom,PeachWorldHomeStage,Mushroom Kingdom,overworld,stage_change,StageData,Go,raw,obj753,Stage Change Go,3200.000,407.969,10500.000,0;1;2;3;4;5;6;7;8;9;10;11;12;13;14,Raw UnitConfigName=WorldWarpHole.,
PeachWorldHomeStage::stage_change::MofumofuA::raw,Mushroom Kingdom,PeachWorldHomeStage,Mushroom Kingdom,overworld,stage_change,StageData,MofumofuA,raw,obj1058,Stage Change MofumofuA,12964.645,1400.000,-7364.645,1;2,Raw UnitConfigName=ChangeStageArea.,
PeachWorldHomeStage::stage_change::PeachCastleGate::raw,Mushroom Kingdom,PeachWorldHomeStage,Mushroom Kingdom,overworld,stage_change,StageData,PeachCastleGate,raw,obj685,Stage Change PeachCastleGate,-1700.000,2600.000,-12350.000,1;2,Raw UnitConfigName=ChangeStageArea.,
PeachWorldHomeStage::stage_change::PeachWorldEx1a::raw,Mushroom Kingdom,PeachWorldHomeStage,Mushroom Kingdom,overworld,stage_change,StageData,PeachWorldEx1a,raw,obj816,Stage Change PeachWorldEx1a,6200.000,700.000,-10000.000,0;1;2;3;4;5;6;7;8;9;10;11;12;13;14,Raw UnitConfigName=DokanStageChange.,
PeachWorldHomeStage::stage_change::PeachWorldEx2a::raw,Mushroom Kingdom,PeachWorldHomeStage,Mushroom Kingdom,overworld,stage_change,StageData,PeachWorldEx2a,raw,obj1336,Stage Change PeachWorldEx2a,-11500.000,-1250.000,-13200.000,1;2;3;4,Raw UnitConfigName=ChangeStageArea.,
PeachWorldHomeStage::stage_change::PeachWorldRacemanStart::raw,Mushroom Kingdom,PeachWorldHomeStage,Mushroom Kingdom,overworld,stage_change,StageData,PeachWorldRacemanStart,raw,obj1682,Stage Change PeachWorldRacemanStart,-6862.132,-2330.306,10687.868,1;2,Raw UnitConfigName=PlayerStartObjNoLink.,
PeachWorldHomeStage::stage_change::PeachWorldShopA::raw,Mushroom Kingdom,PeachWorldHomeStage,Mushroom Kingdom,overworld,stage_change,StageData,PeachWorldShopA,raw,obj805,Stage Change PeachWorldShopA,6245.710,125.000,554.289,1;2,Raw UnitConfigName=ChangeStageArea.,
PeachWorldHomeStage::stage_change::StartPoint::raw,Mushroom Kingdom,PeachWorldHomeStage,Mushroom Kingdom,overworld,stage_change,StageData,StartPoint,raw,obj1023,Stage Change StartPoint,4100.000,52.796,5300.000,0;1;2;3;4;5;6;7;8;9;10;11;12;13;14,Raw UnitConfigName=PlayerActorHakoniwa.,
PeachWorldHomeStage::start,Mushroom Kingdom,PeachWorldHomeStage,Mushroom Kingdom,overworld,stage_start,generated,,,,Default start,,,,,Rename or split if this stage has multiple meaningful starts.,
PeachWorldHomeStage::event::MoonRockActive_Mushroom,Mushroom Kingdom,PeachWorldHomeStage,Mushroom Kingdom,overworld,state_event,progression_events,,,,Mushroom Kingdom Moon Rock Active,,,,,Fill the route to the Moon Rock and any prerequisite story/global state.,
PeachWorldHomeStage::event::WorldPeace_Mushroom,Mushroom Kingdom,PeachWorldHomeStage,Mushroom Kingdom,overworld,state_event,progression_events,,,,Mushroom Kingdom World Peace,,,,,Fill the story moons/bosses that must be completed for world peace in this kingdom.,
PeachWorldPictureBossForestStage::stage_change::BossForestA::raw,Mushroom Kingdom,PeachWorldPictureBossForestStage,Painting Room: Torkdrift,subarea,stage_change,StageData,BossForestA,raw,obj25,Stage Change BossForestA,0.000,-100.000,1700.000,0;1;2;3;4;5;6;7;8;9;10;11;12;13;14,Raw UnitConfigName=ChangeStageArea.,
PeachWorldPictureBossForestStage::stage_change::PictureBossForest::raw,Mushroom Kingdom,PeachWorldPictureBossForestStage,Painting Room: Torkdrift,subarea,fixed_transition,fixed_transition,PictureBossForest,,obj30,Painting to Torkdrift Boss Re-fight,0.000,600.000,-900.000,0;1;2;3;4;5;6;7;8;9;10;11;12;13;14,Fixed vanilla painting transition to RevengeForestBossStage; not part of entrance or painting randomization.,fixed
PeachWorldPictureBossForestStage::start,Mushroom Kingdom,PeachWorldPictureBossForestStage,Painting Room: Torkdrift,subarea,stage_start,generated,,,,Default start,,,,,Rename or split if this stage has multiple meaningful starts.,
PeachWorldPictureBossRaidStage::stage_change::BossRaidA::raw,Mushroom Kingdom,PeachWorldPictureBossRaidStage,Painting Room: Lord of Lightning,subarea,stage_change,StageData,BossRaidA,raw,obj32,Stage Change BossRaidA,0.000,0.000,600.000,0;1;2;3;4;5;6;7;8;9;10;11;12;13;14,Raw UnitConfigName=DokanStageChange.,
PeachWorldPictureBossRaidStage::stage_change::BossRaidB::raw,Mushroom Kingdom,PeachWorldPictureBossRaidStage,Painting Room: Lord of Lightning,subarea,stage_change,StageData,BossRaidB,raw,obj31,Stage Change BossRaidB,0.000,100.000,1100.000,0;1;2;3;4;5;6;7;8;9;10;11;12;13;14,Raw UnitConfigName=DokanStageChange.,
PeachWorldPictureBossRaidStage::stage_change::PictureBossRaid::raw,Mushroom Kingdom,PeachWorldPictureBossRaidStage,Painting Room: Lord of Lightning,subarea,fixed_transition,fixed_transition,PictureBossRaid,,obj30,Painting to Lord of Lightning Boss Re-fight,0.000,600.000,-900.000,0;1;2;3;4;5;6;7;8;9;10;11;12;13;14,Fixed vanilla painting transition to RevengeBossRaidStage; not part of entrance or painting randomization.,fixed
PeachWorldPictureBossRaidStage::start,Mushroom Kingdom,PeachWorldPictureBossRaidStage,Painting Room: Lord of Lightning,subarea,stage_start,generated,,,,Default start,,,,,Rename or split if this stage has multiple meaningful starts.,
PeachWorldPictureGiantWanderBossStage::stage_change::GiantWanderBossA::raw,Mushroom Kingdom,PeachWorldPictureGiantWanderBossStage,Painting Room: Mollusque-Lanceur,subarea,stage_change,StageData,GiantWanderBossA,raw,obj32,Stage Change GiantWanderBossA,0.000,0.000,600.000,0;1;2;3;4;5;6;7;8;9;10;11;12;13;14,Raw UnitConfigName=DokanStageChange.,
PeachWorldPictureGiantWanderBossStage::stage_change::GiantWanderBossB::raw,Mushroom Kingdom,PeachWorldPictureGiantWanderBossStage,Painting Room: Mollusque-Lanceur,subarea,stage_change,StageData,GiantWanderBossB,raw,obj31,Stage Change GiantWanderBossB,0.000,100.000,1100.000,0;1;2;3;4;5;6;7;8;9;10;11;12;13;14,Raw UnitConfigName=DokanStageChange.,
PeachWorldPictureGiantWanderBossStage::stage_change::PictureGiantWanderBoss::raw,Mushroom Kingdom,PeachWorldPictureGiantWanderBossStage,Painting Room: Mollusque-Lanceur,subarea,fixed_transition,fixed_transition,PictureGiantWanderBoss,,obj30,Painting to Mollusque-Lanceur Boss Re-fight,0.000,600.000,-900.000,0;1;2;3;4;5;6;7;8;9;10;11;12;13;14,Fixed vanilla painting transition to RevengeGiantWanderBossStage; not part of entrance or painting randomization.,fixed
PeachWorldPictureGiantWanderBossStage::start,Mushroom Kingdom,PeachWorldPictureGiantWanderBossStage,Painting Room: Mollusque-Lanceur,subarea,stage_start,generated,,,,Default start,,,,,Rename or split if this stage has multiple meaningful starts.,
PeachWorldPictureMofumofuStage::stage_change::MofumofuA::raw,Mushroom Kingdom,PeachWorldPictureMofumofuStage,Painting Room: Mechawiggler,subarea,stage_change,StageData,MofumofuA,raw,obj25,Stage Change MofumofuA,0.000,-100.000,1700.000,0;1;2;3;4;5;6;7;8;9;10;11;12;13;14,Raw UnitConfigName=ChangeStageArea.,
PeachWorldPictureMofumofuStage::stage_change::PictureMofumofu::raw,Mushroom Kingdom,PeachWorldPictureMofumofuStage,Painting Room: Mechawiggler,subarea,fixed_transition,fixed_transition,PictureMofumofu,,obj30,Painting to Mechawiggler Boss Re-fight,0.000,600.000,-900.000,0;1;2;3;4;5;6;7;8;9;10;11;12;13;14,Fixed vanilla painting transition to RevengeMofumofuStage; not part of entrance or painting randomization.,fixed
PeachWorldPictureMofumofuStage::start,Mushroom Kingdom,PeachWorldPictureMofumofuStage,Painting Room: Mechawiggler,subarea,stage_start,generated,,,,Default start,,,,,Rename or split if this stage has multiple meaningful starts.,
PeachWorldShopStage::stage_change::PeachWorldShopA::raw,Mushroom Kingdom,PeachWorldShopStage,Crazy Cap Store,subarea,stage_change,StageData,PeachWorldShopA,raw,obj6,Stage Change PeachWorldShopA,0.000,-100.000,50.000,0;1;2;3;4;5;6;7;8;9;10;11;12;13;14,Raw UnitConfigName=ChangeStageArea.,
PeachWorldShopStage::start,Mushroom Kingdom,PeachWorldShopStage,Crazy Cap Store,subarea,stage_start,generated,,,,Default start,,,,,Rename or split if this stage has multiple meaningful starts.,
PeachWorldShopStage::entrance::PeachWorldShopA::sub_far,Mushroom Kingdom,PeachWorldShopStage,Crazy Cap Store,subarea,substage_entrance,EntranceDB,PeachWorldShopA,sub_far,obj6,Substage far side: PeachWorldShopA,0.000,-100.000,50.000,0;1;2;3;4;5;6;7;8;9;10;11;12;13;14,Connected from PeachWorldHomeStage. StageData anchor UnitConfigName=ChangeStageArea.,
PeachWorldShopStage::entrance::PeachWorldShopA::sub_near,Mushroom Kingdom,PeachWorldShopStage,Crazy Cap Store,subarea,substage_entrance,EntranceDB,PeachWorldShopA,sub_near,obj6,Substage near side: PeachWorldShopA,0.000,-100.000,50.000,0;1;2;3;4;5;6;7;8;9;10;11;12;13;14,Connected from PeachWorldHomeStage. StageData anchor UnitConfigName=ChangeStageArea.,
RevengeBossKnuckleStage::stage_change::PictureBossKnuckle::raw,Mushroom Kingdom,RevengeBossKnuckleStage,Knucklotec Boss Re-fight,subarea,stage_change,StageData,PictureBossKnuckle,raw,obj203,Stage Change PictureBossKnuckle,0.000,0.000,2950.000,0;1;2;3;4;5;6;7;8;9;10;11;12;13;14,Raw UnitConfigName=MissRestartArea.,
RevengeBossKnuckleStage::start,Mushroom Kingdom,RevengeBossKnuckleStage,Knucklotec Boss Re-fight,subarea,stage_start,generated,,,,Default start,,,,,Rename or split if this stage has multiple meaningful starts.,
RevengeBossMagmaStage::stage_change::PictureBossMagma::raw,Mushroom Kingdom,RevengeBossMagmaStage,Cookatiel Boss Re-fight,subarea,stage_change,StageData,PictureBossMagma,raw,obj5970,Stage Change PictureBossMagma,-11100.000,18450.000,7800.000,0;1;2;3;4;5;6;7;8;9;10;11;12;13;14,Raw UnitConfigName=MissRestartArea.,
RevengeBossMagmaStage::stage_change::start::raw,Mushroom Kingdom,RevengeBossMagmaStage,Cookatiel Boss Re-fight,subarea,stage_change,StageData,start,raw,obj2,Stage Change start,-11100.000,18450.000,7800.000,0;1;2;3;4;5;6;7;8;9;10;11;12;13;14,Raw UnitConfigName=PlayerActorHakoniwa.,
RevengeBossMagmaStage::start,Mushroom Kingdom,RevengeBossMagmaStage,Cookatiel Boss Re-fight,subarea,stage_start,generated,,,,Default start,,,,,Rename or split if this stage has multiple meaningful starts.,
RevengeBossRaidStage::stage_change::PictureBossRaid::raw,Mushroom Kingdom,RevengeBossRaidStage,Lord of Lightning Boss Re-fight,subarea,stage_change,StageData,PictureBossRaid,raw,obj299,Stage Change PictureBossRaid,0.000,50.000,200.000,0;1;2;3;4;5;6;7;8;9;10;11;12;13;14,Raw UnitConfigName=MissRestartArea.,
RevengeBossRaidStage::start,Mushroom Kingdom,RevengeBossRaidStage,Lord of Lightning Boss Re-fight,subarea,stage_start,generated,,,,Default start,,,,,Rename or split if this stage has multiple meaningful starts.,
RevengeForestBossStage::stage_change::PictureBossForest::raw,Mushroom Kingdom,RevengeForestBossStage,Torkdrift Boss Re-fight,subarea,stage_change,StageData,PictureBossForest,raw,obj561,Stage Change PictureBossForest,0.000,3050.000,-300.000,0;1;2;3;4;5;6;7;8;9;10;11;12;13;14,Raw UnitConfigName=MissRestartArea.,
RevengeForestBossStage::start,Mushroom Kingdom,RevengeForestBossStage,Torkdrift Boss Re-fight,subarea,stage_start,generated,,,,Default start,,,,,Rename or split if this stage has multiple meaningful starts.,
RevengeGiantWanderBossStage::stage_change::PictureGiantWanderBoss::raw,Mushroom Kingdom,RevengeGiantWanderBossStage,Mollusque-Lanceur Boss Re-fight,subarea,stage_change,StageData,PictureGiantWanderBoss,raw,obj2710,Stage Change PictureGiantWanderBoss,-250.000,1550.000,200.000,0;1;2;3;4;5;6;7;8;9;10;11;12;13;14,Raw UnitConfigName=MissRestartArea.,
RevengeGiantWanderBossStage::start,Mushroom Kingdom,RevengeGiantWanderBossStage,Mollusque-Lanceur Boss Re-fight,subarea,stage_start,generated,,,,Default start,,,,,Rename or split if this stage has multiple meaningful starts.,
RevengeMofumofuStage::stage_change::PictureMofumofu::raw,Mushroom Kingdom,RevengeMofumofuStage,Mechawiggler Boss Re-fight,subarea,stage_change,StageData,PictureMofumofu,raw,obj69,Stage Change PictureMofumofu,0.000,150.000,-6250.000,0;1;2;3;4;5;6;7;8;9;10;11;12;13;14,Raw UnitConfigName=MissRestartArea.,
RevengeMofumofuStage::start,Mushroom Kingdom,RevengeMofumofuStage,Mechawiggler Boss Re-fight,subarea,stage_start,generated,,,,Default start,,,,,Rename or split if this stage has multiple meaningful starts.,
YoshiCloudExStage::stage_change::PeachWorldEx1a::raw,Mushroom Kingdom,YoshiCloudExStage,Yoshi in the Sea of Clouds,subarea,stage_change,StageData,PeachWorldEx1a,raw,obj935,Stage Change PeachWorldEx1a,100.000,550.000,26200.000,0;1;2;3;4;5;6;7;8;9;10;11;12;13;14,Raw UnitConfigName=DokanStageChange.,
YoshiCloudExStage::start,Mushroom Kingdom,YoshiCloudExStage,Yoshi in the Sea of Clouds,subarea,stage_start,generated,,,,Default start,,,,,Rename or split if this stage has multiple meaningful starts.,
YoshiCloudExStage::entrance::PeachWorldEx1a::sub_far,Mushroom Kingdom,YoshiCloudExStage,Yoshi in the Sea of Clouds,subarea,substage_entrance,EntranceDB,PeachWorldEx1a,sub_far,obj935,Substage far side: PeachWorldEx1a,100.000,550.000,26200.000,0;1;2;3;4;5;6;7;8;9;10;11;12;13;14,Connected from PeachWorldHomeStage. StageData anchor UnitConfigName=DokanStageChange.,
YoshiCloudExStage::entrance::PeachWorldEx1a::sub_near,Mushroom Kingdom,YoshiCloudExStage,Yoshi in the Sea of Clouds,subarea,substage_entrance,EntranceDB,PeachWorldEx1a,sub_near,obj935,Substage near side: PeachWorldEx1a,100.000,550.000,26200.000,0;1;2;3;4;5;6;7;8;9;10;11;12;13;14,Connected from PeachWorldHomeStage. StageData anchor UnitConfigName=DokanStageChange.,
PeachWorldHomeStage::entrance::BossForestA::home_in,Mushroom Kingdom,PeachWorldHomeStage,Mushroom Kingdom,overworld,home_entrance,EntranceDB,BossForestA,home_in,obj1129,Home entrance: BossForestA,-6450.000,2700.000,-21600.000,1;2,Links to PeachWorldPictureBossForestStage.,
PeachWorldHomeStage::entrance::BossForestA::home_out,Mushroom Kingdom,PeachWorldHomeStage,Mushroom Kingdom,overworld,home_entrance,EntranceDB,BossForestA,home_out,obj1129,Home return: BossForestA,-6450.000,2700.000,-21600.000,1;2,Links to PeachWorldPictureBossForestStage.,
PeachWorldHomeStage::entrance::BossKnuckleA::home_in,Mushroom Kingdom,PeachWorldHomeStage,Mushroom Kingdom,overworld,home_entrance,EntranceDB,BossKnuckleA,home_in,obj1060,Home entrance: BossKnuckleA,-5885.355,400.000,-3614.645,1;2,Links to PeachWorldPictureBossKnuckleStage.,
PeachWorldHomeStage::entrance::BossKnuckleA::home_out,Mushroom Kingdom,PeachWorldHomeStage,Mushroom Kingdom,overworld,home_entrance,EntranceDB,BossKnuckleA,home_out,obj1060,Home return: BossKnuckleA,-5885.355,400.000,-3614.645,1;2,Links to PeachWorldPictureBossKnuckleStage.,
PeachWorldHomeStage::entrance::BossMagmaA::home_in,Mushroom Kingdom,PeachWorldHomeStage,Mushroom Kingdom,overworld,home_entrance,EntranceDB,BossMagmaA,home_in,obj1047,Home entrance: BossMagmaA,-1385.355,-2100.000,10014.645,1;2,Links to PeachWorldPictureBossMagmaStage.,
PeachWorldHomeStage::entrance::BossMagmaA::home_out,Mushroom Kingdom,PeachWorldHomeStage,Mushroom Kingdom,overworld,home_entrance,EntranceDB,BossMagmaA,home_out,obj1047,Home return: BossMagmaA,-1385.355,-2100.000,10014.645,1;2,Links to PeachWorldPictureBossMagmaStage.,
PeachWorldHomeStage::entrance::BossRaidA::home_in,Mushroom Kingdom,PeachWorldHomeStage,Mushroom Kingdom,overworld,home_entrance,EntranceDB,BossRaidA,home_in,obj2205,Home entrance: BossRaidA,300.000,1750.000,-13600.000,0;1;2;3;4;5;6;7;8;9;10;11;12;13;14,Links to PeachWorldPictureBossRaidStage.,
PeachWorldHomeStage::entrance::BossRaidA::home_out,Mushroom Kingdom,PeachWorldHomeStage,Mushroom Kingdom,overworld,home_entrance,EntranceDB,BossRaidA,home_out,obj2205,Home return: BossRaidA,300.000,1750.000,-13600.000,0;1;2;3;4;5;6;7;8;9;10;11;12;13;14,Links to PeachWorldPictureBossRaidStage.,
PeachWorldHomeStage::entrance::GiantWanderBossA::home_in,Mushroom Kingdom,PeachWorldHomeStage,Mushroom Kingdom,overworld,home_entrance,EntranceDB,GiantWanderBossA,home_in,obj1053,Home entrance: GiantWanderBossA,-8250.000,-3600.000,4845.000,0;1;2;3;4;5;6;7;8;9;10;11;12;13;14,Links to PeachWorldPictureGiantWanderBossStage.,
PeachWorldHomeStage::entrance::GiantWanderBossA::home_out,Mushroom Kingdom,PeachWorldHomeStage,Mushroom Kingdom,overworld,home_entrance,EntranceDB,GiantWanderBossA,home_out,obj1053,Home return: GiantWanderBossA,-8250.000,-3600.000,4845.000,0;1;2;3;4;5;6;7;8;9;10;11;12;13;14,Links to PeachWorldPictureGiantWanderBossStage.,
PeachWorldHomeStage::entrance::MofumofuA::home_in,Mushroom Kingdom,PeachWorldHomeStage,Mushroom Kingdom,overworld,home_entrance,EntranceDB,MofumofuA,home_in,obj1058,Home entrance: MofumofuA,12964.645,1400.000,-7364.645,1;2,Links to PeachWorldPictureMofumofuStage.,
PeachWorldHomeStage::entrance::MofumofuA::home_out,Mushroom Kingdom,PeachWorldHomeStage,Mushroom Kingdom,overworld,home_entrance,EntranceDB,MofumofuA,home_out,obj1058,Home return: MofumofuA,12964.645,1400.000,-7364.645,1;2,Links to PeachWorldPictureMofumofuStage.,
PeachWorldPictureBossForestStage::entrance::BossForestA::sub_far,Mushroom Kingdom,PeachWorldPictureBossForestStage,Painting Room: Torkdrift,subarea,substage_entrance,EntranceDB,BossForestA,sub_far,obj25,Substage far side: BossForestA,0.000,-100.000,1700.000,0;1;2;3;4;5;6;7;8;9;10;11;12;13;14,Connected from PeachWorldHomeStage.,
PeachWorldPictureBossForestStage::entrance::BossForestA::sub_near,Mushroom Kingdom,PeachWorldPictureBossForestStage,Painting Room: Torkdrift,subarea,substage_entrance,EntranceDB,BossForestA,sub_near,obj25,Substage near side: BossForestA,0.000,-100.000,1700.000,0;1;2;3;4;5;6;7;8;9;10;11;12;13;14,Connected from PeachWorldHomeStage.,
PeachWorldPictureBossRaidStage::entrance::BossRaidB::sub_near,Mushroom Kingdom,PeachWorldPictureBossRaidStage,Painting Room: Lord of Lightning,subarea,substage_entrance,EntranceDB,BossRaidB,sub_near,obj31,Substage near side: BossRaidB,0.000,100.000,1100.000,0;1;2;3;4;5;6;7;8;9;10;11;12;13;14,Connected from PeachWorldHomeStage. StageData anchor UnitConfigName=DokanStageChange.,
PeachWorldPictureGiantWanderBossStage::entrance::GiantWanderBossB::sub_near,Mushroom Kingdom,PeachWorldPictureGiantWanderBossStage,Painting Room: Mollusque-Lanceur,subarea,substage_entrance,EntranceDB,GiantWanderBossB,sub_near,obj31,Substage near side: GiantWanderBossB,0.000,100.000,1100.000,0;1;2;3;4;5;6;7;8;9;10;11;12;13;14,Connected from PeachWorldHomeStage. StageData anchor UnitConfigName=DokanStageChange.,
PeachWorldPictureMofumofuStage::entrance::MofumofuA::sub_far,Mushroom Kingdom,PeachWorldPictureMofumofuStage,Painting Room: Mechawiggler,subarea,substage_entrance,EntranceDB,MofumofuA,sub_far,obj25,Substage far side: MofumofuA,0.000,-100.000,1700.000,0;1;2;3;4;5;6;7;8;9;10;11;12;13;14,Connected from PeachWorldHomeStage.,
PeachWorldPictureMofumofuStage::entrance::MofumofuA::sub_near,Mushroom Kingdom,PeachWorldPictureMofumofuStage,Painting Room: Mechawiggler,subarea,substage_entrance,EntranceDB,MofumofuA,sub_near,obj25,Substage near side: MofumofuA,0.000,-100.000,1700.000,0;1;2;3;4;5;6;7;8;9;10;11;12;13;14,Connected from PeachWorldHomeStage.,
PeachWorldHomeStage::entrance::BossRaidB::home_out,Mushroom Kingdom,PeachWorldHomeStage,Mushroom Kingdom,overworld,home_entrance,EntranceDB,BossRaidB,home_out,obj2751,Home return: BossRaidB,2700.000,2600.000,-14500.000,0;1;2;3;4;5;6;7;8;9;10;11;12;13;14,Links to PeachWorldPictureBossRaidStage. StageData anchor UnitConfigName=DokanStageChange.,
PeachWorldHomeStage::entrance::GiantWanderBossB::home_out,Mushroom Kingdom,PeachWorldHomeStage,Mushroom Kingdom,overworld,home_entrance,EntranceDB,GiantWanderBossB,home_out,obj2750,Home return: GiantWanderBossB,-7950.000,-3600.000,4845.000,0;1;2;3;4;5;6;7;8;9;10;11;12;13;14,Links to PeachWorldPictureGiantWanderBossStage. StageData anchor UnitConfigName=DokanStageChange.,
PeachWorldPictureBossRaidStage::entrance::BossRaidB::sub_far,Mushroom Kingdom,PeachWorldPictureBossRaidStage,Painting Room: Lord of Lightning,subarea,substage_entrance,EntranceDB,BossRaidB,sub_far,obj31,Substage far side: BossRaidB,0.000,100.000,1100.000,0;1;2;3;4;5;6;7;8;9;10;11;12;13;14,Connected from PeachWorldHomeStage. StageData anchor UnitConfigName=DokanStageChange.,
PeachWorldPictureGiantWanderBossStage::entrance::GiantWanderBossB::sub_far,Mushroom Kingdom,PeachWorldPictureGiantWanderBossStage,Painting Room: Mollusque-Lanceur,subarea,substage_entrance,EntranceDB,GiantWanderBossB,sub_far,obj31,Substage far side: GiantWanderBossB,0.000,100.000,1100.000,0;1;2;3;4;5;6;7;8;9;10;11;12;13;14,Connected from PeachWorldHomeStage. StageData anchor UnitConfigName=DokanStageChange.,
PeachWorldPictureBossForestStage::entrance::PictureBossForest::home_in,Mushroom Kingdom,PeachWorldPictureBossForestStage,Painting Room: Torkdrift,subarea,home_entrance,EntranceDB,PictureBossForest,home_in,obj30,Home entrance: PictureBossForest,0.000,600.000,-900.000,0;1;2;3;4;5;6;7;8;9;10;11;12;13;14,Vanilla door PeachWorldPictureBossForestStage<->RevengeForestBossStage (fixed).,
PeachWorldPictureBossForestStage::entrance::PictureBossForest::home_out,Mushroom Kingdom,PeachWorldPictureBossForestStage,Painting Room: Torkdrift,subarea,home_entrance,EntranceDB,PictureBossForest,home_out,obj30,Home return: PictureBossForest,0.000,600.000,-900.000,0;1;2;3;4;5;6;7;8;9;10;11;12;13;14,Vanilla door PeachWorldPictureBossForestStage<->RevengeForestBossStage (fixed).,
RevengeForestBossStage::entrance::PictureBossForest::sub_near,Mushroom Kingdom,RevengeForestBossStage,Torkdrift Boss Re-fight,subarea,substage_entrance,EntranceDB,PictureBossForest,sub_near,obj561,Substage near side: PictureBossForest,0.000,3050.000,-300.000,0;1;2;3;4;5;6;7;8;9;10;11;12;13;14,Vanilla door PeachWorldPictureBossForestStage<->RevengeForestBossStage (fixed).,
RevengeForestBossStage::entrance::PictureBossForest::sub_far,Mushroom Kingdom,RevengeForestBossStage,Torkdrift Boss Re-fight,subarea,substage_entrance,EntranceDB,PictureBossForest,sub_far,obj561,Substage far side: PictureBossForest,0.000,3050.000,-300.000,0;1;2;3;4;5;6;7;8;9;10;11;12;13;14,Vanilla door PeachWorldPictureBossForestStage<->RevengeForestBossStage (fixed).,
RevengeBossKnuckleStage::entrance::PictureBossKnuckle::sub_near,Mushroom Kingdom,RevengeBossKnuckleStage,Knucklotec Boss Re-fight,subarea,substage_entrance,EntranceDB,PictureBossKnuckle,sub_near,obj203,Substage near side: PictureBossKnuckle,0.000,0.000,2950.000,0;1;2;3;4;5;6;7;8;9;10;11;12;13;14,Vanilla door PeachWorldPictureBossKnuckleStage<->RevengeBossKnuckleStage (fixed).,
RevengeBossKnuckleStage::entrance::PictureBossKnuckle::sub_far,Mushroom Kingdom,RevengeBossKnuckleStage,Knucklotec Boss Re-fight,subarea,substage_entrance,EntranceDB,PictureBossKnuckle,sub_far,obj203,Substage far side: PictureBossKnuckle,0.000,0.000,2950.000,0;1;2;3;4;5;6;7;8;9;10;11;12;13;14,Vanilla door PeachWorldPictureBossKnuckleStage<->RevengeBossKnuckleStage (fixed).,
RevengeBossMagmaStage::entrance::PictureBossMagma::sub_near,Mushroom Kingdom,RevengeBossMagmaStage,Cookatiel Boss Re-fight,subarea,substage_entrance,EntranceDB,PictureBossMagma,sub_near,obj5970,Substage near side: PictureBossMagma,-11100.000,18450.000,7800.000,0;1;2;3;4;5;6;7;8;9;10;11;12;13;14,Vanilla door PeachWorldPictureBossMagmaStage<->RevengeBossMagmaStage (fixed).,
RevengeBossMagmaStage::entrance::PictureBossMagma::sub_far,Mushroom Kingdom,RevengeBossMagmaStage,Cookatiel Boss Re-fight,subarea,substage_entrance,EntranceDB,PictureBossMagma,sub_far,obj5970,Substage far side: PictureBossMagma,-11100.000,18450.000,7800.000,0;1;2;3;4;5;6;7;8;9;10;11;12;13;14,Vanilla door PeachWorldPictureBossMagmaStage<->RevengeBossMagmaStage (fixed).,
PeachWorldPictureBossRaidStage::entrance::PictureBossRaid::home_in,Mushroom Kingdom,PeachWorldPictureBossRaidStage,Painting Room: Lord of Lightning,subarea,home_entrance,EntranceDB,PictureBossRaid,home_in,obj30,Home entrance: PictureBossRaid,0.000,600.000,-900.000,0;1;2;3;4;5;6;7;8;9;10;11;12;13;14,Vanilla door PeachWorldPictureBossRaidStage<->RevengeBossRaidStage (fixed).,
PeachWorldPictureBossRaidStage::entrance::PictureBossRaid::home_out,Mushroom Kingdom,PeachWorldPictureBossRaidStage,Painting Room: Lord of Lightning,subarea,home_entrance,EntranceDB,PictureBossRaid,home_out,obj30,Home return: PictureBossRaid,0.000,600.000,-900.000,0;1;2;3;4;5;6;7;8;9;10;11;12;13;14,Vanilla door PeachWorldPictureBossRaidStage<->RevengeBossRaidStage (fixed).,
RevengeBossRaidStage::entrance::PictureBossRaid::sub_near,Mushroom Kingdom,RevengeBossRaidStage,Lord of Lightning Boss Re-fight,subarea,substage_entrance,EntranceDB,PictureBossRaid,sub_near,obj299,Substage near side: PictureBossRaid,0.000,50.000,200.000,0;1;2;3;4;5;6;7;8;9;10;11;12;13;14,Vanilla door PeachWorldPictureBossRaidStage<->RevengeBossRaidStage (fixed).,
RevengeBossRaidStage::entrance::PictureBossRaid::sub_far,Mushroom Kingdom,RevengeBossRaidStage,Lord of Lightning Boss Re-fight,subarea,substage_entrance,EntranceDB,PictureBossRaid,sub_far,obj299,Substage far side: PictureBossRaid,0.000,50.000,200.000,0;1;2;3;4;5;6;7;8;9;10;11;12;13;14,Vanilla door PeachWorldPictureBossRaidStage<->RevengeBossRaidStage (fixed).,
PeachWorldPictureGiantWanderBossStage::entrance::PictureGiantWanderBoss::home_in,Mushroom Kingdom,PeachWorldPictureGiantWanderBossStage,Painting Room: Mollusque-Lanceur,subarea,home_entrance,EntranceDB,PictureGiantWanderBoss,home_in,obj30,Home entrance: PictureGiantWanderBoss,0.000,600.000,-900.000,0;1;2;3;4;5;6;7;8;9;10;11;12;13;14,Vanilla door PeachWorldPictureGiantWanderBossStage<->RevengeGiantWanderBossStage (fixed).,
PeachWorldPictureGiantWanderBossStage::entrance::PictureGiantWanderBoss::home_out,Mushroom Kingdom,PeachWorldPictureGiantWanderBossStage,Painting Room: Mollusque-Lanceur,subarea,home_entrance,EntranceDB,PictureGiantWanderBoss,home_out,obj30,Home return: PictureGiantWanderBoss,0.000,600.000,-900.000,0;1;2;3;4;5;6;7;8;9;10;11;12;13;14,Vanilla door PeachWorldPictureGiantWanderBossStage<->RevengeGiantWanderBossStage (fixed).,
RevengeGiantWanderBossStage::entrance::PictureGiantWanderBoss::sub_near,Mushroom Kingdom,RevengeGiantWanderBossStage,Mollusque-Lanceur Boss Re-fight,subarea,substage_entrance,EntranceDB,PictureGiantWanderBoss,sub_near,obj2710,Substage near side: PictureGiantWanderBoss,-250.000,1550.000,200.000,0;1;2;3;4;5;6;7;8;9;10;11;12;13;14,Vanilla door PeachWorldPictureGiantWanderBossStage<->RevengeGiantWanderBossStage (fixed).,
RevengeGiantWanderBossStage::entrance::PictureGiantWanderBoss::sub_far,Mushroom Kingdom,RevengeGiantWanderBossStage,Mollusque-Lanceur Boss Re-fight,subarea,substage_entrance,EntranceDB,PictureGiantWanderBoss,sub_far,obj2710,Substage far side: PictureGiantWanderBoss,-250.000,1550.000,200.000,0;1;2;3;4;5;6;7;8;9;10;11;12;13;14,Vanilla door PeachWorldPictureGiantWanderBossStage<->RevengeGiantWanderBossStage (fixed).,
PeachWorldPictureMofumofuStage::entrance::PictureMofumofu::home_in,Mushroom Kingdom,PeachWorldPictureMofumofuStage,Painting Room: Mechawiggler,subarea,home_entrance,EntranceDB,PictureMofumofu,home_in,obj30,Home entrance: PictureMofumofu,0.000,600.000,-900.000,0;1;2;3;4;5;6;7;8;9;10;11;12;13;14,Vanilla door PeachWorldPictureMofumofuStage<->RevengeMofumofuStage (fixed).,
PeachWorldPictureMofumofuStage::entrance::PictureMofumofu::home_out,Mushroom Kingdom,PeachWorldPictureMofumofuStage,Painting Room: Mechawiggler,subarea,home_entrance,EntranceDB,PictureMofumofu,home_out,obj30,Home return: PictureMofumofu,0.000,600.000,-900.000,0;1;2;3;4;5;6;7;8;9;10;11;12;13;14,Vanilla door PeachWorldPictureMofumofuStage<->RevengeMofumofuStage (fixed).,
RevengeMofumofuStage::entrance::PictureMofumofu::sub_near,Mushroom Kingdom,RevengeMofumofuStage,Mechawiggler Boss Re-fight,subarea,substage_entrance,EntranceDB,PictureMofumofu,sub_near,obj69,Substage near side: PictureMofumofu,0.000,150.000,-6250.000,0;1;2;3;4;5;6;7;8;9;10;11;12;13;14,Vanilla door PeachWorldPictureMofumofuStage<->RevengeMofumofuStage (fixed).,
RevengeMofumofuStage::entrance::PictureMofumofu::sub_far,Mushroom Kingdom,RevengeMofumofuStage,Mechawiggler Boss Re-fight,subarea,substage_entrance,EntranceDB,PictureMofumofu,sub_far,obj69,Substage far side: PictureMofumofu,0.000,150.000,-6250.000,0;1;2;3;4;5;6;7;8;9;10;11;12;13;14,Vanilla door PeachWorldPictureMofumofuStage<->RevengeMofumofuStage (fixed).,
PeachWorldPictureBossMagmaStage::stage_change::BossMagmaA::raw,Mushroom Kingdom,PeachWorldPictureBossMagmaStage,Painting Room: Cookatiel,subarea,stage_change,StageData,BossMagmaA,raw,obj25,Stage Change BossMagmaA,0.000,-100.000,1700.000,0;1;2;3;4;5;6;7;8;9;10;11;12;13;14,Raw UnitConfigName=ChangeStageArea.,
PeachWorldPictureBossMagmaStage::stage_change::PictureBossMagma::raw,Mushroom Kingdom,PeachWorldPictureBossMagmaStage,Painting Room: Cookatiel,subarea,fixed_transition,fixed_transition,PictureBossMagma,,obj30,Painting to Cookatiel Boss Re-fight,0.000,600.000,-900.000,0;1;2;3;4;5;6;7;8;9;10;11;12;13;14,Fixed vanilla painting transition to RevengeBossMagmaStage; not part of entrance or painting randomization.,fixed
PeachWorldPictureBossMagmaStage::start,Mushroom Kingdom,PeachWorldPictureBossMagmaStage,Painting Room: Cookatiel,subarea,stage_start,generated,,,,Default start,,,,,Rename or split if this stage has multiple meaningful starts.,
PeachWorldPictureBossMagmaStage::entrance::BossMagmaA::sub_far,Mushroom Kingdom,PeachWorldPictureBossMagmaStage,Painting Room: Cookatiel,subarea,substage_entrance,EntranceDB,BossMagmaA,sub_far,obj25,Substage far side: BossMagmaA,0.000,-100.000,1700.000,0;1;2;3;4;5;6;7;8;9;10;11;12;13;14,Connected from PeachWorldHomeStage.,
PeachWorldPictureBossMagmaStage::entrance::BossMagmaA::sub_near,Mushroom Kingdom,PeachWorldPictureBossMagmaStage,Painting Room: Cookatiel,subarea,substage_entrance,EntranceDB,BossMagmaA,sub_near,obj25,Substage near side: BossMagmaA,0.000,-100.000,1700.000,0;1;2;3;4;5;6;7;8;9;10;11;12;13;14,Connected from PeachWorldHomeStage.,
PeachWorldPictureBossMagmaStage::entrance::PictureBossMagma::home_in,Mushroom Kingdom,PeachWorldPictureBossMagmaStage,Painting Room: Cookatiel,subarea,home_entrance,EntranceDB,PictureBossMagma,home_in,obj30,Home entrance: PictureBossMagma,0.000,600.000,-900.000,0;1;2;3;4;5;6;7;8;9;10;11;12;13;14,Vanilla door PeachWorldPictureBossMagmaStage<->RevengeBossMagmaStage (fixed).,
PeachWorldPictureBossMagmaStage::entrance::PictureBossMagma::home_out,Mushroom Kingdom,PeachWorldPictureBossMagmaStage,Painting Room: Cookatiel,subarea,home_entrance,EntranceDB,PictureBossMagma,home_out,obj30,Home return: PictureBossMagma,0.000,600.000,-900.000,0;1;2;3;4;5;6;7;8;9;10;11;12;13;14,Vanilla door PeachWorldPictureBossMagmaStage<->RevengeBossMagmaStage (fixed).,
PeachWorldPictureBossKnuckleStage::stage_change::BossKnuckleA::raw,Mushroom Kingdom,PeachWorldPictureBossKnuckleStage,Painting Room: Knucklotec,subarea,stage_change,StageData,BossKnuckleA,raw,obj25,Stage Change BossKnuckleA,0.000,-100.000,1700.000,0;1;2;3;4;5;6;7;8;9;10;11;12;13;14,Raw UnitConfigName=ChangeStageArea.,
PeachWorldPictureBossKnuckleStage::stage_change::PictureBossKnuckle::raw,Mushroom Kingdom,PeachWorldPictureBossKnuckleStage,Painting Room: Knucklotec,subarea,fixed_transition,fixed_transition,PictureBossKnuckle,,obj30,Painting to Knucklotec Boss Re-fight,0.000,600.000,-900.000,0;1;2;3;4;5;6;7;8;9;10;11;12;13;14,Fixed vanilla painting transition to RevengeBossKnuckleStage; not part of entrance or painting randomization.,fixed
PeachWorldPictureBossKnuckleStage::start,Mushroom Kingdom,PeachWorldPictureBossKnuckleStage,Painting Room: Knucklotec,subarea,stage_start,generated,,,,Default start,,,,,Rename or split if this stage has multiple meaningful starts.,
PeachWorldPictureBossKnuckleStage::entrance::BossKnuckleA::sub_far,Mushroom Kingdom,PeachWorldPictureBossKnuckleStage,Painting Room: Knucklotec,subarea,substage_entrance,EntranceDB,BossKnuckleA,sub_far,obj25,Substage far side: BossKnuckleA,0.000,-100.000,1700.000,0;1;2;3;4;5;6;7;8;9;10;11;12;13;14,Connected from PeachWorldHomeStage.,
PeachWorldPictureBossKnuckleStage::entrance::BossKnuckleA::sub_near,Mushroom Kingdom,PeachWorldPictureBossKnuckleStage,Painting Room: Knucklotec,subarea,substage_entrance,EntranceDB,BossKnuckleA,sub_near,obj25,Substage near side: BossKnuckleA,0.000,-100.000,1700.000,0;1;2;3;4;5;6;7;8;9;10;11;12;13;14,Connected from PeachWorldHomeStage.,
PeachWorldPictureBossKnuckleStage::entrance::PictureBossKnuckle::home_in,Mushroom Kingdom,PeachWorldPictureBossKnuckleStage,Painting Room: Knucklotec,subarea,home_entrance,EntranceDB,PictureBossKnuckle,home_in,obj30,Home entrance: PictureBossKnuckle,0.000,600.000,-900.000,0;1;2;3;4;5;6;7;8;9;10;11;12;13;14,Vanilla door PeachWorldPictureBossKnuckleStage<->RevengeBossKnuckleStage (fixed).,
PeachWorldPictureBossKnuckleStage::entrance::PictureBossKnuckle::home_out,Mushroom Kingdom,PeachWorldPictureBossKnuckleStage,Painting Room: Knucklotec,subarea,home_entrance,EntranceDB,PictureBossKnuckle,home_out,obj30,Home return: PictureBossKnuckle,0.000,600.000,-900.000,0;1;2;3;4;5;6;7;8;9;10;11;12;13;14,Vanilla door PeachWorldPictureBossKnuckleStage<->RevengeBossKnuckleStage (fixed).,
AttackWorldHomeStage::start,Ruined Kingdom,AttackWorldHomeStage,Ruined Kingdom,subarea,stage_start,generated,,,,Default start,,,,,Rename or split if this stage has multiple meaningful starts.,
BossRaidWorldHomeStage::entrance::BossRaidWorldEx01_Eixt::home_in,Ruined Kingdom,BossRaidWorldHomeStage,Ruined Kingdom,overworld,home_entrance,EntranceDB,BossRaidWorldEx01_Eixt,home_in,obj377,Home entrance: BossRaidWorldEx01_Eixt,-2850.000,0.000,1100.000,1;2;3,Links to DotTowerExStage. StageData anchor UnitConfigName=BazookaElectric.,
BossRaidWorldHomeStage::entrance::BossRaidWorldEx01_Eixt::home_out,Ruined Kingdom,BossRaidWorldHomeStage,Ruined Kingdom,overworld,home_entrance,EntranceDB,BossRaidWorldEx01_Eixt,home_out,obj377,Home return: BossRaidWorldEx01_Eixt,-2850.000,0.000,1100.000,1;2;3,Links to DotTowerExStage. StageData anchor UnitConfigName=BazookaElectric.,
BossRaidWorldHomeStage::entrance::BossRaidWorldMoonEx02_Enter::home_in,Ruined Kingdom,BossRaidWorldHomeStage,Ruined Kingdom,overworld,home_entrance,EntranceDB,BossRaidWorldMoonEx02_Enter,home_in,obj375,Home entrance: BossRaidWorldMoonEx02_Enter,13500.000,-31688.430,49300.000,3,Links to BullRunExStage. StageData anchor UnitConfigName=DokanStageChange.,
BossRaidWorldHomeStage::entrance::BossRaidWorldMoonEx02_Exit::home_out,Ruined Kingdom,BossRaidWorldHomeStage,Ruined Kingdom,overworld,home_entrance,EntranceDB,BossRaidWorldMoonEx02_Exit,home_out,obj376,Home return: BossRaidWorldMoonEx02_Exit,14200.000,-31671.615,49200.000,3,Links to BullRunExStage. StageData anchor UnitConfigName=DokanStageChange.,
BossRaidWorldHomeStage::stage_change::BossRaidWorldEx01_Eixt::raw,Ruined Kingdom,BossRaidWorldHomeStage,Ruined Kingdom,overworld,stage_change,StageData,BossRaidWorldEx01_Eixt,raw,obj377,Stage Change BossRaidWorldEx01_Eixt,-2850.000,0.000,1100.000,1;2;3,Raw UnitConfigName=BazookaElectric.,
BossRaidWorldHomeStage::stage_change::BossRaidWorldMoonEx02_Enter::raw,Ruined Kingdom,BossRaidWorldHomeStage,Ruined Kingdom,overworld,stage_change,StageData,BossRaidWorldMoonEx02_Enter,raw,obj375,Stage Change BossRaidWorldMoonEx02_Enter,13500.000,-31688.430,49300.000,3,Raw UnitConfigName=DokanStageChange.,
BossRaidWorldHomeStage::stage_change::BossRaidWorldMoonEx02_Exit::raw,Ruined Kingdom,BossRaidWorldHomeStage,Ruined Kingdom,overworld,stage_change,StageData,BossRaidWorldMoonEx02_Exit,raw,obj376,Stage Change BossRaidWorldMoonEx02_Exit,14200.000,-31671.615,49200.000,3,Raw UnitConfigName=DokanStageChange.,
BossRaidWorldHomeStage::start,Ruined Kingdom,BossRaidWorldHomeStage,Ruined Kingdom,overworld,stage_start,generated,,,,Default start,,,,,Rename or split if this stage has multiple meaningful starts.,
BossRaidWorldHomeStage::event::MoonRockActive_Ruined,Ruined Kingdom,BossRaidWorldHomeStage,Ruined Kingdom,overworld,state_event,StageData:progression_events,,,obj395,Moon Rock,20150.000,-32768.344,45350.000,3,Fill the route to the Moon Rock and any prerequisite story/global state. Location imported from StageData obj obj395.,
BossRaidWorldHomeStage::event::WorldPeace_Ruined,Ruined Kingdom,BossRaidWorldHomeStage,Ruined Kingdom,overworld,state_event,progression_events,,,,Ruined Kingdom World Peace,,,,,Fill the story moons/bosses that must be completed for world peace in this kingdom.,
BullRunExStage::stage_change::BossRaidWorldMoonEx02_Enter::raw,Ruined Kingdom,BullRunExStage,Mummy Army,subarea,stage_change,StageData,BossRaidWorldMoonEx02_Enter,raw,obj511,Stage Change BossRaidWorldMoonEx02_Enter,-400.000,550.000,5200.000,0;1;2;3;4;5;6;7;8;9;10;11;12;13;14,Raw UnitConfigName=DokanStageChange.,
BullRunExStage::stage_change::BossRaidWorldMoonEx02_Exit::raw,Ruined Kingdom,BullRunExStage,Mummy Army,subarea,stage_change,StageData,BossRaidWorldMoonEx02_Exit,raw,obj512,Stage Change BossRaidWorldMoonEx02_Exit,0.000,300.000,-6100.000,0;1;2;3;4;5;6;7;8;9;10;11;12;13;14,Raw UnitConfigName=DokanStageChange.,
BullRunExStage::start,Ruined Kingdom,BullRunExStage,Mummy Army,subarea,stage_start,generated,,,,Default start,,,,,Rename or split if this stage has multiple meaningful starts.,
BullRunExStage::entrance::BossRaidWorldMoonEx02_Enter::sub_near,Ruined Kingdom,BullRunExStage,Mummy Army,subarea,substage_entrance,EntranceDB,BossRaidWorldMoonEx02_Enter,sub_near,obj511,Substage near side: BossRaidWorldMoonEx02_Enter,-400.000,550.000,5200.000,0;1;2;3;4;5;6;7;8;9;10;11;12;13;14,Connected from BossRaidWorldHomeStage. StageData anchor UnitConfigName=DokanStageChange.,
BullRunExStage::entrance::BossRaidWorldMoonEx02_Exit::sub_far,Ruined Kingdom,BullRunExStage,Mummy Army,subarea,substage_entrance,EntranceDB,BossRaidWorldMoonEx02_Exit,sub_far,obj512,Substage far side: BossRaidWorldMoonEx02_Exit,0.000,300.000,-6100.000,0;1;2;3;4;5;6;7;8;9;10;11;12;13;14,Connected from BossRaidWorldHomeStage. StageData anchor UnitConfigName=DokanStageChange.,
DotTowerExStage::stage_change::BossRaidWorldEx01_Eixt::raw,Ruined Kingdom,DotTowerExStage,Roulette Tower,subarea,stage_change,StageData,BossRaidWorldEx01_Eixt,raw,obj340,Stage Change BossRaidWorldEx01_Eixt,800.000,9600.000,0.000,0;1;2;3;4;5;6;7;8;9;10;11;12;13;14,Raw UnitConfigName=BazookaElectric.,
DotTowerExStage::start,Ruined Kingdom,DotTowerExStage,Roulette Tower,subarea,stage_start,generated,,,,Default start,,,,,Rename or split if this stage has multiple meaningful starts.,
DotTowerExStage::entrance::BossRaidWorldEx01_Eixt::sub_far,Ruined Kingdom,DotTowerExStage,Roulette Tower,subarea,substage_entrance,EntranceDB,BossRaidWorldEx01_Eixt,sub_far,obj340;obj341,Substage far side: BossRaidWorldEx01_Eixt,,,,0;1;2;3;4;5;6;7;8;9;10;11;12;13;14,Connected from BossRaidWorldHomeStage. StageData anchor UnitConfigName=BazookaElectric.,
DotTowerExStage::entrance::BossRaidWorldEx01_Eixt::sub_near,Ruined Kingdom,DotTowerExStage,Roulette Tower,subarea,substage_entrance,EntranceDB,BossRaidWorldEx01_Eixt,sub_near,obj340;obj341,Substage near side: BossRaidWorldEx01_Eixt,,,,0;1;2;3;4;5;6;7;8;9;10;11;12;13;14,Connected from BossRaidWorldHomeStage. StageData anchor UnitConfigName=BazookaElectric.,
BossRaidWorldHomeStage::place::new_place,Ruined Kingdom,BossRaidWorldHomeStage,Ruined Kingdom,overworld,custom_place,editor,,,,Arena,,,,,Human-authored logic place.,
MeganeLiftExStage::stage_change::meganelift01::raw,Sand Kingdom,MeganeLiftExStage,The Invisible Maze,subarea,stage_change,StageData,meganelift01,raw,obj359,Stage Change meganelift01,-2000.000,200.000,1600.000,0;1;2;3;4;5;6;7;8;9;10;11;12;13;14,Raw UnitConfigName=DokanStageChange.,
MeganeLiftExStage::stage_change::meganelift02::raw,Sand Kingdom,MeganeLiftExStage,The Invisible Maze,subarea,stage_change,StageData,meganelift02,raw,obj360,Stage Change meganelift02,400.000,300.000,-18200.000,0;1;2;3;4;5;6;7;8;9;10;11;12;13;14,Raw UnitConfigName=DokanStageChange.,
MeganeLiftExStage::start,Sand Kingdom,MeganeLiftExStage,The Invisible Maze,subarea,stage_start,generated,,,,Default start,,,,,Rename or split if this stage has multiple meaningful starts.,
MeganeLiftExStage::entrance::meganelift01::sub_near,Sand Kingdom,MeganeLiftExStage,The Invisible Maze,subarea,substage_entrance,EntranceDB,meganelift01,sub_near,obj359,Substage near side: meganelift01,-2000.000,200.000,1600.000,0;1;2;3;4;5;6;7;8;9;10;11;12;13;14,Connected from SandWorldHomeStage. StageData anchor UnitConfigName=DokanStageChange.,
MeganeLiftExStage::entrance::meganelift02::sub_far,Sand Kingdom,MeganeLiftExStage,The Invisible Maze,subarea,substage_entrance,EntranceDB,meganelift02,sub_far,obj360,Substage far side: meganelift02,400.000,300.000,-18200.000,0;1;2;3;4;5;6;7;8;9;10;11;12;13;14,Connected from SandWorldHomeStage. StageData anchor UnitConfigName=DokanStageChange.,
RocketFlowerExStage::stage_change::rocket::raw,Sand Kingdom,RocketFlowerExStage,Colossal Ruins,subarea,stage_change,StageData,rocket,raw,obj62,Stage Change rocket,13900.000,-1000.000,2800.000,0;1;2;3;4;5;6;7;8;9;10;11;12;13;14,Raw UnitConfigName=DokanStageChange.,
RocketFlowerExStage::start,Sand Kingdom,RocketFlowerExStage,Colossal Ruins,subarea,stage_start,generated,,,,Default start,,,,,Rename or split if this stage has multiple meaningful starts.,
RocketFlowerExStage::entrance::rocket::sub_far,Sand Kingdom,RocketFlowerExStage,Colossal Ruins,subarea,substage_entrance,EntranceDB,rocket,sub_far,obj62,Substage far side: rocket,13900.000,-1000.000,2800.000,0;1;2;3;4;5;6;7;8;9;10;11;12;13;14,Connected from SandWorldHomeStage. StageData anchor UnitConfigName=DokanStageChange.,
RocketFlowerExStage::entrance::rocket::sub_near,Sand Kingdom,RocketFlowerExStage,Colossal Ruins,subarea,substage_entrance,EntranceDB,rocket,sub_near,obj62,Substage near side: rocket,13900.000,-1000.000,2800.000,0;1;2;3;4;5;6;7;8;9;10;11;12;13;14,Connected from SandWorldHomeStage. StageData anchor UnitConfigName=DokanStageChange.,
SandWorldCostumeStage::stage_change::abc::raw,Sand Kingdom,SandWorldCostumeStage,Costume Room,subarea,stage_change,StageData,abc,raw,obj11,Stage Change abc,0.000,-100.000,1200.000,0;1;2;3;4;5;6;7;8;9;10;11;12;13;14,Raw UnitConfigName=ChangeStageArea.,
SandWorldCostumeStage::start,Sand Kingdom,SandWorldCostumeStage,Costume Room,subarea,stage_start,generated,,,,Default start,,,,,Rename or split if this stage has multiple meaningful starts.,
SandWorldCostumeStage::entrance::abc::sub_far,Sand Kingdom,SandWorldCostumeStage,Costume Room,subarea,substage_entrance,EntranceDB,abc,sub_far,obj11,Substage far side: abc,0.000,-100.000,1200.000,0;1;2;3;4;5;6;7;8;9;10;11;12;13;14,Connected from SandWorldHomeStage. StageData anchor UnitConfigName=ChangeStageArea.,
SandWorldCostumeStage::entrance::abc::sub_near,Sand Kingdom,SandWorldCostumeStage,Costume Room,subarea,substage_entrance,EntranceDB,abc,sub_near,obj11,Substage near side: abc,0.000,-100.000,1200.000,0;1;2;3;4;5;6;7;8;9;10;11;12;13;14,Connected from SandWorldHomeStage. StageData anchor UnitConfigName=ChangeStageArea.,
SandWorldHomeStage::checkpoint::obj1511,Sand Kingdom,SandWorldHomeStage,Sand Kingdom,overworld,checkpoint,StageData,,,obj1511,Moe-Eye Habitat Checkpoint (obj1511),-8800.000,-1350.000,3300.000,0;1;2;3;4;7;8;9,Raw UnitConfigName=CheckpointFlag.,
SandWorldHomeStage::checkpoint::obj1595,Sand Kingdom,SandWorldHomeStage,Sand Kingdom,overworld,checkpoint,StageData,,,obj1595,Tostarena Northwest Reaches Checkpoint (obj1595),-30250.000,-1636.411,12100.002,0;1;2;3;4;7;8;9,Raw UnitConfigName=CheckpointFlag.,
SandWorldHomeStage::checkpoint::obj1597,Sand Kingdom,SandWorldHomeStage,Sand Kingdom,overworld,checkpoint,StageData,,,obj1597,Desert Oasis Checkpoint (obj1597),27741.602,-450.000,-31950.000,0;1;2;3;4;7;8;9,Raw UnitConfigName=CheckpointFlag.,
SandWorldHomeStage::checkpoint::obj525,Sand Kingdom,SandWorldHomeStage,Sand Kingdom,overworld,checkpoint,StageData,,,obj525,Tostarena Ruins Round Tower Checkpoint (obj525),-8500.000,4500.000,-15927.484,0;1;2;3;4;7;8;9,Raw UnitConfigName=CheckpointFlag.,
SandWorldHomeStage::checkpoint::obj530,Sand Kingdom,SandWorldHomeStage,Sand Kingdom,overworld,checkpoint,StageData,,,obj530,Jaxi Ruins Checkpoint (obj530),-2950.000,200.000,-32800.000,0;1;2;3;4;7;8;9,Raw UnitConfigName=CheckpointFlag.,
SandWorldHomeStage::checkpoint::obj5575,Sand Kingdom,SandWorldHomeStage,Sand Kingdom,overworld,checkpoint,StageData,,,obj5575,Southwestern Floating Island Checkpoint (obj5575),20700.000,5600.000,7150.000,0;1;2;3;4;7;8;9,Raw UnitConfigName=CheckpointFlag.,
SandWorldHomeStage::checkpoint::obj655,Sand Kingdom,SandWorldHomeStage,Sand Kingdom,overworld,checkpoint,StageData,,,obj655,Tostarena Town Checkpoint (obj655),24200.000,-2331.549,-12850.000,0;1;2;3;4;7;8;9,Raw UnitConfigName=CheckpointFlag.,
SandWorldHomeStage::checkpoint::obj98,Sand Kingdom,SandWorldHomeStage,Sand Kingdom,overworld,checkpoint,StageData,,,obj98,Tostarena Ruins Sand Pillar Checkpoint (obj98),-3500.000,100.000,-20200.000,0;1;2;3;4;7;8;9,Raw UnitConfigName=CheckpointFlag.,
SandWorldHomeStage::checkpoint::obj99,Sand Kingdom,SandWorldHomeStage,Sand Kingdom,overworld,checkpoint,StageData,,,obj99,Tostarena Ruins Entrance Checkpoint (obj99),4650.000,-1200.000,-13150.000,0;1;2;3;4;7;8;9,Raw UnitConfigName=CheckpointFlag.,
SandWorldHomeStage::entrance::EX_2DHosui::home_in,Sand Kingdom,SandWorldHomeStage,Sand Kingdom,overworld,home_entrance,EntranceDB,EX_2DHosui,home_in,obj4240,Home entrance: EX_2DHosui,-21899.996,72.858,-35750.000,4,Links to WaterTubeExStage. StageData anchor UnitConfigName=DokanStageChange.,
SandWorldHomeStage::entrance::EX_2DHosui_Exit::home_out,Sand Kingdom,SandWorldHomeStage,Sand Kingdom,overworld,home_entrance,EntranceDB,EX_2DHosui_Exit,home_out,obj4241,Home return: EX_2DHosui_Exit,-21900.000,82.871,-35200.000,4,Links to WaterTubeExStage. StageData anchor UnitConfigName=DokanStageChange.,
SandWorldHomeStage::entrance::aaa::home_in,Sand Kingdom,SandWorldHomeStage,Sand Kingdom,overworld,home_entrance,EntranceDB,aaa,home_in,obj2542,Home entrance: aaa,-2950.000,-2450.000,-29300.000,0;1;2;3;4;5;6;7;8;9;10;11;12;13;14,Links to SandWorldSphinxExStage. StageData anchor UnitConfigName=ChangeStageArea.,
SandWorldHomeStage::entrance::aaa::home_out,Sand Kingdom,SandWorldHomeStage,Sand Kingdom,overworld,home_entrance,EntranceDB,aaa,home_out,obj2542,Home return: aaa,-2950.000,-2450.000,-29300.000,0;1;2;3;4;5;6;7;8;9;10;11;12;13;14,Links to SandWorldSphinxExStage. StageData anchor UnitConfigName=ChangeStageArea.,
SandWorldHomeStage::entrance::abc::home_in,Sand Kingdom,SandWorldHomeStage,Sand Kingdom,overworld,home_entrance,EntranceDB,abc,home_in,obj3981,Home entrance: abc,17020.000,-1750.000,-9978.000,0;1;2;3;4;5;6;7;8;9;10;11;12;13;14,Links to SandWorldCostumeStage. StageData anchor UnitConfigName=DoorWarpStageChange.,
SandWorldHomeStage::entrance::abc::home_out,Sand Kingdom,SandWorldHomeStage,Sand Kingdom,overworld,home_entrance,EntranceDB,abc,home_out,obj3981,Home return: abc,17020.000,-1750.000,-9978.000,0;1;2;3;4;5;6;7;8;9;10;11;12;13;14,Links to SandWorldCostumeStage. StageData anchor UnitConfigName=DoorWarpStageChange.,
SandWorldHomeStage::entrance::anki2::home_in,Sand Kingdom,SandWorldHomeStage,Sand Kingdom,overworld,home_entrance,EntranceDB,anki2,home_in,obj1582,Home entrance: anki2,-16100.000,-1658.563,250.000,0;1;2;3;4;7;8;9,Links to SandWorldMeganeExStage. StageData anchor UnitConfigName=DokanStageChange.,
SandWorldHomeStage::entrance::anki2::home_out,Sand Kingdom,SandWorldHomeStage,Sand Kingdom,overworld,home_entrance,EntranceDB,anki2,home_out,obj1582,Home return: anki2,-16100.000,-1658.563,250.000,0;1;2;3;4;7;8;9,Links to SandWorldMeganeExStage. StageData anchor UnitConfigName=DokanStageChange.,
SandWorldHomeStage::entrance::arijigoku2::home_out,Sand Kingdom,SandWorldHomeStage,Sand Kingdom,overworld,home_entrance,EntranceDB,arijigoku2,home_out,obj2160,Home return: arijigoku2,-2600.000,200.000,-33050.000,0;1;2;3;4;7;8;9,Links to SandWorldPressExStage. StageData anchor UnitConfigName=DokanStageChange.,
SandWorldHomeStage::entrance::bar1::home_in,Sand Kingdom,SandWorldHomeStage,Sand Kingdom,overworld,home_entrance,EntranceDB,bar1,home_in,obj2555,Home entrance: bar1,23055.000,-2420.000,-11315.000,0;1;2;3;4;5;6;7;8;9;10;11;12;13;14,Links to SandWorldShopStage. StageData anchor UnitConfigName=DoorWarpStageChange.,
SandWorldHomeStage::entrance::bar1::home_out,Sand Kingdom,SandWorldHomeStage,Sand Kingdom,overworld,home_entrance,EntranceDB,bar1,home_out,obj2555,Home return: bar1,23055.000,-2420.000,-11315.000,0;1;2;3;4;5;6;7;8;9;10;11;12;13;14,Links to SandWorldShopStage. StageData anchor UnitConfigName=DoorWarpStageChange.,
SandWorldHomeStage::entrance::bar2::home_in,Sand Kingdom,SandWorldHomeStage,Sand Kingdom,overworld,home_entrance,EntranceDB,bar2,home_in,obj3657,Home entrance: bar2,21567.699,-2600.000,-10216.547,0;1;2;3;4;5;6;7;8;9;10;11;12;13;14,Links to SandWorldShopStage. StageData anchor UnitConfigName=ChangeStageArea.,
SandWorldHomeStage::entrance::bar2::home_out,Sand Kingdom,SandWorldHomeStage,Sand Kingdom,overworld,home_entrance,EntranceDB,bar2,home_out,obj3657,Home return: bar2,21567.699,-2600.000,-10216.547,0;1;2;3;4;5;6;7;8;9;10;11;12;13;14,Links to SandWorldShopStage. StageData anchor UnitConfigName=ChangeStageArea.,
SandWorldHomeStage::entrance::biru::home_in,Sand Kingdom,SandWorldHomeStage,Sand Kingdom,overworld,home_entrance,EntranceDB,biru,home_in,obj446,Home entrance: biru,18954.480,-350.000,-14175.773,0;1;2;3;4;7;8;9,Links to SandWorldRotateExStage. StageData anchor UnitConfigName=BazookaElectric.,
SandWorldHomeStage::entrance::birureturn::home_out,Sand Kingdom,SandWorldHomeStage,Sand Kingdom,overworld,home_entrance,EntranceDB,birureturn,home_out,obj39,Home return: birureturn,-5600.000,1000.000,50.000,0;1;2;3;4;5;6;7;8;9;10;11;12;13;14,Links to SandWorldRotateExStage.,
SandWorldHomeStage::entrance::doukutu1::home_in,Sand Kingdom,SandWorldHomeStage,Sand Kingdom,overworld,home_entrance,EntranceDB,doukutu1,home_in,obj510,Home entrance: doukutu1,-32375.000,-1550.000,11700.000,0;1;2;3;4;7;8;9,Links to SandWorldKillerExStage. StageData anchor UnitConfigName=ChangeStageArea.,
SandWorldHomeStage::entrance::doukutu2::home_out,Sand Kingdom,SandWorldHomeStage,Sand Kingdom,overworld,home_entrance,EntranceDB,doukutu2,home_out,obj3279,Home return: doukutu2,-32050.000,100.000,11550.000,0;1;2;3;4;5;6;7;8;9;10;11;12;13;14,Links to SandWorldKillerExStage. StageData anchor UnitConfigName=DokanStageChange.,
SandWorldHomeStage::entrance::hide::home_in,Sand Kingdom,SandWorldHomeStage,Sand Kingdom,overworld,home_entrance,EntranceDB,hide,home_in,obj3936,Home entrance: hide,-9700.000,-1850.000,-14400.000,0;1;2;3;4;7;8;9,Links to SandWorldSecretStage. StageData anchor UnitConfigName=ChangeStageArea.,
SandWorldHomeStage::entrance::hide::home_out,Sand Kingdom,SandWorldHomeStage,Sand Kingdom,overworld,home_entrance,EntranceDB,hide,home_out,obj3936,Home return: hide,-9700.000,-1850.000,-14400.000,0;1;2;3;4;7;8;9,Links to SandWorldSecretStage. StageData anchor UnitConfigName=ChangeStageArea.,
SandWorldHomeStage::entrance::meganelift01::home_in,Sand Kingdom,SandWorldHomeStage,Sand Kingdom,overworld,home_entrance,EntranceDB,meganelift01,home_in,obj3992,Home entrance: meganelift01,27250.000,-1678.228,-11050.000,4,Links to MeganeLiftExStage. StageData anchor UnitConfigName=DokanStageChange.,
SandWorldHomeStage::entrance::meganelift02::home_out,Sand Kingdom,SandWorldHomeStage,Sand Kingdom,overworld,home_entrance,EntranceDB,meganelift02,home_out,obj3993,Home return: meganelift02,28100.000,-2000.000,-11600.000,4,Links to MeganeLiftExStage. StageData anchor UnitConfigName=DokanStageChange.,
SandWorldHomeStage::entrance::rocket::home_in,Sand Kingdom,SandWorldHomeStage,Sand Kingdom,overworld,home_entrance,EntranceDB,rocket,home_in,obj4239,Home entrance: rocket,3200.000,-1020.428,-11900.000,4,Links to RocketFlowerExStage. StageData anchor UnitConfigName=DokanStageChange.,
SandWorldHomeStage::entrance::rocket::home_out,Sand Kingdom,SandWorldHomeStage,Sand Kingdom,overworld,home_entrance,EntranceDB,rocket,home_out,obj4239,Home return: rocket,3200.000,-1020.428,-11900.000,4,Links to RocketFlowerExStage. StageData anchor UnitConfigName=DokanStageChange.,
SandWorldHomeStage::entrance::run00::home_in,Sand Kingdom,SandWorldHomeStage,Sand Kingdom,overworld,home_entrance,EntranceDB,run00,home_in,obj2550,Home entrance: run00,-1065.000,-1700.000,-37365.000,0;1;2;3;4;7;8;9,Links to SandWorldSphinxExStage. StageData anchor UnitConfigName=DokanStageChange.,
SandWorldHomeStage::entrance::run00::home_out,Sand Kingdom,SandWorldHomeStage,Sand Kingdom,overworld,home_entrance,EntranceDB,run00,home_out,obj2550,Home return: run00,-1065.000,-1700.000,-37365.000,0;1;2;3;4;7;8;9,Links to SandWorldSphinxExStage. StageData anchor UnitConfigName=DokanStageChange.,
SandWorldHomeStage::entrance::shindo::home_in,Sand Kingdom,SandWorldHomeStage,Sand Kingdom,overworld,home_entrance,EntranceDB,shindo,home_in,obj6205,Home entrance: shindo,19150.000,-1240.000,-10600.000,0;1;2;3;4;5;6;7;8;9;10;11;12;13;14,Links to SandWorldVibrationStage. StageData anchor UnitConfigName=DokanStageChange.,
SandWorldHomeStage::entrance::shindo::home_out,Sand Kingdom,SandWorldHomeStage,Sand Kingdom,overworld,home_entrance,EntranceDB,shindo,home_out,obj6205,Home return: shindo,19150.000,-1240.000,-10600.000,0;1;2;3;4;5;6;7;8;9;10;11;12;13;14,Links to SandWorldVibrationStage. StageData anchor UnitConfigName=DokanStageChange.,
SandWorldHomeStage::entrance::town::home_in,Sand Kingdom,SandWorldHomeStage,Sand Kingdom,overworld,home_entrance,EntranceDB,town,home_in,obj2738,Home entrance: town,21005.000,-1925.000,-14095.000,0;1;2;3;4;5;6;7;8;9;10;11;12;13;14,Links to SandWorldSlotStage. StageData anchor UnitConfigName=DoorWarpStageChange.,
SandWorldHomeStage::entrance::town::home_out,Sand Kingdom,SandWorldHomeStage,Sand Kingdom,overworld,home_entrance,EntranceDB,town,home_out,obj2738,Home return: town,21005.000,-1925.000,-14095.000,0;1;2;3;4;5;6;7;8;9;10;11;12;13;14,Links to SandWorldSlotStage. StageData anchor UnitConfigName=DoorWarpStageChange.,
SandWorldHomeStage::entrance::wall::home_in,Sand Kingdom,SandWorldHomeStage,Sand Kingdom,overworld,home_entrance,EntranceDB,wall,home_in,obj3378,Home entrance: wall,-16600.000,-2900.000,250.000,0;1;2;3;4;7;8;9,Links to SandWorldMeganeExStage. StageData anchor UnitConfigName=ChangeStageArea.,
SandWorldHomeStage::entrance::wall::home_out,Sand Kingdom,SandWorldHomeStage,Sand Kingdom,overworld,home_entrance,EntranceDB,wall,home_out,obj3378,Home return: wall,-16600.000,-2900.000,250.000,0;1;2;3;4;7;8;9,Links to SandWorldMeganeExStage. StageData anchor UnitConfigName=ChangeStageArea.,
SandWorldHomeStage::stage_change::Come::raw,Sand Kingdom,SandWorldHomeStage,Sand Kingdom,overworld,stage_change,StageData,Come,raw,obj3386,Stage Change Come,21550.000,5600.000,7500.000,0;1;2;3;4;5;6;7;8;9;10;11;12;13;14,Raw UnitConfigName=WorldWarpHole.,
SandWorldHomeStage::stage_change::EX_2DHosui::raw,Sand Kingdom,SandWorldHomeStage,Sand Kingdom,overworld,stage_change,StageData,EX_2DHosui,raw,obj4240,Stage Change EX_2DHosui,-21899.996,72.858,-35750.000,4,Raw UnitConfigName=DokanStageChange.,
SandWorldHomeStage::stage_change::EX_2DHosui_Exit::raw,Sand Kingdom,SandWorldHomeStage,Sand Kingdom,overworld,stage_change,StageData,EX_2DHosui_Exit,raw,obj4241,Stage Change EX_2DHosui_Exit,-21900.000,82.871,-35200.000,4,Raw UnitConfigName=DokanStageChange.,
SandWorldHomeStage::stage_change::Go::raw,Sand Kingdom,SandWorldHomeStage,Sand Kingdom,overworld,stage_change,StageData,Go,raw,obj3464,Stage Change Go,-11459.723,-1300.000,-27883.129,0;1;2;3;4;5;6;7;8;9;10;11;12;13;14,Raw UnitConfigName=WorldWarpHole.,
SandWorldHomeStage::stage_change::Out::raw,Sand Kingdom,SandWorldHomeStage,Sand Kingdom,overworld,stage_change,StageData,Out,raw,obj3176,Stage Change Out,-26200.000,-2291.096,-11850.000,2;3;4,Raw UnitConfigName=DokanStageChange.,
SandWorldHomeStage::stage_change::SandWorldRacemanStart::raw,Sand Kingdom,SandWorldHomeStage,Sand Kingdom,overworld,stage_change,StageData,SandWorldRacemanStart,raw,obj6211,Stage Change SandWorldRacemanStart,-30950.000,-1486.973,10700.000,3;4,Raw UnitConfigName=PlayerStartObjNoLink.,
SandWorldHomeStage::stage_change::Under01::raw,Sand Kingdom,SandWorldHomeStage,Sand Kingdom,overworld,stage_change,StageData,Under01,raw,obj2949,Stage Change Under01,-18350.000,-542.289,-23400.000,1;2;3;4;9,Raw UnitConfigName=DokanStageChange.,
SandWorldHomeStage::stage_change::aaa::raw,Sand Kingdom,SandWorldHomeStage,Sand Kingdom,overworld,stage_change,StageData,aaa,raw,obj2542,Stage Change aaa,-2950.000,-2450.000,-29300.000,0;1;2;3;4;5;6;7;8;9;10;11;12;13;14,Raw UnitConfigName=ChangeStageArea.,
SandWorldHomeStage::stage_change::abc::raw,Sand Kingdom,SandWorldHomeStage,Sand Kingdom,overworld,stage_change,StageData,abc,raw,obj3981,Stage Change abc,17020.000,-1750.000,-9978.000,0;1;2;3;4;5;6;7;8;9;10;11;12;13;14,Raw UnitConfigName=DoorWarpStageChange.,
SandWorldHomeStage::stage_change::anki2::raw,Sand Kingdom,SandWorldHomeStage,Sand Kingdom,overworld,stage_change,StageData,anki2,raw,obj1582,Stage Change anki2,-16100.000,-1658.563,250.000,0;1;2;3;4;7;8;9,Raw UnitConfigName=DokanStageChange.,
SandWorldHomeStage::stage_change::arijigoku1::raw,Sand Kingdom,SandWorldHomeStage,Sand Kingdom,overworld,stage_change,StageData,arijigoku1,raw,obj3153,Stage Change arijigoku1,-5850.000,-900.000,-19350.000,0;1;2;3;4;7;8;9,Raw UnitConfigName=DokanStageChange.,
SandWorldHomeStage::stage_change::arijigoku2::raw,Sand Kingdom,SandWorldHomeStage,Sand Kingdom,overworld,stage_change,StageData,arijigoku2,raw,obj2160,Stage Change arijigoku2,-2600.000,200.000,-33050.000,0;1;2;3;4;7;8;9,Raw UnitConfigName=DokanStageChange.,
SandWorldHomeStage::stage_change::arijigoku::raw,Sand Kingdom,SandWorldHomeStage,Sand Kingdom,overworld,stage_change,StageData,arijigoku,raw,obj179,Stage Change arijigoku,-8850.000,-4900.000,-21250.000,0;1;2;3;4;5;6;7;8;9;10;11;12;13;14,Raw UnitConfigName=ChangeStageArea.,
SandWorldHomeStage::stage_change::bar1::raw,Sand Kingdom,SandWorldHomeStage,Sand Kingdom,overworld,stage_change,StageData,bar1,raw,obj2555,Stage Change bar1,23055.000,-2420.000,-11315.000,0;1;2;3;4;5;6;7;8;9;10;11;12;13;14,Raw UnitConfigName=DoorWarpStageChange.,
SandWorldHomeStage::stage_change::bar2::raw,Sand Kingdom,SandWorldHomeStage,Sand Kingdom,overworld,stage_change,StageData,bar2,raw,obj3657,Stage Change bar2,21567.699,-2600.000,-10216.547,0;1;2;3;4;5;6;7;8;9;10;11;12;13;14,Raw UnitConfigName=ChangeStageArea.,
SandWorldHomeStage::stage_change::biru::raw,Sand Kingdom,SandWorldHomeStage,Sand Kingdom,overworld,stage_change,StageData,biru,raw,obj446,Stage Change biru,18954.480,-350.000,-14175.773,0;1;2;3;4;7;8;9,Raw UnitConfigName=BazookaElectric.,
SandWorldHomeStage::stage_change::doukutu1::raw,Sand Kingdom,SandWorldHomeStage,Sand Kingdom,overworld,stage_change,StageData,doukutu1,raw,obj510,Stage Change doukutu1,-32375.000,-1550.000,11700.000,0;1;2;3;4;7;8;9,Raw UnitConfigName=ChangeStageArea.,
SandWorldHomeStage::stage_change::doukutu2::raw,Sand Kingdom,SandWorldHomeStage,Sand Kingdom,overworld,stage_change,StageData,doukutu2,raw,obj3279,Stage Change doukutu2,-32050.000,100.000,11550.000,0;1;2;3;4;5;6;7;8;9;10;11;12;13;14,Raw UnitConfigName=DokanStageChange.,
SandWorldHomeStage::stage_change::hide::raw,Sand Kingdom,SandWorldHomeStage,Sand Kingdom,overworld,stage_change,StageData,hide,raw,obj3936,Stage Change hide,-9700.000,-1850.000,-14400.000,0;1;2;3;4;7;8;9,Raw UnitConfigName=ChangeStageArea.,
SandWorldHomeStage::stage_change::icestart::raw,Sand Kingdom,SandWorldHomeStage,Sand Kingdom,overworld,stage_change,StageData,icestart,raw,obj2904,Stage Change icestart,-23450.000,-11250.000,-25200.000,1;2;3;4;5;6;9,Raw UnitConfigName=ChangeStageArea.,
SandWorldHomeStage::stage_change::meganelift01::raw,Sand Kingdom,SandWorldHomeStage,Sand Kingdom,overworld,stage_change,StageData,meganelift01,raw,obj3992,Stage Change meganelift01,27250.000,-1678.228,-11050.000,4,Raw UnitConfigName=DokanStageChange.,
SandWorldHomeStage::stage_change::meganelift02::raw,Sand Kingdom,SandWorldHomeStage,Sand Kingdom,overworld,stage_change,StageData,meganelift02,raw,obj3993,Stage Change meganelift02,28100.000,-2000.000,-11600.000,4,Raw UnitConfigName=DokanStageChange.,
SandWorldHomeStage::stage_change::pyramid01::raw,Sand Kingdom,SandWorldHomeStage,Sand Kingdom,overworld,stage_change,StageData,pyramid01,raw,obj2733,Stage Change pyramid01,-23500.000,-900.000,-26200.000,0;7;8,Raw UnitConfigName=ChangeStageArea.,
SandWorldHomeStage::stage_change::pyramid04::raw,Sand Kingdom,SandWorldHomeStage,Sand Kingdom,overworld,stage_change,StageData,pyramid04,raw,obj3408,Stage Change pyramid04,-23450.000,3900.000,-23200.000,0;7;8,Raw UnitConfigName=ChangeStageArea.,
SandWorldHomeStage::stage_change::rocket::raw,Sand Kingdom,SandWorldHomeStage,Sand Kingdom,overworld,stage_change,StageData,rocket,raw,obj4239,Stage Change rocket,3200.000,-1020.428,-11900.000,4,Raw UnitConfigName=DokanStageChange.,
SandWorldHomeStage::stage_change::run00::raw,Sand Kingdom,SandWorldHomeStage,Sand Kingdom,overworld,stage_change,StageData,run00,raw,obj2550,Stage Change run00,-1065.000,-1700.000,-37365.000,0;1;2;3;4;7;8;9,Raw UnitConfigName=DokanStageChange.,
SandWorldHomeStage::stage_change::shindo::raw,Sand Kingdom,SandWorldHomeStage,Sand Kingdom,overworld,stage_change,StageData,shindo,raw,obj6205,Stage Change shindo,19150.000,-1240.000,-10600.000,0;1;2;3;4;5;6;7;8;9;10;11;12;13;14,Raw UnitConfigName=DokanStageChange.,
SandWorldHomeStage::stage_change::start2::raw,Sand Kingdom,SandWorldHomeStage,Sand Kingdom,overworld,stage_change,StageData,start2,raw,obj2,Stage Change start2,32900.000,-1150.000,-12700.000,0;1;2;3;4;5;6;7;8;9;10;11;12;13;14,Raw UnitConfigName=PlayerActorHakoniwa.,
SandWorldHomeStage::stage_change::start::raw,Sand Kingdom,SandWorldHomeStage,Sand Kingdom,overworld,stage_change,StageData,start,raw,obj3172,Stage Change start,-26100.000,-9250.000,-12800.000,2;3;4;5;6,Raw UnitConfigName=ChangeStageArea.,
SandWorldHomeStage::stage_change::town::raw,Sand Kingdom,SandWorldHomeStage,Sand Kingdom,overworld,stage_change,StageData,town,raw,obj2738,Stage Change town,21005.000,-1925.000,-14095.000,0;1;2;3;4;5;6;7;8;9;10;11;12;13;14,Raw UnitConfigName=DoorWarpStageChange.,
SandWorldHomeStage::stage_change::wall::raw,Sand Kingdom,SandWorldHomeStage,Sand Kingdom,overworld,stage_change,StageData,wall,raw,obj3378,Stage Change wall,-16600.000,-2900.000,250.000,0;1;2;3;4;7;8;9,Raw UnitConfigName=ChangeStageArea.,
SandWorldHomeStage::start,Sand Kingdom,SandWorldHomeStage,Sand Kingdom,overworld,stage_start,generated,,,,Default start,,,,,Rename or split if this stage has multiple meaningful starts.,
SandWorldHomeStage::event::MoonRockActive_Sand,Sand Kingdom,SandWorldHomeStage,Sand Kingdom,overworld,state_event,StageData:progression_events,,,obj3428,Moon Rock,14000.000,-1057.148,-4099.999,4,Fill the route to the Moon Rock and any prerequisite story/global state. Location imported from StageData obj obj3428.,
SandWorldHomeStage::event::WorldPeace_Sand,Sand Kingdom,SandWorldHomeStage,Sand Kingdom,overworld,state_event,progression_events,,,,Sand Kingdom World Peace,,,,,Fill the story moons/bosses that must be completed for world peace in this kingdom.,
SandWorldKillerExStage::stage_change::doukutu1::raw,Sand Kingdom,SandWorldKillerExStage,Bullet Bill Maze,subarea,stage_change,StageData,doukutu1,raw,obj10,Stage Change doukutu1,3250.000,550.000,900.000,0;1;2;3;4;5;6;7;8;9;10;11;12;13;14,Raw UnitConfigName=ChangeStageArea.,
SandWorldKillerExStage::stage_change::doukutu2::raw,Sand Kingdom,SandWorldKillerExStage,Bullet Bill Maze,subarea,stage_change,StageData,doukutu2,raw,obj82,Stage Change doukutu2,1950.000,700.000,-18900.000,0;1;2;3;4;5;6;7;8;9;10;11;12;13;14,Raw UnitConfigName=DokanStageChange.,
SandWorldKillerExStage::start,Sand Kingdom,SandWorldKillerExStage,Bullet Bill Maze,subarea,stage_start,generated,,,,Default start,,,,,Rename or split if this stage has multiple meaningful starts.,
SandWorldKillerExStage::entrance::doukutu1::sub_near,Sand Kingdom,SandWorldKillerExStage,Bullet Bill Maze,subarea,substage_entrance,EntranceDB,doukutu1,sub_near,obj10,Substage near side: doukutu1,3250.000,550.000,900.000,0;1;2;3;4;5;6;7;8;9;10;11;12;13;14,Connected from SandWorldHomeStage. StageData anchor UnitConfigName=ChangeStageArea.,
SandWorldKillerExStage::entrance::doukutu2::sub_far,Sand Kingdom,SandWorldKillerExStage,Bullet Bill Maze,subarea,substage_entrance,EntranceDB,doukutu2,sub_far,obj82,Substage far side: doukutu2,1950.000,700.000,-18900.000,0;1;2;3;4;5;6;7;8;9;10;11;12;13;14,Connected from SandWorldHomeStage. StageData anchor UnitConfigName=DokanStageChange.,
SandWorldKillerTowerZone::start,Sand Kingdom,SandWorldHomeStage,Sand Kingdom,overworld,custom_place,embedded_zone,,,,SandWorldKillerTowerZone,-6200.000,1900.000,-16550.000,0;1;2;3;4;5;6;7;8;9;10;11;12;13;14,Embedded map landmark from SandWorldKillerTowerZone.,
SandWorldMeganeExStage::stage_change::anki2::raw,Sand Kingdom,SandWorldMeganeExStage,Transparent Lifts,subarea,stage_change,StageData,anki2,raw,obj201,Stage Change anki2,-6850.000,250.000,1900.000,0;1;2;3;4;5;6;7;8;9;10;11;12;13;14,Raw UnitConfigName=DokanStageChange.,
SandWorldMeganeExStage::stage_change::megane::raw,Sand Kingdom,SandWorldMeganeExStage,Transparent Lifts,subarea,stage_change,StageData,megane,raw,obj2,Stage Change megane,450.000,50.000,2100.000,0;1;2;3;4;5;6;7;8;9;10;11;12;13;14,Raw UnitConfigName=PlayerActorHakoniwa.,
SandWorldMeganeExStage::stage_change::wall::raw,Sand Kingdom,SandWorldMeganeExStage,Transparent Lifts,subarea,stage_change,StageData,wall,raw,obj209,Stage Change wall,1500.000,0.000,2100.000,0;1;2;3;4;5;6;7;8;9;10;11;12;13;14,Raw UnitConfigName=ChangeStageArea.,
SandWorldMeganeExStage::start,Sand Kingdom,SandWorldMeganeExStage,Transparent Lifts,subarea,stage_start,generated,,,,Default start,,,,,Rename or split if this stage has multiple meaningful starts.,
SandWorldMeganeExStage::entrance::anki2::sub_far,Sand Kingdom,SandWorldMeganeExStage,Transparent Lifts,subarea,substage_entrance,EntranceDB,anki2,sub_far,obj201,Substage far side: anki2,-6850.000,250.000,1900.000,0;1;2;3;4;5;6;7;8;9;10;11;12;13;14,Connected from SandWorldHomeStage. StageData anchor UnitConfigName=DokanStageChange.,
SandWorldMeganeExStage::entrance::anki2::sub_near,Sand Kingdom,SandWorldMeganeExStage,Transparent Lifts,subarea,substage_entrance,EntranceDB,anki2,sub_near,obj201,Substage near side: anki2,-6850.000,250.000,1900.000,0;1;2;3;4;5;6;7;8;9;10;11;12;13;14,Connected from SandWorldHomeStage. StageData anchor UnitConfigName=DokanStageChange.,
SandWorldMeganeExStage::entrance::wall::sub_far,Sand Kingdom,SandWorldMeganeExStage,Transparent Lifts,subarea,substage_entrance,EntranceDB,wall,sub_far,obj209,Substage far side: wall,1500.000,0.000,2100.000,0;1;2;3;4;5;6;7;8;9;10;11;12;13;14,Connected from SandWorldHomeStage. StageData anchor UnitConfigName=ChangeStageArea.,
SandWorldMeganeExStage::entrance::wall::sub_near,Sand Kingdom,SandWorldMeganeExStage,Transparent Lifts,subarea,substage_entrance,EntranceDB,wall,sub_near,obj209,Substage near side: wall,1500.000,0.000,2100.000,0;1;2;3;4;5;6;7;8;9;10;11;12;13;14,Connected from SandWorldHomeStage. StageData anchor UnitConfigName=ChangeStageArea.,
SandWorldPressExStage::stage_change::arijigoku1::raw,Sand Kingdom,SandWorldPressExStage,Ice Cave,subarea,stage_change,StageData,arijigoku1,raw,obj149,Stage Change arijigoku1,-5200.000,-600.000,150.000,0;1;2;3;4;5;6;7;8;9;10;11;12;13;14,Raw UnitConfigName=DokanStageChange.,
SandWorldPressExStage::stage_change::arijigoku2::raw,Sand Kingdom,SandWorldPressExStage,Ice Cave,subarea,stage_change,StageData,arijigoku2,raw,obj91,Stage Change arijigoku2,-5334.039,1400.000,-12226.695,0;1;2;3;4;5;6;7;8;9;10;11;12;13;14,Raw UnitConfigName=DokanStageChange.,
SandWorldPressExStage::stage_change::arijigoku::raw,Sand Kingdom,SandWorldPressExStage,Ice Cave,subarea,stage_change,StageData,arijigoku,raw,obj189,Stage Change arijigoku,-5250.000,3512.245,-700.000,0;1;2;3;4;5;6;7;8;9;10;11;12;13;14,Raw UnitConfigName=PlayerStartObjNoLink.,
SandWorldPressExStage::start,Sand Kingdom,SandWorldPressExStage,Ice Cave,subarea,stage_start,generated,,,,Default start,,,,,Rename or split if this stage has multiple meaningful starts.,
SandWorldPressExStage::entrance::arijigoku2::sub_far,Sand Kingdom,SandWorldPressExStage,Ice Cave,subarea,substage_entrance,EntranceDB,arijigoku2,sub_far,obj91,Substage far side: arijigoku2,-5334.039,1400.000,-12226.695,0;1;2;3;4;5;6;7;8;9;10;11;12;13;14,Connected from SandWorldHomeStage. StageData anchor UnitConfigName=DokanStageChange.,
SandWorldPressExStage::entrance::arijigoku::sub_near,Sand Kingdom,SandWorldPressExStage,Ice Cave,subarea,substage_entrance,EntranceDB,arijigoku,sub_near,obj189,Substage near side: arijigoku,-5250.000,3512.245,-700.000,0;1;2;3;4;5;6;7;8;9;10;11;12;13;14,Connected from SandWorldHomeStage. StageData anchor UnitConfigName=PlayerStartObjNoLink.,
SandWorldPyramid000Stage::stage_change::pyramid01::raw,Sand Kingdom,SandWorldPyramid000Stage,Inverted Pyramid: Lower Interior,subarea,stage_change,StageData,pyramid01,raw,obj26,Stage Change pyramid01,-1750.000,-1700.000,1950.000,0;1;2;3;4;5;6;7;8;9;10;11;12;13;14,Raw UnitConfigName=ChangeStageArea.,
SandWorldPyramid000Stage::stage_change::pyramid02::raw,Sand Kingdom,SandWorldPyramid000Stage,Inverted Pyramid: Lower Interior,subarea,stage_change,StageData,pyramid02,raw,obj76,Stage Change pyramid02,7000.000,2900.000,-4600.000,0;1;2;3;4;5;6;7;8;9;10;11;12;13;14,Raw UnitConfigName=DokanStageChange2D.,
SandWorldPyramid000Stage::start,Sand Kingdom,SandWorldPyramid000Stage,Inverted Pyramid: Lower Interior,subarea,stage_start,generated,,,,Default start,,,,,Rename or split if this stage has multiple meaningful starts.,
SandWorldPyramid001Stage::stage_change::pyramid03::raw,Sand Kingdom,SandWorldPyramid001Stage,Inverted Pyramid: Upper Interior,subarea,stage_change,StageData,pyramid03,raw,obj112,Stage Change pyramid03,-850.000,1350.000,-19850.000,0;1;2;3;4;5;6;7;8;9;10;11;12;13;14,Raw UnitConfigName=DokanStageChange2D.,
SandWorldPyramid001Stage::stage_change::pyramid04::raw,Sand Kingdom,SandWorldPyramid001Stage,Inverted Pyramid: Upper Interior,subarea,stage_change,StageData,pyramid04,raw,obj257,Stage Change pyramid04,9050.000,3900.000,-15850.000,0;1;2;3;4;5;6;7;8;9;10;11;12;13;14,Raw UnitConfigName=ChangeStageArea.,
SandWorldPyramid001Stage::start,Sand Kingdom,SandWorldPyramid001Stage,Inverted Pyramid: Upper Interior,subarea,stage_start,generated,,,,Default start,,,,,Rename or split if this stage has multiple meaningful starts.,
SandWorldRotateExStage::stage_change::aa::raw,Sand Kingdom,SandWorldRotateExStage,Strange Neighborhood,subarea,stage_change,StageData,aa,raw,obj2,Stage Change aa,3100.000,1000.000,-450.000,0;1;2;3;4;5;6;7;8;9;10;11;12;13;14,Raw UnitConfigName=PlayerActorHakoniwa.,
SandWorldRotateExStage::stage_change::biru::raw,Sand Kingdom,SandWorldRotateExStage,Strange Neighborhood,subarea,stage_change,StageData,biru,raw,obj111,Stage Change biru,3100.000,1000.000,0.000,0;1;2;3;4;5;6;7;8;9;10;11;12;13;14,Raw UnitConfigName=BazookaElectric.,
SandWorldRotateExStage::stage_change::birureturn::raw,Sand Kingdom,SandWorldRotateExStage,Strange Neighborhood,subarea,stage_change,StageData,birureturn,raw,obj39,Stage Change birureturn,-5600.000,1000.000,50.000,0;1;2;3;4;5;6;7;8;9;10;11;12;13;14,Raw UnitConfigName=BazookaElectric.,
SandWorldRotateExStage::start,Sand Kingdom,SandWorldRotateExStage,Strange Neighborhood,subarea,stage_start,generated,,,,Default start,,,,,Rename or split if this stage has multiple meaningful starts.,
SandWorldRotateExStage::entrance::biru::sub_near,Sand Kingdom,SandWorldRotateExStage,Strange Neighborhood,subarea,substage_entrance,EntranceDB,biru,sub_near,obj111,Substage near side: biru,3100.000,1000.000,0.000,0;1;2;3;4;5;6;7;8;9;10;11;12;13;14,Connected from SandWorldHomeStage. StageData anchor UnitConfigName=BazookaElectric.,
SandWorldRotateExStage::entrance::birureturn::sub_far,Sand Kingdom,SandWorldRotateExStage,Strange Neighborhood,subarea,substage_entrance,EntranceDB,birureturn,sub_far,obj39,Substage far side: birureturn,-5600.000,1000.000,50.000,0;1;2;3;4;5;6;7;8;9;10;11;12;13;14,Connected from SandWorldHomeStage. StageData anchor UnitConfigName=BazookaElectric.,
SandWorldSecretStage::stage_change::hide::raw,Sand Kingdom,SandWorldSecretStage,Sphynx Treasure Vault,subarea,stage_change,StageData,hide,raw,obj93,Stage Change hide,0.000,-100.000,650.000,0;1;2;3;4;5;6;7;8;9;10;11;12;13;14,Raw UnitConfigName=ChangeStageArea.,
SandWorldSecretStage::start,Sand Kingdom,SandWorldSecretStage,Sphynx Treasure Vault,subarea,stage_start,generated,,,,Default start,,,,,Rename or split if this stage has multiple meaningful starts.,
SandWorldSecretStage::entrance::hide::sub_far,Sand Kingdom,SandWorldSecretStage,Sphynx Treasure Vault,subarea,substage_entrance,EntranceDB,hide,sub_far,obj93,Substage far side: hide,0.000,-100.000,650.000,0;1;2;3;4;5;6;7;8;9;10;11;12;13;14,Connected from SandWorldHomeStage. StageData anchor UnitConfigName=ChangeStageArea.,
SandWorldSecretStage::entrance::hide::sub_near,Sand Kingdom,SandWorldSecretStage,Sphynx Treasure Vault,subarea,substage_entrance,EntranceDB,hide,sub_near,obj93,Substage near side: hide,0.000,-100.000,650.000,0;1;2;3;4;5;6;7;8;9;10;11;12;13;14,Connected from SandWorldHomeStage. StageData anchor UnitConfigName=ChangeStageArea.,
SandWorldShopStage::stage_change::bar1::raw,Sand Kingdom,SandWorldShopStage,Crazy Cap Store,subarea,stage_change,StageData,bar1,raw,obj6,Stage Change bar1,0.000,-100.000,-50.000,0;1;2;3;4;5;6;7;8;9;10;11;12;13;14,Raw UnitConfigName=ChangeStageArea.,
SandWorldShopStage::stage_change::bar2::raw,Sand Kingdom,SandWorldShopStage,Crazy Cap Store,subarea,stage_change,StageData,bar2,raw,obj50,Stage Change bar2,-497.000,0.000,-1350.000,0;1;2;3;4;5;6;7;8;9;10;11;12;13;14,Raw UnitConfigName=DoorWarpStageChange.,
SandWorldShopStage::start,Sand Kingdom,SandWorldShopStage,Crazy Cap Store,subarea,stage_start,generated,,,,Default start,,,,,Rename or split if this stage has multiple meaningful starts.,
SandWorldShopStage::entrance::bar1::sub_far,Sand Kingdom,SandWorldShopStage,Crazy Cap Store,subarea,substage_entrance,EntranceDB,bar1,sub_far,obj6,Substage far side: bar1,0.000,-100.000,-50.000,0;1;2;3;4;5;6;7;8;9;10;11;12;13;14,Connected from SandWorldHomeStage. StageData anchor UnitConfigName=ChangeStageArea.,
SandWorldShopStage::entrance::bar1::sub_near,Sand Kingdom,SandWorldShopStage,Crazy Cap Store,subarea,substage_entrance,EntranceDB,bar1,sub_near,obj6,Substage near side: bar1,0.000,-100.000,-50.000,0;1;2;3;4;5;6;7;8;9;10;11;12;13;14,Connected from SandWorldHomeStage. StageData anchor UnitConfigName=ChangeStageArea.,
SandWorldShopStage::entrance::bar2::sub_far,Sand Kingdom,SandWorldShopStage,Crazy Cap Store,subarea,substage_entrance,EntranceDB,bar2,sub_far,obj50,Substage far side: bar2,-497.000,0.000,-1350.000,0;1;2;3;4;5;6;7;8;9;10;11;12;13;14,Connected from SandWorldHomeStage. StageData anchor UnitConfigName=DoorWarpStageChange.,
SandWorldShopStage::entrance::bar2::sub_near,Sand Kingdom,SandWorldShopStage,Crazy Cap Store,subarea,substage_entrance,EntranceDB,bar2,sub_near,obj50,Substage near side: bar2,-497.000,0.000,-1350.000,0;1;2;3;4;5;6;7;8;9;10;11;12;13;14,Connected from SandWorldHomeStage. StageData anchor UnitConfigName=DoorWarpStageChange.,
SandWorldSlotStage::stage_change::town::raw,Sand Kingdom,SandWorldSlotStage,Tostarena Slots,subarea,stage_change,StageData,town,raw,obj20,Stage Change town,0.000,-150.000,950.000,0;1;2;3;4;5;6;7;8;9;10;11;12;13;14,Raw UnitConfigName=ChangeStageArea.,
SandWorldSlotStage::start,Sand Kingdom,SandWorldSlotStage,Tostarena Slots,subarea,stage_start,generated,,,,Default start,,,,,Rename or split if this stage has multiple meaningful starts.,
SandWorldSlotStage::entrance::town::sub_far,Sand Kingdom,SandWorldSlotStage,Tostarena Slots,subarea,substage_entrance,EntranceDB,town,sub_far,obj20,Substage far side: town,0.000,-150.000,950.000,0;1;2;3;4;5;6;7;8;9;10;11;12;13;14,Connected from SandWorldHomeStage. StageData anchor UnitConfigName=ChangeStageArea.,
SandWorldSlotStage::entrance::town::sub_near,Sand Kingdom,SandWorldSlotStage,Tostarena Slots,subarea,substage_entrance,EntranceDB,town,sub_near,obj20,Substage near side: town,0.000,-150.000,950.000,0;1;2;3;4;5;6;7;8;9;10;11;12;13;14,Connected from SandWorldHomeStage. StageData anchor UnitConfigName=ChangeStageArea.,
SandWorldSphinxExStage::stage_change::aaa::raw,Sand Kingdom,SandWorldSphinxExStage,Jaxi Driving,subarea,stage_change,StageData,aaa,raw,obj1639,Stage Change aaa,28400.000,3900.000,10750.000,0;1;2;3;4;5;6;7;8;9;10;11;12;13;14,Raw UnitConfigName=PlayerStartObjNoLink.,
SandWorldSphinxExStage::stage_change::run00::raw,Sand Kingdom,SandWorldSphinxExStage,Jaxi Driving,subarea,stage_change,StageData,run00,raw,obj379,Stage Change run00,29400.000,-110.000,10249.998,0;1;2;3;4;5;6;7;8;9;10;11;12;13;14,Raw UnitConfigName=DokanStageChange.,
SandWorldSphinxExStage::stage_change::run00return::raw,Sand Kingdom,SandWorldSphinxExStage,Jaxi Driving,subarea,stage_change,StageData,run00return,raw,obj382,Stage Change run00return,14900.000,1040.000,-43250.000,0;1;2;3;4;5;6;7;8;9;10;11;12;13;14,Raw UnitConfigName=DokanStageChange.,
SandWorldSphinxExStage::start,Sand Kingdom,SandWorldSphinxExStage,Jaxi Driving,subarea,stage_start,generated,,,,Default start,,,,,Rename or split if this stage has multiple meaningful starts.,
SandWorldSphinxExStage::entrance::aaa::sub_far,Sand Kingdom,SandWorldSphinxExStage,Jaxi Driving,subarea,substage_entrance,EntranceDB,aaa,sub_far,obj1639,Substage far side: aaa,28400.000,3900.000,10750.000,0;1;2;3;4;5;6;7;8;9;10;11;12;13;14,Connected from SandWorldHomeStage. StageData anchor UnitConfigName=PlayerStartObjNoLink.,
SandWorldSphinxExStage::entrance::aaa::sub_near,Sand Kingdom,SandWorldSphinxExStage,Jaxi Driving,subarea,substage_entrance,EntranceDB,aaa,sub_near,obj1639,Substage near side: aaa,28400.000,3900.000,10750.000,0;1;2;3;4;5;6;7;8;9;10;11;12;13;14,Connected from SandWorldHomeStage. StageData anchor UnitConfigName=PlayerStartObjNoLink.,
SandWorldSphinxExStage::entrance::run00::sub_near,Sand Kingdom,SandWorldSphinxExStage,Jaxi Driving,subarea,substage_entrance,EntranceDB,run00,sub_near,obj379,Substage near side: run00,29400.000,-110.000,10249.998,0;1;2;3;4;5;6;7;8;9;10;11;12;13;14,Connected from SandWorldHomeStage. StageData anchor UnitConfigName=DokanStageChange.,
SandWorldSphinxExStage::entrance::run00return::sub_far,Sand Kingdom,SandWorldSphinxExStage,Jaxi Driving,subarea,substage_entrance,EntranceDB,run00return,sub_far,obj382,Substage far side: run00return,14900.000,1040.000,-43250.000,0;1;2;3;4;5;6;7;8;9;10;11;12;13;14,Connected from SandWorldHomeStage. StageData anchor UnitConfigName=DokanStageChange.,
SandWorldUnderground000Stage::stage_change::Under01::raw,Sand Kingdom,SandWorldUnderground000Stage,Underground Ruins,subarea,stage_change,StageData,Under01,raw,obj229,Stage Change Under01,2324.750,800.000,-1300.000,0;1;2;3;4;5;6;7;8;9;10;11;12;13;14,Raw UnitConfigName=DokanStageChange.,
SandWorldUnderground000Stage::stage_change::Yadokari00::raw,Sand Kingdom,SandWorldUnderground000Stage,Underground Ruins,subarea,stage_change,StageData,Yadokari00,raw,obj360,Stage Change Yadokari00,35500.000,-1250.000,-10900.000,0;1;2;3;4;5;6;7;8;9;10;11;12;13;14,Raw UnitConfigName=ChangeStageArea.,
SandWorldUnderground000Stage::stage_change::icestart::raw,Sand Kingdom,SandWorldUnderground000Stage,Underground Ruins,subarea,stage_change,StageData,icestart,raw,obj2,Stage Change icestart,1950.000,4800.000,-1650.000,0;1;2;3;4;5;6;7;8;9;10;11;12;13;14,Raw UnitConfigName=PlayerActorHakoniwa.,
SandWorldUnderground000Stage::start,Sand Kingdom,SandWorldUnderground000Stage,Underground Ruins,subarea,stage_start,generated,,,,Default start,,,,,Rename or split if this stage has multiple meaningful starts.,
SandWorldUnderground001Stage::stage_change::Out::raw,Sand Kingdom,SandWorldUnderground001Stage,Deepest Underground,subarea,stage_change,StageData,Out,raw,obj143,Stage Change Out,0.000,0.000,-3950.000,2;3;4;5;6,Raw UnitConfigName=DokanStageChange.,
SandWorldUnderground001Stage::stage_change::Yadokari00::raw,Sand Kingdom,SandWorldUnderground001Stage,Deepest Underground,subarea,stage_change,StageData,Yadokari00,raw,obj149,Stage Change Yadokari00,0.000,2000.000,24250.000,0;1;2;3;4;5;6;7;8;9;10;11;12;13;14,Raw UnitConfigName=ChangeStageArea.,
SandWorldUnderground001Stage::stage_change::start::raw,Sand Kingdom,SandWorldUnderground001Stage,Deepest Underground,subarea,stage_change,StageData,start,raw,obj246,Stage Change start,0.000,0.000,-700.000,2;3;4;5;6,Raw UnitConfigName=PlayerActorHakoniwa.,
SandWorldUnderground001Stage::start,Sand Kingdom,SandWorldUnderground001Stage,Deepest Underground,subarea,stage_start,generated,,,,Default start,,,,,Rename or split if this stage has multiple meaningful starts.,
SandWorldVibrationStage::stage_change::shindo::raw,Sand Kingdom,SandWorldVibrationStage,Rumbling Floor House,subarea,stage_change,StageData,shindo,raw,obj17,Stage Change shindo,-800.000,100.000,0.000,0;1;2;3;4;5;6;7;8;9;10;11;12;13;14,Raw UnitConfigName=DokanStageChange.,
SandWorldVibrationStage::start,Sand Kingdom,SandWorldVibrationStage,Rumbling Floor House,subarea,stage_start,generated,,,,Default start,,,,,Rename or split if this stage has multiple meaningful starts.,
SandWorldVibrationStage::entrance::shindo::sub_far,Sand Kingdom,SandWorldVibrationStage,Rumbling Floor House,subarea,substage_entrance,EntranceDB,shindo,sub_far,obj17,Substage far side: shindo,-800.000,100.000,0.000,0;1;2;3;4;5;6;7;8;9;10;11;12;13;14,Connected from SandWorldHomeStage. StageData anchor UnitConfigName=DokanStageChange.,
SandWorldVibrationStage::entrance::shindo::sub_near,Sand Kingdom,SandWorldVibrationStage,Rumbling Floor House,subarea,substage_entrance,EntranceDB,shindo,sub_near,obj17,Substage near side: shindo,-800.000,100.000,0.000,0;1;2;3;4;5;6;7;8;9;10;11;12;13;14,Connected from SandWorldHomeStage. StageData anchor UnitConfigName=DokanStageChange.,
WaterTubeExStage::stage_change::EX_2DHosui::raw,Sand Kingdom,WaterTubeExStage,Freezing Waterway,subarea,stage_change,StageData,EX_2DHosui,raw,obj4067,Stage Change EX_2DHosui,-100.000,-500.000,3100.000,0;1;2;3;4;5;6;7;8;9;10;11;12;13;14,Raw UnitConfigName=DokanStageChange.,
WaterTubeExStage::stage_change::EX_2DHosui_Exit::raw,Sand Kingdom,WaterTubeExStage,Freezing Waterway,subarea,stage_change,StageData,EX_2DHosui_Exit,raw,obj4068,Stage Change EX_2DHosui_Exit,-100.000,4700.000,-18300.000,0;1;2;3;4;5;6;7;8;9;10;11;12;13;14,Raw UnitConfigName=DokanStageChange.,
WaterTubeExStage::start,Sand Kingdom,WaterTubeExStage,Freezing Waterway,subarea,stage_start,generated,,,,Default start,,,,,Rename or split if this stage has multiple meaningful starts.,
WaterTubeExStage::entrance::EX_2DHosui::sub_near,Sand Kingdom,WaterTubeExStage,Freezing Waterway,subarea,substage_entrance,EntranceDB,EX_2DHosui,sub_near,obj4067,Substage near side: EX_2DHosui,-100.000,-500.000,3100.000,0;1;2;3;4;5;6;7;8;9;10;11;12;13;14,Connected from SandWorldHomeStage. StageData anchor UnitConfigName=DokanStageChange.,
WaterTubeExStage::entrance::EX_2DHosui_Exit::sub_far,Sand Kingdom,WaterTubeExStage,Freezing Waterway,subarea,substage_entrance,EntranceDB,EX_2DHosui_Exit,sub_far,obj4068,Substage far side: EX_2DHosui_Exit,-100.000,4700.000,-18300.000,0;1;2;3;4;5;6;7;8;9;10;11;12;13;14,Connected from SandWorldHomeStage. StageData anchor UnitConfigName=DokanStageChange.,
SandWorldRotateExStage::place::new_place,Sand Kingdom,SandWorldRotateExStage,Strange Neighborhood,subarea,custom_place,editor,,,,Free Space,,,,,Human-authored logic place.,
SandWorldHomeStage::place::new_place_2,Sand Kingdom,SandWorldHomeStage,Sand Kingdom,overworld,custom_place,editor,,,,Top of the Pyramid,,,,,Human-authored logic place.,
SandWorldHomeStage::place::new_place_3,Sand Kingdom,SandWorldHomeStage,Sand Kingdom,overworld,custom_place,editor,,,,On the Lone Pillar Free,,,,,Human-authored logic place.,
SandWorldHomeStage::place::new_place_4,Sand Kingdom,SandWorldHomeStage,Sand Kingdom,overworld,custom_place,editor,,,,On the North Pillar Free,,,,,Human-authored logic place.,
SandWorldHomeStage::place::new_place,Sand Kingdom,SandWorldHomeStage,Sand Kingdom,overworld,custom_place,editor,,,,Poster Cleanup Free,,,,,Human-authored logic place.,
SandWorldHomeStage::place::new_place_5,Sand Kingdom,SandWorldHomeStage,Sand Kingdom,overworld,custom_place,editor,,,,Timer Challenge 1 Free,,,,,Human-authored logic place.,
SandWorldHomeStage::entrance::run00return::home_in,Sand Kingdom,SandWorldHomeStage,Sand Kingdom,overworld,home_entrance,EntranceDB,run00return,home_in,obj382,Home entrance: run00return,14900.000,1040.000,-43250.000,0;1;2;3;4;5;6;7;8;9;10;11;12;13;14,Links to SandWorldSphinxExStage. EXIT_ONLY in home (no ChangeStageArea at this spot); used as rando entry point for far-end pair.,
SandWorldSphinxExStage::entrance::run00::sub_far,Sand Kingdom,SandWorldSphinxExStage,Jaxi Driving,subarea,substage_entrance,EntranceDB,run00,sub_far,obj379,Substage far side: run00,29400.000,-110.000,10249.998,0;1;2;3;4;5;6;7;8;9;10;11;12;13;14,Connected from SandWorldHomeStage. DokanStageChange start pipe — exit side of the aaa entry pair.,
SandWorldSphinxExStage::entrance::run00return::sub_near,Sand Kingdom,SandWorldSphinxExStage,Jaxi Driving,subarea,substage_entrance,EntranceDB,run00return,sub_near,obj382,Substage near side: run00return,14900.000,1040.000,-43250.000,0;1;2;3;4;5;6;7;8;9;10;11;12;13;14,Connected from SandWorldHomeStage. Spawn point at far-end pipe (enter from rando far side).,
SandWorldHomeStage::entrance::arijigoku::home_in,Sand Kingdom,SandWorldHomeStage,Sand Kingdom,overworld,home_entrance,EntranceDB,arijigoku,home_in,obj179,Home entrance: arijigoku,-8850.000,-4900.000,-21250.000,0;1;2;3;4;5;6;7;8;9;10;11;12;13;14,Links to SandWorldPressExStage. StageData anchor UnitConfigName=ChangeStageArea.,
SandWorldHomeStage::entrance::arijigoku1::home_out,Sand Kingdom,SandWorldHomeStage,Sand Kingdom,overworld,home_entrance,EntranceDB,arijigoku1,home_out,obj3153,Home return: arijigoku1,-5850.000,-900.000,-19350.000,0;1;2;3;4;7;8;9,Links to SandWorldPressExStage. StageData anchor UnitConfigName=DokanStageChange.,
SandWorldPressExStage::entrance::arijigoku1::sub_far,Sand Kingdom,SandWorldPressExStage,Ice Cave,subarea,substage_entrance,EntranceDB,arijigoku1,sub_far,obj149,Substage far side: arijigoku1,-5200.000,-600.000,150.000,0;1;2;3;4;5;6;7;8;9;10;11;12;13;14,Connected from SandWorldHomeStage. StageData anchor UnitConfigName=DokanStageChange.,
SandWorldUnderground001Stage::place::new_place,Sand Kingdom,SandWorldUnderground001Stage,Deepest Underground,subarea,custom_place,editor,,,,Deepest Underground,,,,,Human-authored logic place.,
SandWorldHomeTownZone::start,Sand Kingdom,SandWorldHomeStage,Sand Kingdom,overworld,custom_place,embedded_zone,,,,SandWorldHomeTownZone,20850.000,-2450.000,-12500.000,0;1;2;3;4;5;6;7;8;9;10;11;12;13;14,Embedded map landmark from SandWorldHomeTownZone.,
SandWorldUnderground000Stage::place::new_place,Sand Kingdom,SandWorldUnderground000Stage,Underground Ruins,subarea,custom_place,editor,,,,Underground Ruins Start,,,,,Human-authored logic place.,
SandWorldUnderground000Stage::place::new_place_2,Sand Kingdom,SandWorldUnderground000Stage,Underground Ruins,subarea,custom_place,editor,,,,Underground Ruins End,,,,,Human-authored logic place.,
SandWorldHomeStage::entrance::pyramid01::home_in,Sand Kingdom,SandWorldHomeStage,Sand Kingdom,overworld,home_entrance,EntranceDB,pyramid01,home_in,obj2733;obj3513,Home entrance: pyramid01,-23500.000,-900.000,-26200.000,0;2;3;4;7;8,Vanilla door SandWorldHomeStage<->SandWorldPyramid000Stage (fixed).,
SandWorldHomeStage::entrance::pyramid01::home_out,Sand Kingdom,SandWorldHomeStage,Sand Kingdom,overworld,home_entrance,EntranceDB,pyramid01,home_out,obj2733;obj3513,Home return: pyramid01,-23500.000,-900.000,-26200.000,0;2;3;4;7;8,Vanilla door SandWorldHomeStage<->SandWorldPyramid000Stage (fixed).,
SandWorldPyramid000Stage::entrance::pyramid01::sub_near,Sand Kingdom,SandWorldPyramid000Stage,Inverted Pyramid: Lower Interior,subarea,substage_entrance,EntranceDB,pyramid01,sub_near,obj26,Substage near side: pyramid01,-1750.000,-1700.000,1950.000,0;1;2;3;4;5;6;7;8;9;10;11;12;13;14,Vanilla door SandWorldHomeStage<->SandWorldPyramid000Stage (fixed).,
SandWorldPyramid000Stage::entrance::pyramid01::sub_far,Sand Kingdom,SandWorldPyramid000Stage,Inverted Pyramid: Lower Interior,subarea,substage_entrance,EntranceDB,pyramid01,sub_far,obj26,Substage far side: pyramid01,-1750.000,-1700.000,1950.000,0;1;2;3;4;5;6;7;8;9;10;11;12;13;14,Vanilla door SandWorldHomeStage<->SandWorldPyramid000Stage (fixed).,
SandWorldHomeStage::entrance::pyramid04::home_in,Sand Kingdom,SandWorldHomeStage,Sand Kingdom,overworld,home_entrance,EntranceDB,pyramid04,home_in,obj3408;obj3556,Home entrance: pyramid04,-23450.000,3900.000,-23200.000,0;1;2;3;4;5;6;7;8;9,Vanilla door SandWorldHomeStage<->SandWorldPyramid001Stage (fixed).,
SandWorldHomeStage::entrance::pyramid04::home_out,Sand Kingdom,SandWorldHomeStage,Sand Kingdom,overworld,home_entrance,EntranceDB,pyramid04,home_out,obj3408;obj3556,Home return: pyramid04,-23450.000,3900.000,-23200.000,0;1;2;3;4;5;6;7;8;9,Vanilla door SandWorldHomeStage<->SandWorldPyramid001Stage (fixed).,
SandWorldPyramid001Stage::entrance::pyramid04::sub_near,Sand Kingdom,SandWorldPyramid001Stage,Inverted Pyramid: Upper Interior,subarea,substage_entrance,EntranceDB,pyramid04,sub_near,obj257,Substage near side: pyramid04,9050.000,3900.000,-15850.000,0;1;2;3;4;5;6;7;8;9;10;11;12;13;14,Vanilla door SandWorldHomeStage<->SandWorldPyramid001Stage (fixed).,
SandWorldPyramid001Stage::entrance::pyramid04::sub_far,Sand Kingdom,SandWorldPyramid001Stage,Inverted Pyramid: Upper Interior,subarea,substage_entrance,EntranceDB,pyramid04,sub_far,obj257,Substage far side: pyramid04,9050.000,3900.000,-15850.000,0;1;2;3;4;5;6;7;8;9;10;11;12;13;14,Vanilla door SandWorldHomeStage<->SandWorldPyramid001Stage (fixed).,
SandWorldHomeStage::entrance::Under01::home_in,Sand Kingdom,SandWorldHomeStage,Sand Kingdom,overworld,home_entrance,EntranceDB,Under01,home_in,obj2949,Home entrance: Under01,-18350.000,-542.289,-23400.000,1;2;3;4;9,Vanilla door SandWorldHomeStage<->SandWorldUnderground000Stage (fixed).,
SandWorldHomeStage::entrance::Under01::home_out,Sand Kingdom,SandWorldHomeStage,Sand Kingdom,overworld,home_entrance,EntranceDB,Under01,home_out,obj2949,Home return: Under01,-18350.000,-542.289,-23400.000,1;2;3;4;9,Vanilla door SandWorldHomeStage<->SandWorldUnderground000Stage (fixed).,
SandWorldUnderground000Stage::entrance::Under01::sub_near,Sand Kingdom,SandWorldUnderground000Stage,Underground Ruins,subarea,substage_entrance,EntranceDB,Under01,sub_near,obj229,Substage near side: Under01,2324.750,800.000,-1300.000,0;1;2;3;4;5;6;7;8;9;10;11;12;13;14,Vanilla door SandWorldHomeStage<->SandWorldUnderground000Stage (fixed).,
SandWorldUnderground000Stage::entrance::Under01::sub_far,Sand Kingdom,SandWorldUnderground000Stage,Underground Ruins,subarea,substage_entrance,EntranceDB,Under01,sub_far,obj229,Substage far side: Under01,2324.750,800.000,-1300.000,0;1;2;3;4;5;6;7;8;9;10;11;12;13;14,Vanilla door SandWorldHomeStage<->SandWorldUnderground000Stage (fixed).,
SandWorldHomeStage::entrance::Out::home_in,Sand Kingdom,SandWorldHomeStage,Sand Kingdom,overworld,home_entrance,EntranceDB,Out,home_in,obj3176,Home entrance: Out,-26200.000,-2291.096,-11850.000,2;3;4,Vanilla door SandWorldHomeStage<->SandWorldUnderground001Stage (fixed).,
SandWorldHomeStage::entrance::Out::home_out,Sand Kingdom,SandWorldHomeStage,Sand Kingdom,overworld,home_entrance,EntranceDB,Out,home_out,obj3176,Home return: Out,-26200.000,-2291.096,-11850.000,2;3;4,Vanilla door SandWorldHomeStage<->SandWorldUnderground001Stage (fixed).,
SandWorldUnderground001Stage::entrance::Out::sub_near,Sand Kingdom,SandWorldUnderground001Stage,Deepest Underground,subarea,substage_entrance,EntranceDB,Out,sub_near,obj143,Substage near side: Out,0.000,0.000,-3950.000,2;3;4;5;6,Vanilla door SandWorldHomeStage<->SandWorldUnderground001Stage (fixed).,
SandWorldUnderground001Stage::entrance::Out::sub_far,Sand Kingdom,SandWorldUnderground001Stage,Deepest Underground,subarea,substage_entrance,EntranceDB,Out,sub_far,obj143,Substage far side: Out,0.000,0.000,-3950.000,2;3;4;5;6,Vanilla door SandWorldHomeStage<->SandWorldUnderground001Stage (fixed).,
SandWorldUnderground000Stage::entrance::Yadokari00::home_in,Sand Kingdom,SandWorldUnderground000Stage,Underground Ruins,subarea,home_entrance,EntranceDB,Yadokari00,home_in,obj360,Home entrance: Yadokari00,35500.000,-1250.000,-10900.000,0;1;2;3;4;5;6;7;8;9;10;11;12;13;14,Vanilla door SandWorldUnderground000Stage<->SandWorldUnderground001Stage (fixed).,
SandWorldUnderground000Stage::entrance::Yadokari00::home_out,Sand Kingdom,SandWorldUnderground000Stage,Underground Ruins,subarea,home_entrance,EntranceDB,Yadokari00,home_out,obj360,Home return: Yadokari00,35500.000,-1250.000,-10900.000,0;1;2;3;4;5;6;7;8;9;10;11;12;13;14,Vanilla door SandWorldUnderground000Stage<->SandWorldUnderground001Stage (fixed).,
SandWorldUnderground001Stage::entrance::Yadokari00::sub_near,Sand Kingdom,SandWorldUnderground001Stage,Deepest Underground,subarea,substage_entrance,EntranceDB,Yadokari00,sub_near,obj149,Substage near side: Yadokari00,0.000,2000.000,24250.000,0;1;2;3;4;5;6;7;8;9;10;11;12;13;14,Vanilla door SandWorldUnderground000Stage<->SandWorldUnderground001Stage (fixed).,
SandWorldUnderground001Stage::entrance::Yadokari00::sub_far,Sand Kingdom,SandWorldUnderground001Stage,Deepest Underground,subarea,substage_entrance,EntranceDB,Yadokari00,sub_far,obj149,Substage far side: Yadokari00,0.000,2000.000,24250.000,0;1;2;3;4;5;6;7;8;9;10;11;12;13;14,Vanilla door SandWorldUnderground000Stage<->SandWorldUnderground001Stage (fixed).,
SandWorldPyramid001Stage::place::new_place,Sand Kingdom,SandWorldPyramid001Stage,Inverted Pyramid: Upper Interior,subarea,custom_place,editor,,,,Upper Inverted Pyramid Start,,,,,Human-authored logic place.,
SandWorldHomeStage::place::new_place_6,Sand Kingdom,SandWorldHomeStage,Sand Kingdom,overworld,custom_place,editor,,,,Jaxi Access,,,,,Human-authored logic place.,
SandWorldKillerExStage::place::new_place,Sand Kingdom,SandWorldKillerExStage,Bullet Bill Maze,subarea,custom_place,editor,,,,Rooftop,,,,,Human-authored logic place.,
SandWorldKillerExStage::place::new_place_2,Sand Kingdom,SandWorldKillerExStage,Bullet Bill Maze,subarea,custom_place,editor,,,,Bullet Bill Side Path Free,,,,,Human-authored logic place.,
CloudExStage::stage_change::SeaWorldEX2::raw,Seaside Kingdom,CloudExStage,A Sea of Clouds,subarea,stage_change,StageData,SeaWorldEX2,raw,obj3005,Stage Change SeaWorldEX2,1850.000,750.000,11300.000,0;1;2;3;4;5;6;7;8;9;10;11;12;13;14,Raw UnitConfigName=BazookaElectric.,
CloudExStage::stage_change::SeaWorldEX2Return::raw,Seaside Kingdom,CloudExStage,A Sea of Clouds,subarea,stage_change,StageData,SeaWorldEX2Return,raw,obj3007,Stage Change SeaWorldEX2Return,-25300.000,550.000,3500.000,0;1;2;3;4;5;6;7;8;9;10;11;12;13;14,Raw UnitConfigName=BazookaElectric.,
CloudExStage::start,Seaside Kingdom,CloudExStage,A Sea of Clouds,subarea,stage_start,generated,,,,Default start,,,,,Rename or split if this stage has multiple meaningful starts.,
CloudExStage::entrance::SeaWorldEX2::sub_near,Seaside Kingdom,CloudExStage,A Sea of Clouds,subarea,substage_entrance,EntranceDB,SeaWorldEX2,sub_near,obj3005,Substage near side: SeaWorldEX2,1850.000,750.000,11300.000,0;1;2;3;4;5;6;7;8;9;10;11;12;13;14,Connected from SeaWorldHomeStage. StageData anchor UnitConfigName=BazookaElectric.,
CloudExStage::entrance::SeaWorldEX2Return::sub_far,Seaside Kingdom,CloudExStage,A Sea of Clouds,subarea,substage_entrance,EntranceDB,SeaWorldEX2Return,sub_far,obj3007,Substage far side: SeaWorldEX2Return,-25300.000,550.000,3500.000,0;1;2;3;4;5;6;7;8;9;10;11;12;13;14,Connected from SeaWorldHomeStage. StageData anchor UnitConfigName=BazookaElectric.,
ReflectBombExStage::stage_change::SeaWorldMoonEX1a::raw,Seaside Kingdom,ReflectBombExStage,"Stop, Poke, and Roll",subarea,stage_change,StageData,SeaWorldMoonEX1a,raw,obj2091,Stage Change SeaWorldMoonEX1a,-14850.000,400.000,6500.000,0;1;2;3;4;5;6;7;8;9;10;11;12;13;14,Raw UnitConfigName=DokanStageChange.,
ReflectBombExStage::stage_change::SeaWorldMoonEX1b::raw,Seaside Kingdom,ReflectBombExStage,"Stop, Poke, and Roll",subarea,stage_change,StageData,SeaWorldMoonEX1b,raw,obj2090,Stage Change SeaWorldMoonEX1b,-14850.000,1050.000,-2750.000,0;1;2;3;4;5;6;7;8;9;10;11;12;13;14,Raw UnitConfigName=DokanStageChange.,
ReflectBombExStage::start,Seaside Kingdom,ReflectBombExStage,"Stop, Poke, and Roll",subarea,stage_start,generated,,,,Default start,,,,,Rename or split if this stage has multiple meaningful starts.,
ReflectBombExStage::entrance::SeaWorldMoonEX1a::sub_near,Seaside Kingdom,ReflectBombExStage,"Stop, Poke, and Roll",subarea,substage_entrance,EntranceDB,SeaWorldMoonEX1a,sub_near,obj2091,Substage near side: SeaWorldMoonEX1a,-14850.000,400.000,6500.000,0;1;2;3;4;5;6;7;8;9;10;11;12;13;14,Connected from SeaWorldHomeStage. StageData anchor UnitConfigName=DokanStageChange.,
ReflectBombExStage::entrance::SeaWorldMoonEX1b::sub_far,Seaside Kingdom,ReflectBombExStage,"Stop, Poke, and Roll",subarea,substage_entrance,EntranceDB,SeaWorldMoonEX1b,sub_far,obj2090,Substage far side: SeaWorldMoonEX1b,-14850.000,1050.000,-2750.000,0;1;2;3;4;5;6;7;8;9;10;11;12;13;14,Connected from SeaWorldHomeStage. StageData anchor UnitConfigName=DokanStageChange.,
SeaWorld2DLargeZone::start,Seaside Kingdom,SeaWorldHomeStage,Seaside Kingdom,overworld,custom_place,embedded_zone,,,,SeaWorld2DLargeZone,-7600.000,-950.000,-17900.000,0;1;2;3;4;5;6;7;8;9;10;11;12;13;14,Embedded map landmark from SeaWorld2DLargeZone.,
SeaWorld2DSmallZone::start,Seaside Kingdom,SeaWorldHomeStage,Seaside Kingdom,overworld,custom_place,embedded_zone,,,,SeaWorld2DSmallZone,15900.000,-5050.000,-22000.000,0;1;2;3;4;5;6;7;8;9;10;11;12;13;14,Embedded map landmark from SeaWorld2DSmallZone.,
SeaWorldBeachVolleyBallZone::start,Seaside Kingdom,SeaWorldHomeStage,Seaside Kingdom,overworld,custom_place,embedded_zone,,,,SeaWorldBeachVolleyBallZone,-18200.000,550.000,-3700.000,0;1;2;3;4;5;6;7;8;9;10;11;12;13;14,Embedded map landmark from SeaWorldBeachVolleyBallZone.,
SeaWorldBottomHollowZone::stage_change::StartPoint::raw,Seaside Kingdom,SeaWorldHomeStage,Seaside Kingdom,overworld,stage_change,StageData,StartPoint,raw,obj19,Stage Change StartPoint,21500.000,-3250.000,-8300.000,0;1;2;3;4;5;6;7;8;9;10;11;12;13;14,Raw UnitConfigName=PlayerActorHakoniwa.,
SeaWorldBottomHollowZone::start,Seaside Kingdom,SeaWorldHomeStage,Seaside Kingdom,overworld,custom_place,embedded_zone,,,,SeaWorldBottomHollowZone,21500.000,-6050.000,-8300.000,,Embedded map landmark from SeaWorldBottomHollowZone.,
SeaWorldCostumeStage::stage_change::CostumeEventSeaWorld::raw,Seaside Kingdom,SeaWorldCostumeStage,Costume Room,subarea,stage_change,StageData,CostumeEventSeaWorld,raw,obj6,Stage Change CostumeEventSeaWorld,0.000,-100.000,1375.000,0;1;2;3;4;5;6;7;8;9;10;11;12;13;14,Raw UnitConfigName=ChangeStageArea.,
SeaWorldCostumeStage::start,Seaside Kingdom,SeaWorldCostumeStage,Costume Room,subarea,stage_start,generated,,,,Default start,,,,,Rename or split if this stage has multiple meaningful starts.,
SeaWorldCostumeStage::entrance::CostumeEventSeaWorld::sub_far,Seaside Kingdom,SeaWorldCostumeStage,Costume Room,subarea,substage_entrance,EntranceDB,CostumeEventSeaWorld,sub_far,obj6,Substage far side: CostumeEventSeaWorld,0.000,-100.000,1375.000,0;1;2;3;4;5;6;7;8;9;10;11;12;13;14,Connected from SeaWorldHomeStage. StageData anchor UnitConfigName=ChangeStageArea.,
SeaWorldCostumeStage::entrance::CostumeEventSeaWorld::sub_near,Seaside Kingdom,SeaWorldCostumeStage,Costume Room,subarea,substage_entrance,EntranceDB,CostumeEventSeaWorld,sub_near,obj6,Substage near side: CostumeEventSeaWorld,0.000,-100.000,1375.000,0;1;2;3;4;5;6;7;8;9;10;11;12;13;14,Connected from SeaWorldHomeStage. StageData anchor UnitConfigName=ChangeStageArea.,
SeaWorldCoveCaveZone::start,Seaside Kingdom,SeaWorldHomeStage,Seaside Kingdom,overworld,custom_place,embedded_zone,,,,SeaWorldCoveCaveZone,-9000.000,-150.000,1500.000,0;1;2;3;4;5;6;7;8;9;10;11;12;13;14,Embedded map landmark from SeaWorldCoveCaveZone.,
SeaWorldDamageBallZone::checkpoint::obj59,Seaside Kingdom,SeaWorldHomeStage,Seaside Kingdom,overworld,checkpoint,StageData,,,obj59,Above Rolling Canyon Checkpoint (obj59),10770.711,3850.000,397.918,0;1;2;3,Raw UnitConfigName=CheckpointFlag.,
SeaWorldDamageBallZone::start,Seaside Kingdom,SeaWorldHomeStage,Seaside Kingdom,overworld,custom_place,embedded_zone,,,,SeaWorldDamageBallZone,10700.000,550.000,1600.000,,Embedded map landmark from SeaWorldDamageBallZone.,
SeaWorldHomeStage::checkpoint::obj1524,Seaside Kingdom,SeaWorldHomeStage,Seaside Kingdom,overworld,checkpoint,StageData,,,obj1524,Beach House Checkpoint (obj1524),-15000.000,550.000,-4500.000,0;1;2;3,Raw UnitConfigName=CheckpointFlag.,
SeaWorldHomeStage::checkpoint::obj1866,Seaside Kingdom,SeaWorldHomeStage,Seaside Kingdom,overworld,checkpoint,StageData,,,obj1866,Rolling Canyon Checkpoint (obj1866),14000.000,750.000,-4800.000,0;1;2;3,Raw UnitConfigName=CheckpointFlag.,
SeaWorldHomeStage::checkpoint::obj2264,Seaside Kingdom,SeaWorldHomeStage,Seaside Kingdom,overworld,checkpoint,StageData,,,obj2264,Ocean Trench West Checkpoint (obj2264),-11900.000,-1550.000,-31800.000,0;1;2;3,Raw UnitConfigName=CheckpointFlag.,
SeaWorldHomeStage::checkpoint::obj2266,Seaside Kingdom,SeaWorldHomeStage,Seaside Kingdom,overworld,checkpoint,StageData,,,obj2266,Ocean Trench East Checkpoint (obj2266),10600.000,-1550.000,-31600.000,0;1;2;3,Raw UnitConfigName=CheckpointFlag.,
SeaWorldHomeStage::checkpoint::obj2621,Seaside Kingdom,SeaWorldHomeStage,Seaside Kingdom,overworld,checkpoint,StageData,,,obj2621,Diving Platform Checkpoint (obj2621),-21750.000,4950.000,-1050.000,0;1;2;3,Raw UnitConfigName=CheckpointFlag.,
SeaWorldHomeStage::entrance::CostumeEventSeaWorld::home_in,Seaside Kingdom,SeaWorldHomeStage,Seaside Kingdom,overworld,home_entrance,EntranceDB,CostumeEventSeaWorld,home_in,obj1385,Home entrance: CostumeEventSeaWorld,-15000.000,550.000,-2300.000,0;1;2;3;4;5;6;7;8;9;10;11;12;13;14,Links to SeaWorldCostumeStage. StageData anchor UnitConfigName=DoorWarpStageChange.,
SeaWorldHomeStage::entrance::CostumeEventSeaWorld::home_out,Seaside Kingdom,SeaWorldHomeStage,Seaside Kingdom,overworld,home_entrance,EntranceDB,CostumeEventSeaWorld,home_out,obj1385,Home return: CostumeEventSeaWorld,-15000.000,550.000,-2300.000,0;1;2;3;4;5;6;7;8;9;10;11;12;13;14,Links to SeaWorldCostumeStage. StageData anchor UnitConfigName=DoorWarpStageChange.,
SeaWorldHomeStage::entrance::PukupukuCaveGoal::home_out,Seaside Kingdom,SeaWorldHomeStage,Seaside Kingdom,overworld,home_entrance,EntranceDB,PukupukuCaveGoal,home_out,obj252,Home return: PukupukuCaveGoal,-1100.000,3600.000,0.000,0;1;2;3;4;5;6;7;8;9;10;11;12;13;14,Links to SeaWorldUtsuboCaveStage.,
SeaWorldHomeStage::entrance::PukupukuCaveStart::home_in,Seaside Kingdom,SeaWorldHomeStage,Seaside Kingdom,overworld,home_entrance,EntranceDB,PukupukuCaveStart,home_in,obj328,Home entrance: PukupukuCaveStart,1300.000,-2750.000,-9600.000,0;1;2;3;4;5;6;7;8;9;10;11;12;13;14,Links to SeaWorldUtsuboCaveStage.,
SeaWorldHomeStage::entrance::RoomEventWorldSea::home_in,Seaside Kingdom,SeaWorldHomeStage,Seaside Kingdom,overworld,home_entrance,EntranceDB,RoomEventWorldSea,home_in,obj342,Home entrance: RoomEventWorldSea,-800.000,-2400.000,-3600.000,0;1;2;3,Links to SeaWorldSneakingManStage.,
SeaWorldHomeStage::entrance::RoomEventWorldSea::home_out,Seaside Kingdom,SeaWorldHomeStage,Seaside Kingdom,overworld,home_entrance,EntranceDB,RoomEventWorldSea,home_out,obj342,Home return: RoomEventWorldSea,-800.000,-2400.000,-3600.000,0;1;2;3,Links to SeaWorldSneakingManStage.,
SeaWorldHomeStage::entrance::SeaWorldEX1a::home_in,Seaside Kingdom,SeaWorldHomeStage,Seaside Kingdom,overworld,home_entrance,EntranceDB,SeaWorldEX1a,home_in,obj34,Home entrance: SeaWorldEX1a,1200.000,1150.000,-1850.000,0;1;2;3,Links to WaterValleyExStage.,
SeaWorldHomeStage::entrance::SeaWorldEX1b::home_out,Seaside Kingdom,SeaWorldHomeStage,Seaside Kingdom,overworld,home_entrance,EntranceDB,SeaWorldEX1b,home_out,obj36,Home return: SeaWorldEX1b,1200.000,1200.000,-1200.000,0;1;2;3;4;5;6;7;8;9;10;11;12;13;14,Links to WaterValleyExStage.,
SeaWorldHomeStage::entrance::SeaWorldEX2::home_in,Seaside Kingdom,SeaWorldHomeStage,Seaside Kingdom,overworld,home_entrance,EntranceDB,SeaWorldEX2,home_in,obj2080,Home entrance: SeaWorldEX2,-11800.000,1945.786,-2300.000,0;1;2;3,Links to CloudExStage. StageData anchor UnitConfigName=BazookaElectric.,
SeaWorldHomeStage::entrance::SeaWorldEX2Return::home_out,Seaside Kingdom,SeaWorldHomeStage,Seaside Kingdom,overworld,home_entrance,EntranceDB,SeaWorldEX2Return,home_out,obj3007,Home return: SeaWorldEX2Return,-25300.000,550.000,3500.000,0;1;2;3;4;5;6;7;8;9;10;11;12;13;14,Links to CloudExStage.,
SeaWorldHomeStage::entrance::SeaWorldEX3a::home_in,Seaside Kingdom,SeaWorldHomeStage,Seaside Kingdom,overworld,home_entrance,EntranceDB,SeaWorldEX3a,home_in,obj512,Home entrance: SeaWorldEX3a,-700.000,-1500.000,200.000,0;1;2;3,Links to SenobiTowerYoshiExStage.,
SeaWorldHomeStage::entrance::SeaWorldEX3b::home_out,Seaside Kingdom,SeaWorldHomeStage,Seaside Kingdom,overworld,home_entrance,EntranceDB,SeaWorldEX3b,home_out,obj537,Home return: SeaWorldEX3b,-1300.000,-1400.000,200.000,0;1;2;3,Links to SenobiTowerYoshiExStage.,
SeaWorldHomeStage::entrance::SeaWorldMoonEX1a::home_in,Seaside Kingdom,SeaWorldHomeStage,Seaside Kingdom,overworld,home_entrance,EntranceDB,SeaWorldMoonEX1a,home_in,obj2629,Home entrance: SeaWorldMoonEX1a,15500.000,-1035.000,-12300.000,3,Links to ReflectBombExStage. StageData anchor UnitConfigName=DokanStageChange.,
SeaWorldHomeStage::entrance::SeaWorldMoonEX1b::home_out,Seaside Kingdom,SeaWorldHomeStage,Seaside Kingdom,overworld,home_entrance,EntranceDB,SeaWorldMoonEX1b,home_out,obj2630,Home return: SeaWorldMoonEX1b,15500.000,-1150.000,-11700.000,3,Links to ReflectBombExStage. StageData anchor UnitConfigName=DokanStageChange.,
SeaWorldHomeStage::entrance::SeaWorldMoonEX2::home_in,Seaside Kingdom,SeaWorldHomeStage,Seaside Kingdom,overworld,home_entrance,EntranceDB,SeaWorldMoonEX2,home_in,obj2372,Home entrance: SeaWorldMoonEX2,-20950.000,-750.000,-24450.000,3,Links to TogezoRotateExStage. StageData anchor UnitConfigName=DokanStageChange.,
SeaWorldHomeStage::entrance::SeaWorldMoonEX2::home_out,Seaside Kingdom,SeaWorldHomeStage,Seaside Kingdom,overworld,home_entrance,EntranceDB,SeaWorldMoonEX2,home_out,obj2372,Home return: SeaWorldMoonEX2,-20950.000,-750.000,-24450.000,3,Links to TogezoRotateExStage. StageData anchor UnitConfigName=DokanStageChange.,
SeaWorldHomeStage::entrance::TreasureEventWorldSea::home_in,Seaside Kingdom,SeaWorldHomeStage,Seaside Kingdom,overworld,home_entrance,EntranceDB,TreasureEventWorldSea,home_in,obj28,Home entrance: TreasureEventWorldSea,0.000,-700.000,-1200.000,0;1;2;3,Links to SeaWorldSecretStage.,
SeaWorldHomeStage::entrance::TreasureEventWorldSea::home_out,Seaside Kingdom,SeaWorldHomeStage,Seaside Kingdom,overworld,home_entrance,EntranceDB,TreasureEventWorldSea,home_out,obj28,Home return: TreasureEventWorldSea,0.000,-700.000,-1200.000,0;1;2;3,Links to SeaWorldSecretStage.,
SeaWorldHomeStage::entrance::shindo_Lv2::home_in,Seaside Kingdom,SeaWorldHomeStage,Seaside Kingdom,overworld,home_entrance,EntranceDB,shindo_Lv2,home_in,obj3018,Home entrance: shindo_Lv2,-3000.000,975.000,1100.000,0;1;2;3;4;5;6;7;8;9;10;11;12;13;14,Links to SeaWorldVibrationStage. StageData anchor UnitConfigName=DokanStageChange.,
SeaWorldHomeStage::entrance::shindo_Lv2::home_out,Seaside Kingdom,SeaWorldHomeStage,Seaside Kingdom,overworld,home_entrance,EntranceDB,shindo_Lv2,home_out,obj3018,Home return: shindo_Lv2,-3000.000,975.000,1100.000,0;1;2;3;4;5;6;7;8;9;10;11;12;13;14,Links to SeaWorldVibrationStage. StageData anchor UnitConfigName=DokanStageChange.,
SeaWorldHomeStage::stage_change::Come::raw,Seaside Kingdom,SeaWorldHomeStage,Seaside Kingdom,overworld,stage_change,StageData,Come,raw,obj1672,Stage Change Come,-20750.000,5250.000,-550.000,0;1;2;3;4;5;6;7;8;9;10;11;12;13;14,Raw UnitConfigName=WorldWarpHole.,
SeaWorldHomeStage::stage_change::CostumeEventSeaWorld::raw,Seaside Kingdom,SeaWorldHomeStage,Seaside Kingdom,overworld,stage_change,StageData,CostumeEventSeaWorld,raw,obj1385,Stage Change CostumeEventSeaWorld,-15000.000,550.000,-2300.000,0;1;2;3;4;5;6;7;8;9;10;11;12;13;14,Raw UnitConfigName=DoorWarpStageChange.,
SeaWorldHomeStage::stage_change::GiantWanderBoss::raw,Seaside Kingdom,SeaWorldHomeStage,Seaside Kingdom,overworld,stage_change,StageData,GiantWanderBoss,raw,obj2562,Stage Change GiantWanderBoss,0.000,752.057,0.000,0,Raw UnitConfigName=PlayerStartObjNoLink.,
SeaWorldHomeStage::stage_change::Go::raw,Seaside Kingdom,SeaWorldHomeStage,Seaside Kingdom,overworld,stage_change,StageData,Go,raw,obj2055,Stage Change Go,0.000,3500.000,-20700.000,0;1;2;3;4;5;6;7;8;9;10;11;12;13;14,Raw UnitConfigName=WorldWarpHole.,
SeaWorldHomeStage::stage_change::SeaWorldEX2::raw,Seaside Kingdom,SeaWorldHomeStage,Seaside Kingdom,overworld,stage_change,StageData,SeaWorldEX2,raw,obj2080,Stage Change SeaWorldEX2,-11800.000,1945.786,-2300.000,0;1;2;3,Raw UnitConfigName=BazookaElectric.,
SeaWorldHomeStage::stage_change::SeaWorldMoonEX1a::raw,Seaside Kingdom,SeaWorldHomeStage,Seaside Kingdom,overworld,stage_change,StageData,SeaWorldMoonEX1a,raw,obj2629,Stage Change SeaWorldMoonEX1a,15500.000,-1035.000,-12300.000,3,Raw UnitConfigName=DokanStageChange.,
SeaWorldHomeStage::stage_change::SeaWorldMoonEX1b::raw,Seaside Kingdom,SeaWorldHomeStage,Seaside Kingdom,overworld,stage_change,StageData,SeaWorldMoonEX1b,raw,obj2630,Stage Change SeaWorldMoonEX1b,15500.000,-1150.000,-11700.000,3,Raw UnitConfigName=DokanStageChange.,
SeaWorldHomeStage::stage_change::SeaWorldMoonEX2::raw,Seaside Kingdom,SeaWorldHomeStage,Seaside Kingdom,overworld,stage_change,StageData,SeaWorldMoonEX2,raw,obj2372,Stage Change SeaWorldMoonEX2,-20950.000,-750.000,-24450.000,3,Raw UnitConfigName=DokanStageChange.,
SeaWorldHomeStage::stage_change::SeaWorldRacemanStart::raw,Seaside Kingdom,SeaWorldHomeStage,Seaside Kingdom,overworld,stage_change,StageData,SeaWorldRacemanStart,raw,obj2804,Stage Change SeaWorldRacemanStart,7350.000,550.000,-28900.000,2;3,Raw UnitConfigName=PlayerStartObjNoLink.,
SeaWorldHomeStage::stage_change::StartPoint::raw,Seaside Kingdom,SeaWorldHomeStage,Seaside Kingdom,overworld,stage_change,StageData,StartPoint,raw,obj252,Stage Change StartPoint,0.000,752.057,0.000,0;1;2;3;4;5;6;7;8;9;10;11;12;13;14,Raw UnitConfigName=PlayerActorHakoniwa.,
SeaWorldHomeStage::stage_change::shindo_Lv2::raw,Seaside Kingdom,SeaWorldHomeStage,Seaside Kingdom,overworld,stage_change,StageData,shindo_Lv2,raw,obj3018,Stage Change shindo_Lv2,-3000.000,975.000,1100.000,0;1;2;3;4;5;6;7;8;9;10;11;12;13;14,Raw UnitConfigName=DokanStageChange.,
SeaWorldHomeStage::start,Seaside Kingdom,SeaWorldHomeStage,Seaside Kingdom,overworld,stage_start,generated,,,,Default start,,,,,Rename or split if this stage has multiple meaningful starts.,
SeaWorldHomeStage::event::MoonRockActive_Seaside,Seaside Kingdom,SeaWorldHomeStage,Seaside Kingdom,overworld,state_event,StageData:progression_events,,,obj1374,Moon Rock,-13624.265,543.526,-5075.736,3,Fill the route to the Moon Rock and any prerequisite story/global state. Location imported from StageData obj obj1374.,
SeaWorldHomeStage::event::WorldPeace_Seaside,Seaside Kingdom,SeaWorldHomeStage,Seaside Kingdom,overworld,state_event,progression_events,,,,Seaside Kingdom World Peace,,,,,Fill the story moons/bosses that must be completed for world peace in this kingdom.,
SeaWorldLavaZone::checkpoint::obj182,Seaside Kingdom,SeaWorldHomeStage,Seaside Kingdom,overworld,checkpoint,StageData,,,obj182,Hot Spring Island Checkpoint (obj182),15303.553,2050.000,-27060.661,0;1;2;3,Raw UnitConfigName=CheckpointFlag.,
SeaWorldLavaZone::stage_change::SeaWorldEX3a::raw,Seaside Kingdom,SeaWorldHomeStage,Seaside Kingdom,overworld,stage_change,StageData,SeaWorldEX3a,raw,obj512,Stage Change SeaWorldEX3a,14596.447,-1050.000,-25363.604,0;1;2;3,Raw UnitConfigName=ChangeStageArea.,
SeaWorldLavaZone::stage_change::SeaWorldEX3b::raw,Seaside Kingdom,SeaWorldHomeStage,Seaside Kingdom,overworld,stage_change,StageData,SeaWorldEX3b,raw,obj537,Stage Change SeaWorldEX3b,14172.182,-950.000,-24939.340,0;1;2;3,Raw UnitConfigName=DokanStageChange.,
SeaWorldLavaZone::start,Seaside Kingdom,SeaWorldHomeStage,Seaside Kingdom,overworld,custom_place,embedded_zone,,,,SeaWorldLavaZone,14950.000,450.000,-26000.000,,Embedded map landmark from SeaWorldLavaZone.,
SeaWorldLighthouseZone::checkpoint::obj212,Seaside Kingdom,SeaWorldHomeStage,Seaside Kingdom,overworld,checkpoint,StageData,,,obj212,Lighthouse Checkpoint (obj212),-18390.000,4450.000,-19675.000,0;1;2;3,Raw UnitConfigName=CheckpointFlag.,
SeaWorldLighthouseZone::stage_change::PukupukuCaveGoal::raw,Seaside Kingdom,SeaWorldHomeStage,Seaside Kingdom,overworld,stage_change,StageData,PukupukuCaveGoal,raw,obj252,Stage Change PukupukuCaveGoal,-18500.000,4250.000,-20700.000,0;1;2;3;4;5;6;7;8;9;10;11;12;13;14,Raw UnitConfigName=DokanStageChange.,
SeaWorldLighthouseZone::stage_change::PukupukuCaveStart::raw,Seaside Kingdom,SeaWorldHomeStage,Seaside Kingdom,overworld,stage_change,StageData,PukupukuCaveStart,raw,obj328,Stage Change PukupukuCaveStart,-16100.000,-2100.000,-30300.000,0;1;2;3;4;5;6;7;8;9;10;11;12;13;14,Raw UnitConfigName=ChangeStageArea.,
SeaWorldLighthouseZone::stage_change::RoomEventWorldSea::raw,Seaside Kingdom,SeaWorldHomeStage,Seaside Kingdom,overworld,stage_change,StageData,RoomEventWorldSea,raw,obj342,Stage Change RoomEventWorldSea,-18200.000,-1750.000,-24300.000,0;1;2;3,Raw UnitConfigName=ChangeStageArea.,
SeaWorldLighthouseZone::start,Seaside Kingdom,SeaWorldHomeStage,Seaside Kingdom,overworld,custom_place,embedded_zone,,,,SeaWorldLighthouseZone,-17400.000,650.000,-20700.000,,Embedded map landmark from SeaWorldLighthouseZone.,
SeaWorldLongReefZone::start,Seaside Kingdom,SeaWorldHomeStage,Seaside Kingdom,overworld,custom_place,embedded_zone,,,,SeaWorldLongReefZone,13400.000,450.000,-13700.000,0;1;2;3;4;5;6;7;8;9;10;11;12;13;14,Embedded map landmark from SeaWorldLongReefZone.,
SeaWorldSecretStage::stage_change::TreasureEventWorldSea::raw,Seaside Kingdom,SeaWorldSecretStage,Sphynx Treasure Vault,subarea,stage_change,StageData,TreasureEventWorldSea,raw,obj6,Stage Change TreasureEventWorldSea,0.000,-100.000,1375.000,0;1;2;3;4;5;6;7;8;9;10;11;12;13;14,Raw UnitConfigName=ChangeStageArea.,
SeaWorldSecretStage::start,Seaside Kingdom,SeaWorldSecretStage,Sphynx Treasure Vault,subarea,stage_start,generated,,,,Default start,,,,,Rename or split if this stage has multiple meaningful starts.,
SeaWorldSecretStage::entrance::TreasureEventWorldSea::sub_far,Seaside Kingdom,SeaWorldSecretStage,Sphynx Treasure Vault,subarea,substage_entrance,EntranceDB,TreasureEventWorldSea,sub_far,obj6,Substage far side: TreasureEventWorldSea,0.000,-100.000,1375.000,0;1;2;3;4;5;6;7;8;9;10;11;12;13;14,Connected from SeaWorldHomeStage. StageData anchor UnitConfigName=ChangeStageArea.,
SeaWorldSecretStage::entrance::TreasureEventWorldSea::sub_near,Seaside Kingdom,SeaWorldSecretStage,Sphynx Treasure Vault,subarea,substage_entrance,EntranceDB,TreasureEventWorldSea,sub_near,obj6,Substage near side: TreasureEventWorldSea,0.000,-100.000,1375.000,0;1;2;3;4;5;6;7;8;9;10;11;12;13;14,Connected from SeaWorldHomeStage. StageData anchor UnitConfigName=ChangeStageArea.,
SeaWorldSneakingManStage::stage_change::RoomEventWorldSea::raw,Seaside Kingdom,SeaWorldSneakingManStage,Wriggling Power Moon,subarea,stage_change,StageData,RoomEventWorldSea,raw,obj6,Stage Change RoomEventWorldSea,0.000,-100.000,1200.000,0;1;2;3;4;5;6;7;8;9;10;11;12;13;14,Raw UnitConfigName=ChangeStageArea.,
SeaWorldSneakingManStage::start,Seaside Kingdom,SeaWorldSneakingManStage,Wriggling Power Moon,subarea,stage_start,generated,,,,Default start,,,,,Rename or split if this stage has multiple meaningful starts.,
SeaWorldSneakingManStage::entrance::RoomEventWorldSea::sub_far,Seaside Kingdom,SeaWorldSneakingManStage,Wriggling Power Moon,subarea,substage_entrance,EntranceDB,RoomEventWorldSea,sub_far,obj6,Substage far side: RoomEventWorldSea,0.000,-100.000,1200.000,0;1;2;3;4;5;6;7;8;9;10;11;12;13;14,Connected from SeaWorldHomeStage. StageData anchor UnitConfigName=ChangeStageArea.,
SeaWorldSneakingManStage::entrance::RoomEventWorldSea::sub_near,Seaside Kingdom,SeaWorldSneakingManStage,Wriggling Power Moon,subarea,substage_entrance,EntranceDB,RoomEventWorldSea,sub_near,obj6,Substage near side: RoomEventWorldSea,0.000,-100.000,1200.000,0;1;2;3;4;5;6;7;8;9;10;11;12;13;14,Connected from SeaWorldHomeStage. StageData anchor UnitConfigName=ChangeStageArea.,
SeaWorldSphinxQuizZone::stage_change::TreasureEventWorldSea::raw,Seaside Kingdom,SeaWorldHomeStage,Seaside Kingdom,overworld,stage_change,StageData,TreasureEventWorldSea,raw,obj28,Stage Change TreasureEventWorldSea,600.000,-7450.000,-33000.000,0;1;2;3,Raw UnitConfigName=ChangeStageArea.,
SeaWorldSphinxQuizZone::start,Seaside Kingdom,SeaWorldHomeStage,Seaside Kingdom,overworld,custom_place,embedded_zone,,,,SeaWorldSphinxQuizZone,600.000,-6750.000,-31800.000,,Embedded map landmark from SeaWorldSphinxQuizZone.,
SeaWorldUnderGlassZone::checkpoint::obj153,Seaside Kingdom,SeaWorldHomeStage,Seaside Kingdom,overworld,checkpoint,StageData,,,obj153,Glass Palace Checkpoint (obj153),1591.000,555.362,-17312.000,0;1;2;3,Raw UnitConfigName=CheckpointFlag.,
SeaWorldUnderGlassZone::start,Seaside Kingdom,SeaWorldHomeStage,Seaside Kingdom,overworld,custom_place,embedded_zone,,,,SeaWorldUnderGlassZone,0.000,650.000,-20700.000,,Embedded map landmark from SeaWorldUnderGlassZone.,
SeaWorldUtsuboCaveStage::stage_change::PukupukuCaveGoal::raw,Seaside Kingdom,SeaWorldUtsuboCaveStage,Underwater Tunnel,subarea,stage_change,StageData,PukupukuCaveGoal,raw,obj511,Stage Change PukupukuCaveGoal,-1100.000,2200.000,-32950.000,0;1;2;3;4;5;6;7;8;9;10;11;12;13;14,Raw UnitConfigName=DokanStageChange.,
SeaWorldUtsuboCaveStage::stage_change::PukupukuCaveStart::raw,Seaside Kingdom,SeaWorldUtsuboCaveStage,Underwater Tunnel,subarea,stage_change,StageData,PukupukuCaveStart,raw,obj466,Stage Change PukupukuCaveStart,0.000,3600.000,0.000,0;1;2;3;4;5;6;7;8;9;10;11;12;13;14,Raw UnitConfigName=ChangeStageArea.,
SeaWorldUtsuboCaveStage::start,Seaside Kingdom,SeaWorldUtsuboCaveStage,Underwater Tunnel,subarea,stage_start,generated,,,,Default start,,,,,Rename or split if this stage has multiple meaningful starts.,
SeaWorldUtsuboCaveStage::entrance::PukupukuCaveGoal::sub_far,Seaside Kingdom,SeaWorldUtsuboCaveStage,Underwater Tunnel,subarea,substage_entrance,EntranceDB,PukupukuCaveGoal,sub_far,obj511,Substage far side: PukupukuCaveGoal,-1100.000,2200.000,-32950.000,0;1;2;3;4;5;6;7;8;9;10;11;12;13;14,"Connected from SeaWorldHomeStage. StageData anchor UnitConfigName=DokanStageChange.

Requires Life Up Heart for both ways",
SeaWorldUtsuboCaveStage::entrance::PukupukuCaveStart::sub_near,Seaside Kingdom,SeaWorldUtsuboCaveStage,Underwater Tunnel,subarea,substage_entrance,EntranceDB,PukupukuCaveStart,sub_near,obj466,Substage near side: PukupukuCaveStart,0.000,3600.000,0.000,0;1;2;3;4;5;6;7;8;9;10;11;12;13;14,Connected from SeaWorldHomeStage. StageData anchor UnitConfigName=ChangeStageArea.,
SeaWorldUtsuboDenZone::start,Seaside Kingdom,SeaWorldHomeStage,Seaside Kingdom,overworld,custom_place,embedded_zone,,,,SeaWorldUtsuboDenZone,17600.000,-1750.000,-33100.000,0;1;2;3;4;5;6;7;8;9;10;11;12;13;14,Embedded map landmark from SeaWorldUtsuboDenZone.,
SeaWorldVibrationStage::stage_change::shindo_Lv2::raw,Seaside Kingdom,SeaWorldVibrationStage,Rumbling Floor Cave,subarea,stage_change,StageData,shindo_Lv2,raw,obj17,Stage Change shindo_Lv2,-800.000,100.000,0.000,0;1;2;3;4;5;6;7;8;9;10;11;12;13;14,Raw UnitConfigName=DokanStageChange.,
SeaWorldVibrationStage::start,Seaside Kingdom,SeaWorldVibrationStage,Rumbling Floor Cave,subarea,stage_start,generated,,,,Default start,,,,,Rename or split if this stage has multiple meaningful starts.,
SeaWorldVibrationStage::entrance::shindo_Lv2::sub_far,Seaside Kingdom,SeaWorldVibrationStage,Rumbling Floor Cave,subarea,substage_entrance,EntranceDB,shindo_Lv2,sub_far,obj17,Substage far side: shindo_Lv2,-800.000,100.000,0.000,0;1;2;3;4;5;6;7;8;9;10;11;12;13;14,Connected from SeaWorldHomeStage. StageData anchor UnitConfigName=DokanStageChange.,
SeaWorldVibrationStage::entrance::shindo_Lv2::sub_near,Seaside Kingdom,SeaWorldVibrationStage,Rumbling Floor Cave,subarea,substage_entrance,EntranceDB,shindo_Lv2,sub_near,obj17,Substage near side: shindo_Lv2,-800.000,100.000,0.000,0;1;2;3;4;5;6;7;8;9;10;11;12;13;14,Connected from SeaWorldHomeStage. StageData anchor UnitConfigName=DokanStageChange.,
SeaWorldWallCaveCenterZone::start,Seaside Kingdom,SeaWorldHomeStage,Seaside Kingdom,overworld,custom_place,embedded_zone,,,,SeaWorldWallCaveCenterZone,-6750.000,1150.000,100.000,0;1;2;3;4;5;6;7;8;9;10;11;12;13;14,Embedded map landmark from SeaWorldWallCaveCenterZone.,
SenobiTowerExStage::stage_change::SeaWorldEX3a::raw,Seaside Kingdom,SenobiTowerExStage,Stretching Up the Sinking Island,subarea,stage_change,StageData,SeaWorldEX3a,raw,obj287,Stage Change SeaWorldEX3a,3550.000,-1500.000,-400.000,0,Raw UnitConfigName=ChangeStageArea.,
SenobiTowerExStage::stage_change::SeaWorldEX3b::raw,Seaside Kingdom,SenobiTowerExStage,Stretching Up the Sinking Island,subarea,stage_change,StageData,SeaWorldEX3b,raw,obj253,Stage Change SeaWorldEX3b,-9404.521,8000.000,-11879.394,0,Raw UnitConfigName=DokanStageChange.,
SenobiTowerExStage::start,Seaside Kingdom,SenobiTowerExStage,Stretching Up the Sinking Island,subarea,stage_start,generated,,,,Default start,,,,,Rename or split if this stage has multiple meaningful starts.,
TogezoRotateExStage::stage_change::SeaWorldMoonEX2::raw,Seaside Kingdom,TogezoRotateExStage,Spinning Maze,subarea,stage_change,StageData,SeaWorldMoonEX2,raw,obj503,Stage Change SeaWorldMoonEX2,-27200.000,-800.000,3500.000,0;1;2;3;4;5;6;7;8;9;10;11;12;13;14,Raw UnitConfigName=DokanStageChange.,
TogezoRotateExStage::start,Seaside Kingdom,TogezoRotateExStage,Spinning Maze,subarea,stage_start,generated,,,,Default start,,,,,Rename or split if this stage has multiple meaningful starts.,
TogezoRotateExStage::entrance::SeaWorldMoonEX2::sub_far,Seaside Kingdom,TogezoRotateExStage,Spinning Maze,subarea,substage_entrance,EntranceDB,SeaWorldMoonEX2,sub_far,obj503,Substage far side: SeaWorldMoonEX2,-27200.000,-800.000,3500.000,0;1;2;3;4;5;6;7;8;9;10;11;12;13;14,Connected from SeaWorldHomeStage. StageData anchor UnitConfigName=DokanStageChange.,
TogezoRotateExStage::entrance::SeaWorldMoonEX2::sub_near,Seaside Kingdom,TogezoRotateExStage,Spinning Maze,subarea,substage_entrance,EntranceDB,SeaWorldMoonEX2,sub_near,obj503,Substage near side: SeaWorldMoonEX2,-27200.000,-800.000,3500.000,0;1;2;3;4;5;6;7;8;9;10;11;12;13;14,Connected from SeaWorldHomeStage. StageData anchor UnitConfigName=DokanStageChange.,
WaterValleyExStage::stage_change::SeaWorldEX1a::raw,Seaside Kingdom,WaterValleyExStage,Flying Through the Narrow Valley,subarea,stage_change,StageData,SeaWorldEX1a,raw,obj1550,Stage Change SeaWorldEX1a,-1700.000,100.000,350.000,0;1;2;3;4;5;6;7;8;9;10;11;12;13;14,Raw UnitConfigName=ChangeStageArea.,
WaterValleyExStage::stage_change::SeaWorldEX1b::raw,Seaside Kingdom,WaterValleyExStage,Flying Through the Narrow Valley,subarea,stage_change,StageData,SeaWorldEX1b,raw,obj801,Stage Change SeaWorldEX1b,850.000,-8500.000,-40950.000,0;1;2;3;4;5;6;7;8;9;10;11;12;13;14,Raw UnitConfigName=DokanStageChange.,
WaterValleyExStage::start,Seaside Kingdom,WaterValleyExStage,Flying Through the Narrow Valley,subarea,stage_start,generated,,,,Default start,,,,,Rename or split if this stage has multiple meaningful starts.,
WaterValleyExStage::entrance::SeaWorldEX1a::sub_near,Seaside Kingdom,WaterValleyExStage,Flying Through the Narrow Valley,subarea,substage_entrance,EntranceDB,SeaWorldEX1a,sub_near,obj1550,Substage near side: SeaWorldEX1a,-1700.000,100.000,350.000,0;1;2;3;4;5;6;7;8;9;10;11;12;13;14,Connected from SeaWorldHomeStage. StageData anchor UnitConfigName=ChangeStageArea.,
WaterValleyExStage::entrance::SeaWorldEX1b::sub_far,Seaside Kingdom,WaterValleyExStage,Flying Through the Narrow Valley,subarea,substage_entrance,EntranceDB,SeaWorldEX1b,sub_far,obj801,Substage far side: SeaWorldEX1b,850.000,-8500.000,-40950.000,0;1;2;3;4;5;6;7;8;9;10;11;12;13;14,Connected from SeaWorldHomeStage. StageData anchor UnitConfigName=DokanStageChange.,
CloudExStage::place::new_place,Seaside Kingdom,CloudExStage,A Sea of Clouds,subarea,custom_place,editor,,,,Free Space,,,,,Both moons in this subarea are free but the entrances and exits are not so this free space is required,
SeaWorldHomeStage::place::new_place,Seaside Kingdom,SeaWorldHomeStage,Seaside Kingdom,overworld,custom_place,editor,,,,Lighthouse Top,,,,,Human-authored logic place.,
SenobiTowerExStage::entrance::SeaWorldEX3a::sub_near,Seaside Kingdom,SenobiTowerExStage,Stretching Up the Sinking Island,subarea,substage_entrance,EntranceDB,SeaWorldEX3a,sub_near,obj287,Substage near side: SeaWorldEX3a,3550.000,-1500.000,-400.000,0,Connected from SeaWorldHomeStage.,
SenobiTowerExStage::entrance::SeaWorldEX3b::sub_far,Seaside Kingdom,SenobiTowerExStage,Stretching Up the Sinking Island,subarea,substage_entrance,EntranceDB,SeaWorldEX3b,sub_far,obj253,Substage far side: SeaWorldEX3b,-9404.521,8000.000,-11879.394,0,Connected from SeaWorldHomeStage.,
SeaWorldWallCaveWestZone::stage_change::SeaWorldEX1a::raw,Seaside Kingdom,SeaWorldHomeStage,Seaside Kingdom,overworld,stage_change,StageData,SeaWorldEX1a,raw,obj34,Stage Change SeaWorldEX1a,-19940.380,1600.000,1256.676,0;1;2;3,Raw UnitConfigName=ChangeStageArea.,
SeaWorldWallCaveWestZone::stage_change::SeaWorldEX1b::raw,Seaside Kingdom,SeaWorldHomeStage,Seaside Kingdom,overworld,stage_change,StageData,SeaWorldEX1b,raw,obj36,Stage Change SeaWorldEX1b,-20400.000,1650.000,797.057,0;1;2;3;4;5;6;7;8;9;10;11;12;13;14,Raw UnitConfigName=DokanStageChange.,
SeaWorldWallCaveWestZone::start,Seaside Kingdom,SeaWorldHomeStage,Seaside Kingdom,overworld,custom_place,embedded_zone,,,,SeaWorldWallCaveWestZone,-20400.000,450.000,-900.000,,Embedded map landmark from SeaWorldWallCaveWestZone.,
SeaWorldHomeStage::place::new_place_2,Seaside Kingdom,SeaWorldHomeStage,Seaside Kingdom,overworld,custom_place,editor,,,,Lighthouse,,,,,Human-authored logic place.,
SeaWorldHomeStage::place::new_place_3,Seaside Kingdom,SeaWorldHomeStage,Seaside Kingdom,overworld,custom_place,editor,,,,"Bonjour, Dorrie! Free",,,,,Human-authored logic place.,
SeaWorldHomeStage::place::new_place_4,Seaside Kingdom,SeaWorldHomeStage,Seaside Kingdom,overworld,custom_place,editor,,,,On the Cliff Overlooking the Beach Free,,,,,Human-authored logic place.,
SeaWorldHomeStage::place::new_place_5,Seaside Kingdom,SeaWorldHomeStage,Seaside Kingdom,overworld,custom_place,editor,,,,Seed Moons,,,,,Human-authored logic place.,
ByugoPuzzleExStage::stage_change::ByugoPuzzle::raw,Snow Kingdom,ByugoPuzzleExStage,Ty-Foo Sliding Puzzle,subarea,stage_change,StageData,ByugoPuzzle,raw,obj99,Stage Change ByugoPuzzle,0.000,350.000,2680.867,0;1;2;3;4;5;6;7;8;9;10;11;12;13;14,Raw UnitConfigName=ChangeStageArea.,
ByugoPuzzleExStage::start,Snow Kingdom,ByugoPuzzleExStage,Ty-Foo Sliding Puzzle,subarea,stage_start,generated,,,,Default start,,,,,Rename or split if this stage has multiple meaningful starts.,
ByugoPuzzleExStage::entrance::ByugoPuzzle::sub_far,Snow Kingdom,ByugoPuzzleExStage,Ty-Foo Sliding Puzzle,subarea,substage_entrance,EntranceDB,ByugoPuzzle,sub_far,obj99,Substage far side: ByugoPuzzle,0.000,350.000,2680.867,0;1;2;3;4;5;6;7;8;9;10;11;12;13;14,Connected from SnowWorldHomeStage. StageData anchor UnitConfigName=ChangeStageArea.,
ByugoPuzzleExStage::entrance::ByugoPuzzle::sub_near,Snow Kingdom,ByugoPuzzleExStage,Ty-Foo Sliding Puzzle,subarea,substage_entrance,EntranceDB,ByugoPuzzle,sub_near,obj99,Substage near side: ByugoPuzzle,0.000,350.000,2680.867,0;1;2;3;4;5;6;7;8;9;10;11;12;13;14,Connected from SnowWorldHomeStage. StageData anchor UnitConfigName=ChangeStageArea.,
IceWalkerExStage::stage_change::FigureWalker::raw,Snow Kingdom,IceWalkerExStage,Koopa Walking in Snow,subarea,stage_change,StageData,FigureWalker,raw,obj16,Stage Change FigureWalker,0.000,-300.000,1100.000,0;1;2;3;4;5;6;7;8;9;10;11;12;13;14,Raw UnitConfigName=ChangeStageArea.,
IceWalkerExStage::start,Snow Kingdom,IceWalkerExStage,Koopa Walking in Snow,subarea,stage_start,generated,,,,Default start,,,,,Rename or split if this stage has multiple meaningful starts.,
IceWalkerExStage::entrance::FigureWalker::sub_far,Snow Kingdom,IceWalkerExStage,Koopa Walking in Snow,subarea,substage_entrance,EntranceDB,FigureWalker,sub_far,obj16,Substage far side: FigureWalker,0.000,-300.000,1100.000,0;1;2;3;4;5;6;7;8;9;10;11;12;13;14,Connected from SnowWorldHomeStage. StageData anchor UnitConfigName=ChangeStageArea.,
IceWalkerExStage::entrance::FigureWalker::sub_near,Snow Kingdom,IceWalkerExStage,Koopa Walking in Snow,subarea,substage_entrance,EntranceDB,FigureWalker,sub_near,obj16,Substage near side: FigureWalker,0.000,-300.000,1100.000,0;1;2;3;4;5;6;7;8;9;10;11;12;13;14,Connected from SnowWorldHomeStage. StageData anchor UnitConfigName=ChangeStageArea.,
IceWaterBlockExStage::stage_change::EX_IceWater::raw,Snow Kingdom,IceWaterBlockExStage,Freezing Water,subarea,stage_change,StageData,EX_IceWater,raw,obj436,Stage Change EX_IceWater,0.000,-50.000,3850.000,0;1;2;3;4;5;6;7;8;9;10;11;12;13;14,Raw UnitConfigName=ChangeStageArea.,
IceWaterBlockExStage::stage_change::EX_IceWater_Exit::raw,Snow Kingdom,IceWaterBlockExStage,Freezing Water,subarea,stage_change,StageData,EX_IceWater_Exit,raw,obj438,Stage Change EX_IceWater_Exit,3400.000,2400.000,-2400.000,0;1;2;3;4;5;6;7;8;9;10;11;12;13;14,Raw UnitConfigName=DokanStageChange.,
IceWaterBlockExStage::start,Snow Kingdom,IceWaterBlockExStage,Freezing Water,subarea,stage_start,generated,,,,Default start,,,,,Rename or split if this stage has multiple meaningful starts.,
IceWaterBlockExStage::entrance::EX_IceWater::sub_near,Snow Kingdom,IceWaterBlockExStage,Freezing Water,subarea,substage_entrance,EntranceDB,EX_IceWater,sub_near,obj436,Substage near side: EX_IceWater,0.000,-50.000,3850.000,0;1;2;3;4;5;6;7;8;9;10;11;12;13;14,Connected from SnowWorldHomeStage. StageData anchor UnitConfigName=ChangeStageArea.,
IceWaterBlockExStage::entrance::EX_IceWater_Exit::sub_far,Snow Kingdom,IceWaterBlockExStage,Freezing Water,subarea,substage_entrance,EntranceDB,EX_IceWater_Exit,sub_far,obj438,Substage far side: EX_IceWater_Exit,3400.000,2400.000,-2400.000,0;1;2;3;4;5;6;7;8;9;10;11;12;13;14,Connected from SnowWorldHomeStage. StageData anchor UnitConfigName=DokanStageChange.,
IceWaterDashExStage::stage_change::EX_IceWaterDash::raw,Snow Kingdom,IceWaterDashExStage,Dashing Over Cold Water,subarea,stage_change,StageData,EX_IceWaterDash,raw,obj127,Stage Change EX_IceWaterDash,4600.000,-50.000,-50.000,0;1;2;3;4;5;6;7;8;9;10;11;12;13;14,Raw UnitConfigName=ChangeStageArea.,
IceWaterDashExStage::stage_change::EX_IceWaterDash_Exit::raw,Snow Kingdom,IceWaterDashExStage,Dashing Over Cold Water,subarea,stage_change,StageData,EX_IceWaterDash_Exit,raw,obj267,Stage Change EX_IceWaterDash_Exit,-26450.000,8600.000,24100.000,0;1;2;3;4;5;6;7;8;9;10;11;12;13;14,Raw UnitConfigName=DokanStageChange.,
IceWaterDashExStage::start,Snow Kingdom,IceWaterDashExStage,Dashing Over Cold Water,subarea,stage_start,generated,,,,Default start,,,,,Rename or split if this stage has multiple meaningful starts.,
IceWaterDashExStage::entrance::EX_IceWaterDash::sub_near,Snow Kingdom,IceWaterDashExStage,Dashing Over Cold Water,subarea,substage_entrance,EntranceDB,EX_IceWaterDash,sub_near,obj127,Substage near side: EX_IceWaterDash,4600.000,-50.000,-50.000,0;1;2;3;4;5;6;7;8;9;10;11;12;13;14,Connected from SnowWorldHomeStage. StageData anchor UnitConfigName=ChangeStageArea.,
IceWaterDashExStage::entrance::EX_IceWaterDash_Exit::sub_far,Snow Kingdom,IceWaterDashExStage,Dashing Over Cold Water,subarea,substage_entrance,EntranceDB,EX_IceWaterDash_Exit,sub_far,obj267,Substage far side: EX_IceWaterDash_Exit,-26450.000,8600.000,24100.000,0;1;2;3;4;5;6;7;8;9;10;11;12;13;14,Connected from SnowWorldHomeStage. StageData anchor UnitConfigName=DokanStageChange.,
KillerRailCollisionExStage::stage_change::EX_RailCol2::raw,Snow Kingdom,KillerRailCollisionExStage,Wintery Flower Road,subarea,stage_change,StageData,EX_RailCol2,raw,obj2322,Stage Change EX_RailCol2,-3300.000,-250.000,9150.000,0;1;2;3;4;5;6;7;8;9;10;11;12;13;14,Raw UnitConfigName=DokanStageChange.,
KillerRailCollisionExStage::stage_change::EX_RailCol2_Exit::raw,Snow Kingdom,KillerRailCollisionExStage,Wintery Flower Road,subarea,stage_change,StageData,EX_RailCol2_Exit,raw,obj2903,Stage Change EX_RailCol2_Exit,-22500.000,3200.000,-2600.000,0;1;2;3;4;5;6;7;8;9;10;11;12;13;14,Raw UnitConfigName=DokanStageChange.,
KillerRailCollisionExStage::start,Snow Kingdom,KillerRailCollisionExStage,Wintery Flower Road,subarea,stage_start,generated,,,,Default start,,,,,Rename or split if this stage has multiple meaningful starts.,
KillerRailCollisionExStage::entrance::EX_RailCol2::sub_near,Snow Kingdom,KillerRailCollisionExStage,Wintery Flower Road,subarea,substage_entrance,EntranceDB,EX_RailCol2,sub_near,obj2322,Substage near side: EX_RailCol2,-3300.000,-250.000,9150.000,0;1;2;3;4;5;6;7;8;9;10;11;12;13;14,Connected from SnowWorldHomeStage. StageData anchor UnitConfigName=DokanStageChange.,
KillerRailCollisionExStage::entrance::EX_RailCol2_Exit::sub_far,Snow Kingdom,KillerRailCollisionExStage,Wintery Flower Road,subarea,substage_entrance,EntranceDB,EX_RailCol2_Exit,sub_far,obj2903,Substage far side: EX_RailCol2_Exit,-22500.000,3200.000,-2600.000,0;1;2;3;4;5;6;7;8;9;10;11;12;13;14,Connected from SnowWorldHomeStage. StageData anchor UnitConfigName=DokanStageChange.,
SnowWorldCloudBonusExStage::stage_change::EX_SkyBonus::raw,Snow Kingdom,SnowWorldCloudBonusExStage,Spinning Above the Clouds,subarea,stage_change,StageData,EX_SkyBonus,raw,obj4784,Stage Change EX_SkyBonus,2450.000,4700.000,150.000,0;1;2;3;4;5;6;7;8;9;10;11;12;13;14,Raw UnitConfigName=ChangeStageArea.,
SnowWorldCloudBonusExStage::start,Snow Kingdom,SnowWorldCloudBonusExStage,Spinning Above the Clouds,subarea,stage_start,generated,,,,Default start,,,,,Rename or split if this stage has multiple meaningful starts.,
SnowWorldCloudBonusExStage::entrance::EX_SkyBonus::sub_far,Snow Kingdom,SnowWorldCloudBonusExStage,Spinning Above the Clouds,subarea,substage_entrance,EntranceDB,EX_SkyBonus,sub_far,obj4784;obj6594,Substage far side: EX_SkyBonus,,,,0;1;2;3;4;5;6;7;8;9;10;11;12;13;14,Connected from SnowWorldHomeStage. StageData anchor UnitConfigName=ChangeStageArea;GrowPlantStartStage.,
SnowWorldCloudBonusExStage::entrance::EX_SkyBonus::sub_near,Snow Kingdom,SnowWorldCloudBonusExStage,Spinning Above the Clouds,subarea,substage_entrance,EntranceDB,EX_SkyBonus,sub_near,obj4784;obj6594,Substage near side: EX_SkyBonus,,,,0;1;2;3;4;5;6;7;8;9;10;11;12;13;14,Connected from SnowWorldHomeStage. StageData anchor UnitConfigName=ChangeStageArea;GrowPlantStartStage.,
SnowWorldCostumeStage::stage_change::SnowCostumeEx::raw,Snow Kingdom,SnowWorldCostumeStage,Cold Room,subarea,stage_change,StageData,SnowCostumeEx,raw,obj71,Stage Change SnowCostumeEx,-1838.478,50.000,0.000,0;1;2;3;4;5;6;7;8;9;10;11;12;13;14,Raw UnitConfigName=ChangeStageArea.,
SnowWorldCostumeStage::start,Snow Kingdom,SnowWorldCostumeStage,Cold Room,subarea,stage_start,generated,,,,Default start,,,,,Rename or split if this stage has multiple meaningful starts.,
SnowWorldHomeStage::checkpoint::obj1066,Snow Kingdom,SnowWorldHomeStage,Snow Kingdom,overworld,checkpoint,StageData,,,obj1066,Above the Ice Well Checkpoint (obj1066),-1343.503,1900.000,-1131.371,0;1;2;3,Raw UnitConfigName=CheckpointFlag.,
SnowWorldHomeStage::checkpoint::obj1387,Snow Kingdom,SnowWorldHomeStage,Snow Kingdom,overworld,checkpoint,StageData,,,obj1387,Snow Kingdom Clifftop Checkpoint (obj1387),-7800.000,6360.003,11950.000,0;1;2;3,Raw UnitConfigName=CheckpointFlag.,
SnowWorldHomeStage::checkpoint::obj1440,Snow Kingdom,SnowWorldHomeStage,Snow Kingdom,overworld,checkpoint,StageData,,,obj1440,Corner of the Freezing Sea Checkpoint (obj1440),7850.000,1341.288,-3700.000,1;2;3,Raw UnitConfigName=CheckpointFlag.,
SnowWorldHomeStage::entrance::ByugoPuzzle::home_in,Snow Kingdom,SnowWorldHomeStage,Snow Kingdom,overworld,home_entrance,EntranceDB,ByugoPuzzle,home_in,obj1095,Home entrance: ByugoPuzzle,-3146.625,2000.000,9439.876,0;1;2;3,Links to ByugoPuzzleExStage. StageData anchor UnitConfigName=ChangeStageArea.,
SnowWorldHomeStage::entrance::ByugoPuzzle::home_out,Snow Kingdom,SnowWorldHomeStage,Snow Kingdom,overworld,home_entrance,EntranceDB,ByugoPuzzle,home_out,obj1095,Home return: ByugoPuzzle,-3146.625,2000.000,9439.876,0;1;2;3,Links to ByugoPuzzleExStage. StageData anchor UnitConfigName=ChangeStageArea.,
SnowWorldHomeStage::entrance::EX_IceWater::home_in,Snow Kingdom,SnowWorldHomeStage,Snow Kingdom,overworld,home_entrance,EntranceDB,EX_IceWater,home_in,obj774,Home entrance: EX_IceWater,3995.153,1600.000,4914.392,0;1;2;3;4;5;6;7;8;9;10;11;12;13;14,Links to IceWaterBlockExStage. StageData anchor UnitConfigName=DoorAreaChangeCap.,
SnowWorldHomeStage::entrance::EX_IceWaterDash::home_in,Snow Kingdom,SnowWorldHomeStage,Snow Kingdom,overworld,home_entrance,EntranceDB,EX_IceWaterDash,home_in,obj681,Home entrance: EX_IceWaterDash,-5350.000,1400.000,2200.000,0;1;2;3,Links to IceWaterDashExStage. StageData anchor UnitConfigName=ChangeStageArea.,
SnowWorldHomeStage::entrance::EX_IceWaterDash_Exit::home_out,Snow Kingdom,SnowWorldHomeStage,Snow Kingdom,overworld,home_entrance,EntranceDB,EX_IceWaterDash_Exit,home_out,obj1106,Home return: EX_IceWaterDash_Exit,-5250.000,2100.000,2200.000,0;1;2;3;4;5;6;7;8;9;10;11;12;13;14,Links to IceWaterDashExStage. StageData anchor UnitConfigName=DokanStageChange.,
SnowWorldHomeStage::entrance::EX_IceWater_Exit::home_out,Snow Kingdom,SnowWorldHomeStage,Snow Kingdom,overworld,home_entrance,EntranceDB,EX_IceWater_Exit,home_out,obj1094,Home return: EX_IceWater_Exit,3800.000,1350.000,4200.000,0;1;2;3;4;5;6;7;8;9;10;11;12;13;14,Links to IceWaterBlockExStage. StageData anchor UnitConfigName=DokanStageChange.,
SnowWorldHomeStage::entrance::EX_RailCol2::home_in,Snow Kingdom,SnowWorldHomeStage,Snow Kingdom,overworld,home_entrance,EntranceDB,EX_RailCol2,home_in,obj1430,Home entrance: EX_RailCol2,1250.000,1525.000,-3050.000,3,Links to KillerRailCollisionExStage. StageData anchor UnitConfigName=DokanStageChange.,
SnowWorldHomeStage::entrance::EX_RailCol2_Exit::home_out,Snow Kingdom,SnowWorldHomeStage,Snow Kingdom,overworld,home_entrance,EntranceDB,EX_RailCol2_Exit,home_out,obj1429,Home return: EX_RailCol2_Exit,800.000,1306.736,-2350.000,3,Links to KillerRailCollisionExStage. StageData anchor UnitConfigName=DokanStageChange.,
SnowWorldHomeStage::entrance::EX_SkyBonus::home_in,Snow Kingdom,SnowWorldHomeStage,Snow Kingdom,overworld,home_entrance,EntranceDB,EX_SkyBonus,home_in,obj1104,Home entrance: EX_SkyBonus,3100.000,9600.000,5050.000,1;2;3,Links to SnowWorldCloudBonusExStage. StageData anchor UnitConfigName=ChangeStageArea.,
SnowWorldHomeStage::entrance::EX_SkyBonus::home_out,Snow Kingdom,SnowWorldHomeStage,Snow Kingdom,overworld,home_entrance,EntranceDB,EX_SkyBonus,home_out,obj1104,Home return: EX_SkyBonus,3100.000,9600.000,5050.000,1;2;3,Links to SnowWorldCloudBonusExStage. StageData anchor UnitConfigName=ChangeStageArea.,
SnowWorldHomeStage::entrance::FigureWalker::home_in,Snow Kingdom,SnowWorldHomeStage,Snow Kingdom,overworld,home_entrance,EntranceDB,FigureWalker,home_in,obj673,Home entrance: FigureWalker,6752.870,1450.000,-2580.940,1;2;3,Links to IceWalkerExStage. StageData anchor UnitConfigName=ChangeStageArea.,
SnowWorldHomeStage::entrance::FigureWalker::home_out,Snow Kingdom,SnowWorldHomeStage,Snow Kingdom,overworld,home_entrance,EntranceDB,FigureWalker,home_out,obj673,Home return: FigureWalker,6752.870,1450.000,-2580.940,1;2;3,Links to IceWalkerExStage. StageData anchor UnitConfigName=ChangeStageArea.,
SnowWorldHomeStage::stage_change::ByugoPuzzle::raw,Snow Kingdom,SnowWorldHomeStage,Snow Kingdom,overworld,stage_change,StageData,ByugoPuzzle,raw,obj1095,Stage Change ByugoPuzzle,-3146.625,2000.000,9439.876,0;1;2;3,Raw UnitConfigName=ChangeStageArea.,
SnowWorldHomeStage::stage_change::Come::raw,Snow Kingdom,SnowWorldHomeStage,Snow Kingdom,overworld,stage_change,StageData,Come,raw,obj575,Stage Change Come,-8850.000,6360.005,11650.000,0;1;2;3;4;5;6;7;8;9;10;11;12;13;14,Raw UnitConfigName=WorldWarpHole.,
SnowWorldHomeStage::stage_change::EX_IceWater::raw,Snow Kingdom,SnowWorldHomeStage,Snow Kingdom,overworld,stage_change,StageData,EX_IceWater,raw,obj774,Stage Change EX_IceWater,3995.153,1600.000,4914.392,0;1;2;3;4;5;6;7;8;9;10;11;12;13;14,Raw UnitConfigName=DoorAreaChangeCap.,
SnowWorldHomeStage::stage_change::EX_IceWaterDash::raw,Snow Kingdom,SnowWorldHomeStage,Snow Kingdom,overworld,stage_change,StageData,EX_IceWaterDash,raw,obj681,Stage Change EX_IceWaterDash,-5350.000,1400.000,2200.000,0;1;2;3,Raw UnitConfigName=ChangeStageArea.,
SnowWorldHomeStage::stage_change::EX_IceWaterDash_Exit::raw,Snow Kingdom,SnowWorldHomeStage,Snow Kingdom,overworld,stage_change,StageData,EX_IceWaterDash_Exit,raw,obj1106,Stage Change EX_IceWaterDash_Exit,-5250.000,2100.000,2200.000,0;1;2;3;4;5;6;7;8;9;10;11;12;13;14,Raw UnitConfigName=DokanStageChange.,
SnowWorldHomeStage::stage_change::EX_IceWater_Exit::raw,Snow Kingdom,SnowWorldHomeStage,Snow Kingdom,overworld,stage_change,StageData,EX_IceWater_Exit,raw,obj1094,Stage Change EX_IceWater_Exit,3800.000,1350.000,4200.000,0;1;2;3;4;5;6;7;8;9;10;11;12;13;14,Raw UnitConfigName=DokanStageChange.,
SnowWorldHomeStage::stage_change::EX_RailCol2::raw,Snow Kingdom,SnowWorldHomeStage,Snow Kingdom,overworld,stage_change,StageData,EX_RailCol2,raw,obj1430,Stage Change EX_RailCol2,1250.000,1525.000,-3050.000,3,Raw UnitConfigName=DokanStageChange.,
SnowWorldHomeStage::stage_change::EX_RailCol2_Exit::raw,Snow Kingdom,SnowWorldHomeStage,Snow Kingdom,overworld,stage_change,StageData,EX_RailCol2_Exit,raw,obj1429,Stage Change EX_RailCol2_Exit,800.000,1306.736,-2350.000,3,Raw UnitConfigName=DokanStageChange.,
SnowWorldHomeStage::stage_change::EX_SkyBonus::raw,Snow Kingdom,SnowWorldHomeStage,Snow Kingdom,overworld,stage_change,StageData,EX_SkyBonus,raw,obj1104,Stage Change EX_SkyBonus,3100.000,9600.000,5050.000,1;2;3,Raw UnitConfigName=ChangeStageArea.,
SnowWorldHomeStage::stage_change::FigureWalker::raw,Snow Kingdom,SnowWorldHomeStage,Snow Kingdom,overworld,stage_change,StageData,FigureWalker,raw,obj673,Stage Change FigureWalker,6752.870,1450.000,-2580.940,1;2;3,Raw UnitConfigName=ChangeStageArea.,
SnowWorldHomeStage::stage_change::Go::raw,Snow Kingdom,SnowWorldHomeStage,Snow Kingdom,overworld,stage_change,StageData,Go,raw,obj577,Stage Change Go,12900.000,5450.000,-4300.000,0;1;2;3;4;5;6;7;8;9;10;11;12;13;14,Raw UnitConfigName=WorldWarpHole.,
SnowWorldHomeStage::stage_change::MoonRace::raw,Snow Kingdom,SnowWorldHomeStage,Snow Kingdom,overworld,stage_change,StageData,MoonRace,raw,obj1411,Stage Change MoonRace,10308.579,2000.000,-6167.009,3,Raw UnitConfigName=ChangeStageArea.,
SnowWorldHomeStage::stage_change::RaceStart::raw,Snow Kingdom,SnowWorldHomeStage,Snow Kingdom,overworld,stage_change,StageData,RaceStart,raw,obj1354,Stage Change RaceStart,-7636.753,3070.000,-5303.301,2;3,Raw UnitConfigName=PlayerStartObjNoLink.,
SnowWorldHomeStage::stage_change::SnowUGEnt::raw,Snow Kingdom,SnowWorldHomeStage,Snow Kingdom,overworld,stage_change,StageData,SnowUGEnt,raw,obj1058,Stage Change SnowUGEnt,-950.000,-5300.000,150.000,0;1;2;3;4;5;6;7;8;9;10;11;12;13;14,Raw UnitConfigName=ChangeStageArea.,
SnowWorldHomeStage::stage_change::SnowUGExit::raw,Snow Kingdom,SnowWorldHomeStage,Snow Kingdom,overworld,stage_change,StageData,SnowUGExit,raw,obj1060,Stage Change SnowUGExit,-2150.000,1900.000,-750.000,0;1;2;3;4;5;6;7;8;9;10;11;12;13;14,Raw UnitConfigName=DokanStageChange.,
SnowWorldHomeStage::start,Snow Kingdom,SnowWorldHomeStage,Snow Kingdom,overworld,stage_start,generated,,,,Default start,,,,,Rename or split if this stage has multiple meaningful starts.,
SnowWorldHomeStage::event::MoonRockActive_Snow,Snow Kingdom,SnowWorldHomeStage,Snow Kingdom,overworld,state_event,StageData:progression_events,,,obj583,Moon Rock,9652.008,2059.999,-5480.077,3,Fill the route to the Moon Rock and any prerequisite story/global state. Location imported from StageData obj obj583.,
SnowWorldHomeStage::event::WorldPeace_Snow,Snow Kingdom,SnowWorldHomeStage,Snow Kingdom,overworld,state_event,progression_events,,,,Snow Kingdom World Peace,,,,,Fill the story moons/bosses that must be completed for world peace in this kingdom.,
SnowWorldLobby000Stage::stage_change::RaceEntrance::raw,Snow Kingdom,SnowWorldLobby000Stage,Class A Lobby,subarea,stage_change,StageData,RaceEntrance,raw,obj339,Stage Change RaceEntrance,22800.000,8650.000,2000.000,0;1;2;3;4;5;6;7;8;9;10;11;12;13;14,Raw UnitConfigName=PlayerStartObjNoLink.,
SnowWorldLobby000Stage::stage_change::RaceTrackExit::raw,Snow Kingdom,SnowWorldLobby000Stage,Class A Lobby,subarea,stage_change,StageData,RaceTrackExit,raw,obj332,Stage Change RaceTrackExit,14550.000,400.000,250.000,0;1;2;3;4;5;6;7;8;9;10;11;12;13;14,Raw UnitConfigName=DokanStageChange.,
SnowWorldLobby000Stage::stage_change::SnowManRace::raw,Snow Kingdom,SnowWorldLobby000Stage,Class A Lobby,subarea,stage_change,StageData,SnowManRace,raw,obj941,Stage Change SnowManRace,11350.000,100.000,2000.000,0;1;2;3;4;5;6;7;8;9;10;11;12;13;14,Raw UnitConfigName=PlayerStartObjNoLink.,
SnowWorldLobby000Stage::stage_change::SnowManRaceStart::raw,Snow Kingdom,SnowWorldLobby000Stage,Class A Lobby,subarea,stage_change,StageData,SnowManRaceStart,raw,obj337,Stage Change SnowManRaceStart,10800.000,100.000,2000.000,0,Raw UnitConfigName=SnowManRaceNpc.,
SnowWorldLobby000Stage::start,Snow Kingdom,SnowWorldLobby000Stage,Class A Lobby,subarea,stage_start,generated,,,,Default start,,,,,Rename or split if this stage has multiple meaningful starts.,
SnowWorldLobby001Stage::stage_change::SnowManRaceWin::raw,Snow Kingdom,SnowWorldLobby001Stage,SnowWorldLobby001Stage,subarea,stage_change,StageData,SnowManRaceWin,raw,obj337,Stage Change SnowManRaceWin,11150.000,100.000,1200.000,0;1;2;3;4;5;6;7;8;9;10;11;12;13;14,Raw UnitConfigName=SnowManRaceNpc.,
SnowWorldLobby001Stage::start,Snow Kingdom,SnowWorldLobby001Stage,SnowWorldLobby001Stage,subarea,stage_start,generated,,,,Default start,,,,,Rename or split if this stage has multiple meaningful starts.,
SnowWorldLobbyExStage::stage_change::MoonRace::raw,Snow Kingdom,SnowWorldLobbyExStage,Class S Lobby,subarea,stage_change,StageData,MoonRace,raw,obj944,Stage Change MoonRace,15000.000,100.000,2000.000,0;1;2;3;4;5;6;7;8;9;10;11;12;13;14,Raw UnitConfigName=ChangeStageArea.,
SnowWorldLobbyExStage::stage_change::RaceEntrance::raw,Snow Kingdom,SnowWorldLobbyExStage,Class S Lobby,subarea,stage_change,StageData,RaceEntrance,raw,obj339,Stage Change RaceEntrance,22800.000,8650.000,2000.000,0;1;2;3;4;5;6;7;8;9;10;11;12;13;14,Raw UnitConfigName=PlayerStartObjNoLink.,
SnowWorldLobbyExStage::stage_change::SnowManRace::raw,Snow Kingdom,SnowWorldLobbyExStage,Class S Lobby,subarea,stage_change,StageData,SnowManRace,raw,obj941,Stage Change SnowManRace,11250.000,100.000,2000.000,0;1;2;3;4;5;6;7;8;9;10;11;12;13;14,Raw UnitConfigName=PlayerStartObjNoLink.,
SnowWorldLobbyExStage::stage_change::SnowManRaceStart::raw,Snow Kingdom,SnowWorldLobbyExStage,Class S Lobby,subarea,stage_change,StageData,SnowManRaceStart,raw,obj337,Stage Change SnowManRaceStart,10800.000,100.000,2000.000,0;1;2;3;4;5;6;7;8;9;10;11;12;13;14,Raw UnitConfigName=SnowManRaceNpc.,
SnowWorldLobbyExStage::start,Snow Kingdom,SnowWorldLobbyExStage,Class S Lobby,subarea,stage_start,generated,,,,Default start,,,,,Rename or split if this stage has multiple meaningful starts.,
SnowWorldShopStage::stage_change::ShopDoor::raw,Snow Kingdom,SnowWorldShopStage,Crazy Cap Store,subarea,stage_change,StageData,ShopDoor,raw,obj27,Stage Change ShopDoor,0.000,-100.000,-75.000,0;1;2;3;4;5;6;7;8;9;10;11;12;13;14,Raw UnitConfigName=ChangeStageArea.,
SnowWorldShopStage::start,Snow Kingdom,SnowWorldShopStage,Crazy Cap Store,subarea,stage_start,generated,,,,Default start,,,,,Rename or split if this stage has multiple meaningful starts.,
SnowWorldHomeStage::entrance::MoonRace::home_in,Snow Kingdom,SnowWorldHomeStage,Snow Kingdom,overworld,home_entrance,EntranceDB,MoonRace,home_in,obj1411,Home entrance: MoonRace,10308.579,2000.000,-6167.009,3,Links to SnowWorldLobbyExStage.,
SnowWorldHomeStage::entrance::MoonRace::home_out,Snow Kingdom,SnowWorldHomeStage,Snow Kingdom,overworld,home_entrance,EntranceDB,MoonRace,home_out,obj1411,Home return: MoonRace,10308.579,2000.000,-6167.009,3,Links to SnowWorldLobbyExStage.,
SnowWorldLobbyExStage::entrance::MoonRace::sub_near,Snow Kingdom,SnowWorldLobbyExStage,Class S Lobby,subarea,substage_entrance,EntranceDB,MoonRace,sub_near,obj944,Substage near side: MoonRace,15000.000,100.000,2000.000,0;1;2;3;4;5;6;7;8;9;10;11;12;13;14,Connected from SnowWorldHomeStage.,
SnowWorldLobbyExStage::entrance::MoonRace::sub_far,Snow Kingdom,SnowWorldLobbyExStage,Class S Lobby,subarea,substage_entrance,EntranceDB,MoonRace,sub_far,obj944,Substage far side: MoonRace,15000.000,100.000,2000.000,0;1;2;3;4;5;6;7;8;9;10;11;12;13;14,Connected from SnowWorldHomeStage.,
SnowWorldCostumeStage::entrance::SnowCostumeEx::sub_near,Snow Kingdom,SnowWorldCostumeStage,Cold Room,subarea,substage_entrance,EntranceDB,SnowCostumeEx,sub_near,obj71,Substage near side: SnowCostumeEx,-1838.478,50.000,0.000,0;1;2;3;4;5;6;7;8;9;10;11;12;13;14,Vanilla door SnowWorldTownStage<->SnowWorldCostumeStage (fixed).,
SnowWorldCostumeStage::entrance::SnowCostumeEx::sub_far,Snow Kingdom,SnowWorldCostumeStage,Cold Room,subarea,substage_entrance,EntranceDB,SnowCostumeEx,sub_far,obj71,Substage far side: SnowCostumeEx,-1838.478,50.000,0.000,0;1;2;3;4;5;6;7;8;9;10;11;12;13;14,Vanilla door SnowWorldTownStage<->SnowWorldCostumeStage (fixed).,
SnowWorldHomeStage::entrance::SnowUGExit::home_in,Snow Kingdom,SnowWorldHomeStage,Snow Kingdom,overworld,home_entrance,EntranceDB,SnowUGExit,home_in,obj1060;obj665,Home entrance: SnowUGExit,-2150.000,1900.000,-750.000,0;1;2;3;4;5;6;7;8;9;10;11;12;13;14,Vanilla door SnowWorldHomeStage<->SnowWorldTownStage (fixed).,
SnowWorldHomeStage::entrance::SnowUGExit::home_out,Snow Kingdom,SnowWorldHomeStage,Snow Kingdom,overworld,home_entrance,EntranceDB,SnowUGExit,home_out,obj1060;obj665,Home return: SnowUGExit,-2150.000,1900.000,-750.000,0;1;2;3;4;5;6;7;8;9;10;11;12;13;14,Vanilla door SnowWorldHomeStage<->SnowWorldTownStage (fixed).,
SnowWorldLobby000Stage::entrance::RaceEntrance::sub_near,Snow Kingdom,SnowWorldLobby000Stage,Class A Lobby,subarea,substage_entrance,EntranceDB,RaceEntrance,sub_near,obj339,Substage near side: RaceEntrance,22800.000,8650.000,2000.000,0;1;2;3;4;5;6;7;8;9;10;11;12;13;14,Vanilla door SnowWorldTownStage<->SnowWorldLobby000Stage (fixed).,
SnowWorldLobby000Stage::entrance::RaceTrackExit::sub_far,Snow Kingdom,SnowWorldLobby000Stage,Class A Lobby,subarea,substage_entrance,EntranceDB,RaceTrackExit,sub_far,obj332,Substage far side: RaceTrackExit,14550.000,400.000,250.000,0;1;2;3;4;5;6;7;8;9;10;11;12;13;14,Vanilla door SnowWorldTownStage<->SnowWorldLobby000Stage (fixed).,
SnowWorldShopStage::entrance::ShopDoor::sub_near,Snow Kingdom,SnowWorldShopStage,Crazy Cap Store,subarea,substage_entrance,EntranceDB,ShopDoor,sub_near,obj27,Substage near side: ShopDoor,0.000,-100.000,-75.000,0;1;2;3;4;5;6;7;8;9;10;11;12;13;14,Vanilla door SnowWorldTownStage<->SnowWorldShopStage (fixed).,
SnowWorldShopStage::entrance::ShopDoor::sub_far,Snow Kingdom,SnowWorldShopStage,Crazy Cap Store,subarea,substage_entrance,EntranceDB,ShopDoor,sub_far,obj27,Substage far side: ShopDoor,0.000,-100.000,-75.000,0;1;2;3;4;5;6;7;8;9;10;11;12;13;14,Vanilla door SnowWorldTownStage<->SnowWorldShopStage (fixed).,
SnowWorldBalconyZone::start,Snow Kingdom,SnowWorldTownStage,Shiveria Town,subarea,custom_place,embedded_zone,,,,SnowWorldBalconyZone,40750.000,-5650.000,41050.000,0;1;2;3;4;5;6;7;8;9;10;11;12;13;14,Embedded map landmark from SnowWorldBalconyZone.,
SnowWorldByugoZone::start,Snow Kingdom,SnowWorldTownStage,Shiveria Town,subarea,custom_place,embedded_zone,,,,SnowWorldByugoZone,39150.000,-24550.000,-12050.000,0;1;2;3;4;5;6;7;8;9;10;11;12;13;14,Embedded map landmark from SnowWorldByugoZone.,
SnowWorldGabuzouZone::start,Snow Kingdom,SnowWorldTownStage,Shiveria Town,subarea,custom_place,embedded_zone,,,,SnowWorldGabuzouZone,-37200.000,-8250.000,41400.000,0;1;2;3;4;5;6;7;8;9;10;11;12;13;14,Embedded map landmark from SnowWorldGabuzouZone.,
SnowWorldIcicleZone::start,Snow Kingdom,SnowWorldTownStage,Shiveria Town,subarea,custom_place,embedded_zone,,,,SnowWorldIcicleZone,-35050.000,-2400.000,-16150.000,0;1;2;3;4;5;6;7;8;9;10;11;12;13;14,Embedded map landmark from SnowWorldIcicleZone.,
SnowWorldTownStage::stage_change::RaceEntrance::raw,Snow Kingdom,SnowWorldTownStage,Shiveria Town,subarea,stage_change,StageData,RaceEntrance,raw,obj1119,Stage Change RaceEntrance,-950.000,-10250.000,13250.000,0;1;2;3;4;5;6;7;8;9;10;11;12;13;14,Raw UnitConfigName=ChangeStageArea.,
SnowWorldTownStage::stage_change::RaceTrackExit::raw,Snow Kingdom,SnowWorldTownStage,Shiveria Town,subarea,stage_change,StageData,RaceTrackExit,raw,obj546,Stage Change RaceTrackExit,-950.000,-4800.000,7600.000,0;1;2;3;4;5;6;7;8;9;10;11;12;13;14,Raw UnitConfigName=DokanStageChange.,
SnowWorldTownStage::stage_change::ShopDoor::raw,Snow Kingdom,SnowWorldTownStage,Shiveria Town,subarea,stage_change,StageData,ShopDoor,raw,obj926,Stage Change ShopDoor,-1755.000,-4280.000,4480.000,0;1;2;3;4;5;6;7;8;9;10;11;12;13;14,Raw UnitConfigName=DoorWarpStageChange.,
SnowWorldTownStage::stage_change::SnowCostumeEx::raw,Snow Kingdom,SnowWorldTownStage,Shiveria Town,subarea,stage_change,StageData,SnowCostumeEx,raw,obj588,Stage Change SnowCostumeEx,-3900.000,-3050.000,8255.750,0;1;2;3;4;5;6;7;8;9;10;11;12;13;14,Raw UnitConfigName=DoorWarpStageChange.,
SnowWorldTownStage::stage_change::SnowUGEnt::raw,Snow Kingdom,SnowWorldTownStage,Shiveria Town,subarea,stage_change,StageData,SnowUGEnt,raw,obj1064,Stage Change SnowUGEnt,-950.000,-200.000,200.000,0;1;2;3;4;5;6;7;8;9;10;11;12;13;14,Raw UnitConfigName=PlayerStartObjNoLink.,
SnowWorldTownStage::start,Snow Kingdom,SnowWorldTownStage,Shiveria Town,subarea,stage_start,generated,,,,Default start,,,,,"Rename or split if this stage has multiple meaningful starts.

Outfit room can be reached with Climb | ((Dive & Vault) | (Dive & Wall Jump) | (Wall Jump & Vault) & NOT spin throw)",
SnowWorldTownZone::stage_change::SnowUGExit::raw,Snow Kingdom,SnowWorldTownStage,Shiveria Town,subarea,stage_change,StageData,SnowUGExit,raw,obj665,Stage Change SnowUGExit,-950.000,-3400.000,-1950.000,0;1;2;3;4;5;6;7;8;9;10;11;12;13;14,Raw UnitConfigName=DokanStageChange.,
SnowWorldTownZone::start,Snow Kingdom,SnowWorldTownStage,Shiveria Town,subarea,custom_place,embedded_zone,,,,SnowWorldTownZone,-900.000,-2400.000,8800.000,,Embedded map landmark from SnowWorldTownZone.,
SnowWorldTownStage::entrance::SnowCostumeEx::home_in,Snow Kingdom,SnowWorldTownStage,Shiveria Town,subarea,home_entrance,EntranceDB,SnowCostumeEx,home_in,obj588,Home entrance: SnowCostumeEx,-3900.000,-3050.000,8255.750,0;1;2;3;4;5;6;7;8;9;10;11;12;13;14,Vanilla door SnowWorldTownStage<->SnowWorldCostumeStage (fixed).,
SnowWorldTownStage::entrance::SnowCostumeEx::home_out,Snow Kingdom,SnowWorldTownStage,Shiveria Town,subarea,home_entrance,EntranceDB,SnowCostumeEx,home_out,obj588,Home return: SnowCostumeEx,-3900.000,-3050.000,8255.750,0;1;2;3;4;5;6;7;8;9;10;11;12;13;14,Vanilla door SnowWorldTownStage<->SnowWorldCostumeStage (fixed).,
SnowWorldTownStage::entrance::SnowUGExit::sub_near,Snow Kingdom,SnowWorldTownStage,Shiveria Town,subarea,substage_entrance,EntranceDB,SnowUGExit,sub_near,obj1060;obj665,Substage near side: SnowUGExit,-2150.000,1900.000,-750.000,0;1;2;3;4;5;6;7;8;9;10;11;12;13;14,Vanilla door SnowWorldHomeStage<->SnowWorldTownStage (fixed).,
SnowWorldTownStage::entrance::SnowUGExit::sub_far,Snow Kingdom,SnowWorldTownStage,Shiveria Town,subarea,substage_entrance,EntranceDB,SnowUGExit,sub_far,obj1060;obj665,Substage far side: SnowUGExit,-2150.000,1900.000,-750.000,0;1;2;3;4;5;6;7;8;9;10;11;12;13;14,Vanilla door SnowWorldHomeStage<->SnowWorldTownStage (fixed).,
SnowWorldTownStage::entrance::RaceEntrance::home_in,Snow Kingdom,SnowWorldTownStage,Shiveria Town,subarea,home_entrance,EntranceDB,RaceEntrance,home_in,obj1119,Home entrance: RaceEntrance,-950.000,-10250.000,13250.000,0;1;2;3;4;5;6;7;8;9;10;11;12;13;14,Vanilla door SnowWorldTownStage<->SnowWorldLobby000Stage (fixed).,
SnowWorldTownStage::entrance::RaceTrackExit::home_out,Snow Kingdom,SnowWorldTownStage,Shiveria Town,subarea,home_entrance,EntranceDB,RaceTrackExit,home_out,obj546,Home return: RaceTrackExit,-950.000,-4800.000,7600.000,0;1;2;3;4;5;6;7;8;9;10;11;12;13;14,Vanilla door SnowWorldTownStage<->SnowWorldLobby000Stage (fixed).,
SnowWorldTownStage::entrance::ShopDoor::home_in,Snow Kingdom,SnowWorldTownStage,Shiveria Town,subarea,home_entrance,EntranceDB,ShopDoor,home_in,obj926,Home entrance: ShopDoor,-1755.000,-4280.000,4480.000,0;1;2;3;4;5;6;7;8;9;10;11;12;13;14,Vanilla door SnowWorldTownStage<->SnowWorldShopStage (fixed).,
SnowWorldTownStage::entrance::ShopDoor::home_out,Snow Kingdom,SnowWorldTownStage,Shiveria Town,subarea,home_entrance,EntranceDB,ShopDoor,home_out,obj926,Home return: ShopDoor,-1755.000,-4280.000,4480.000,0;1;2;3;4;5;6;7;8;9;10;11;12;13;14,Vanilla door SnowWorldTownStage<->SnowWorldShopStage (fixed).,
SnowWorldLobby001Stage::place::new_place,Snow Kingdom,SnowWorldLobby001Stage,SnowWorldLobby001Stage,subarea,custom_place,editor,,,,Lobby Win,,,,,Human-authored logic place.,
SnowWorldLobby000Stage::place::new_place,Snow Kingdom,SnowWorldLobby000Stage,Class A Lobby,subarea,custom_place,editor,,,,Race Room,,,,,Human-authored logic place.,
AnimalChaseExStage::stage_change::EX_AnimalChase::raw,Wooded Kingdom,AnimalChaseExStage,Herding Sheep,subarea,stage_change,StageData,EX_AnimalChase,raw,obj2247,Stage Change EX_AnimalChase,-4092.017,-400.000,12550.000,0;1;2;3;4;5;6;7;8;9;10;11;12;13;14,Raw UnitConfigName=DokanStageChange.,
AnimalChaseExStage::start,Wooded Kingdom,AnimalChaseExStage,Herding Sheep,subarea,stage_start,generated,,,,Default start,,,,,Rename or split if this stage has multiple meaningful starts.,
AnimalChaseExStage::entrance::EX_AnimalChase::sub_far,Wooded Kingdom,AnimalChaseExStage,Herding Sheep,subarea,substage_entrance,EntranceDB,EX_AnimalChase,sub_far,obj2247,Substage far side: EX_AnimalChase,-4092.017,-400.000,12550.000,0;1;2;3;4;5;6;7;8;9;10;11;12;13;14,Connected from ForestWorldHomeStage. StageData anchor UnitConfigName=DokanStageChange.,
AnimalChaseExStage::entrance::EX_AnimalChase::sub_near,Wooded Kingdom,AnimalChaseExStage,Herding Sheep,subarea,substage_entrance,EntranceDB,EX_AnimalChase,sub_near,obj2247,Substage near side: EX_AnimalChase,-4092.017,-400.000,12550.000,0;1;2;3;4;5;6;7;8;9;10;11;12;13;14,Connected from ForestWorldHomeStage. StageData anchor UnitConfigName=DokanStageChange.,
FogMountainExStage::stage_change::EX_Mist::raw,Wooded Kingdom,FogMountainExStage,Shards in the Fog,subarea,stage_change,StageData,EX_Mist,raw,obj308,Stage Change EX_Mist,0.000,200.000,400.000,0;1;2;3;4;5;6;7;8;9;10;11;12;13;14,Raw UnitConfigName=BazookaElectric.,
FogMountainExStage::start,Wooded Kingdom,FogMountainExStage,Shards in the Fog,subarea,stage_start,generated,,,,Default start,,,,,Rename or split if this stage has multiple meaningful starts.,
FogMountainExStage::entrance::EX_Mist::sub_far,Wooded Kingdom,FogMountainExStage,Shards in the Fog,subarea,substage_entrance,EntranceDB,EX_Mist,sub_far,obj308,Substage far side: EX_Mist,0.000,200.000,400.000,0;1;2;3;4;5;6;7;8;9;10;11;12;13;14,Connected from ForestWorldHomeStage. StageData anchor UnitConfigName=BazookaElectric.,
FogMountainExStage::entrance::EX_Mist::sub_near,Wooded Kingdom,FogMountainExStage,Shards in the Fog,subarea,substage_entrance,EntranceDB,EX_Mist,sub_near,obj308,Substage near side: EX_Mist,0.000,200.000,400.000,0;1;2;3;4;5;6;7;8;9;10;11;12;13;14,Connected from ForestWorldHomeStage. StageData anchor UnitConfigName=BazookaElectric.,
ForestWorld2DRoadZone::start,Wooded Kingdom,ForestWorldHomeStage,Wooded Kingdom,overworld,custom_place,embedded_zone,,,,ForestWorld2DRoadZone,7550.000,9600.000,-11475.030,0;1;2;3;4;5;6;7;8;9;10;11;12;13;14,Embedded map landmark from ForestWorld2DRoadZone.,
ForestWorldBonusStage::stage_change::bonus2::raw,Wooded Kingdom,ForestWorldBonusStage,Spinning-Platforms Treasure Vault,subarea,stage_change,StageData,bonus2,raw,obj92,Stage Change bonus2,0.000,200.000,-1200.000,0;1;2;3;4;5;6;7;8;9;10;11;12;13;14,Raw UnitConfigName=DokanStageChange.,
ForestWorldBonusStage::stage_change::bonus::raw,Wooded Kingdom,ForestWorldBonusStage,Spinning-Platforms Treasure Vault,subarea,stage_change,StageData,bonus,raw,obj5,Stage Change bonus,0.000,0.000,250.000,0;1;2;3;4;5;6;7;8;9;10;11;12;13;14,Raw UnitConfigName=DokanStageChange.,
ForestWorldBonusStage::start,Wooded Kingdom,ForestWorldBonusStage,Spinning-Platforms Treasure Vault,subarea,stage_start,generated,,,,Default start,,,,,Rename or split if this stage has multiple meaningful starts.,
ForestWorldBonusStage::entrance::bonus2::sub_far,Wooded Kingdom,ForestWorldBonusStage,Spinning-Platforms Treasure Vault,subarea,substage_entrance,EntranceDB,bonus2,sub_far,obj92,Substage far side: bonus2,0.000,200.000,-1200.000,0;1;2;3;4;5;6;7;8;9;10;11;12;13;14,Connected from ForestWorldHomeStage. StageData anchor UnitConfigName=DokanStageChange.,
ForestWorldBonusStage::entrance::bonus::sub_near,Wooded Kingdom,ForestWorldBonusStage,Spinning-Platforms Treasure Vault,subarea,substage_entrance,EntranceDB,bonus,sub_near,obj5,Substage near side: bonus,0.000,0.000,250.000,0;1;2;3;4;5;6;7;8;9;10;11;12;13;14,Connected from ForestWorldHomeStage. StageData anchor UnitConfigName=DokanStageChange.,
ForestWorldBossStage::stage_change::Boss_Respawn::raw,Wooded Kingdom,ForestWorldBossStage,Secret Flower Field,subarea,stage_change,StageData,Boss_Respawn,raw,obj587,Stage Change Boss_Respawn,0.000,0.000,-2200.000,0;1;2;3;4;5;6;7;8;9;10;11;12;13;14,Raw UnitConfigName=MissRestartArea.,
ForestWorldBossStage::stage_change::boss001::raw,Wooded Kingdom,ForestWorldBossStage,Secret Flower Field,subarea,stage_change,StageData,boss001,raw,obj451,Stage Change boss001,0.000,3250.000,1000.000,1,Raw UnitConfigName=ChangeStageArea.,
ForestWorldBossStage::stage_change::boss002::raw,Wooded Kingdom,ForestWorldBossStage,Secret Flower Field,subarea,stage_change,StageData,boss002,raw,obj453,Stage Change boss002,0.000,0.000,-5290.234,2;3;4,Raw UnitConfigName=DokanStageChange.,
ForestWorldBossStage::start,Wooded Kingdom,ForestWorldBossStage,Secret Flower Field,subarea,stage_start,generated,,,,Default start,,,,,Rename or split if this stage has multiple meaningful starts.,
ForestWorldCloudBonusExStage::stage_change::EXCloud::raw,Wooded Kingdom,ForestWorldCloudBonusExStage,Walking on Clouds,subarea,stage_change,StageData,EXCloud,raw,obj8,Stage Change EXCloud,950.000,-2900.000,-6355.605,0;1;2;3;4;5;6;7;8;9;10;11;12;13;14,Raw UnitConfigName=ChangeStageArea.,
ForestWorldCloudBonusExStage::start,Wooded Kingdom,ForestWorldCloudBonusExStage,Walking on Clouds,subarea,stage_start,generated,,,,Default start,,,,,Rename or split if this stage has multiple meaningful starts.,
ForestWorldCloudBonusExStage::entrance::EXCloud::sub_far,Wooded Kingdom,ForestWorldCloudBonusExStage,Walking on Clouds,subarea,substage_entrance,EntranceDB,EXCloud,sub_far,obj1560;obj8,Substage far side: EXCloud,,,,0;1;2;3;4;5;6;7;8;9;10;11;12;13;14,Connected from ForestWorldHomeStage. StageData anchor UnitConfigName=ChangeStageArea;GrowPlantStartStage.,
ForestWorldCloudBonusExStage::entrance::EXCloud::sub_near,Wooded Kingdom,ForestWorldCloudBonusExStage,Walking on Clouds,subarea,substage_entrance,EntranceDB,EXCloud,sub_near,obj1560;obj8,Substage near side: EXCloud,,,,0;1;2;3;4;5;6;7;8;9;10;11;12;13;14,Connected from ForestWorldHomeStage. StageData anchor UnitConfigName=ChangeStageArea;GrowPlantStartStage.,
ForestWorldHomeStage::checkpoint::obj1841,Wooded Kingdom,ForestWorldHomeStage,Wooded Kingdom,overworld,checkpoint,StageData,,,obj1841,Summit Path Checkpoint (obj1841),4200.000,6035.521,400.000,1;2;3;4,Raw UnitConfigName=CheckpointFlag.,
ForestWorldHomeStage::checkpoint::obj2821,Wooded Kingdom,ForestWorldHomeStage,Wooded Kingdom,overworld,checkpoint,StageData,,,obj2821,Secret Flower Field Entrance Checkpoint (obj2821),3630.000,12269.357,-21400.000,1;2;3;4,Raw UnitConfigName=CheckpointFlag.,
ForestWorldHomeStage::checkpoint::obj3708,Wooded Kingdom,ForestWorldHomeStage,Wooded Kingdom,overworld,checkpoint,StageData,,,obj3708,Iron Road: Entrance Checkpoint (obj3708),-2950.000,50.000,-10050.000,0;1;2;3;4;7,Raw UnitConfigName=CheckpointFlag.,
ForestWorldHomeStage::checkpoint::obj3734,Wooded Kingdom,ForestWorldHomeStage,Wooded Kingdom,overworld,checkpoint,StageData,,,obj3734,Sky Garden Tower Checkpoint (obj3734),-5950.000,5772.454,-19000.000,0;2;3;4;7,Raw UnitConfigName=CheckpointFlag.,
ForestWorldHomeStage::checkpoint::obj3835,Wooded Kingdom,ForestWorldHomeStage,Wooded Kingdom,overworld,checkpoint,StageData,,,obj3835,Observation Deck Checkpoint (obj3835),6500.000,14150.000,-6000.000,0;1;2;3;4;7,Raw UnitConfigName=CheckpointFlag.,
ForestWorldHomeStage::checkpoint::obj447,Wooded Kingdom,ForestWorldHomeStage,Wooded Kingdom,overworld,checkpoint,StageData,,,obj447,Iron Road: Halfway Point Checkpoint (obj447),500.000,2900.000,-17650.000,0;2;3;4;7,Raw UnitConfigName=CheckpointFlag.,
ForestWorldHomeStage::checkpoint::obj5216,Wooded Kingdom,ForestWorldHomeStage,Wooded Kingdom,overworld,checkpoint,StageData,,,obj5216,Forest Charging Station Checkpoint (obj5216),-10800.000,3497.229,-5350.000,1;2;3;4,Raw UnitConfigName=CheckpointFlag.,
ForestWorldHomeStage::checkpoint::obj6865,Wooded Kingdom,ForestWorldHomeStage,Wooded Kingdom,overworld,checkpoint,StageData,,,obj6865,Iron Cage Checkpoint (obj6865),-3700.000,10550.000,-2850.000,0;1;2;3;4;7,Raw UnitConfigName=CheckpointFlag.,
ForestWorldHomeStage::checkpoint::obj7333,Wooded Kingdom,ForestWorldHomeStage,Wooded Kingdom,overworld,checkpoint,StageData,,,obj7333,"Iron Mountain Path, Station 8 Checkpoint (obj7333)",2300.000,9200.000,-4250.000,1;2;3;4,Raw UnitConfigName=CheckpointFlag.,
ForestWorldHomeStage::entrance::EXCloud::home_in,Wooded Kingdom,ForestWorldHomeStage,Wooded Kingdom,overworld,home_entrance,EntranceDB,EXCloud,home_in,obj2413,Home entrance: EXCloud,4300.000,22000.000,-5100.000,2;3;4,Links to ForestWorldCloudBonusExStage. StageData anchor UnitConfigName=ChangeStageArea.,
ForestWorldHomeStage::entrance::EXCloud::home_out,Wooded Kingdom,ForestWorldHomeStage,Wooded Kingdom,overworld,home_entrance,EntranceDB,EXCloud,home_out,obj2413,Home return: EXCloud,4300.000,22000.000,-5100.000,2;3;4,Links to ForestWorldCloudBonusExStage. StageData anchor UnitConfigName=ChangeStageArea.,
ForestWorldHomeStage::entrance::EX_AnimalChase::home_in,Wooded Kingdom,ForestWorldHomeStage,Wooded Kingdom,overworld,home_entrance,EntranceDB,EX_AnimalChase,home_in,obj6081,Home entrance: EX_AnimalChase,-6650.000,2900.000,-50.000,4,Links to AnimalChaseExStage. StageData anchor UnitConfigName=DokanStageChange.,
ForestWorldHomeStage::entrance::EX_AnimalChase::home_out,Wooded Kingdom,ForestWorldHomeStage,Wooded Kingdom,overworld,home_entrance,EntranceDB,EX_AnimalChase,home_out,obj6081,Home return: EX_AnimalChase,-6650.000,2900.000,-50.000,4,Links to AnimalChaseExStage. StageData anchor UnitConfigName=DokanStageChange.,
ForestWorldHomeStage::entrance::EX_Mist::home_in,Wooded Kingdom,ForestWorldHomeStage,Wooded Kingdom,overworld,home_entrance,EntranceDB,EX_Mist,home_in,obj4580,Home entrance: EX_Mist,-10600.000,4400.000,-7700.000,1;2;3;4,Links to FogMountainExStage. StageData anchor UnitConfigName=BazookaElectric.,
ForestWorldHomeStage::entrance::EX_Mist::home_out,Wooded Kingdom,ForestWorldHomeStage,Wooded Kingdom,overworld,home_entrance,EntranceDB,EX_Mist,home_out,obj4580,Home return: EX_Mist,-10600.000,4400.000,-7700.000,1;2;3;4,Links to FogMountainExStage. StageData anchor UnitConfigName=BazookaElectric.,
ForestWorldHomeStage::entrance::EX_RailCollision::home_in,Wooded Kingdom,ForestWorldHomeStage,Wooded Kingdom,overworld,home_entrance,EntranceDB,EX_RailCollision,home_in,obj5546,Home entrance: EX_RailCollision,5450.000,7150.000,-5300.000,0;1;2;3;4;7,Links to RailCollisionExStage. StageData anchor UnitConfigName=ChangeStageArea.,
ForestWorldHomeStage::entrance::EX_RailCollision_Exit::home_out,Wooded Kingdom,ForestWorldHomeStage,Wooded Kingdom,overworld,home_entrance,EntranceDB,EX_RailCollision_Exit,home_out,obj5548,Home return: EX_RailCollision_Exit,7600.000,7000.000,-5400.000,0;1;2;3;4;5;6;7;8;9;10;11;12;13;14,Links to RailCollisionExStage. StageData anchor UnitConfigName=DokanStageChange.,
ForestWorldHomeStage::entrance::EX_Tankuro::home_in,Wooded Kingdom,ForestWorldHomeStage,Wooded Kingdom,overworld,home_entrance,EntranceDB,EX_Tankuro,home_in,obj4578,Home entrance: EX_Tankuro,6695.288,11050.000,-4923.150,0;1;2;3;4;7,Links to ShootingElevatorExStage. StageData anchor UnitConfigName=ChangeStageArea.,
ForestWorldHomeStage::entrance::EX_Tankuro_Exit::home_out,Wooded Kingdom,ForestWorldHomeStage,Wooded Kingdom,overworld,home_entrance,EntranceDB,EX_Tankuro_Exit,home_out,obj5928,Home return: EX_Tankuro_Exit,7379.242,11162.000,-5100.000,0;1;2;3;4;5;6;7;8;9;10;11;12;13;14,Links to ShootingElevatorExStage. StageData anchor UnitConfigName=DokanStageChange.,
ForestWorldHomeStage::entrance::EX_Water::home_in,Wooded Kingdom,ForestWorldHomeStage,Wooded Kingdom,overworld,home_entrance,EntranceDB,EX_Water,home_in,obj5935,Home entrance: EX_Water,-3598.530,-1705.289,-10692.957,0;1;2;3;4;5;6;7;8;9;10;11;12;13;14,Links to ForestWorldWaterExStage. StageData anchor UnitConfigName=DokanStageChange.,
ForestWorldHomeStage::entrance::EX_Water_Exit::home_out,Wooded Kingdom,ForestWorldHomeStage,Wooded Kingdom,overworld,home_entrance,EntranceDB,EX_Water_Exit,home_out,obj1488,Home return: EX_Water_Exit,-2800.000,-869.000,-11650.000,0;1;2;3;4;5;6;7;8;9;10;11;12;13;14,Links to ForestWorldWaterExStage. StageData anchor UnitConfigName=DokanStageChange.,
ForestWorldHomeStage::entrance::Jyukai001::home_in,Wooded Kingdom,ForestWorldHomeStage,Wooded Kingdom,overworld,home_entrance,EntranceDB,Jyukai001,home_in,obj4530,Home entrance: Jyukai001,-1450.000,-5000.000,17868.768,0;1;2;3;4;5;6;7;8;9;10;11;12;13;14,Links to ForestWorldWoodsStage. StageData anchor UnitConfigName=ChangeStageArea.,
ForestWorldHomeStage::entrance::Jyukai001::home_out,Wooded Kingdom,ForestWorldHomeStage,Wooded Kingdom,overworld,home_entrance,EntranceDB,Jyukai001,home_out,obj4530,Home return: Jyukai001,-1450.000,-5000.000,17868.768,0;1;2;3;4;5;6;7;8;9;10;11;12;13;14,Links to ForestWorldWoodsStage. StageData anchor UnitConfigName=ChangeStageArea.,
ForestWorldHomeStage::entrance::Jyukai001v::home_in,Wooded Kingdom,ForestWorldHomeStage,Wooded Kingdom,overworld,home_entrance,EntranceDB,Jyukai001v,home_in,obj5919,Home entrance: Jyukai001v,-14200.000,-300.000,2200.000,0;1;2;3;4;7,Links to ForestWorldWoodsStage. StageData anchor UnitConfigName=GrowPlantStartStage.,
ForestWorldHomeStage::entrance::Jyukai001v::home_out,Wooded Kingdom,ForestWorldHomeStage,Wooded Kingdom,overworld,home_entrance,EntranceDB,Jyukai001v,home_out,obj5919,Home return: Jyukai001v,-14200.000,-300.000,2200.000,0;1;2;3;4;7,Links to ForestWorldWoodsStage. StageData anchor UnitConfigName=GrowPlantStartStage.,
ForestWorldHomeStage::entrance::Jyukai002::home_in,Wooded Kingdom,ForestWorldHomeStage,Wooded Kingdom,overworld,home_entrance,EntranceDB,Jyukai002,home_in,obj5920,Home entrance: Jyukai002,8250.000,2400.000,6650.000,0;1;2;3;4;7,Links to ForestWorldWoodsStage. StageData anchor UnitConfigName=GrowPlantStartStage.,
ForestWorldHomeStage::entrance::Jyukai002::home_out,Wooded Kingdom,ForestWorldHomeStage,Wooded Kingdom,overworld,home_entrance,EntranceDB,Jyukai002,home_out,obj5920,Home return: Jyukai002,8250.000,2400.000,6650.000,0;1;2;3;4;7,Links to ForestWorldWoodsStage. StageData anchor UnitConfigName=GrowPlantStartStage.,
ForestWorldHomeStage::entrance::Jyukai003::home_in,Wooded Kingdom,ForestWorldHomeStage,Wooded Kingdom,overworld,home_entrance,EntranceDB,Jyukai003,home_in,obj4531,Home entrance: Jyukai003,-20705.016,-5050.000,-7650.000,0;1;2;3;4;5;6;7;8;9;10;11;12;13;14,Links to ForestWorldWoodsStage. StageData anchor UnitConfigName=ChangeStageArea.,
ForestWorldHomeStage::entrance::Jyukai003::home_out,Wooded Kingdom,ForestWorldHomeStage,Wooded Kingdom,overworld,home_entrance,EntranceDB,Jyukai003,home_out,obj4531,Home return: Jyukai003,-20705.016,-5050.000,-7650.000,0;1;2;3;4;5;6;7;8;9;10;11;12;13;14,Links to ForestWorldWoodsStage. StageData anchor UnitConfigName=ChangeStageArea.,
ForestWorldHomeStage::entrance::Jyukai003v::home_in,Wooded Kingdom,ForestWorldHomeStage,Wooded Kingdom,overworld,home_entrance,EntranceDB,Jyukai003v,home_in,obj5921,Home entrance: Jyukai003v,-10050.000,-850.000,-12000.000,0;1;2;3;4;7,Links to ForestWorldWoodsStage. StageData anchor UnitConfigName=GrowPlantStartStage.,
ForestWorldHomeStage::entrance::Jyukai003v::home_out,Wooded Kingdom,ForestWorldHomeStage,Wooded Kingdom,overworld,home_entrance,EntranceDB,Jyukai003v,home_out,obj5921,Home return: Jyukai003v,-10050.000,-850.000,-12000.000,0;1;2;3;4;7,Links to ForestWorldWoodsStage. StageData anchor UnitConfigName=GrowPlantStartStage.,
ForestWorldHomeStage::entrance::Jyukai004::home_in,Wooded Kingdom,ForestWorldHomeStage,Wooded Kingdom,overworld,home_entrance,EntranceDB,Jyukai004,home_in,obj5922,Home entrance: Jyukai004,-400.000,2900.000,-15950.000,2;3;4,Links to ForestWorldWoodsStage. StageData anchor UnitConfigName=GrowPlantStartStage.,
ForestWorldHomeStage::entrance::Jyukai004::home_out,Wooded Kingdom,ForestWorldHomeStage,Wooded Kingdom,overworld,home_entrance,EntranceDB,Jyukai004,home_out,obj5922,Home return: Jyukai004,-400.000,2900.000,-15950.000,2;3;4,Links to ForestWorldWoodsStage. StageData anchor UnitConfigName=GrowPlantStartStage.,
ForestWorldHomeStage::entrance::KillerRoad::home_in,Wooded Kingdom,ForestWorldHomeStage,Wooded Kingdom,overworld,home_entrance,EntranceDB,KillerRoad,home_in,obj6934,Home entrance: KillerRoad,-373.890,450.000,-11687.598,4,Links to KillerRoadExStage. StageData anchor UnitConfigName=DokanStageChange.,
ForestWorldHomeStage::entrance::KillerRoad::home_out,Wooded Kingdom,ForestWorldHomeStage,Wooded Kingdom,overworld,home_entrance,EntranceDB,KillerRoad,home_out,obj6934,Home return: KillerRoad,-373.890,450.000,-11687.598,4,Links to KillerRoadExStage. StageData anchor UnitConfigName=DokanStageChange.,
ForestWorldHomeStage::entrance::PoisonEx::home_in,Wooded Kingdom,ForestWorldHomeStage,Wooded Kingdom,overworld,home_entrance,EntranceDB,PoisonEx,home_in,obj6437,Home entrance: PoisonEx,3100.000,11250.000,-16600.000,4,Links to PackunPoisonExStage. StageData anchor UnitConfigName=DokanStageChange.,
ForestWorldHomeStage::entrance::PoisonEx_Exit::home_out,Wooded Kingdom,ForestWorldHomeStage,Wooded Kingdom,overworld,home_entrance,EntranceDB,PoisonEx_Exit,home_out,obj6580,Home return: PoisonEx_Exit,4100.000,11250.000,-16600.000,4,Links to PackunPoisonExStage. StageData anchor UnitConfigName=DokanStageChange.,
ForestWorldHomeStage::entrance::bonus2::home_out,Wooded Kingdom,ForestWorldHomeStage,Wooded Kingdom,overworld,home_entrance,EntranceDB,bonus2,home_out,obj4928,Home return: bonus2,6550.000,10800.000,-8800.000,0;1;2;3;4;5;6;7;8;9;10;11;12;13;14,Links to ForestWorldBonusStage. StageData anchor UnitConfigName=DokanStageChange.,
ForestWorldHomeStage::entrance::bonus::home_in,Wooded Kingdom,ForestWorldHomeStage,Wooded Kingdom,overworld,home_entrance,EntranceDB,bonus,home_in,obj4924,Home entrance: bonus,5850.000,4850.000,-8900.000,1;2;3;4;5;6,Links to ForestWorldBonusStage. StageData anchor UnitConfigName=DokanStageChange.,
ForestWorldHomeStage::stage_change::Boss_Respawn::raw,Wooded Kingdom,ForestWorldHomeStage,Wooded Kingdom,overworld,stage_change,StageData,Boss_Respawn,raw,obj7068,Stage Change Boss_Respawn,3630.000,12269.357,-20400.000,1,Raw UnitConfigName=PlayerStartObjNoLink.,
ForestWorldHomeStage::stage_change::Come::raw,Wooded Kingdom,ForestWorldHomeStage,Wooded Kingdom,overworld,stage_change,StageData,Come,raw,obj6073,Stage Change Come,-3200.000,10550.000,-2350.000,0;1;2;3;4;7,Raw UnitConfigName=WorldWarpHole.,
ForestWorldHomeStage::stage_change::EXCloud::raw,Wooded Kingdom,ForestWorldHomeStage,Wooded Kingdom,overworld,stage_change,StageData,EXCloud,raw,obj2413,Stage Change EXCloud,4300.000,22000.000,-5100.000,2;3;4,Raw UnitConfigName=ChangeStageArea.,
ForestWorldHomeStage::stage_change::EX_AnimalChase::raw,Wooded Kingdom,ForestWorldHomeStage,Wooded Kingdom,overworld,stage_change,StageData,EX_AnimalChase,raw,obj6081,Stage Change EX_AnimalChase,-6650.000,2900.000,-50.000,4,Raw UnitConfigName=DokanStageChange.,
ForestWorldHomeStage::stage_change::EX_Mist::raw,Wooded Kingdom,ForestWorldHomeStage,Wooded Kingdom,overworld,stage_change,StageData,EX_Mist,raw,obj4580,Stage Change EX_Mist,-10600.000,4400.000,-7700.000,1;2;3;4,Raw UnitConfigName=BazookaElectric.,
ForestWorldHomeStage::stage_change::EX_RailCollision::raw,Wooded Kingdom,ForestWorldHomeStage,Wooded Kingdom,overworld,stage_change,StageData,EX_RailCollision,raw,obj5546,Stage Change EX_RailCollision,5450.000,7150.000,-5300.000,0;1;2;3;4;7,Raw UnitConfigName=ChangeStageArea.,
ForestWorldHomeStage::stage_change::EX_RailCollision_Exit::raw,Wooded Kingdom,ForestWorldHomeStage,Wooded Kingdom,overworld,stage_change,StageData,EX_RailCollision_Exit,raw,obj5548,Stage Change EX_RailCollision_Exit,7600.000,7000.000,-5400.000,0;1;2;3;4;5;6;7;8;9;10;11;12;13;14,Raw UnitConfigName=DokanStageChange.,
ForestWorldHomeStage::stage_change::EX_Tankuro::raw,Wooded Kingdom,ForestWorldHomeStage,Wooded Kingdom,overworld,stage_change,StageData,EX_Tankuro,raw,obj4578,Stage Change EX_Tankuro,6695.288,11050.000,-4923.150,0;1;2;3;4;7,Raw UnitConfigName=ChangeStageArea.,
ForestWorldHomeStage::stage_change::EX_Tankuro_Exit::raw,Wooded Kingdom,ForestWorldHomeStage,Wooded Kingdom,overworld,stage_change,StageData,EX_Tankuro_Exit,raw,obj5928,Stage Change EX_Tankuro_Exit,7379.242,11162.000,-5100.000,0;1;2;3;4;5;6;7;8;9;10;11;12;13;14,Raw UnitConfigName=DokanStageChange.,
ForestWorldHomeStage::stage_change::EX_Water::raw,Wooded Kingdom,ForestWorldHomeStage,Wooded Kingdom,overworld,stage_change,StageData,EX_Water,raw,obj5935,Stage Change EX_Water,-3598.530,-1705.289,-10692.957,0;1;2;3;4;5;6;7;8;9;10;11;12;13;14,Raw UnitConfigName=DokanStageChange.,
ForestWorldHomeStage::stage_change::EX_Water_Exit::raw,Wooded Kingdom,ForestWorldHomeStage,Wooded Kingdom,overworld,stage_change,StageData,EX_Water_Exit,raw,obj1488,Stage Change EX_Water_Exit,-2800.000,-869.000,-11650.000,0;1;2;3;4;5;6;7;8;9;10;11;12;13;14,Raw UnitConfigName=DokanStageChange.,
ForestWorldHomeStage::stage_change::Go::raw,Wooded Kingdom,ForestWorldHomeStage,Wooded Kingdom,overworld,stage_change,StageData,Go,raw,obj5141,Stage Change Go,-7750.000,6100.000,-4950.000,0;1;2;3;4;7,Raw UnitConfigName=WorldWarpHole.,
ForestWorldHomeStage::stage_change::Jyukai001::raw,Wooded Kingdom,ForestWorldHomeStage,Wooded Kingdom,overworld,stage_change,StageData,Jyukai001,raw,obj4530,Stage Change Jyukai001,-1450.000,-5000.000,17868.768,0;1;2;3;4;5;6;7;8;9;10;11;12;13;14,Raw UnitConfigName=ChangeStageArea.,
ForestWorldHomeStage::stage_change::Jyukai001v::raw,Wooded Kingdom,ForestWorldHomeStage,Wooded Kingdom,overworld,stage_change,StageData,Jyukai001v,raw,obj5919,Stage Change Jyukai001v,-14200.000,-300.000,2200.000,0;1;2;3;4;7,Raw UnitConfigName=GrowPlantStartStage.,
ForestWorldHomeStage::stage_change::Jyukai002::raw,Wooded Kingdom,ForestWorldHomeStage,Wooded Kingdom,overworld,stage_change,StageData,Jyukai002,raw,obj5920,Stage Change Jyukai002,8250.000,2400.000,6650.000,0;1;2;3;4;7,Raw UnitConfigName=GrowPlantStartStage.,
ForestWorldHomeStage::stage_change::Jyukai003::raw,Wooded Kingdom,ForestWorldHomeStage,Wooded Kingdom,overworld,stage_change,StageData,Jyukai003,raw,obj4531,Stage Change Jyukai003,-20705.016,-5050.000,-7650.000,0;1;2;3;4;5;6;7;8;9;10;11;12;13;14,Raw UnitConfigName=ChangeStageArea.,
ForestWorldHomeStage::stage_change::Jyukai003v::raw,Wooded Kingdom,ForestWorldHomeStage,Wooded Kingdom,overworld,stage_change,StageData,Jyukai003v,raw,obj5921,Stage Change Jyukai003v,-10050.000,-850.000,-12000.000,0;1;2;3;4;7,Raw UnitConfigName=GrowPlantStartStage.,
ForestWorldHomeStage::stage_change::Jyukai004::raw,Wooded Kingdom,ForestWorldHomeStage,Wooded Kingdom,overworld,stage_change,StageData,Jyukai004,raw,obj5922,Stage Change Jyukai004,-400.000,2900.000,-15950.000,2;3;4,Raw UnitConfigName=GrowPlantStartStage.,
ForestWorldHomeStage::stage_change::KillerRoad::raw,Wooded Kingdom,ForestWorldHomeStage,Wooded Kingdom,overworld,stage_change,StageData,KillerRoad,raw,obj6934,Stage Change KillerRoad,-373.890,450.000,-11687.598,4,Raw UnitConfigName=DokanStageChange.,
ForestWorldHomeStage::stage_change::PoisonEx::raw,Wooded Kingdom,ForestWorldHomeStage,Wooded Kingdom,overworld,stage_change,StageData,PoisonEx,raw,obj6437,Stage Change PoisonEx,3100.000,11250.000,-16600.000,4,Raw UnitConfigName=DokanStageChange.,
ForestWorldHomeStage::stage_change::PoisonEx_Exit::raw,Wooded Kingdom,ForestWorldHomeStage,Wooded Kingdom,overworld,stage_change,StageData,PoisonEx_Exit,raw,obj6580,Stage Change PoisonEx_Exit,4100.000,11250.000,-16600.000,4,Raw UnitConfigName=DokanStageChange.,
ForestWorldHomeStage::stage_change::RaceStart::raw,Wooded Kingdom,ForestWorldHomeStage,Wooded Kingdom,overworld,stage_change,StageData,RaceStart,raw,obj6263,Stage Change RaceStart,-9900.000,3497.227,-4350.000,3;4,Raw UnitConfigName=PlayerStartObjNoLink.,
ForestWorldHomeStage::stage_change::StartPoint::raw,Wooded Kingdom,ForestWorldHomeStage,Wooded Kingdom,overworld,stage_change,StageData,StartPoint,raw,obj2,Stage Change StartPoint,-11950.104,21.497,6328.605,0;1;2;3;4;5;6;7;8;9;10;11;12;13;14,Raw UnitConfigName=PlayerActorHakoniwa.,
ForestWorldHomeStage::stage_change::Tower001::raw,Wooded Kingdom,ForestWorldHomeStage,Wooded Kingdom,overworld,stage_change,StageData,Tower001,raw,obj264,Stage Change Tower001,-4969.954,1950.000,-21516.254,0;1;2;3;4;5;6;7;8;9;10;11;12;13;14,Raw UnitConfigName=ChangeStageArea.,
ForestWorldHomeStage::stage_change::Tower002::raw,Wooded Kingdom,ForestWorldHomeStage,Wooded Kingdom,overworld,stage_change,StageData,Tower002,raw,obj6206,Stage Change Tower002,-5000.000,5650.000,-20250.000,0;7,Raw UnitConfigName=ChangeStageArea.,
ForestWorldHomeStage::stage_change::bonus2::raw,Wooded Kingdom,ForestWorldHomeStage,Wooded Kingdom,overworld,stage_change,StageData,bonus2,raw,obj4928,Stage Change bonus2,6550.000,10800.000,-8800.000,0;1;2;3;4;5;6;7;8;9;10;11;12;13;14,Raw UnitConfigName=DokanStageChange.,
ForestWorldHomeStage::stage_change::bonus::raw,Wooded Kingdom,ForestWorldHomeStage,Wooded Kingdom,overworld,stage_change,StageData,bonus,raw,obj4924,Stage Change bonus,5850.000,4850.000,-8900.000,1;2;3;4;5;6,Raw UnitConfigName=DokanStageChange.,
ForestWorldHomeStage::stage_change::boss001::raw,Wooded Kingdom,ForestWorldHomeStage,Wooded Kingdom,overworld,stage_change,StageData,boss001,raw,obj3141,Stage Change boss001,3650.000,8600.000,-22500.000,0;1;2;3;4;5;6;7;8;9;10;11;12;13;14,Raw UnitConfigName=ChangeStageArea.,
ForestWorldHomeStage::stage_change::boss002::raw,Wooded Kingdom,ForestWorldHomeStage,Wooded Kingdom,overworld,stage_change,StageData,boss002,raw,obj3953,Stage Change boss002,3630.000,12269.357,-20600.000,0;1;2;3;4;5;6;7;8;9;10;11;12;13;14,Raw UnitConfigName=DokanStageChange.,
ForestWorldHomeStage::start,Wooded Kingdom,ForestWorldHomeStage,Wooded Kingdom,overworld,stage_start,generated,,,,Default start,,,,,Rename or split if this stage has multiple meaningful starts.,
ForestWorldHomeStage::event::MoonRockActive_Wooded,Wooded Kingdom,ForestWorldHomeStage,Wooded Kingdom,overworld,state_event,StageData:progression_events,,,obj5126,Moon Rock,-2631.711,-115.715,11668.289,0;1;2;3;4;7,Fill the route to the Moon Rock and any prerequisite story/global state. Location imported from StageData obj obj5126.,
ForestWorldHomeStage::event::WorldPeace_Wooded,Wooded Kingdom,ForestWorldHomeStage,Wooded Kingdom,overworld,state_event,progression_events,,,,Wooded Kingdom World Peace,,,,,Fill the story moons/bosses that must be completed for world peace in this kingdom.,
ForestWorldTimerAthletic001Zone::start,Wooded Kingdom,ForestWorldHomeStage,Wooded Kingdom,overworld,custom_place,embedded_zone,,,,ForestWorldTimerAthletic001Zone,-7300.000,3500.000,-7850.000,2;3;4,Embedded map landmark from ForestWorldTimerAthletic001Zone.,
ForestWorldTowerStage::stage_change::Tower001::raw,Wooded Kingdom,ForestWorldTowerStage,Sky Garden Tower,subarea,stage_change,StageData,Tower001,raw,obj67,Stage Change Tower001,0.000,-50.000,2600.000,0;1;2;3;4;5;6;7;8;9;10;11;12;13;14,Raw UnitConfigName=ChangeStageArea.,
ForestWorldTowerStage::stage_change::Tower002::raw,Wooded Kingdom,ForestWorldTowerStage,Sky Garden Tower,subarea,stage_change,StageData,Tower002,raw,obj65,Stage Change Tower002,-1873.833,5100.000,-1873.833,0;1;2;3;4;5;6;7;8;9;10;11;12;13;14,Raw UnitConfigName=ChangeStageArea.,
ForestWorldTowerStage::start,Wooded Kingdom,ForestWorldTowerStage,Sky Garden Tower,subarea,stage_start,generated,,,,Default start,,,,,Rename or split if this stage has multiple meaningful starts.,
ForestWorldWaterExStage::stage_change::EX_Water::raw,Wooded Kingdom,ForestWorldWaterExStage,Flooding Pipeway,subarea,stage_change,StageData,EX_Water,raw,obj142,Stage Change EX_Water,-300.000,500.000,6000.000,0;1;2;3;4;5;6;7;8;9;10;11;12;13;14,Raw UnitConfigName=DokanStageChange.,
ForestWorldWaterExStage::stage_change::EX_Water_Exit::raw,Wooded Kingdom,ForestWorldWaterExStage,Flooding Pipeway,subarea,stage_change,StageData,EX_Water_Exit,raw,obj132,Stage Change EX_Water_Exit,-300.000,1530.000,-2000.000,0;1;2;3;4;5;6;7;8;9;10;11;12;13;14,Raw UnitConfigName=DokanStageChange.,
ForestWorldWaterExStage::start,Wooded Kingdom,ForestWorldWaterExStage,Flooding Pipeway,subarea,stage_start,generated,,,,Default start,,,,,Rename or split if this stage has multiple meaningful starts.,
ForestWorldWaterExStage::entrance::EX_Water::sub_near,Wooded Kingdom,ForestWorldWaterExStage,Flooding Pipeway,subarea,substage_entrance,EntranceDB,EX_Water,sub_near,obj142,Substage near side: EX_Water,-300.000,500.000,6000.000,0;1;2;3;4;5;6;7;8;9;10;11;12;13;14,Connected from ForestWorldHomeStage. StageData anchor UnitConfigName=DokanStageChange.,
ForestWorldWaterExStage::entrance::EX_Water_Exit::sub_far,Wooded Kingdom,ForestWorldWaterExStage,Flooding Pipeway,subarea,substage_entrance,EntranceDB,EX_Water_Exit,sub_far,obj132,Substage far side: EX_Water_Exit,-300.000,1530.000,-2000.000,0;1;2;3;4;5;6;7;8;9;10;11;12;13;14,Connected from ForestWorldHomeStage. StageData anchor UnitConfigName=DokanStageChange.,
ForestWorldWoodsCostumeStage::stage_change::Explorer_Bonus::raw,Wooded Kingdom,ForestWorldWoodsCostumeStage,Costume Room,subarea,stage_change,StageData,Explorer_Bonus,raw,obj6,Stage Change Explorer_Bonus,0.000,-100.000,1100.000,0;1;2;3;4;5;6;7;8;9;10;11;12;13;14,Raw UnitConfigName=ChangeStageArea.,
ForestWorldWoodsCostumeStage::start,Wooded Kingdom,ForestWorldWoodsCostumeStage,Costume Room,subarea,stage_start,generated,,,,Default start,,,,,Rename or split if this stage has multiple meaningful starts.,
ForestWorldWoodsStage::stage_change::Explorer_Bonus::raw,Wooded Kingdom,ForestWorldWoodsStage,Deep Woods,subarea,stage_change,StageData,Explorer_Bonus,raw,obj83,Stage Change Explorer_Bonus,-5875.000,512.984,-23941.805,0;1;2;3;4;5;6;7;8;9;10;11;12;13;14,Raw UnitConfigName=DoorWarpStageChange.,
ForestWorldWoodsStage::stage_change::Jyukai001::raw,Wooded Kingdom,ForestWorldWoodsStage,Deep Woods,subarea,stage_change,StageData,Jyukai001,raw,obj160,Stage Change Jyukai001,7900.000,5700.000,-20900.000,0;1;2;3;4;5;6;7;8;9;10;11;12;13;14,Raw UnitConfigName=PlayerStartObjNoLink.,
ForestWorldWoodsStage::stage_change::Jyukai001v::raw,Wooded Kingdom,ForestWorldWoodsStage,Deep Woods,subarea,stage_change,StageData,Jyukai001v,raw,obj159,Stage Change Jyukai001v,7950.000,4700.000,-18550.000,0;1;2;3;4;5;6;7;8;9;10;11;12;13;14,Raw UnitConfigName=ChangeStageArea.,
ForestWorldWoodsStage::stage_change::Jyukai002::raw,Wooded Kingdom,ForestWorldWoodsStage,Deep Woods,subarea,stage_change,StageData,Jyukai002,raw,obj161,Stage Change Jyukai002,-6800.000,4500.000,-18900.000,0;1;2;3;4;5;6;7;8;9;10;11;12;13;14,Raw UnitConfigName=ChangeStageArea.,
ForestWorldWoodsStage::stage_change::Jyukai003::raw,Wooded Kingdom,ForestWorldWoodsStage,Deep Woods,subarea,stage_change,StageData,Jyukai003,raw,obj327,Stage Change Jyukai003,10350.000,3700.000,-4550.000,0;1;2;3;4;5;6;7;8;9;10;11;12;13;14,Raw UnitConfigName=PlayerStartObjNoLink.,
ForestWorldWoodsStage::stage_change::Jyukai003v::raw,Wooded Kingdom,ForestWorldWoodsStage,Deep Woods,subarea,stage_change,StageData,Jyukai003v,raw,obj165,Stage Change Jyukai003v,8300.000,2700.000,-4200.000,0;1;2;3;4;5;6;7;8;9;10;11;12;13;14,Raw UnitConfigName=ChangeStageArea.,
ForestWorldWoodsStage::stage_change::Jyukai004::raw,Wooded Kingdom,ForestWorldWoodsStage,Deep Woods,subarea,stage_change,StageData,Jyukai004,raw,obj163,Stage Change Jyukai004,-9200.000,2750.000,-4700.000,0;1;2;3;4;5;6;7;8;9;10;11;12;13;14,Raw UnitConfigName=ChangeStageArea.,
ForestWorldWoodsStage::stage_change::TreasureTree::raw,Wooded Kingdom,ForestWorldWoodsStage,Deep Woods,subarea,stage_change,StageData,TreasureTree,raw,obj136,Stage Change TreasureTree,998.969,-1400.000,-8050.000,0;1;2;3;4;5;6;7;8;9;10;11;12;13;14,Raw UnitConfigName=DokanStageChange.,
ForestWorldWoodsStage::start,Wooded Kingdom,ForestWorldWoodsStage,Deep Woods,subarea,stage_start,generated,,,,Default start,,,,,Rename or split if this stage has multiple meaningful starts.,
ForestWorldWoodsStage::entrance::Jyukai001::sub_far,Wooded Kingdom,ForestWorldWoodsStage,Deep Woods,subarea,substage_entrance,EntranceDB,Jyukai001,sub_far,obj160,Substage far side: Jyukai001,7900.000,5700.000,-20900.000,0;1;2;3;4;5;6;7;8;9;10;11;12;13;14,Connected from ForestWorldHomeStage. StageData anchor UnitConfigName=PlayerStartObjNoLink.,
ForestWorldWoodsStage::entrance::Jyukai001::sub_near,Wooded Kingdom,ForestWorldWoodsStage,Deep Woods,subarea,substage_entrance,EntranceDB,Jyukai001,sub_near,obj160,Substage near side: Jyukai001,7900.000,5700.000,-20900.000,0;1;2;3;4;5;6;7;8;9;10;11;12;13;14,Connected from ForestWorldHomeStage. StageData anchor UnitConfigName=PlayerStartObjNoLink.,
ForestWorldWoodsStage::entrance::Jyukai001v::sub_far,Wooded Kingdom,ForestWorldWoodsStage,Deep Woods,subarea,substage_entrance,EntranceDB,Jyukai001v,sub_far,obj159,Substage far side: Jyukai001v,7950.000,4700.000,-18550.000,0;1;2;3;4;5;6;7;8;9;10;11;12;13;14,Connected from ForestWorldHomeStage. StageData anchor UnitConfigName=ChangeStageArea.,
ForestWorldWoodsStage::entrance::Jyukai001v::sub_near,Wooded Kingdom,ForestWorldWoodsStage,Deep Woods,subarea,substage_entrance,EntranceDB,Jyukai001v,sub_near,obj159,Substage near side: Jyukai001v,7950.000,4700.000,-18550.000,0;1;2;3;4;5;6;7;8;9;10;11;12;13;14,Connected from ForestWorldHomeStage. StageData anchor UnitConfigName=ChangeStageArea.,
ForestWorldWoodsStage::entrance::Jyukai002::sub_far,Wooded Kingdom,ForestWorldWoodsStage,Deep Woods,subarea,substage_entrance,EntranceDB,Jyukai002,sub_far,obj161,Substage far side: Jyukai002,-6800.000,4500.000,-18900.000,0;1;2;3;4;5;6;7;8;9;10;11;12;13;14,Connected from ForestWorldHomeStage. StageData anchor UnitConfigName=ChangeStageArea.,
ForestWorldWoodsStage::entrance::Jyukai002::sub_near,Wooded Kingdom,ForestWorldWoodsStage,Deep Woods,subarea,substage_entrance,EntranceDB,Jyukai002,sub_near,obj161,Substage near side: Jyukai002,-6800.000,4500.000,-18900.000,0;1;2;3;4;5;6;7;8;9;10;11;12;13;14,Connected from ForestWorldHomeStage. StageData anchor UnitConfigName=ChangeStageArea.,
ForestWorldWoodsStage::entrance::Jyukai003::sub_far,Wooded Kingdom,ForestWorldWoodsStage,Deep Woods,subarea,substage_entrance,EntranceDB,Jyukai003,sub_far,obj327,Substage far side: Jyukai003,10350.000,3700.000,-4550.000,0;1;2;3;4;5;6;7;8;9;10;11;12;13;14,Connected from ForestWorldHomeStage. StageData anchor UnitConfigName=PlayerStartObjNoLink.,
ForestWorldWoodsStage::entrance::Jyukai003::sub_near,Wooded Kingdom,ForestWorldWoodsStage,Deep Woods,subarea,substage_entrance,EntranceDB,Jyukai003,sub_near,obj327,Substage near side: Jyukai003,10350.000,3700.000,-4550.000,0;1;2;3;4;5;6;7;8;9;10;11;12;13;14,Connected from ForestWorldHomeStage. StageData anchor UnitConfigName=PlayerStartObjNoLink.,
ForestWorldWoodsStage::entrance::Jyukai003v::sub_far,Wooded Kingdom,ForestWorldWoodsStage,Deep Woods,subarea,substage_entrance,EntranceDB,Jyukai003v,sub_far,obj165,Substage far side: Jyukai003v,8300.000,2700.000,-4200.000,0;1;2;3;4;5;6;7;8;9;10;11;12;13;14,Connected from ForestWorldHomeStage. StageData anchor UnitConfigName=ChangeStageArea.,
ForestWorldWoodsStage::entrance::Jyukai003v::sub_near,Wooded Kingdom,ForestWorldWoodsStage,Deep Woods,subarea,substage_entrance,EntranceDB,Jyukai003v,sub_near,obj165,Substage near side: Jyukai003v,8300.000,2700.000,-4200.000,0;1;2;3;4;5;6;7;8;9;10;11;12;13;14,Connected from ForestWorldHomeStage. StageData anchor UnitConfigName=ChangeStageArea.,
ForestWorldWoodsStage::entrance::Jyukai004::sub_far,Wooded Kingdom,ForestWorldWoodsStage,Deep Woods,subarea,substage_entrance,EntranceDB,Jyukai004,sub_far,obj163,Substage far side: Jyukai004,-9200.000,2750.000,-4700.000,0;1;2;3;4;5;6;7;8;9;10;11;12;13;14,Connected from ForestWorldHomeStage. StageData anchor UnitConfigName=ChangeStageArea.,
ForestWorldWoodsStage::entrance::Jyukai004::sub_near,Wooded Kingdom,ForestWorldWoodsStage,Deep Woods,subarea,substage_entrance,EntranceDB,Jyukai004,sub_near,obj163,Substage near side: Jyukai004,-9200.000,2750.000,-4700.000,0;1;2;3;4;5;6;7;8;9;10;11;12;13;14,Connected from ForestWorldHomeStage. StageData anchor UnitConfigName=ChangeStageArea.,
ForestWorldWoodsTreasureStage::stage_change::TreasureTree::raw,Wooded Kingdom,ForestWorldWoodsTreasureStage,Deep Woods Treasure Vault,subarea,stage_change,StageData,TreasureTree,raw,obj11,Stage Change TreasureTree,0.000,0.000,450.000,0;1;2;3;4;5;6;7;8;9;10;11;12;13;14,Raw UnitConfigName=DokanStageChange.,
ForestWorldWoodsTreasureStage::start,Wooded Kingdom,ForestWorldWoodsTreasureStage,Deep Woods Treasure Vault,subarea,stage_start,generated,,,,Default start,,,,,Rename or split if this stage has multiple meaningful starts.,
KillerRoadExStage::stage_change::KillerRoad::raw,Wooded Kingdom,KillerRoadExStage,Breakdown Road,subarea,stage_change,StageData,KillerRoad,raw,obj2430,Stage Change KillerRoad,1555.635,200.000,1131.371,0,Raw UnitConfigName=DokanStageChange.,
KillerRoadExStage::start,Wooded Kingdom,KillerRoadExStage,Breakdown Road,subarea,stage_start,generated,,,,Default start,,,,,Rename or split if this stage has multiple meaningful starts.,
KillerRoadExStage::entrance::KillerRoad::sub_far,Wooded Kingdom,KillerRoadExStage,Breakdown Road,subarea,substage_entrance,EntranceDB,KillerRoad,sub_far,obj2430,Substage far side: KillerRoad,1555.635,200.000,1131.371,0,Connected from ForestWorldHomeStage. StageData anchor UnitConfigName=DokanStageChange.,
KillerRoadExStage::entrance::KillerRoad::sub_near,Wooded Kingdom,KillerRoadExStage,Breakdown Road,subarea,substage_entrance,EntranceDB,KillerRoad,sub_near,obj2430,Substage near side: KillerRoad,1555.635,200.000,1131.371,0,Connected from ForestWorldHomeStage. StageData anchor UnitConfigName=DokanStageChange.,
PackunPoisonExStage::stage_change::PoisonEx::raw,Wooded Kingdom,PackunPoisonExStage,Invisible Road,subarea,stage_change,StageData,PoisonEx,raw,obj325,Stage Change PoisonEx,3850.000,600.000,-10400.000,0,Raw UnitConfigName=DokanStageChange.,
PackunPoisonExStage::stage_change::PoisonEx_Exit::raw,Wooded Kingdom,PackunPoisonExStage,Invisible Road,subarea,stage_change,StageData,PoisonEx_Exit,raw,obj347,Stage Change PoisonEx_Exit,2750.000,800.000,3000.000,0,Raw UnitConfigName=DokanStageChange.,
PackunPoisonExStage::start,Wooded Kingdom,PackunPoisonExStage,Invisible Road,subarea,stage_start,generated,,,,Default start,,,,,Rename or split if this stage has multiple meaningful starts.,
PackunPoisonExStage::entrance::PoisonEx::sub_near,Wooded Kingdom,PackunPoisonExStage,Invisible Road,subarea,substage_entrance,EntranceDB,PoisonEx,sub_near,obj325,Substage near side: PoisonEx,3850.000,600.000,-10400.000,0,Connected from ForestWorldHomeStage. StageData anchor UnitConfigName=DokanStageChange.,
PackunPoisonExStage::entrance::PoisonEx_Exit::sub_far,Wooded Kingdom,PackunPoisonExStage,Invisible Road,subarea,substage_entrance,EntranceDB,PoisonEx_Exit,sub_far,obj347,Substage far side: PoisonEx_Exit,2750.000,800.000,3000.000,0,Connected from ForestWorldHomeStage. StageData anchor UnitConfigName=DokanStageChange.,
RailCollisionExStage::stage_change::EX_RailCollision::raw,Wooded Kingdom,RailCollisionExStage,Flower Road,subarea,stage_change,StageData,EX_RailCollision,raw,obj251,Stage Change EX_RailCollision,-1000.000,350.000,500.000,0,Raw UnitConfigName=ChangeStageArea.,
RailCollisionExStage::stage_change::EX_RailCollision_Exit::raw,Wooded Kingdom,RailCollisionExStage,Flower Road,subarea,stage_change,StageData,EX_RailCollision_Exit,raw,obj252,Stage Change EX_RailCollision_Exit,10700.000,2900.000,-20150.000,0,Raw UnitConfigName=DokanStageChange.,
RailCollisionExStage::start,Wooded Kingdom,RailCollisionExStage,Flower Road,subarea,stage_start,generated,,,,Default start,,,,,Rename or split if this stage has multiple meaningful starts.,
RailCollisionExStage::entrance::EX_RailCollision::sub_near,Wooded Kingdom,RailCollisionExStage,Flower Road,subarea,substage_entrance,EntranceDB,EX_RailCollision,sub_near,obj251,Substage near side: EX_RailCollision,-1000.000,350.000,500.000,0,Connected from ForestWorldHomeStage. StageData anchor UnitConfigName=ChangeStageArea.,
RailCollisionExStage::entrance::EX_RailCollision_Exit::sub_far,Wooded Kingdom,RailCollisionExStage,Flower Road,subarea,substage_entrance,EntranceDB,EX_RailCollision_Exit,sub_far,obj252,Substage far side: EX_RailCollision_Exit,10700.000,2900.000,-20150.000,0,Connected from ForestWorldHomeStage. StageData anchor UnitConfigName=DokanStageChange.,
ShootingElevatorExStage::stage_change::EX_Tankuro::raw,Wooded Kingdom,ShootingElevatorExStage,Crowded Elevator,subarea,stage_change,StageData,EX_Tankuro,raw,obj178,Stage Change EX_Tankuro,-1350.000,5550.000,2950.000,0;1;2;3;4;5;6;7;8;9;10;11;12;13;14,Raw UnitConfigName=ChangeStageArea.,
ShootingElevatorExStage::stage_change::EX_Tankuro_Exit::raw,Wooded Kingdom,ShootingElevatorExStage,Crowded Elevator,subarea,stage_change,StageData,EX_Tankuro_Exit,raw,obj180,Stage Change EX_Tankuro_Exit,50.000,800.001,-12900.000,0;1;2;3;4;5;6;7;8;9;10;11;12;13;14,Raw UnitConfigName=DokanStageChange.,
ShootingElevatorExStage::start,Wooded Kingdom,ShootingElevatorExStage,Crowded Elevator,subarea,stage_start,generated,,,,Default start,,,,,Rename or split if this stage has multiple meaningful starts.,
ShootingElevatorExStage::entrance::EX_Tankuro::sub_near,Wooded Kingdom,ShootingElevatorExStage,Crowded Elevator,subarea,substage_entrance,EntranceDB,EX_Tankuro,sub_near,obj178,Substage near side: EX_Tankuro,-1350.000,5550.000,2950.000,0;1;2;3;4;5;6;7;8;9;10;11;12;13;14,Connected from ForestWorldHomeStage. StageData anchor UnitConfigName=ChangeStageArea.,
ShootingElevatorExStage::entrance::EX_Tankuro_Exit::sub_far,Wooded Kingdom,ShootingElevatorExStage,Crowded Elevator,subarea,substage_entrance,EntranceDB,EX_Tankuro_Exit,sub_far,obj180,Substage far side: EX_Tankuro_Exit,50.000,800.001,-12900.000,0;1;2;3;4;5;6;7;8;9;10;11;12;13;14,Connected from ForestWorldHomeStage. StageData anchor UnitConfigName=DokanStageChange.,
ForestWorldWoodsStage::place::new_place,Wooded Kingdom,ForestWorldWoodsStage,Deep Woods,subarea,custom_place,editor,,,,Free Space,,,,,Human-authored logic place.,
FogMountainExStage::place::new_place,Wooded Kingdom,FogMountainExStage,Shards in the Fog,subarea,custom_place,editor,,,,Free Space,,,,,Human-authored logic place.,
ForestWorldHomeStage::place::new_place,Wooded Kingdom,ForestWorldHomeStage,Wooded Kingdom,overworld,custom_place,editor,,,,Nut 'Round the Corner Free,,,,,Human-authored logic place.,
ForestWorldHomeStage::place::new_place_2,Wooded Kingdom,ForestWorldHomeStage,Wooded Kingdom,overworld,custom_place,editor,,,,Climb the Cliff to Get the Nut Free,,,,,Human-authored logic place.,
ForestWorldHomeStage::place::new_place_3,Wooded Kingdom,ForestWorldHomeStage,Wooded Kingdom,overworld,custom_place,editor,,,,The Nut in the Red Maze Free,,,,,Human-authored logic place.,
ForestWorldHomeStage::place::new_place_4,Wooded Kingdom,ForestWorldHomeStage,Wooded Kingdom,overworld,custom_place,editor,,,,The Nut that Grew on the Tall Fence Free,,,,,Human-authored logic place.,
ForestWorldHomeStage::place::new_place_5,Wooded Kingdom,ForestWorldHomeStage,Wooded Kingdom,overworld,custom_place,editor,,,,Captain Toad Free,,,,,Human-authored logic place.,
ForestWorldHomeStage::place::new_place_6,Wooded Kingdom,ForestWorldHomeStage,Wooded Kingdom,overworld,custom_place,editor,,,,Inside a Rock in the Forest Free,,,,,Human-authored logic place.,
ForestWorldHomeStage::place::new_place_7,Wooded Kingdom,ForestWorldHomeStage,Wooded Kingdom,overworld,custom_place,editor,,,,Lost in the Tall Trees Free,,,,,Human-authored logic place.,
ForestWorldHomeStage::place::new_place_8,Wooded Kingdom,ForestWorldHomeStage,Wooded Kingdom,overworld,custom_place,editor,,,,The Nut in the Robot Storeroom Free,,,,,Human-authored logic place.,
ForestWorldHomeStage::place::new_place_9,Wooded Kingdom,ForestWorldHomeStage,Wooded Kingdom,overworld,custom_place,editor,,,,Invader in the Sky Garden Free,,,,,Human-authored logic place.,
ForestWorldHomeStage::place::new_place_10,Wooded Kingdom,ForestWorldHomeStage,Wooded Kingdom,overworld,custom_place,editor,,,,Moon Shards in the Forest Free,,,,,Human-authored logic place.,
ForestWorldHomeStage::place::new_place_11,Wooded Kingdom,ForestWorldHomeStage,Wooded Kingdom,overworld,custom_place,editor,,,,Painting Access,,,,,Human-authored logic place.,
ForestWorldWoodsCostumeStage::entrance::Explorer_Bonus::sub_near,Wooded Kingdom,ForestWorldWoodsCostumeStage,Costume Room,subarea,substage_entrance,EntranceDB,Explorer_Bonus,sub_near,obj6,Substage near side: Explorer_Bonus,0.000,-100.000,1100.000,0;1;2;3;4;5;6;7;8;9;10;11;12;13;14,Connected from ForestWorldWoodsStage. StageData anchor UnitConfigName=ChangeStageArea.,
ForestWorldWoodsCostumeStage::entrance::Explorer_Bonus::sub_far,Wooded Kingdom,ForestWorldWoodsCostumeStage,Costume Room,subarea,substage_entrance,EntranceDB,Explorer_Bonus,sub_far,obj6,Substage far side: Explorer_Bonus,0.000,-100.000,1100.000,0;1;2;3;4;5;6;7;8;9;10;11;12;13;14,Connected from ForestWorldWoodsStage. StageData anchor UnitConfigName=ChangeStageArea.,
ForestWorldWoodsStage::entrance::TreasureTree::home_in,Wooded Kingdom,ForestWorldWoodsStage,Deep Woods,subarea,home_entrance,EntranceDB,TreasureTree,home_in,obj136,Home entrance: TreasureTree,998.969,-1400.000,-8050.000,0;1;2;3;4;5;6;7;8;9;10;11;12;13;14,Links to ForestWorldWoodsTreasureStage. StageData anchor UnitConfigName=DokanStageChange.,
ForestWorldWoodsStage::entrance::TreasureTree::home_out,Wooded Kingdom,ForestWorldWoodsStage,Deep Woods,subarea,home_entrance,EntranceDB,TreasureTree,home_out,obj136,Home return: TreasureTree,998.969,-1400.000,-8050.000,0;1;2;3;4;5;6;7;8;9;10;11;12;13;14,Links to ForestWorldWoodsTreasureStage. StageData anchor UnitConfigName=DokanStageChange.,
ForestWorldWoodsStage::entrance::Explorer_Bonus::home_out,Wooded Kingdom,ForestWorldWoodsStage,Deep Woods,subarea,home_entrance,EntranceDB,Explorer_Bonus,home_out,obj83,Home return: Explorer_Bonus,-5875.000,512.984,-23941.805,0;1;2;3;4;5;6;7;8;9;10;11;12;13;14,Links to ForestWorldWoodsCostumeStage. StageData anchor UnitConfigName=DoorWarpStageChange.,
ForestWorldWoodsStage::entrance::Explorer_Bonus::home_in,Wooded Kingdom,ForestWorldWoodsStage,Deep Woods,subarea,home_entrance,EntranceDB,Explorer_Bonus,home_in,obj83,Home entrance: Explorer_Bonus,-5875.000,512.984,-23941.805,0;1;2;3;4;5;6;7;8;9;10;11;12;13;14,Links to ForestWorldWoodsCostumeStage. StageData anchor UnitConfigName=DoorWarpStageChange.,
ForestWorldWoodsTreasureStage::entrance::TreasureTree::sub_far,Wooded Kingdom,ForestWorldWoodsTreasureStage,Deep Woods Treasure Vault,subarea,substage_entrance,EntranceDB,TreasureTree,sub_far,obj11,Substage far side: TreasureTree,0.000,0.000,450.000,0;1;2;3;4;5;6;7;8;9;10;11;12;13;14,Connected from ForestWorldWoodsStage. StageData anchor UnitConfigName=DokanStageChange.,
ForestWorldWoodsTreasureStage::entrance::TreasureTree::sub_near,Wooded Kingdom,ForestWorldWoodsTreasureStage,Deep Woods Treasure Vault,subarea,substage_entrance,EntranceDB,TreasureTree,sub_near,obj11,Substage near side: TreasureTree,0.000,0.000,450.000,0;1;2;3;4;5;6;7;8;9;10;11;12;13;14,Connected from ForestWorldWoodsStage. StageData anchor UnitConfigName=DokanStageChange.,
ForestWorldAthleticZone::start,Wooded Kingdom,ForestWorldHomeStage,Wooded Kingdom,overworld,custom_place,embedded_zone,,,,ForestWorldAthleticZone,7750.000,2400.000,-2800.000,0;1;2;3;4;5;6;7;8;9;10;11;12;13;14,Embedded map landmark from ForestWorldAthleticZone.,
ForestWorldBossStage::place::new_place,Wooded Kingdom,ForestWorldBossStage,Secret Flower Field,subarea,custom_place,editor,,,,FlowerField,,,,,Human-authored logic place.,
ForestWorldHomeStage::entrance::boss001::home_in,Wooded Kingdom,ForestWorldHomeStage,Wooded Kingdom,overworld,home_entrance,EntranceDB,boss001,home_in,obj3141,Home entrance: boss001,3650.000,8600.000,-22500.000,0;1;2;3;4;5;6;7;8;9;10;11;12;13;14,Vanilla door ForestWorldHomeStage<->ForestWorldBossStage (fixed).,
ForestWorldHomeStage::entrance::boss001::home_out,Wooded Kingdom,ForestWorldHomeStage,Wooded Kingdom,overworld,home_entrance,EntranceDB,boss001,home_out,obj3141,Home return: boss001,3650.000,8600.000,-22500.000,0;1;2;3;4;5;6;7;8;9;10;11;12;13;14,Vanilla door ForestWorldHomeStage<->ForestWorldBossStage (fixed).,
ForestWorldBossStage::entrance::boss001::sub_near,Wooded Kingdom,ForestWorldBossStage,Secret Flower Field,subarea,substage_entrance,EntranceDB,boss001,sub_near,obj451;obj609,Substage near side: boss001,,,,1;2;3;4,Vanilla door ForestWorldHomeStage<->ForestWorldBossStage (fixed).,
ForestWorldBossStage::entrance::boss001::sub_far,Wooded Kingdom,ForestWorldBossStage,Secret Flower Field,subarea,substage_entrance,EntranceDB,boss001,sub_far,obj451;obj609,Substage far side: boss001,,,,1;2;3;4,Vanilla door ForestWorldHomeStage<->ForestWorldBossStage (fixed).,
ForestWorldHomeStage::entrance::Tower001::home_in,Wooded Kingdom,ForestWorldHomeStage,Wooded Kingdom,overworld,home_entrance,EntranceDB,Tower001,home_in,obj264,Home entrance: Tower001,-4969.954,1950.000,-21516.254,0;1;2;3;4;5;6;7;8;9;10;11;12;13;14,Vanilla door ForestWorldHomeStage<->ForestWorldTowerStage (fixed).,
ForestWorldHomeStage::entrance::Tower001::home_out,Wooded Kingdom,ForestWorldHomeStage,Wooded Kingdom,overworld,home_entrance,EntranceDB,Tower001,home_out,obj264,Home return: Tower001,-4969.954,1950.000,-21516.254,0;1;2;3;4;5;6;7;8;9;10;11;12;13;14,Vanilla door ForestWorldHomeStage<->ForestWorldTowerStage (fixed).,
ForestWorldTowerStage::entrance::Tower002::sub_near,Wooded Kingdom,ForestWorldTowerStage,Sky Garden Tower,subarea,substage_entrance,EntranceDB,Tower002,sub_near,obj65,Substage near side: Tower002,-1873.833,5100.000,-1873.833,0;1;2;3;4;5;6;7;8;9;10;11;12;13;14,Vanilla door ForestWorldHomeStage<->ForestWorldTowerStage (fixed).,
ForestWorldTowerStage::entrance::Tower002::sub_far,Wooded Kingdom,ForestWorldTowerStage,Sky Garden Tower,subarea,substage_entrance,EntranceDB,Tower002,sub_far,obj65,Substage far side: Tower002,-1873.833,5100.000,-1873.833,0;1;2;3;4;5;6;7;8;9;10;11;12;13;14,Vanilla door ForestWorldHomeStage<->ForestWorldTowerStage (fixed).,
ForestWorldHomeStage::entrance::Tower002::home_in,Wooded Kingdom,ForestWorldHomeStage,Wooded Kingdom,overworld,home_entrance,EntranceDB,Tower002,home_in,obj282;obj6206,Home entrance: Tower002,-5000.000,5650.000,-20250.000,0;1;2;3;4;5;6;7,Links to ForestWorldTowerStage.,
ForestWorldHomeStage::entrance::Tower002::home_out,Wooded Kingdom,ForestWorldHomeStage,Wooded Kingdom,overworld,home_entrance,EntranceDB,Tower002,home_out,obj282;obj6206,Home return: Tower002,-5000.000,5650.000,-20250.000,0;1;2;3;4;5;6;7,Links to ForestWorldTowerStage.,
ForestWorldTowerStage::entrance::Tower001::sub_far,Wooded Kingdom,ForestWorldTowerStage,Sky Garden Tower,subarea,substage_entrance,EntranceDB,Tower001,sub_far,obj67,Substage far side: Tower001,0.000,-50.000,2600.000,0;1;2;3;4;5;6;7;8;9;10;11;12;13;14,Connected from ForestWorldHomeStage.,
ForestWorldTowerStage::entrance::Tower001::sub_near,Wooded Kingdom,ForestWorldTowerStage,Sky Garden Tower,subarea,substage_entrance,EntranceDB,Tower001,sub_near,obj67,Substage near side: Tower001,0.000,-50.000,2600.000,0;1;2;3;4;5;6;7;8;9;10;11;12;13;14,Connected from ForestWorldHomeStage.,
