moon_id,kingdom,stage,stage_display_name,area_scope,moon_name,runtime_shine_key,obj_id,uid,flags,from_node_id,state_requirement_expr,requirement_expr,world_peace_token,moon_rock_token,access_type,effort_level,effort_notes,legacy_requirement_notes,placement_found,placement_unit_config_names,placement_layer_config_names,placement_scenario_no_values,scenario_move_to,placement_stage_map_indices,placement_quest_no_values,placement_shine_optional_ids,placement_change_stage_ids,placement_x,placement_y,placement_z,placement_source_archives,placement_source_files,placement_count,shine_info_hint_idx,shine_info_main_scenario_no,shine_info_progress_bit_flag,shine_info_is_grand,shine_info_is_moon_rock,shine_info_available_scenarios,shine_info_object_name,shine_info_scenario_name,notes,difficulty,option_scenarios
SkyWorldCastleZone:3811:314,Bowser's Kingdom,SkyWorldHomeStage,Bowser's Kingdom,overworld,Big Broodal Battle,SkyWorldCastleZone:3811:314,3811,314,ShineFlag_Story,SkyWorldCastleZone::checkpoint::obj1888,,Tsukkun,WorldPeace_Bowsers,MoonRockActive_Bowsers,primary,unrated,,"captures=Pokio, Frog, Uproot, Gushen, Locked behind Default Capture | method_1(jump=Single Jump (258); cap_throw=Neutral Throw, Up Throw, Down Throw, Spin Throw; other=Ground Pound, Capture) | method_2(jump=Single Jump (258); cap_throw=Neutral Throw; other=Ground Pound) | method_3(jump=Cap Return Jump (400); cap_throw=Neutral Throw, Up Throw, Down Throw, Spin Throw; other=Ground Pound, Dive)",true,ShineAddHeight,Common,-1,,1;10;11;12;13;14;2;3;4;5;6;7;8;9,2,None,,8409.942,28850.000,-40735.427,SkyWorldCastleZoneMap.szs,SkyWorldCastleZoneMap.byml,14,2,2,63,false,false,1;2;3;4;5;6,GK連戦監視者_シャイン【2m置き】,激闘！ ブルーダルズ,Use placement_stage_map_indices for StageMap availability and requirement_expr for local ability/capture needs. placement_scenario_no_values is the raw object ScenarioNo field.,casual,"1,2,3,4"
SkyWorldHomeStage:1673:315,Bowser's Kingdom,SkyWorldHomeStage,Bowser's Kingdom,overworld,Taking Notes: Between Spinies,SkyWorldHomeStage:1673:315,1673,315,ShineFlag_None,SkyWorldHomeStage::checkpoint::obj1626,,free,WorldPeace_Bowsers,MoonRockActive_Bowsers,primary,unrated,,"captures=Locked behind Default Capture | method_1(jump=Single Jump (258); cap_throw=Neutral Throw, Up Throw, Down Throw, Spin Throw; other=Capture)",false,,,,,,,,,-27950.000,7400.000,19500.000,ShineInfo.szs,ShineList_SkyWorldHomeStage.byml;ShinePosList.byml,0,14,-1,15,false,false,1;2;3;4,音符オブジェ(1つ目),トゲトゲよけて 音符集め,Use placement_stage_map_indices for StageMap availability and requirement_expr for local ability/capture needs. placement_scenario_no_values is the raw object ScenarioNo field.,casual,
SkyWorldHomeStage:2204:316,Bowser's Kingdom,SkyWorldHomeStage,Bowser's Kingdom,overworld,Jizo All in a Row,SkyWorldHomeStage:2204:316,2204,316,ShineFlag_None,SkyWorldHomeStage::checkpoint::obj2028,,Statue,WorldPeace_Bowsers,MoonRockActive_Bowsers,primary,unrated,,"captures=Locked behind Default Capture | method_1(jump=Long Jump; cap_throw=Neutral Throw, Up Throw, Down Throw, Spin Throw; other=Capture)",false,,,,,,,,,-27215.000,21570.000,-33200.000,ShineInfo.szs,ShineList_SkyWorldHomeStage.byml;ShinePosList.byml,0,22,-1,63,false,false,1;2;3;4;5;6,地蔵位置合わせマーク,並んで お地蔵さん,Use placement_stage_map_indices for StageMap availability and requirement_expr for local ability/capture needs. placement_scenario_no_values is the raw object ScenarioNo field.,casual,
SkyWorldHomeStage:2043:317,Bowser's Kingdom,SkyWorldHomeStage,Bowser's Kingdom,overworld,Underground Jizo,SkyWorldHomeStage:2043:317,2043,317,ShineFlag_None,SkyWorldHomeStage::checkpoint::obj2028,,Statue,WorldPeace_Bowsers,MoonRockActive_Bowsers,primary,unrated,,"captures=Locked behind Default Capture | method_1(jump=Long Jump; cap_throw=Neutral Throw, Up Throw, Down Throw, Spin Throw; other=Capture)",false,,,,,,,,,-26715.000,20670.000,-33050.000,ShineInfo.szs,ShineList_SkyWorldHomeStage.byml;ShinePosList.byml,0,24,-1,63,false,false,1;2;3;4;5;6,地蔵位置合わせマーク,地底の お地蔵さん,Use placement_stage_map_indices for StageMap availability and requirement_expr for local ability/capture needs. placement_scenario_no_values is the raw object ScenarioNo field.,casual,
SkyWorldCastleZone:2335:318,Bowser's Kingdom,SkyWorldHomeStage,Bowser's Kingdom,overworld,"Good to See You, Captain Toad!",SkyWorldCastleZone:2335:318,2335,318,ShineFlag_None,SkyWorldCastleZone::checkpoint::obj1890,,free,WorldPeace_Bowsers,MoonRockActive_Bowsers,primary,unrated,,"method_1(jump=Long Jump; cap_throw=Neutral Throw, Up Throw, Down Throw, Spin Throw; other=None)",false,,,,,,,,,74710.556,61128.900,-65907.588,ShineInfo.szs,ShineList_SkyWorldHomeStage.byml;ShinePosList.byml,0,7,-1,15,false,false,1;2;3;4,キノピオ隊長,よろしく！ キノピオ隊長,Use placement_stage_map_indices for StageMap availability and requirement_expr for local ability/capture needs. placement_scenario_no_values is the raw object ScenarioNo field.,casual,
SkyWorldCastleZone:3646:319,Bowser's Kingdom,SkyWorldHomeStage,Bowser's Kingdom,overworld,Inside a Block in the Castle,SkyWorldCastleZone:3646:319,3646,319,ShineFlag_None,SkyWorldCastleZone::checkpoint::obj1890,,free,WorldPeace_Bowsers,MoonRockActive_Bowsers,primary,unrated,,method_1(jump=Long Jump; cap_throw=No Cap Throw Needed; other=None),false,,,,,,,,,73701.019,61750.000,-71007.595,ShineInfo.szs,ShineList_SkyWorldHomeStage.byml;ShinePosList.byml,0,12,-1,63,false,false,1;2;3;4;5;6,空のワールド壊れパーツ000,お城の かたいブロックの中,Use placement_stage_map_indices for StageMap availability and requirement_expr for local ability/capture needs. placement_scenario_no_values is the raw object ScenarioNo field.,casual,
SkyWorldHomeStage:836:320,Bowser's Kingdom,SkyWorldHomeStage,Bowser's Kingdom,overworld,Exterminate the Ogres!,SkyWorldHomeStage:836:320,836,320,ShineFlag_None,SkyWorldHomeStage::place::new_place_9,,GroundPound,WorldPeace_Bowsers,MoonRockActive_Bowsers,primary,unrated,,"captures=Locked behind Default Capture | method_1(jump=Single Jump (258); cap_throw=Neutral Throw, Up Throw, Down Throw, Spin Throw; other=Ground Pound, Capture)",false,,,,,,,,,29950.000,19370.699,20950.000,ShineInfo.szs,ShineList_SkyWorldHomeStage.byml;ShinePosList.byml,0,13,-1,15,false,false,1;2;3;4,シャイン用全滅監視,オニ退治！,Use placement_stage_map_indices for StageMap availability and requirement_expr for local ability/capture needs. placement_scenario_no_values is the raw object ScenarioNo field.,casual,
SkyWorldHomeStage:1264:321,Bowser's Kingdom,SkyWorldHomeStage,Bowser's Kingdom,overworld,Behind the Big Wall,SkyWorldHomeStage:1264:321,1264,321,ShineFlag_None,SkyWorldHomeStage::place::new_place_5,,free,WorldPeace_Bowsers,MoonRockActive_Bowsers,primary,unrated,,"captures=Locked behind Default Capture | method_1(jump=Single Jump (258); cap_throw=Neutral Throw, Up Throw, Down Throw, Spin Throw; other=Capture)",true,ShineAddHeight,G,-1,,0;1;2;3,-1,None,,-55900.000,3450.000,23750.004,SkyWorldHomeStageMap.szs,SkyWorldHomeStageMap.byml,4,4,-1,15,false,false,1;2;3;4,シャイン【2m置き】,まわりこんで 壁の裏,Use placement_stage_map_indices for StageMap availability and requirement_expr for local ability/capture needs. placement_scenario_no_values is the raw object ScenarioNo field.,casual,
SkyWorldHomeStage:1596:322,Bowser's Kingdom,SkyWorldHomeStage,Bowser's Kingdom,overworld,Secret Path to Bowser's Castle!,SkyWorldHomeStage:1596:322,1596,322,ShineFlag_None,SkyWorldHomeStage::checkpoint::obj2697,,free,WorldPeace_Bowsers,MoonRockActive_Bowsers,primary,unrated,,method_1(jump=Long Jump; cap_throw=No Cap Throw Needed; other=None) | method_2(jump=No Jump Needed; cap_throw=No Cap Throw Needed; other=Dive),true,ShineAddHeight,G,-1,,0;1;2;3,-1,WorldWarpHoleShine,,19950.000,42500.000,20250.000,SkyWorldHomeStageMap.szs,SkyWorldHomeStageMap.byml,4,61,-1,15,false,false,1;2;3;4,シャイン【2m置き】,ようこそ？ クッパ城！,Use placement_stage_map_indices for StageMap availability and requirement_expr for local ability/capture needs. placement_scenario_no_values is the raw object ScenarioNo field.,casual,
SkyWorldHomeStage:1740:323,Bowser's Kingdom,SkyWorldHomeStage,Bowser's Kingdom,overworld,Poking Your Nose in the Plaster Wall,SkyWorldHomeStage:1740:323,1740,323,ShineFlag_None,SkyWorldHomeStage::place::new_place_3,,Tsukkun,WorldPeace_Bowsers,MoonRockActive_Bowsers,primary,unrated,,"captures=Locked behind Default Capture, Pokio | method_1(jump=Single Jump (258); cap_throw=Neutral Throw, Up Throw, Down Throw, Spin Throw; other=Capture)",true,ShineAddHeight,Common,-1,,0;1;10;11;12;13;14;2;3;4;5;6;7;8;9,-1,None,,-28000.000,7800.000,18550.000,SkyWorldHomeStageMap.szs,SkyWorldHomeStageMap.byml,15,21,-1,63,false,false,1;2;3;4;5;6,ステージスイッチ_ツックンの穴_ツックンの穴_ツックンの穴_ツックンの穴_ツックンの穴_ツックンの穴,ツンツン！ 白ぬりの壁,Use placement_stage_map_indices for StageMap availability and requirement_expr for local ability/capture needs. placement_scenario_no_values is the raw object ScenarioNo field.,casual,
SkyWorldHomeStage:1809:324,Bowser's Kingdom,SkyWorldHomeStage,Bowser's Kingdom,overworld,Stack Up Above the Wall,SkyWorldHomeStage:1809:324,1809,324,ShineFlag_None,SkyWorldHomeStage::place::new_place_8,,Kuribo,WorldPeace_Bowsers,MoonRockActive_Bowsers,primary,unrated,,"captures=Goomba | method_1(jump=No Jump Needed; cap_throw=Neutral Throw, Down Throw, Up Throw, Spin Throw; other=Capture)",true,Shine,G,-1,,0;1;2;3,-1,None,,-48800.000,500.000,43250.000,SkyWorldHomeStageMap.szs,SkyWorldHomeStageMap.byml,4,20,-1,15,false,false,1;2;3;4,ステージスイッチ_タワークリボースイッチ_タワークリボースイッチ_タワークリボースイッチ_タワークリボースイッチ,積み上がって 塀の上,Use placement_stage_map_indices for StageMap availability and requirement_expr for local ability/capture needs. placement_scenario_no_values is the raw object ScenarioNo field.,casual,
SkyWorldHomeStage:1921:325,Bowser's Kingdom,SkyWorldHomeStage,Bowser's Kingdom,overworld,Infiltrate Bowser's Castle!,SkyWorldHomeStage:1921:325,1921,325,ShineFlag_Story,SkyWorldHomeStage::checkpoint::obj1626,,(Tsukkun & NeutralThrow & Vault & Dive) | GroundPound | (Vault & WallJump & Tsukkun & NeutralThrow) | (WallJump & Dive & NeutralThrow & Tsukkun),WorldPeace_Bowsers,MoonRockActive_Bowsers,primary,unrated,,"captures=Pokio, Frog, Uproot, Gushen, Locked behind Default Capture | method_1(jump=Single Jump (258); cap_throw=Neutral Throw, Up Throw, Down Throw, Spin Throw; other=Capture, Ground Pound) | method_2(jump=Single Jump (258); cap_throw=Neutral Throw; other=Ground Pound) | method_3(jump=Cap Return Jump (400); cap_throw=Neutral Throw, Up Throw, Down Throw, Spin Throw; other=Ground Pound, Dive)",true,ShineAddHeight,G,-1,,0;1;2;3,0,None,,-22700.000,7407.639,17550.000,SkyWorldHomeStageMap.szs,SkyWorldHomeStageMap.byml,4,0,0,15,false,false,1;2;3;4,ステージスイッチ_全滅監視_全滅監視_全滅監視_全滅監視,潜入！ クッパ城,Use placement_stage_map_indices for StageMap availability and requirement_expr for local ability/capture needs. placement_scenario_no_values is the raw object ScenarioNo field.,advanced;casual;advanced;advanced,"1,2,3,4,5"
SkyWorldCastleZone:2138:326,Bowser's Kingdom,SkyWorldHomeStage,Bowser's Kingdom,overworld,Above the Poison Swamp,SkyWorldCastleZone:2138:326,2138,326,ShineFlag_None,SkyWorldHomeStage::place::new_place_6,,free,WorldPeace_Bowsers,MoonRockActive_Bowsers,primary,unrated,,"captures=Locked behind Default Capture, Pokio | method_1(jump=Long Jump; cap_throw=Neutral Throw, Up Throw, Down Throw, Spin Throw; other=Capture) | method_2(jump=Long Jump; cap_throw=Neutral Throw, Down Throw; other=Dive)",true,ShineAddHeight,H,-1,,1;2;3,-1,None,,2498.997,1401300.000,-18550.294,SkyWorldCastleZoneMap.szs,SkyWorldCastleZoneMap.byml,3,28,-1,14,false,false,2;3;4,シャイン【2m置き】,毒沼を 見下ろして,Use placement_stage_map_indices for StageMap availability and requirement_expr for local ability/capture needs. placement_scenario_no_values is the raw object ScenarioNo field.,casual,
SkyWorldCastleZone:2203:327,Bowser's Kingdom,SkyWorldHomeStage,Bowser's Kingdom,overworld,Sunken Treasure in the Moat,SkyWorldCastleZone:2203:327,2203,327,ShineFlag_None,SkyWorldCastleZone::checkpoint::obj1392,,free,WorldPeace_Bowsers,MoonRockActive_Bowsers,primary,unrated,,method_1(jump=Long Jump; cap_throw=No Cap Throw Needed; other=None),true,ShineAddHeight,G,-1,,0;1;2;3,-1,None,,16082.053,27050.000,-49185.355,SkyWorldCastleZoneMap.szs,SkyWorldCastleZoneMap.byml,4,6,-1,15,false,false,1;2;3;4,シャイン【2m置き】,お堀に沈む宝物,Use placement_stage_map_indices for StageMap availability and requirement_expr for local ability/capture needs. placement_scenario_no_values is the raw object ScenarioNo field.,casual,
SkyWorldCastleZone:2320:328,Bowser's Kingdom,SkyWorldHomeStage,Bowser's Kingdom,overworld,Poking Your Nose by the Great Gate,SkyWorldCastleZone:2320:328,2320,328,ShineFlag_None,SkyWorldCastleZone::checkpoint::obj1891,,Tsukkun,WorldPeace_Bowsers,MoonRockActive_Bowsers,primary,unrated,,"captures=Pokio | method_1(jump=Long Jump; cap_throw=Neutral Throw, Up Throw, Down Throw, Spin Throw; other=Capture)",true,ShineAddHeight,Common,-1,,0;1;10;11;12;13;14;2;3;4;5;6;7;8;9,-1,None,,30082.771,42226.625,-63115.363,SkyWorldCastleZoneMap.szs,SkyWorldCastleZoneMap.byml,15,25,-1,63,false,false,1;2;3;4;5;6,ステージスイッチ,ツンツン！ 大門の前,Use placement_stage_map_indices for StageMap availability and requirement_expr for local ability/capture needs. placement_scenario_no_values is the raw object ScenarioNo field.,casual,
SkyWorldCastleZone:3056:331,Bowser's Kingdom,SkyWorldHomeStage,Bowser's Kingdom,overworld,Found Behind Bars!,SkyWorldCastleZone:3056:331,3056,331,ShineFlag_None,SkyWorldCastleZone::checkpoint::obj1392,,ElectricWire,WorldPeace_Bowsers,MoonRockActive_Bowsers,primary,unrated,,"captures=Locked behind Default Capture | method_1(jump=Long Jump; cap_throw=Neutral Throw, Up Throw, Down Throw, Spin Throw; other=Capture)",true,ShineAddHeight,G,-1,,0;1;2;3,-1,None,,13041.493,30650.000,-45366.978,SkyWorldCastleZoneMap.szs,SkyWorldCastleZoneMap.byml,4,5,-1,15,false,false,1;2;3;4,シャイン【2m置き】,格子の中で みーつけた！,Use placement_stage_map_indices for StageMap availability and requirement_expr for local ability/capture needs. placement_scenario_no_values is the raw object ScenarioNo field.,casual,
SkyWorldCastleZone:3819:332,Bowser's Kingdom,SkyWorldHomeStage,Bowser's Kingdom,overworld,Showdown at Bowser's Castle,SkyWorldCastleZone:3819:332,3819,332,ShineFlag_Story | ShineFlag_Multi,SkyWorldHomeStage::place::new_place_11,,Tsukkun | (Vault & Dive & NeutralThrow & GroundPound) | KingdomAccess_Bowsers,WorldPeace_Bowsers,MoonRockActive_Bowsers,primary,unrated,,"captures=Pokio, Locked behind Default Capture | method_1(jump=Single Jump (258); cap_throw=Neutral Throw, Up Throw, Down Throw, Spin Throw; other=Ground Pound, Capture) | method_2(jump=Cap Return Jump (400); cap_throw=Neutral Throw, Up Throw, Down Throw, Spin Throw; other=Ground Pound, Dive)",false,,,,,,,,,-3101.110,1412300.000,-43850.683,ShineInfo.szs,ShineList_SkyWorldHomeStage.byml;ShinePosList.byml,0,3,3,1,true,false,1,ゴーレムクライム,決戦！ クッパ城,Use placement_stage_map_indices for StageMap availability and requirement_expr for local ability/capture needs. placement_scenario_no_values is the raw object ScenarioNo field.,casual;advanced;casual,"1,2,3,4,5;1,2,3,4,5;3,4,5,2"
SkyWorldWallZone:1179:333,Bowser's Kingdom,SkyWorldHomeStage,Bowser's Kingdom,overworld,Treasure Inside the Turret,SkyWorldWallZone:1179:333,1179,333,ShineFlag_None,SkyWorldWallZone::checkpoint::obj545,,free,WorldPeace_Bowsers,MoonRockActive_Bowsers,primary,unrated,,"captures=Locked behind Default Capture, Frog, Paragoomba, Glydon, Fire Bro, Coin Coffer, Uproot, Shiverian, Gushen, Hammer Bro, Pokio, Parabones, Yoshi, Goomba | method_1(jump=Single Jump (258); cap_throw=Neutral Throw, Up Throw) | method_2(jump=Long Jump; cap_throw=Neutral Throw) | method_3(jump=Long Jump; cap_throw=Neutral Throw, Up Throw, Down Throw, Spin Throw; other=Capture) | method_4(jump=Single Jump (258); cap_throw=Neutral Throw, Up Throw, Down Throw, Spin Throw; other=Ledge Grab) | method_5(jump=Cap Return Jump (400); cap_throw=Neutral Throw, Up Throw, Down Throw, Spin Throw)",false,ShineAddHeight,G,-1,,0;1;2;3,-1,None,,-43418.769,15400.000,-13697.088,SkyWorldWallZoneMap.szs;ShineInfo.szs,SkyWorldWallZoneMap.byml;ShineList_SkyWorldHomeStage.byml;ShinePosList.byml,0,17,-1,15,false,false,1;2;3;4,シャイン【2m置き】,やぐらの宝,Use placement_stage_map_indices for StageMap availability and requirement_expr for local ability/capture needs. placement_scenario_no_values is the raw object ScenarioNo field.,casual,
SkyWorldWallZone:1671:334,Bowser's Kingdom,SkyWorldHomeStage,Bowser's Kingdom,overworld,Smart Bombing,SkyWorldWallZone:1671:334,1671,334,ShineFlag_Story,SkyWorldWallZone::checkpoint::obj545,,Tsukkun | SingleJump,WorldPeace_Bowsers,MoonRockActive_Bowsers,primary,unrated,,"captures=Pokio, Frog, Uproot, Gushen, Locked behind Default Capture | method_1(jump=Single Jump (258); cap_throw=Neutral Throw, Up Throw, Down Throw, Spin Throw; other=Ground Pound, Capture) | method_2(jump=Single Jump (258); cap_throw=Neutral Throw; other=Ground Pound) | method_3(jump=Cap Return Jump (400); cap_throw=Neutral Throw, Up Throw, Down Throw, Spin Throw; other=Ground Pound, Dive)",false,,,,,,,,,-118004.199,23651.000,-21593.899,ShineInfo.szs,ShineList_SkyWorldHomeStage.byml;ShinePosList.byml,0,1,1,15,false,false,1;2;3;4,シャインチップ全取得監視者,攻略！ 花火バクダン,Use placement_stage_map_indices for StageMap availability and requirement_expr for local ability/capture needs. placement_scenario_no_values is the raw object ScenarioNo field.,casual;advanced,"1,2,3,4,5"
SkyWorldWallZone:1690:335,Bowser's Kingdom,SkyWorldHomeStage,Bowser's Kingdom,overworld,From the Side Above the Castle Gate,SkyWorldWallZone:1690:335,1690,335,ShineFlag_None,SkyWorldWallZone::checkpoint::obj545,,free,WorldPeace_Bowsers,MoonRockActive_Bowsers,primary,unrated,,"captures=Locked behind Default Capture | method_1(jump=Single Jump (258); cap_throw=Neutral Throw, Up Throw, Down Throw, Spin Throw; other=Capture)",false,ShineAddHeight,G,-1,,0;1;2;3,-1,None,,-36109.029,18100.000,-15157.931,SkyWorldWallZoneMap.szs;ShineInfo.szs,SkyWorldWallZoneMap.byml;ShineList_SkyWorldHomeStage.byml;ShinePosList.byml,0,9,-1,15,false,false,1;2;3;4,シャイン【2m置き】,わきから登って 城門の上,Use placement_stage_map_indices for StageMap availability and requirement_expr for local ability/capture needs. placement_scenario_no_values is the raw object ScenarioNo field.,casual,
SkyWorldWallZone:2165:337,Bowser's Kingdom,SkyWorldHomeStage,Bowser's Kingdom,overworld,Poking the Turret Wall,SkyWorldWallZone:2165:337,2165,337,ShineFlag_None,SkyWorldWallZone::checkpoint::obj545,,Tsukkun,WorldPeace_Bowsers,MoonRockActive_Bowsers,primary,unrated,,"captures=Locked behind Default Capture, Pokio | method_1(jump=Long Jump; cap_throw=Neutral Throw, Up Throw, Down Throw, Spin Throw; other=Capture)",false,ShineAddHeight,Common,-1,,0;1;10;11;12;13;14;2;3;4;5;6;7;8;9,-1,None,,-42751.430,16450.000,-11752.954,SkyWorldWallZoneMap.szs;ShineInfo.szs,SkyWorldWallZoneMap.byml;ShineList_SkyWorldHomeStage.byml;ShinePosList.byml,0,23,-1,63,false,false,1;2;3;4;5;6,ステージスイッチ,ツンツン！ やぐらの壁,Use placement_stage_map_indices for StageMap availability and requirement_expr for local ability/capture needs. placement_scenario_no_values is the raw object ScenarioNo field.,casual,
SkyWorldHomeStage:2569:338,Bowser's Kingdom,SkyWorldHomeStage,Bowser's Kingdom,overworld,Peach in Bowser's Kingdom,SkyWorldHomeStage:2569:338,2569,338,ShineFlag_None,SkyWorldHomeStage::checkpoint::obj2028,,KingdomAccess_Mushroom,WorldPeace_Bowsers,MoonRockActive_Bowsers,primary,unrated,,"captures=Locked behind Default Capture | method_1(jump=Long Jump; cap_throw=Neutral Throw, Up Throw, Down Throw, Spin Throw; other=Capture)",false,,,,,,,,,-29564.600,21770.000,-31064.600,ShineInfo.szs,ShineList_SkyWorldHomeStage.byml;ShinePosList.byml,0,38,-1,12,false,false,3;4,世界旅行ピーチ,クッパの国で ピーチ姫,Use placement_stage_map_indices for StageMap availability and requirement_expr for local ability/capture needs. placement_scenario_no_values is the raw object ScenarioNo field.,casual,
SkyWorldCastleZone:649:339,Bowser's Kingdom,SkyWorldHomeStage,Bowser's Kingdom,overworld,On the Giant Bowser Statue's Nose,SkyWorldCastleZone:649:339,649,339,ShineFlag_None,SkyWorldCastleZone::checkpoint::obj1891,,(GroundPound & ElectricWire),WorldPeace_Bowsers,MoonRockActive_Bowsers,primary,unrated,,"captures=Locked behind Default Capture | method_1(jump=Long Jump; cap_throw=Neutral Throw, Up Throw, Down Throw, Spin Throw; other=Ground Pound, Capture)",false,,,,,,,,,97701.010,79443.301,-71957.598,ShineInfo.szs,ShineList_SkyWorldHomeStage.byml;ShinePosList.byml,0,11,-1,63,false,false,1;2;3;4;5;6,ここ掘れポイント,巨大クッパ像の鼻先で,Use placement_stage_map_indices for StageMap availability and requirement_expr for local ability/capture needs. placement_scenario_no_values is the raw object ScenarioNo field.,casual,
SkyWorldCastleZone:3362:340,Bowser's Kingdom,SkyWorldHomeStage,Bowser's Kingdom,overworld,Past the Moving Wall,SkyWorldCastleZone:3362:340,3362,340,ShineFlag_None,SkyWorldCastleZone::checkpoint::obj1891,,Tsukkun | NeutralThrow,WorldPeace_Bowsers,MoonRockActive_Bowsers,primary,unrated,,"captures=Pokio | method_1(jump=Long Jump; cap_throw=Neutral Throw, Down Throw; other=None) | method_2(jump=Single Jump (258); cap_throw=Neutral Throw, Up Throw, Down Throw, Spin Throw; other=Homing Cap, Rainbow Spin) | method_3(jump=Long Jump; cap_throw=Neutral Throw, Up Throw, Down Throw, Spin Throw; other=Capture) | method_4(jump=Long Jump; cap_throw=Neutral Throw, Up Throw, Down Throw, Spin Throw; other=Dive)",true,Shine,H,-1,,1;2;3,-1,None,,131770.859,93800.000,-49260.685,SkyWorldCastleZoneMap.szs,SkyWorldCastleZoneMap.byml,3,29,-1,14,false,false,2;3;4,シャイン,流れる壁の先,Use placement_stage_map_indices for StageMap availability and requirement_expr for local ability/capture needs. placement_scenario_no_values is the raw object ScenarioNo field.,casual;advanced,
SkyWorldCastleZone:4118:343,Bowser's Kingdom,SkyWorldHomeStage,Bowser's Kingdom,overworld,Caught Hopping at Bowser's Castle!,SkyWorldCastleZone:4118:343,4118,343,ShineFlag_None,SkyWorldCastleZone::checkpoint::obj6423,,free,WorldPeace_Bowsers,MoonRockActive_Bowsers,primary,unrated,,"captures=Locked behind Default Capture | method_1(jump=Long Jump; cap_throw=Neutral Throw, Up Throw, Down Throw, Spin Throw; other=Capture)",false,,,,,,,,,101001.079,83136.301,-71607.580,ShineInfo.szs,ShineList_SkyWorldHomeStage.byml;ShinePosList.byml,0,30,-1,14,false,false,2;3;4,ウサギ,クッパ城で つかまえたピョン！,Use placement_stage_map_indices for StageMap availability and requirement_expr for local ability/capture needs. placement_scenario_no_values is the raw object ScenarioNo field.,casual,
SkyWorldHomeStage:1380:345,Bowser's Kingdom,SkyWorldHomeStage,Bowser's Kingdom,overworld,Caught on the Iron Fence,SkyWorldHomeStage:1380:345,1380,345,ShineFlag_None,SkyWorldHomeStage::start,,free,WorldPeace_Bowsers,MoonRockActive_Bowsers,primary,unrated,,"method_1(jump=Long Jump; cap_throw=Neutral Throw, Up Throw, Down Throw, Spin Throw; other=None)",false,,,,,,,,,-47142.000,235.000,52525.000,ShineInfo.szs,ShineList_SkyWorldHomeStage.byml;ShinePosList.byml,0,16,-1,63,false,false,1;2;3;4;5;6,帽子ひっかけポイント,鉄のサクに ひっかけて,Use placement_stage_map_indices for StageMap availability and requirement_expr for local ability/capture needs. placement_scenario_no_values is the raw object ScenarioNo field.,casual,
SkyWorldHomeStage:1387:348,Bowser's Kingdom,SkyWorldHomeStage,Bowser's Kingdom,overworld,Third Courtyard Outskirts,SkyWorldHomeStage:1387:348,1387,348,ShineFlag_Extra,SkyWorldHomeStage::checkpoint::obj1626,,ElectricWire,WorldPeace_Bowsers,MoonRockActive_Bowsers,primary,unrated,,"captures=Locked behind Default Capture | method_1(jump=Single Jump (258); cap_throw=Neutral Throw, Up Throw, Down Throw, Spin Throw; other=Capture)",true,ShineAddByRock,B,-1,,3,-1,None,,-35350.000,10650.000,25200.000,SkyWorldHomeStageMap.szs,SkyWorldHomeStageMap.byml,1,57,-1,8,false,true,4,シャイン【月の石追加版】,三の丸の はざま,Use placement_stage_map_indices for StageMap availability and requirement_expr for local ability/capture needs. placement_scenario_no_values is the raw object ScenarioNo field.,casual,
SkyWorldHomeStage:1388:349,Bowser's Kingdom,SkyWorldHomeStage,Bowser's Kingdom,overworld,Invader in Bowser's Castle,SkyWorldHomeStage:1388:349,1388,349,ShineFlag_Extra,SkyWorldCastleZone::checkpoint::obj1888,,Kuribo | Vault | Dive | TripleJump | (Vault & Dive) | KingdomAccess_Bowsers,WorldPeace_Bowsers,MoonRockActive_Bowsers,primary,unrated,,"captures=Pokio, Goomba | method_1(jump=Long Jump; cap_throw=Neutral Throw, Up Throw, Down Throw, Spin Throw; other=Capture) | method_2(jump=Single Jump (258); cap_throw=Neutral Throw, Up Throw; other=Dive)",false,,,,,,,,,9300.000,28998.400,-38100.000,ShineInfo.szs,ShineList_SkyWorldHomeStage.byml;ShinePosList.byml,0,52,-1,8,false,true,4,ジョークー,クッパ城の やっかい者,Use placement_stage_map_indices for StageMap availability and requirement_expr for local ability/capture needs. placement_scenario_no_values is the raw object ScenarioNo field.,casual;expert;expert;expert;advanced;expert,
SkyWorldHomeStage:1389:350,Bowser's Kingdom,SkyWorldHomeStage,Bowser's Kingdom,overworld,"Behind the Tall Wall: Poke, Poke!",SkyWorldHomeStage:1389:350,1389,350,ShineFlag_Extra,SkyWorldHomeStage::place::new_place_3,,Tsukkun,WorldPeace_Bowsers,MoonRockActive_Bowsers,primary,unrated,,"captures=Locked behind Default Capture, Pokio | method_1(jump=Single Jump (258); cap_throw=Neutral Throw, Up Throw, Down Throw, Spin Throw; other=Capture)",true,ShineAddByRock,B,-1,,3,-1,None,,-19400.000,8950.000,16100.000,SkyWorldHomeStageMap.szs,SkyWorldHomeStageMap.byml,1,44,-1,8,false,true,4,ステージスイッチ_ツックンの穴,ツンツン！ 高い塀の裏,Use placement_stage_map_indices for StageMap availability and requirement_expr for local ability/capture needs. placement_scenario_no_values is the raw object ScenarioNo field.,casual,
SkyWorldHomeStage:1390:351,Bowser's Kingdom,SkyWorldHomeStage,Bowser's Kingdom,overworld,Taking Notes: On the Wall,SkyWorldHomeStage:1390:351,1390,351,ShineFlag_Extra,SkyWorldHomeStage::place::new_place_3,,Tsukkun | DownThrow,WorldPeace_Bowsers,MoonRockActive_Bowsers,primary,unrated,,"captures=Locked behind Default Capture, Pokio | method_1(jump=Single Jump (258); cap_throw=Neutral Throw, Up Throw, Down Throw, Spin Throw; other=Capture)",false,,,,,,,,,-26000.000,8050.000,18200.000,ShineInfo.szs,ShineList_SkyWorldHomeStage.byml;ShinePosList.byml,0,53,-1,8,false,true,4,音符オブジェ(1つ目),壁をつついて 音符集め,Use placement_stage_map_indices for StageMap availability and requirement_expr for local ability/capture needs. placement_scenario_no_values is the raw object ScenarioNo field.,casual;advanced,
SkyWorldHomeStage:1394:355,Bowser's Kingdom,SkyWorldHomeStage,Bowser's Kingdom,overworld,Jumping from Flag to Flag,SkyWorldHomeStage:1394:355,1394,355,ShineFlag_Extra,SkyWorldCastleZone::checkpoint::obj1888,,Climb,WorldPeace_Bowsers,MoonRockActive_Bowsers,primary,unrated,,method_1(jump=Long Jump; cap_throw=No Cap Throw Needed; other=Climb),false,,,,,,,,,565.686,28550.000,-30617.699,ShineInfo.szs,ShineList_SkyWorldHomeStage.byml;ShinePosList.byml,0,49,-1,8,false,true,4,鍵付き宝箱,旗から旗へ とびついて,Use placement_stage_map_indices for StageMap availability and requirement_expr for local ability/capture needs. placement_scenario_no_values is the raw object ScenarioNo field.,casual,
SkyWorldHomeStage:1395:356,Bowser's Kingdom,SkyWorldHomeStage,Bowser's Kingdom,overworld,Inside a Block at the Gate,SkyWorldHomeStage:1395:356,1395,356,ShineFlag_Extra,SkyWorldHomeStage::place::new_place_10,,Tsukkun | KingdomAccess_Bowsers | LedgeGrab,WorldPeace_Bowsers,MoonRockActive_Bowsers,primary,unrated,,"captures=Pokio | method_1(jump=Long Jump; cap_throw=Neutral Throw, Up Throw, Down Throw, Spin Throw; other=Capture)",false,,,,,,,,,12246.000,28900.000,-45241.801,ShineInfo.szs,ShineList_SkyWorldHomeStage.byml;ShinePosList.byml,0,46,-1,8,false,true,4,空のワールド壊れパーツ000,門の かたいブロックの中,Use placement_stage_map_indices for StageMap availability and requirement_expr for local ability/capture needs. placement_scenario_no_values is the raw object ScenarioNo field.,casual;expert;advanced,
SkyWorldShopStage:36:360,Bowser's Kingdom,SkyWorldShopStage,Crazy Cap Store,subarea,Shopping at Bowser's Castle,SkyWorldShopStage:36:360,36,360,ShineFlag_None,SkyWorldShopStage::entrance::shop::sub_near,,free,WorldPeace_Bowsers,MoonRockActive_Bowsers,primary,unrated,,method_1(jump=No Jump Needed; cap_throw=No Cap Throw Needed; other=None),false,,,,,,,,,-29150.000,21900.000,-32200.000,ShineInfo.szs,ShineList_SkyWorldHomeStage.byml;ShinePosList.byml,0,15,-1,63,false,false,1;2;3;4;5;6,ショップ店員,クッパ城で お買い物,Use placement_stage_map_indices for StageMap availability and requirement_expr for local ability/capture needs. placement_scenario_no_values is the raw object ScenarioNo field.,casual,
SkyWorldTreasureStage:95:999,Bowser's Kingdom,SkyWorldTreasureStage,Bowser's Kingdom Treasure Vault,subarea,Bowser's Castle Treasure Vault,SkyWorldTreasureStage:95:999,95,999,ShineFlag_None,SkyWorldTreasureStage::entrance::shop_dress::sub_near,,free,WorldPeace_Bowsers,MoonRockActive_Bowsers,primary,unrated,,"method_1(jump=Long Jump; cap_throw=Neutral Throw, Up Throw, Down Throw, Spin Throw; other=None)",false,,,,,,,,,,,,,,0,32,,,,,2;3;4;5;6,,,Use placement_stage_map_indices for StageMap availability and requirement_expr for local ability/capture needs. placement_scenario_no_values is the raw object ScenarioNo field.,casual,
JizoSwitchExStage:218:363,Bowser's Kingdom,JizoSwitchExStage,Jizo's Great Adventure,subarea,Jizo's Big Adventure,JizoSwitchExStage:218:363,218,363,ShineFlag_None,JizoSwitchExStage::entrance::jizo02::sub_far,,free,WorldPeace_Bowsers,MoonRockActive_Bowsers,primary,unrated,,"captures=Locked behind Default Capture | method_1(jump=Double Jump (312); cap_throw=Neutral Throw; other=Dive, Capture) | method_2(jump=Long Jump; cap_throw=Neutral Throw, Up Throw, Down Throw, Spin Throw; other=Wall Jump, Capture) | method_3(jump=Backflip/Vault/Side Flip (496); cap_throw=Neutral Throw; other=Ledge Grab, Capture)",false,ShineAddHeight,Common,-1,,0;1;10;11;12;13;14;2;3;4;5;6;7;8;9,-1,None,,1900.000,2800.000,-2600.000,JizoSwitchExStageMap.szs;ShineInfo.szs,JizoSwitchExStageMap.byml;ShineList_SkyWorldHomeStage.byml;ShinePosList.byml,0,33,-1,62,false,false,2;3;4;5;6,シャイン【2m置き】,お地蔵さんの大冒険,Use placement_stage_map_indices for StageMap availability and requirement_expr for local ability/capture needs. placement_scenario_no_values is the raw object ScenarioNo field.,casual,
JizoSwitchExStage:543:364,Bowser's Kingdom,JizoSwitchExStage,Jizo's Great Adventure,subarea,Jizo and the Hidden Room,JizoSwitchExStage:543:364,543,364,ShineFlag_None,JizoSwitchExStage::entrance::jizo01::sub_near,,(Statue & WallJump) | (Statue & Vault & LedgeGrab & NeutralThrow) | (Statue & Vault & Dive & NeutralThrow) | (Statue & Vault & Dive & UpThrow) | (Statue & Vault & LedgeGrab & UpThrow),WorldPeace_Bowsers,MoonRockActive_Bowsers,primary,unrated,,"captures=Locked behind Default Capture | method_1(jump=Double Jump (312); cap_throw=Neutral Throw; other=Dive, Capture) | method_2(jump=Long Jump; cap_throw=Neutral Throw, Up Throw, Down Throw, Spin Throw; other=Wall Jump, Capture) | method_3(jump=Backflip/Vault/Side Flip (496); cap_throw=Neutral Throw; other=Ledge Grab, Capture)",false,Shine,Common,-1,,0;1;10;11;12;13;14;2;3;4;5;6;7;8;9,-1,None,,1900.000,2100.000,-2200.000,JizoSwitchExStageMap.szs;ShineInfo.szs,JizoSwitchExStageMap.byml;ShineList_SkyWorldHomeStage.byml;ShinePosList.byml,0,37,-1,62,false,false,2;3;4;5;6,ステージスイッチ_重しスイッチ,お地蔵さんと かくし穴,Use placement_stage_map_indices for StageMap availability and requirement_expr for local ability/capture needs. placement_scenario_no_values is the raw object ScenarioNo field.,casual;advanced;advanced;advanced;advanced,
SkyWorldCloudBonusExStage:1581:365,Bowser's Kingdom,SkyWorldCloudBonusExStage,Dashing Above the Clouds,subarea,Dashing Above the Clouds,SkyWorldCloudBonusExStage:1581:365,1581,365,ShineFlag_None,SkyWorldCloudBonusExStage::entrance::sora001::sub_near,,free,WorldPeace_Bowsers,MoonRockActive_Bowsers,primary,unrated,,"method_1(jump=Single Jump (258); cap_throw=Neutral Throw, Up Throw, Down Throw, Spin Throw)",false,Shine,Common,-1,,0;1;10;11;12;13;14;2;3;4;5;6;7;8;9,-1,None,,0.000,-13750.000,-39900.000,SkyWorldCloudBonusExStageMap.szs;ShineInfo.szs,SkyWorldCloudBonusExStageMap.byml;ShineList_SkyWorldHomeStage.byml;ShinePosList.byml,0,18,-1,15,false,false,1;2;3;4,シャイン,ダッシュ！ ダッシュ！ 雲の上,Use placement_stage_map_indices for StageMap availability and requirement_expr for local ability/capture needs. placement_scenario_no_values is the raw object ScenarioNo field.,casual,
SkyWorldCloudBonusExStage:2288:366,Bowser's Kingdom,SkyWorldCloudBonusExStage,Dashing Above the Clouds,subarea,Dashing Through the Clouds,SkyWorldCloudBonusExStage:2288:366,2288,366,ShineFlag_None,SkyWorldCloudBonusExStage::entrance::sora001::sub_near,,free,WorldPeace_Bowsers,MoonRockActive_Bowsers,primary,unrated,,"method_1(jump=Single Jump (258); cap_throw=Neutral Throw, Up Throw, Down Throw, Spin Throw; other=None)",false,Shine,Common,-1,,0;1;10;11;12;13;14;2;3;4;5;6;7;8;9,-1,None,,-1150.000,-7150.000,-25150.000,SkyWorldCloudBonusExStageMap.szs;ShineInfo.szs,SkyWorldCloudBonusExStageMap.byml;ShineList_SkyWorldHomeStage.byml;ShinePosList.byml,0,26,-1,15,false,false,1;2;3;4,シャイン,ダッシュ！ 雲の細道,Use placement_stage_map_indices for StageMap availability and requirement_expr for local ability/capture needs. placement_scenario_no_values is the raw object ScenarioNo field.,casual,
TsukkunRotateExStage:149:367,Bowser's Kingdom,TsukkunRotateExStage,Spinning Tower,subarea,Down and Up the Spinning Tower,TsukkunRotateExStage:149:367,149,367,ShineFlag_None,TsukkunRotateExStage::entrance::tukkun000_enter::sub_near,,Tsukkun,WorldPeace_Bowsers,MoonRockActive_Bowsers,primary,unrated,,"captures=Pokio | method_1(jump=No Jump Needed; cap_throw=Neutral Throw, Up Throw, Down Throw, Spin Throw; other=Capture)",false,,,,,,,,,20974.100,39950.000,-60370.602,ShineInfo.szs,ShineList_SkyWorldHomeStage.byml;ShinePosList.byml,0,36,-1,62,false,false,2;3;4;5;6,鍵付き宝箱,回転やぐらを 降りて 登って,Use placement_stage_map_indices for StageMap availability and requirement_expr for local ability/capture needs. placement_scenario_no_values is the raw object ScenarioNo field.,casual,
TsukkunRotateExStage:76:368,Bowser's Kingdom,TsukkunRotateExStage,Spinning Tower,subarea,On Top of the Spinning Tower,TsukkunRotateExStage:76:368,76,368,ShineFlag_None,TsukkunRotateExStage::entrance::tukkun000_exit::sub_far,,free,WorldPeace_Bowsers,MoonRockActive_Bowsers,primary,unrated,,"captures=Pokio | method_1(jump=No Jump Needed; cap_throw=Neutral Throw, Up Throw, Down Throw, Spin Throw; other=Capture)",false,ShineAddHeight,Common,-1,,0;1;10;11;12;13;14;2;3;4;5;6;7;8;9,-1,None,,0.000,5650.000,-50.000,TsukkunRotateExStageMap.szs;ShineInfo.szs,TsukkunRotateExStageMap.byml;ShineList_SkyWorldHomeStage.byml;ShinePosList.byml,0,34,-1,62,false,false,2;3;4;5;6,シャイン【2m置き】,回転やぐらの 屋根の上,Use placement_stage_map_indices for StageMap availability and requirement_expr for local ability/capture needs. placement_scenario_no_values is the raw object ScenarioNo field.,casual,
TsukkunClimbExStage:19:369,Bowser's Kingdom,TsukkunClimbExStage,Wooden Tower,subarea,Poke the Wooden Tower,TsukkunClimbExStage:19:369,19,369,ShineFlag_Extra,TsukkunClimbExStage::entrance::tukkun001_enter::sub_near,,free,WorldPeace_Bowsers,MoonRockActive_Bowsers,primary,unrated,,"captures=Pokio | method_1(jump=No Jump Needed; cap_throw=Neutral Throw, Up Throw, Down Throw, Spin Throw; other=Capture)",false,,,,,,,,,32906.199,32609.699,-35101.898,ShineInfo.szs,ShineList_SkyWorldHomeStage.byml;ShinePosList.byml,0,59,-1,8,false,true,4,木箱,突いて！ 木組みの塔,Use placement_stage_map_indices for StageMap availability and requirement_expr for local ability/capture needs. placement_scenario_no_values is the raw object ScenarioNo field.,casual,
TsukkunClimbExStage:76:370,Bowser's Kingdom,TsukkunClimbExStage,Wooden Tower,subarea,Climb the Wooden Tower,TsukkunClimbExStage:76:370,76,370,ShineFlag_Extra,TsukkunClimbExStage::entrance::tukkun001_exit::sub_far,,free,WorldPeace_Bowsers,MoonRockActive_Bowsers,primary,unrated,,"captures=Pokio | method_1(jump=No Jump Needed; cap_throw=Neutral Throw, Up Throw, Down Throw, Spin Throw; other=Capture)",false,ShineAddHeight,Common,-1,,0;1;10;11;12;13;14;2;3;4;5;6;7;8;9,-1,None,,-1900.000,8750.000,-1600.000,TsukkunClimbExStageMap.szs;ShineInfo.szs,TsukkunClimbExStageMap.byml;ShineList_SkyWorldHomeStage.byml;ShinePosList.byml,0,55,-1,8,false,true,4,シャイン【2m置き】,登って！ 木組みの塔,Use placement_stage_map_indices for StageMap availability and requirement_expr for local ability/capture needs. placement_scenario_no_values is the raw object ScenarioNo field.,casual,
SkyWorldCastleZone:4857:690,Bowser's Kingdom,SkyWorldHomeStage,Bowser's Kingdom,overworld,Fishing(?) in Bowser's Castle,SkyWorldCastleZone:4857:690,4857,690,ShineFlag_None,SkyWorldCastleZone::checkpoint::obj1891,,JugemFishing,WorldPeace_Bowsers,MoonRockActive_Bowsers,primary,unrated,,"captures=Locked behind Default Capture | method_1(jump=Long Jump; cap_throw=Neutral Throw, Up Throw, Down Throw, Spin Throw; other=Capture)",true,FishingFish,H,,,1;2;3,,,,22375.304,41800.000,-60216.224,SkyWorldCastleZoneMap.szs,SkyWorldCastleZoneMap.byml,3,35,-1,14,false,false,2;3;4,魚影,クッパ城で フィッシング？,Use placement_stage_map_indices for StageMap availability and requirement_expr for local ability/capture needs. placement_scenario_no_values is the raw object ScenarioNo field.,casual,
SkyWorldCastleZone:5201:691,Bowser's Kingdom,SkyWorldHomeStage,Bowser's Kingdom,overworld,Bowser's Kingdom Time Challenge 1,SkyWorldCastleZone:5201:691,5201,691,ShineFlag_None,SkyWorldCastleZone::checkpoint::obj6423,,free,WorldPeace_Bowsers,MoonRockActive_Bowsers,primary,unrated,,,false,,,,,,,,,119101.035,82900.000,-71957.593,ShineInfo.szs,ShineList_SkyWorldHomeStage.byml;ShinePosList.byml,0,31,-1,14,false,false,2;3;4,帽子掛け（タイマー）,クッパの国で チクタク・アスレチック １,Use placement_stage_map_indices for StageMap availability and requirement_expr for local ability/capture needs. placement_scenario_no_values is the raw object ScenarioNo field.,casual,
KaronWingTowerStage:1186:801,Bowser's Kingdom,KaronWingTowerStage,Hexagon Tower,subarea,Searching Hexagon Tower,KaronWingTowerStage:1186:801,1186,801,ShineFlag_Extra,KaronWingTowerStage::entrance::Patakaron02::sub_near,,KaronWing | WallJump | (Vault & Dive),WorldPeace_Bowsers,MoonRockActive_Bowsers,primary,unrated,,"captures=Paragoomba, Parabones | method_1(jump=No Jump Needed; cap_throw=Neutral Throw, Up Throw, Down Throw, Spin Throw; other=Capture)",false,,,,,,,,,6118.920,32609.699,-61877.898,ShineInfo.szs,ShineList_SkyWorldHomeStage.byml;ShinePosList.byml,0,56,-1,8,false,true,4,シャインチップ全取得監視者,とんで 探して ロッカク楼,Use placement_stage_map_indices for StageMap availability and requirement_expr for local ability/capture needs. placement_scenario_no_values is the raw object ScenarioNo field.,casual;advanced;advanced,
KaronWingTowerStage:1190:802,Bowser's Kingdom,KaronWingTowerStage,Hexagon Tower,subarea,Center of Hexagon Tower,KaronWingTowerStage:1190:802,1190,802,ShineFlag_Extra,KaronWingTowerStage::entrance::Patakaron02::sub_near,,KaronWing,WorldPeace_Bowsers,MoonRockActive_Bowsers,primary,unrated,,"captures=Paragoomba, Parabones | method_1(jump=No Jump Needed; cap_throw=Neutral Throw, Up Throw, Down Throw, Spin Throw; other=Capture)",false,,,,,,,,,6118.920,32609.699,-61877.898,ShineInfo.szs,ShineList_SkyWorldHomeStage.byml;ShinePosList.byml,0,60,-1,8,false,true,4,鍵付き宝箱,ロッカク楼の ど真ん中,Use placement_stage_map_indices for StageMap availability and requirement_expr for local ability/capture needs. placement_scenario_no_values is the raw object ScenarioNo field.,casual,
SkyWorldHomeStage:2720:859,Bowser's Kingdom,SkyWorldHomeStage,Bowser's Kingdom,overworld,Bowser's Kingdom Regular Cup,SkyWorldHomeStage:2720:859,2720,859,ShineFlag_None,SkyWorldCastleZone::checkpoint::obj1891,,ElectricWire,WorldPeace_Bowsers,MoonRockActive_Bowsers,primary,unrated,,"captures=Locked behind Default Capture | method_1(jump=Single Jump (258); cap_throw=Neutral Throw, Up Throw, Down Throw, Spin Throw; other=Capture)",false,,,,,,,,,29370.699,42331.602,-59920.699,ShineInfo.szs,ShineList_SkyWorldHomeStage.byml;ShinePosList.byml,0,39,-1,12,false,false,3;4,駆けっこ開始Npc,クッパの国 レギュラーカップ,Use placement_stage_map_indices for StageMap availability and requirement_expr for local ability/capture needs. placement_scenario_no_values is the raw object ScenarioNo field.,casual,"1,2,3,4,5"
SkyWorldHomeStage:2826:896,Bowser's Kingdom,SkyWorldHomeStage,Bowser's Kingdom,overworld,Bowser's Kingdom Master Cup,SkyWorldHomeStage:2826:896,2826,896,ShineFlag_Extra,SkyWorldCastleZone::checkpoint::obj1891,,ElectricWire | (ElectricWire & Roll) | (ElectricWire & LongJump) | (ElectricWire & Dive) | (ElectricWire & TripleJump),WorldPeace_Bowsers,MoonRockActive_Bowsers,primary,unrated,,"captures=Locked behind Default Capture | method_1(jump=Long Jump; cap_throw=Neutral Throw, Up Throw, Down Throw, Spin Throw; other=Roll, Capture) | method_2(jump=Long Jump; cap_throw=Neutral Throw, Up Throw, Down Throw, Spin Throw; other=Dive, Capture)",false,,,,,,,,,29370.699,42331.602,-59920.699,ShineInfo.szs,ShineList_SkyWorldHomeStage.byml;ShinePosList.byml,0,58,-1,8,false,true,4,駆けっこ開始Npc,クッパの国 マスターカップ,Use placement_stage_map_indices for StageMap availability and requirement_expr for local ability/capture needs. placement_scenario_no_values is the raw object ScenarioNo field.,advanced;casual;casual;casual;casual,
SkyWorldCastleZone:6825:941,Bowser's Kingdom,SkyWorldHomeStage,Bowser's Kingdom,overworld,I Met a Pokio!,SkyWorldCastleZone:6825:941,6825,941,ShineFlag_None,SkyWorldCastleZone::checkpoint::obj1392,,Tsukkun,WorldPeace_Bowsers,MoonRockActive_Bowsers,primary,unrated,,"captures=Pokio | method_1(jump=Long Jump; cap_throw=Neutral Throw, Up Throw, Down Throw, Spin Throw; other=Capture)",false,,,,,,,,,61651.069,58807.699,-59157.617,ShineInfo.szs,ShineList_SkyWorldHomeStage.byml;ShinePosList.byml,0,42,-1,28,false,false,3;4;5,帽子の民,ツックンに 出会った！,Use placement_stage_map_indices for StageMap availability and requirement_expr for local ability/capture needs. placement_scenario_no_values is the raw object ScenarioNo field.,casual,
SkyWorldCastleZone:6841:963,Bowser's Kingdom,SkyWorldHomeStage,Bowser's Kingdom,overworld,Bowser's Kingdom Timer Challenge 2,SkyWorldCastleZone:6841:963,6841,963,ShineFlag_Extra,SkyWorldCastleZone::checkpoint::obj1891,,free,WorldPeace_Bowsers,MoonRockActive_Bowsers,primary,unrated,,"method_1(jump=Long Jump; cap_throw=Neutral Throw, Up Throw, Down Throw, Spin Throw; other=None)",false,,,,,,,,,74201.086,62200.000,-68957.550,ShineInfo.szs,ShineList_SkyWorldHomeStage.byml;ShinePosList.byml,0,51,-1,8,false,true,4,鍵付き宝箱,クッパの国で チクタク・アスレチック ２,Use placement_stage_map_indices for StageMap availability and requirement_expr for local ability/capture needs. placement_scenario_no_values is the raw object ScenarioNo field.,casual,
SkyWorldCostumeStage:2573:987,Bowser's Kingdom,SkyWorldCostumeStage,Scene in the Folding Screen,subarea,Scene of Crossing the Poison Swamp,SkyWorldCostumeStage:2573:987,2573,987,ShineFlag_None,SkyWorldCostumeStage::entrance::byoubu::sub_near,,free,WorldPeace_Bowsers,MoonRockActive_Bowsers,primary,unrated,,method_1(jump=Long Jump; cap_throw=No Cap Throw Needed; other=None),false,ShineDot,Common,,,0;1;10;11;12;13;14;2;3;4;5;6;7;8;9,,CostumeShine,,-126950.000,300.000,-13850.000,SkyWorldCostumeStageMap.szs;ShineInfo.szs,SkyWorldCostumeStageMap.byml;ShineList_SkyWorldHomeStage.byml;ShinePosList.byml,0,19,-1,63,false,false,1;2;3;4;5;6,シャインドット_2D,毒沼渡りの図,Use placement_stage_map_indices for StageMap availability and requirement_expr for local ability/capture needs. placement_scenario_no_values is the raw object ScenarioNo field.,casual,
SkyWorldCostumeStage:2659:988,Bowser's Kingdom,SkyWorldCostumeStage,Scene in the Folding Screen,subarea,Taking Notes: In the Folding Screen,SkyWorldCostumeStage:2659:988,2659,988,ShineFlag_None,SkyWorldCostumeStage::entrance::byoubu::sub_near,,free,WorldPeace_Bowsers,MoonRockActive_Bowsers,primary,unrated,,method_1(jump=Long Jump; cap_throw=No Cap Throw Needed; other=None),false,ShineDot,Common,,,0;1;10;11;12;13;14;2;3;4;5;6;7;8;9,,CostumeShine,,-101950.000,650.000,-13750.000,SkyWorldCostumeStageMap.szs;ShineInfo.szs,SkyWorldCostumeStageMap.byml;ShineList_SkyWorldHomeStage.byml;ShinePosList.byml,0,27,-1,63,false,false,1;2;3;4;5;6,ステージスイッチ_2D_音符オブジェディレクタ,ビョウブの中で 音符集め,Use placement_stage_map_indices for StageMap availability and requirement_expr for local ability/capture needs. placement_scenario_no_values is the raw object ScenarioNo field.,casual,
SkyWorldHomeStage:3285:1014,Bowser's Kingdom,SkyWorldHomeStage,Bowser's Kingdom,overworld,Small Bird in Bowser's Castle,SkyWorldHomeStage:3285:1014,3285,1014,ShineFlag_Extra,SkyWorldHomeStage::place::new_place_7,,free,WorldPeace_Bowsers,MoonRockActive_Bowsers,primary,unrated,,"captures=Locked behind Default Capture, Goomba | method_1(jump=Single Jump (258); cap_throw=Neutral Throw) | method_2(jump=Backflip/Vault/Side Flip (496); cap_throw=Neutral Throw, Up Throw, Down Throw, Spin Throw) | method_3(jump=Single Jump (258); cap_throw=Neutral Throw, Up Throw, Down Throw, Spin Throw; other=Capture)",true,BirdSky,B,,,3,,,,-54900.000,1045.000,46800.000,SkyWorldHomeStageMap.szs,SkyWorldHomeStageMap.byml,1,47,-1,8,false,true,4,空の鳥,クッパ城の小鳥,Use placement_stage_map_indices for StageMap availability and requirement_expr for local ability/capture needs. placement_scenario_no_values is the raw object ScenarioNo field.,casual,
SkyWorldHomeStage:3316:1016,Bowser's Kingdom,SkyWorldHomeStage,Bowser's Kingdom,overworld,Caught on the Giant Horn,SkyWorldHomeStage:3316:1016,3316,1016,ShineFlag_Extra,SkyWorldCastleZone::checkpoint::obj6423,,free,WorldPeace_Bowsers,MoonRockActive_Bowsers,primary,unrated,,"captures=Locked behind Default Capture | method_1(jump=Long Jump; cap_throw=Neutral Throw, Up Throw, Down Throw, Spin Throw; other=Capture)",false,,,,,,,,,39979.898,56385.500,-75777.703,ShineInfo.szs,ShineList_SkyWorldHomeStage.byml;ShinePosList.byml,0,48,-1,8,false,true,4,帽子ひっかけポイント,大きなツノに ひっかけて,Use placement_stage_map_indices for StageMap availability and requirement_expr for local ability/capture needs. placement_scenario_no_values is the raw object ScenarioNo field.,casual,
SkyWorldCastleZone:7276:1032,Bowser's Kingdom,SkyWorldHomeStage,Bowser's Kingdom,overworld,From Crates in the Moat,SkyWorldCastleZone:7276:1032,7276,1032,ShineFlag_Extra,SkyWorldCastleZone::checkpoint::obj1392,,free,WorldPeace_Bowsers,MoonRockActive_Bowsers,primary,unrated,,"method_1(jump=Long Jump; cap_throw=Neutral Throw, Up Throw, Down Throw, Spin Throw; other=None) | method_2(jump=Long Jump; cap_throw=No Cap Throw Needed; other=Ground Pound)",false,,,,,,,,,67751.068,55771.600,-71057.589,ShineInfo.szs,ShineList_SkyWorldHomeStage.byml;ShinePosList.byml,0,45,-1,8,false,true,4,木箱,お堀の木箱から,Use placement_stage_map_indices for StageMap availability and requirement_expr for local ability/capture needs. placement_scenario_no_values is the raw object ScenarioNo field.,casual,
SkyWorldCastleZone:7296:1039,Bowser's Kingdom,SkyWorldHomeStage,Bowser's Kingdom,overworld,Sphynx Over Bowser's Castle,SkyWorldCastleZone:7296:1039,7296,1039,ShineFlag_None,SkyWorldCastleZone::checkpoint::obj1392,,Fukankun,WorldPeace_Bowsers,MoonRockActive_Bowsers,primary,unrated,,"captures=Locked behind Default Capture | method_1(jump=Long Jump; cap_throw=Neutral Throw, Up Throw, Down Throw, Spin Throw; other=Capture)",false,,,,,,,,,66251.013,58300.000,-74757.599,ShineInfo.szs,ShineList_SkyWorldHomeStage.byml;ShinePosList.byml,0,43,-1,12,false,false,3;4,空飛ぶスフィンクス,クッパ城を旅する スフィン・クイズ,Use placement_stage_map_indices for StageMap availability and requirement_expr for local ability/capture needs. placement_scenario_no_values is the raw object ScenarioNo field.,casual,
SkyWorldCastleZone:7369:1091,Bowser's Kingdom,SkyWorldHomeStage,Bowser's Kingdom,overworld,Found with Bowser's Kingdom Art,SkyWorldCastleZone:7369:1091,7369,1091,ShineFlag_HintArt,SkyWorldCastleZone::checkpoint::obj1392,,(GroundPound & KingdomAccess_Sand),WorldPeace_Bowsers,MoonRockActive_Bowsers,primary,unrated,,method_1(jump=Single Jump (258); cap_throw=No Cap Throw Needed; other=Ground Pound),true,HintPhoto,L,,,2;3,,,,12231.855,28908.625,-46805.940,SkyWorldCastleZoneMap.szs,SkyWorldCastleZoneMap.byml,2,40,-1,12,false,false,3;4,ヒント写真,クッパの国で見つけた お宝写真,Use placement_stage_map_indices for StageMap availability and requirement_expr for local ability/capture needs. placement_scenario_no_values is the raw object ScenarioNo field.,casual,
SkyWorldCastleZone:7421:1092,Bowser's Kingdom,SkyWorldHomeStage,Bowser's Kingdom,overworld,Hidden Corridor Under the Floor,SkyWorldCastleZone:7421:1092,7421,1092,ShineFlag_None,SkyWorldHomeStage::place::new_place_10,,Tsukkun | NeutralThrow | DownThrow,WorldPeace_Bowsers,MoonRockActive_Bowsers,primary,unrated,,"method_1(jump=Long Jump; cap_throw=Neutral Throw, Up Throw, Down Throw, Spin Throw; other=None)",true,Shine,G,-1,,0;1;2;3,-1,None,,-4801.109,1387750.000,2400.020,SkyWorldCastleZoneMap.szs,SkyWorldCastleZoneMap.byml,4,10,-1,15,false,false,1;2;3;4,シャイン,床下の かくし通路,Use placement_stage_map_indices for StageMap availability and requirement_expr for local ability/capture needs. placement_scenario_no_values is the raw object ScenarioNo field.,casual;advanced;advanced,
SkyWorldCastleZone:7501:1102,Bowser's Kingdom,SkyWorldHomeStage,Bowser's Kingdom,overworld,Taking Notes with a Spinning Throw,SkyWorldCastleZone:7501:1102,7501,1102,ShineFlag_Extra,SkyWorldCastleZone::checkpoint::obj1888,,SpinThrow | NeutralThrow | DownThrow | Tsukkun | (Kuribo & Statue) | KingdomAccess_Bowsers,WorldPeace_Bowsers,MoonRockActive_Bowsers,primary,unrated,,method_1(jump=Single Jump (258); cap_throw=No Cap Throw Needed; other=None),false,,,,,,,,,54801.068,57900.000,-74507.607,ShineInfo.szs,ShineList_SkyWorldHomeStage.byml;ShinePosList.byml,0,54,-1,8,false,true,4,音符オブジェ(1つ目),なげて まわって 音符集め,Use placement_stage_map_indices for StageMap availability and requirement_expr for local ability/capture needs. placement_scenario_no_values is the raw object ScenarioNo field.,casual;advanced;advanced;advanced;advanced;glitched,
SkyWorldCastleZone:7554:1133,Bowser's Kingdom,SkyWorldHomeStage,Bowser's Kingdom,overworld,Knocking Down the Nice Frame,SkyWorldCastleZone:7554:1133,7554,1133,ShineFlag_None,SkyWorldHomeStage::place::new_place_13,,free,WorldPeace_Bowsers,MoonRockActive_Bowsers,primary,unrated,,"captures=Locked behind Default Capture, Pokio | method_1(jump=Long Jump; cap_throw=Neutral Throw, Up Throw, Down Throw, Spin Throw; other=Capture) | method_2(jump=Long Jump; cap_throw=Neutral Throw, Down Throw; other=Dive)",false,,,,,,,,,88101.307,1460550.000,-72008.603,ShineInfo.szs,ShineList_SkyWorldHomeStage.byml;ShinePosList.byml,0,8,-1,15,false,false,1;2;3;4,空のワールドホーム額,りっぱな額が 落ちました,Use placement_stage_map_indices for StageMap availability and requirement_expr for local ability/capture needs. placement_scenario_no_values is the raw object ScenarioNo field.,casual,
SkyWorldWallZone:2315:1143,Bowser's Kingdom,SkyWorldHomeStage,Bowser's Kingdom,overworld,Stone Wall Circuit,SkyWorldWallZone:2315:1143,2315,1143,ShineFlag_Extra,SkyWorldWallZone::checkpoint::obj545,,ElectricWire | Tsukkun,WorldPeace_Bowsers,MoonRockActive_Bowsers,primary,unrated,,"captures=Locked behind Default Capture | method_1(jump=Single Jump (258); cap_throw=Neutral Throw, Up Throw, Down Throw, Spin Throw; other=Capture)",false,,,,,,,,,-113825.875,20300.000,-9456.979,ShineInfo.szs,ShineList_SkyWorldHomeStage.byml;ShinePosList.byml,0,50,-1,8,false,true,4,鍵付き宝箱,石垣を つたって,Use placement_stage_map_indices for StageMap availability and requirement_expr for local ability/capture needs. placement_scenario_no_values is the raw object ScenarioNo field.,casual,
SkyWorldCastleZone:8382:1161,Bowser's Kingdom,SkyWorldHomeStage,Bowser's Kingdom,overworld,A Rumble Under the Arena Floor,SkyWorldCastleZone:8382:1161,8382,1161,ShineFlag_None,SkyWorldCastleZone::checkpoint::obj6423,,GroundPound,WorldPeace_Bowsers,MoonRockActive_Bowsers,primary,unrated,,"captures=Locked behind Default Capture | method_1(jump=Long Jump; cap_throw=Neutral Throw, Up Throw, Down Throw, Spin Throw; other=Ground Pound, Capture)",false,,,,,,,,,118101.048,82900.000,-74407.581,ShineInfo.szs,ShineList_SkyWorldHomeStage.byml;ShinePosList.byml,0,41,-1,60,false,false,3;4;5;6,ここ掘れポイント,ブルブル！ クッパ城の ふるえる床,Use placement_stage_map_indices for StageMap availability and requirement_expr for local ability/capture needs. placement_scenario_no_values is the raw object ScenarioNo field.,casual,
PushBlockExStage:193:234,Cap Kingdom,PushBlockExStage,Push Block Peril,subarea,Push-Block Peril,PushBlockExStage:193:234,193,234,ShineFlag_None,PushBlockExStage::entrance::PushBlockExStageEntDokan::sub_far,,free,WorldPeace_Cap,MoonRockActive_Cap,primary,unrated,,"captures=Locked behind Default Capture | method_1(jump=Single Jump (258); cap_throw=No Cap Throw Needed; other=Capture, Ledge Grab)",true,Shine,Common,-1,,0;1;10;11;12;13;14;2;3;4;5;6;7;8;9,-1,None,,900.000,6650.000,7500.000,PushBlockExStageMap.szs;ShineInfo.szs,PushBlockExStageMap.byml;ShineList_CapWorldHomeStage.byml;ShinePosList.byml,15,7,-1,14,false,false,2;3;4,シャイン,でっぱり壁を越えて,Use placement_stage_map_indices for StageMap availability and requirement_expr for local ability/capture needs. placement_scenario_no_values is the raw object ScenarioNo field.,casual,
PushBlockExStage:463:235,Cap Kingdom,PushBlockExStage,Push Block Peril,subarea,Hidden Among the Push-Blocks,PushBlockExStage:463:235,463,235,ShineFlag_None,PushBlockExStage::entrance::PushBlockExStageEnt::sub_near,,ElectricWire,WorldPeace_Cap,MoonRockActive_Cap,primary,unrated,,captures=Locked behind Default Capture | method_1(jump=Single Jump (258); cap_throw=No Cap Throw Needed; other=Capture),true,Shine,Common,-1,,0;1;10;11;12;13;14;2;3;4;5;6;7;8;9,-1,None,,100.000,3650.000,-400.000,PushBlockExStageMap.szs;ShineInfo.szs,PushBlockExStageMap.byml;ShineList_CapWorldHomeStage.byml;ShinePosList.byml,15,10,-1,14,false,false,2;3;4,シャイン,でっぱり壁の かくし穴,Use placement_stage_map_indices for StageMap availability and requirement_expr for local ability/capture needs. placement_scenario_no_values is the raw object ScenarioNo field.,casual,
PoisonWaveExStage:5:236,Cap Kingdom,PoisonWaveExStage,Poison Tides,subarea,Skimming the Poison Tide,PoisonWaveExStage:5:236,5,236,ShineFlag_None,PoisonWaveExStage::entrance::PoisonWaveExEnt::sub_near,,KuriboWing,WorldPeace_Cap,MoonRockActive_Cap,primary,unrated,,"captures=Paragoomba, Glydon, Shiverian, Gushen, Pokio, Parabones, Dino | method_1(cap_throw=Neutral Throw, Down Throw, Up Throw, Spin Throw; other=Capture)",true,,,,,,,,,7723.090,700.000,-6733.140,ShineInfo.szs,ShineList_CapWorldHomeStage.byml;ShinePosList.byml,1,6,-1,14,false,false,2;3;4,シャインチップ全取得監視者,毒の波を とんで,Use placement_stage_map_indices for StageMap availability and requirement_expr for local ability/capture needs. placement_scenario_no_values is the raw object ScenarioNo field.,casual,
PoisonWaveExStage:381:237,Cap Kingdom,PoisonWaveExStage,Poison Tides,subarea,Slipping Through the Poison Tide,PoisonWaveExStage:381:237,381,237,ShineFlag_None,PoisonWaveExStage::entrance::PoisonWaveExEnt::sub_near,,KuriboWing,WorldPeace_Cap,MoonRockActive_Cap,primary,unrated,,"captures=Pokio, Parabones, Paragoomba, Gushen | method_1(cap_throw=Neutral Throw, Down Throw, Up Throw, Spin Throw; other=Capture)",true,Shine,Common,-1,,0;1;10;11;12;13;14;2;3;4;5;6;7;8;9,-1,None,,600.000,2150.000,10150.000,PoisonWaveExStageMap.szs;ShineInfo.szs,PoisonWaveExStageMap.byml;ShineList_CapWorldHomeStage.byml;ShinePosList.byml,15,9,-1,14,false,false,2;3;4,シャイン,くぐり抜けて 毒の波,Use placement_stage_map_indices for StageMap availability and requirement_expr for local ability/capture needs. placement_scenario_no_values is the raw object ScenarioNo field.,casual,
FrogSearchExStage:106:238,Cap Kingdom,FrogSearchExStage,Frog Pond,subarea,Searching the Frog Pond,FrogSearchExStage:106:238,106,238,ShineFlag_None,FrogSearchExStage::entrance::FrogSearchExStageEnt::sub_near,,Frog | (NeutralThrow & Vault) | (WallJump & LedgeGrab) | (WallJump & Dive) | (Backflip & Dive) | (GroundPoundJump & Dive) | (SideFlip & Dive) | (Spin & Dive) | (TripleJump & Dive) | (Backflip & WallJump) | (GroundPoundJump & WallJump) | (SideFlip & WallJump) | (Spin & WallJump) | (TripleJump & WallJump) | (TripleJump & LedgeGrab) | (Vault & UpThrow & LedgeGrab) | (Vault & UpThrow & Backflip) | (Vault & UpThrow & SideFlip) | (UpThrow & Vault & GroundPoundJump) | (UpThrow & Vault & Spin) | (UpThrow & Vault) | (DownThrow & Vault & Dive) | (UpThrow & Vault & Dive),WorldPeace_Cap,MoonRockActive_Cap,primary,unrated,,"captures=Frog | method_1(jump=Backflip/Vault/Side Flip (496); cap_throw=Spin Throw, Down Throw, Up Throw, Neutral Throw; other=Dive) | method_2(jump=No Jump Needed; cap_throw=Neutral Throw, Up Throw, Down Throw, Spin Throw; other=Capture) | method_3(jump=Cap Return Jump (400); cap_throw=Neutral Throw, Up Throw, Down Throw, Spin Throw; other=Wall Jump, Dive) | method_4(jump=Triple Jump (550); cap_throw=No Cap Throw Needed; other=Dive)",true,,,,,,,,,-9545.940,-1200.000,10111.600,ShineInfo.szs,ShineList_CapWorldHomeStage.byml;ShinePosList.byml,1,5,-1,14,false,false,2;3;4,シャインチップ全取得監視者,カエル池で さがし物,Use placement_stage_map_indices for StageMap availability and requirement_expr for local ability/capture needs. placement_scenario_no_values is the raw object ScenarioNo field.,casual;advanced;advanced;advanced;advanced;advanced;advanced;advanced;advanced;advanced;advanced;advanced;advanced;advanced;advanced;advanced;advanced;advanced;advanced;advanced;expert;advanced;advanced,"1,2,3,4"
FrogSearchExStage:249:239,Cap Kingdom,FrogSearchExStage,Frog Pond,subarea,Secrets of the Frog Pond,FrogSearchExStage:249:239,249,239,ShineFlag_None,FrogSearchExStage::entrance::FrogSearchExStageEnt::sub_near,,Frog | (Vault & Dive & WallJump & NeutralThrow),WorldPeace_Cap,MoonRockActive_Cap,primary,unrated,,"captures=Frog | method_1(jump=Backflip/Vault/Side Flip (496); cap_throw=Neutral Throw; other=Wall Jump, Dive) | method_2(jump=No Jump Needed; cap_throw=Neutral Throw, Up Throw, Down Throw, Spin Throw; other=Capture)",true,Shine,Common,-1,,0;1;10;11;12;13;14;2;3;4;5;6;7;8;9,-1,None,,1050.000,5250.000,-5350.000,FrogSearchExStageMap.szs;ShineInfo.szs,FrogSearchExStageMap.byml;ShineList_CapWorldHomeStage.byml;ShinePosList.byml,15,8,-1,14,false,false,2;3;4,シャイン,カエル池の かくれ家,Use placement_stage_map_indices for StageMap availability and requirement_expr for local ability/capture needs. placement_scenario_no_values is the raw object ScenarioNo field.,casual;advanced,
RollingExStage:11:950,Cap Kingdom,RollingExStage,Precision Rolling,subarea,Roll On and On,RollingExStage:11:950,11,950,ShineFlag_Extra,RollingExStage::entrance::rollinggoal::sub_far,,free,WorldPeace_Cap,MoonRockActive_Cap,primary,unrated,,"method_1(jump=Long Jump; cap_throw=No Cap Throw Needed; other=Roll, None)",true,ShineAddHeight,Common,-1,,0;1;10;11;12;13;14;2;3;4;5;6;7;8;9,-1,None,,-27750.000,-16200.000,-29572.211,RollingExStageMap.szs;ShineInfo.szs,RollingExStageMap.byml;ShineList_CapWorldHomeStage.byml;ShinePosList.byml,15,28,-1,8,false,true,4,シャイン【2m置き】,転がって 転がって,Use placement_stage_map_indices for StageMap availability and requirement_expr for local ability/capture needs. placement_scenario_no_values is the raw object ScenarioNo field.,casual,
RollingExStage:4:951,Cap Kingdom,RollingExStage,Precision Rolling,subarea,Precision Rolling,RollingExStage:4:951,4,951,ShineFlag_Extra,RollingExStage::entrance::rollingstart::sub_near,,free,WorldPeace_Cap,MoonRockActive_Cap,primary,unrated,,"method_1(jump=Long Jump; cap_throw=No Cap Throw Needed; other=Roll, None)",true,ShineWithAppearCamera,Common,,,0;1;10;11;12;13;14;2;3;4;5;6;7;8;9,-1,None,,-344.359,-4500.000,-24431.617,RollingExStageMap.szs;ShineInfo.szs,RollingExStageMap.byml;ShineList_CapWorldHomeStage.byml;ShinePosList.byml,15,29,-1,8,false,true,4,シャイン【出現カメラあり】,ひたすら 転がった先,Use placement_stage_map_indices for StageMap availability and requirement_expr for local ability/capture needs. placement_scenario_no_values is the raw object ScenarioNo field.,casual,
CapWorldHomeStage:926:227,Cap Kingdom,CapWorldHomeStage,Cap Kingdom,overworld,"Good Evening, Captain Toad!",CapWorldHomeStage:926:227,926,227,ShineFlag_None,CapWorldHomeStage::checkpoint::obj381,,free,WorldPeace_Cap,MoonRockActive_Cap,primary,unrated,,method_1(jump=Long Jump; cap_throw=No Cap Throw Needed; other=None),true,,,,,,,,,6293.250,7550.000,-5303.300,ShineInfo.szs,ShineList_CapWorldHomeStage.byml;ShinePosList.byml,1,4,-1,14,false,false,2;3;4,キノピオ隊長,こんばんは！ キノピオ隊長,Use placement_stage_map_indices for StageMap availability and requirement_expr for local ability/capture needs. placement_scenario_no_values is the raw object ScenarioNo field.,casual,
CapWorldHomeStage:2268:228,Cap Kingdom,CapWorldHomeStage,Cap Kingdom,overworld,The Forgotten Treasure,CapWorldHomeStage:2268:228,2268,228,ShineFlag_None,CapWorldHomeStage::checkpoint::obj2497,,GroundPound,WorldPeace_Cap,MoonRockActive_Cap,primary,unrated,,"method_1(jump=Double Jump (312); cap_throw=Neutral Throw, Up Throw, Down Throw, Spin Throw; other=Ground Pound)",true,,,,,,,,,-2688.590,190.000,8912.440,ShineInfo.szs,ShineList_CapWorldHomeStage.byml;ShinePosList.byml,1,12,-1,12,false,false,3;4,ここ掘れポイント,忘れていた宝物,Use placement_stage_map_indices for StageMap availability and requirement_expr for local ability/capture needs. placement_scenario_no_values is the raw object ScenarioNo field.,casual,
CapWorldHomeStage:2207:229,Cap Kingdom,CapWorldHomeStage,Cap Kingdom,overworld,Peach in the Cap Kingdom,CapWorldHomeStage:2207:229,2207,229,ShineFlag_None,CapWorldHomeStage::checkpoint::obj2497,,KingdomAccess_Mushroom,WorldPeace_Cap,MoonRockActive_Cap,primary,unrated,,method_1(jump=Long Jump; cap_throw=No Cap Throw Needed; other=None),true,,,,,,,,,-7495.330,-150.000,6293.250,ShineInfo.szs,ShineList_CapWorldHomeStage.byml;ShinePosList.byml,1,11,-1,12,false,false,3;4,世界旅行ピーチ,帽子の国で ピーチ姫,Use placement_stage_map_indices for StageMap availability and requirement_expr for local ability/capture needs. placement_scenario_no_values is the raw object ScenarioNo field.,casual,
CapWorldHomeStage:882:230,Cap Kingdom,CapWorldHomeStage,Cap Kingdom,overworld,Shopping in Bonneton,CapWorldHomeStage:882:230,882,230,ShineFlag_None,CapWorldHomeStage::checkpoint::obj2497,,free,WorldPeace_Cap,MoonRockActive_Cap,primary,unrated,,method_1(jump=No Jump Needed; cap_throw=No Cap Throw Needed; other=None),true,,,,,,,,,-5091.170,-450.000,10960.200,ShineInfo.szs,ShineList_CapWorldHomeStage.byml;ShinePosList.byml,1,2,-1,62,false,false,2;3;4;5;6,ショップ店員,カブロンで お買い物,Use placement_stage_map_indices for StageMap availability and requirement_expr for local ability/capture needs. placement_scenario_no_values is the raw object ScenarioNo field.,casual,
CapWorldHomeStage:820:231,Cap Kingdom,CapWorldHomeStage,Cap Kingdom,overworld,Hidden in a Sunken Hat,CapWorldHomeStage:820:231,820,231,ShineFlag_Extra,CapWorldHomeStage::place::new_place_2,,free,WorldPeace_Cap,MoonRockActive_Cap,primary,unrated,,"captures=Paragoomba | method_1(jump=No Jump Needed; cap_throw=Neutral Throw, Up Throw, Down Throw, Spin Throw; other=Capture) | method_2(jump=Long Jump; cap_throw=Neutral Throw, Up Throw, Down Throw, Spin Throw; other=Dive) | method_3(jump=No Jump Needed; cap_throw=Neutral Throw; other=Roll, Roll Boost)",true,,,,,,,,,4000.000,-1450.000,5950.000,ShineInfo.szs,ShineList_CapWorldHomeStage.byml;ShinePosList.byml,1,20,-1,8,false,true,4,帽子のワールドホーム帽子ひっかけポイント001,雲に沈んだ船の上,Use placement_stage_map_indices for StageMap availability and requirement_expr for local ability/capture needs. placement_scenario_no_values is the raw object ScenarioNo field.,casual,4
CapWorldHomeStage:2196:232,Cap Kingdom,CapWorldHomeStage,Cap Kingdom,overworld,Caught Hopping Near the Ship!,CapWorldHomeStage:2196:232,2196,232,ShineFlag_Extra,CapWorldHomeStage::checkpoint::obj2497,,free,WorldPeace_Cap,MoonRockActive_Cap,primary,unrated,,method_1(jump=Long Jump; cap_throw=No Cap Throw Needed; other=None) | method_2(jump=No Jump Needed; cap_throw=No Cap Throw Needed; other=Roll),true,,,,,,,,,-2200.000,81.100,24450.000,ShineInfo.szs,ShineList_CapWorldHomeStage.byml;ShinePosList.byml,1,17,-1,8,false,true,4,ウサギ,広場で つかまえたピョン！,Use placement_stage_map_indices for StageMap availability and requirement_expr for local ability/capture needs. placement_scenario_no_values is the raw object ScenarioNo field.,casual,4
CapWorldHomeStage:2249:233,Cap Kingdom,CapWorldHomeStage,Cap Kingdom,overworld,Next to Glasses Bridge,CapWorldHomeStage:2249:233,2249,233,ShineFlag_Extra,CapWorldHomeStage::checkpoint::obj2497,,free,WorldPeace_Cap,MoonRockActive_Cap,primary,unrated,,"captures=Paragoomba, Frog | method_1(jump=Long Jump; cap_throw=No Cap Throw Needed; other=None) | method_2(jump=No Jump Needed; cap_throw=Neutral Throw, Up Throw, Down Throw, Spin Throw; other=Capture)",true,ShineAddByRock,H,-1,,3,-1,None,,-1237.437,-1450.000,15591.704,CapWorldHomeStageMap.szs;ShineInfo.szs,CapWorldHomeStageMap.byml;ShineList_CapWorldHomeStage.byml;ShinePosList.byml,1,18,-1,8,false,true,4,シャイン【月の石追加版】,メガネ橋の たもとにて,Use placement_stage_map_indices for StageMap availability and requirement_expr for local ability/capture needs. placement_scenario_no_values is the raw object ScenarioNo field.,casual,4
CapWorldHomeStage:2420:813,Cap Kingdom,CapWorldHomeStage,Cap Kingdom,overworld,Fog-Shrouded Platform,CapWorldHomeStage:2420:813,2420,813,ShineFlag_Extra,CapWorldHomeStage::checkpoint::obj2497,,GroundPound,WorldPeace_Cap,MoonRockActive_Cap,primary,unrated,,"captures=Uproot, Tank, Lakitu, Jizo | method_1(jump=Long Jump; cap_throw=No Cap Throw Needed; other=Ground Pound)",true,,,,,,,,,-8626.700,-1650.000,8202.440,ShineInfo.szs,ShineList_CapWorldHomeStage.byml;ShinePosList.byml,1,21,-1,8,false,true,4,ここ掘れポイント,雲に沈んだ足元に,Use placement_stage_map_indices for StageMap availability and requirement_expr for local ability/capture needs. placement_scenario_no_values is the raw object ScenarioNo field.,casual,4
CapWorldHomeStage:2422:815,Cap Kingdom,CapWorldHomeStage,Cap Kingdom,overworld,Frog-Jumping from the Top Deck,CapWorldHomeStage:2422:815,2422,815,ShineFlag_None,CapWorldHomeStage::checkpoint::obj2497,,Frog | KuriboWing,WorldPeace_Cap,MoonRockActive_Cap,primary,unrated,,"captures=Frog | method_1(jump=No Jump Needed; cap_throw=Neutral Throw, Up Throw, Down Throw, Spin Throw; other=Capture)",true,Shine,F,-1,,1;2;3,-1,None,,-4525.484,2450.000,13222.896,CapWorldHomeStageMap.szs;ShineInfo.szs,CapWorldHomeStageMap.byml;ShineList_CapWorldHomeStage.byml;ShinePosList.byml,3,0,-1,14,false,false,2;3;4,シャイン,船の上で大ジャンプ！,Use placement_stage_map_indices for StageMap availability and requirement_expr for local ability/capture needs. placement_scenario_no_values is the raw object ScenarioNo field.,casual;glitched,
CapWorldHomeStage:2423:816,Cap Kingdom,CapWorldHomeStage,Cap Kingdom,overworld,Danger Sign,CapWorldHomeStage:2423:816,2423,816,ShineFlag_Extra,CapWorldHomeStage::checkpoint::obj2497,,KuriboWing | (GroundPound & RollBoost & Roll & NeutralThrow & TripleJump & Vault & Dive) | Frog,WorldPeace_Cap,MoonRockActive_Cap,primary,unrated,,"captures=Paragoomba, Parabones | method_1(jump=No Jump Needed; cap_throw=Neutral Throw, Up Throw, Down Throw, Spin Throw; other=Capture)",true,Shine,H,-1,,3,-1,None,,-7150.000,-1050.000,31000.000,CapWorldHomeStageMap.szs;ShineInfo.szs,CapWorldHomeStageMap.byml;ShineList_CapWorldHomeStage.byml;ShinePosList.byml,1,22,-1,8,false,true,4,シャイン,ドクロ看板に乗っかって,Use placement_stage_map_indices for StageMap availability and requirement_expr for local ability/capture needs. placement_scenario_no_values is the raw object ScenarioNo field.,casual;expert;glitched,4
CapWorldHomeStage:2424:817,Cap Kingdom,CapWorldHomeStage,Cap Kingdom,overworld,Under the Big One's Brim,CapWorldHomeStage:2424:817,2424,817,ShineFlag_Extra,CapWorldHomeStage::checkpoint::obj381,,free,WorldPeace_Cap,MoonRockActive_Cap,primary,unrated,,method_1(jump=Long Jump; cap_throw=No Cap Throw Needed; other=None) | method_2(jump=No Jump Needed; cap_throw=No Cap Throw Needed; other=Roll),true,ShineAddByRock,H,-1,,3,-1,None,,3570.889,4350.000,-2793.072,CapWorldHomeStageMap.szs;ShineInfo.szs,CapWorldHomeStageMap.byml;ShineList_CapWorldHomeStage.byml;ShinePosList.byml,1,25,-1,8,false,true,4,シャイン【月の石追加版】,大きな帽子の つばの下,Use placement_stage_map_indices for StageMap availability and requirement_expr for local ability/capture needs. placement_scenario_no_values is the raw object ScenarioNo field.,casual,4
CapWorldHomeStage:2444:861,Cap Kingdom,CapWorldHomeStage,Cap Kingdom,overworld,Cap Kingdom Timer Challenge 1,CapWorldHomeStage:2444:861,2444,861,ShineFlag_None,CapWorldHomeStage::checkpoint::obj2497,,free,WorldPeace_Cap,MoonRockActive_Cap,primary,unrated,,"method_1(jump=No Jump Needed; cap_throw=Neutral Throw, Up Throw, Down Throw, Spin Throw)",true,,,,,,,,,2750.000,-1050.000,-2150.000,ShineInfo.szs,ShineList_CapWorldHomeStage.byml;ShinePosList.byml,1,3,-1,14,false,false,2;3;4,帽子掛け（タイマー）,帽子の国で チクタク・アスレチック １,Use placement_stage_map_indices for StageMap availability and requirement_expr for local ability/capture needs. placement_scenario_no_values is the raw object ScenarioNo field.,casual,
CapWorldHomeStage:2611:981,Cap Kingdom,CapWorldHomeStage,Cap Kingdom,overworld,Cap Kingdom Timer Challenge 2,CapWorldHomeStage:2611:981,2611,981,ShineFlag_Extra,CapWorldHomeStage::checkpoint::obj2497,,free,WorldPeace_Cap,MoonRockActive_Cap,primary,unrated,,"method_1(jump=Long Jump; cap_throw=Neutral Throw, Up Throw, Down Throw, Spin Throw; other=None)",true,,,,,,,,,1900.000,-450.000,10400.000,ShineInfo.szs,ShineList_CapWorldHomeStage.byml;ShinePosList.byml,1,26,-1,8,false,true,4,鍵付き宝箱,帽子の国で チクタク・アスレチック ２,Use placement_stage_map_indices for StageMap availability and requirement_expr for local ability/capture needs. placement_scenario_no_values is the raw object ScenarioNo field.,casual,4
CapWorldHomeStage:2681:1018,Cap Kingdom,CapWorldHomeStage,Cap Kingdom,overworld,Taking Notes: In the Fog,CapWorldHomeStage:2681:1018,2681,1018,ShineFlag_Extra,CapWorldHomeStage::checkpoint::obj2497,,KuriboWing | Frog,WorldPeace_Cap,MoonRockActive_Cap,primary,unrated,,"captures=Paragoomba, Gushen, Parabones | method_1(jump=Long Jump; cap_throw=Neutral Throw, Up Throw, Down Throw, Spin Throw; other=Capture) | method_2(jump=No Jump Needed; cap_throw=No Cap Throw Needed; other=Capture)",true,ShineAddByRock,H,-1,,3,-1,None,,-10606.602,-1250.000,19091.883,CapWorldHomeStageMap.szs;ShineInfo.szs,CapWorldHomeStageMap.byml;ShineList_CapWorldHomeStage.byml;ShinePosList.byml,1,24,-1,8,false,true,4,ステージスイッチ_音符オブジェディレクタ,雲の上で 音符集め,Use placement_stage_map_indices for StageMap availability and requirement_expr for local ability/capture needs. placement_scenario_no_values is the raw object ScenarioNo field.,casual;glitched,4
CapWorldHomeStage:2710:1019,Cap Kingdom,CapWorldHomeStage,Cap Kingdom,overworld,Frog-Jumping Above the Fog,CapWorldHomeStage:2710:1019,2710,1019,ShineFlag_None,CapWorldHomeStage::checkpoint::obj2497,,Frog | (KuriboWing & Dive),WorldPeace_Cap,MoonRockActive_Cap,primary,unrated,,"captures=Frog | method_1(jump=No Jump Needed; cap_throw=Down Throw, Spin Throw, No Cap Throw Needed; other=Capture)",true,Shine,F,-1,,1;2;3,-1,None,,7106.424,3100.000,28178.205,CapWorldHomeStageMap.szs;ShineInfo.szs,CapWorldHomeStageMap.byml;ShineList_CapWorldHomeStage.byml;ShinePosList.byml,3,1,-1,14,false,false,2;3;4,シャイン,船の上でスーパー大ジャンプ！,Use placement_stage_map_indices for StageMap availability and requirement_expr for local ability/capture needs. placement_scenario_no_values is the raw object ScenarioNo field.,casual;glitched,
CapWorldHomeStage:2721:1025,Cap Kingdom,CapWorldHomeStage,Cap Kingdom,overworld,"Spin the Hat, Get a Prize",CapWorldHomeStage:2721:1025,2721,1025,ShineFlag_Extra,CapWorldHomeStage::checkpoint::obj2497,,free,WorldPeace_Cap,MoonRockActive_Cap,primary,unrated,,method_1(jump=Long Jump; cap_throw=Neutral Throw; other=None),true,,,,,,,,,-1873.830,630.000,12834.000,ShineInfo.szs,ShineList_CapWorldHomeStage.byml;ShinePosList.byml,1,19,-1,8,false,true,4,反応するオブジェ,帽子のレリーフをまわして,Use placement_stage_map_indices for StageMap availability and requirement_expr for local ability/capture needs. placement_scenario_no_values is the raw object ScenarioNo field.,casual,4
CapWorldHomeStage:2730:1033,Cap Kingdom,CapWorldHomeStage,Cap Kingdom,overworld,Cap Kingdom Regular Cup,CapWorldHomeStage:2730:1033,2730,1033,ShineFlag_None,CapWorldHomeStage::checkpoint::obj381,,free,WorldPeace_Cap,MoonRockActive_Cap,primary,unrated,,method_1(jump=Long Jump; cap_throw=No Cap Throw Needed; other=None),true,,,,,,,,,6150.000,4959.000,-7800.000,ShineInfo.szs,ShineList_CapWorldHomeStage.byml;ShinePosList.byml,1,14,-1,12,false,false,3;4,駆けっこ開始Npc,帽子の国 レギュラーカップ,Use placement_stage_map_indices for StageMap availability and requirement_expr for local ability/capture needs. placement_scenario_no_values is the raw object ScenarioNo field.,casual,
CapWorldHomeStage:2729:1034,Cap Kingdom,CapWorldHomeStage,Cap Kingdom,overworld,Cap Kingdom Master Cup,CapWorldHomeStage:2729:1034,2729,1034,ShineFlag_Extra,CapWorldHomeStage::checkpoint::obj381,,KuriboWing | LongJump | Roll | Dive | TripleJump,WorldPeace_Cap,MoonRockActive_Cap,primary,unrated,,method_1(jump=Long Jump; cap_throw=No Cap Throw Needed; other=None),true,,,,,,,,,6150.000,4959.000,-7800.000,ShineInfo.szs,ShineList_CapWorldHomeStage.byml;ShinePosList.byml,1,27,-1,8,false,true,4,駆けっこ開始Npc,帽子の国 マスターカップ,Use placement_stage_map_indices for StageMap availability and requirement_expr for local ability/capture needs. placement_scenario_no_values is the raw object ScenarioNo field.,casual;casual;casual;casual;advanced,4
CapWorldHomeStage:2739:1038,Cap Kingdom,CapWorldHomeStage,Cap Kingdom,overworld,Bonneter Blockade,CapWorldHomeStage:2739:1038,2739,1038,ShineFlag_None,CapWorldHomeStage::checkpoint::obj2497,,KuriboWing,WorldPeace_Cap,MoonRockActive_Cap,primary,unrated,,"captures=Paragoomba, Pokio | method_1(cap_throw=Neutral Throw, Up Throw, Down Throw, Spin Throw; other=Capture)",true,Shine,B,-1,,2;3,-1,None,,-1150.000,-440.000,11000.000,CapWorldHomeStageMap.szs;ShineInfo.szs,CapWorldHomeStageMap.byml;ShineList_CapWorldHomeStage.byml;ShinePosList.byml,2,13,-1,12,false,false,3;4,シャイン,カブロン人 通せんぼ,Use placement_stage_map_indices for StageMap availability and requirement_expr for local ability/capture needs. placement_scenario_no_values is the raw object ScenarioNo field.,casual,
CapWorldHomeStage:2771:1073,Cap Kingdom,CapWorldHomeStage,Cap Kingdom,overworld,Taxi Flying Through Bonneton,CapWorldHomeStage:2771:1073,2771,1073,ShineFlag_None,CapWorldHomeStage::checkpoint::obj2497,,Fukankun,WorldPeace_Cap,MoonRockActive_Cap,primary,unrated,,"method_1(cap_throw=Neutral Throw, Up Throw, Down Throw, Spin Throw; other=Capture)",true,,,,,,,,,-9550.000,-45.499,10450.000,ShineInfo.szs,ShineList_CapWorldHomeStage.byml;ShinePosList.byml,1,15,-1,12,false,false,3;4,空飛ぶタクシー,空飛ぶタクシー カブロンを通過,Use placement_stage_map_indices for StageMap availability and requirement_expr for local ability/capture needs. placement_scenario_no_values is the raw object ScenarioNo field.,casual,
CapWorldHomeStage:2789:1086,Cap Kingdom,CapWorldHomeStage,Cap Kingdom,overworld,Found with Cap Kingdom Art,CapWorldHomeStage:2789:1086,2789,1086,ShineFlag_HintArt,CapWorldHomeStage::checkpoint::obj2497,,(KingdomAccess_Moon & GroundPound),WorldPeace_Cap,MoonRockActive_Cap,primary,unrated,,"captures=Uproot, Lakitu, Tank, Jizo | method_1(jump=No Jump Needed; cap_throw=No Cap Throw Needed; other=Ground Pound)",true,HintPhoto,B,,,2;3,,,,-4171.930,-450.000,6010.408,CapWorldHomeStageMap.szs;ShineInfo.szs,CapWorldHomeStageMap.byml;ShineList_CapWorldHomeStage.byml;ShinePosList.byml,2,16,-1,12,false,false,3;4,ヒント写真,帽子の国で見つけた お宝写真,Use placement_stage_map_indices for StageMap availability and requirement_expr for local ability/capture needs. placement_scenario_no_values is the raw object ScenarioNo field.,casual,"3,4,5"
CapWorldHomeStage:2972:1156,Cap Kingdom,CapWorldHomeStage,Cap Kingdom,overworld,Bird Traveling in the Fog,CapWorldHomeStage:2972:1156,2972,1156,ShineFlag_Extra,CapWorldHomeStage::checkpoint::obj2497,,KuriboWing | NeutralThrow | Frog,WorldPeace_Cap,MoonRockActive_Cap,primary,unrated,,"captures=Paragoomba | method_1(jump=Single Jump (258); cap_throw=Neutral Throw; other=Dive) | method_2(jump=No Jump Needed; cap_throw=Neutral Throw, Up Throw, Down Throw, Spin Throw; other=Capture)",true,BirdCap,H,,,3,,,,5950.000,0.000,12600.000,CapWorldHomeStageMap.szs;ShineInfo.szs,CapWorldHomeStageMap.byml;ShineList_CapWorldHomeStage.byml;ShinePosList.byml,1,23,-1,8,false,true,4,帽子の鳥,雲海の渡り鳥,Use placement_stage_map_indices for StageMap availability and requirement_expr for local ability/capture needs. placement_scenario_no_values is the raw object ScenarioNo field.,casual;advanced;glitched,4
CapWorldHomeStage:2975:1158,Cap Kingdom,CapWorldHomeStage,Cap Kingdom,overworld,Fly to the Edge of the Fog,CapWorldHomeStage:2975:1158,2975,1158,ShineFlag_Extra,CapWorldHomeStage::place::new_place,,free,WorldPeace_Cap,MoonRockActive_Cap,primary,unrated,,"captures=Paragoomba, Glydon, Gushen, Parabones | method_1(jump=No Jump Needed; cap_throw=Neutral Throw, Up Throw, Down Throw, Spin Throw; other=Capture)",true,ShineAddByRock,H,-1,,3,-1,None,,5200.000,-2000.000,-15000.000,CapWorldHomeStageMap.szs;ShineInfo.szs,CapWorldHomeStageMap.byml;ShineList_CapWorldHomeStage.byml;ShinePosList.byml,1,30,-1,8,false,true,4,シャイン【月の石追加版】,とんで とんで 雲の果て,Use placement_stage_map_indices for StageMap availability and requirement_expr for local ability/capture needs. placement_scenario_no_values is the raw object ScenarioNo field.,casual,4
WaterfallWorldHomeStage:1717:204,Cascade Kingdom,WaterfallWorldHomeStage,Cascade Kingdom,overworld,"Good Morning, Captain Toad!",WaterfallWorldHomeStage:1717:204,1717,204,ShineFlag_None,WaterfallWorldHomeStage::checkpoint::obj601,,free,WorldPeace_Cascade,MoonRockActive_Cascade,primary,unrated,,"method_1(jump=No Jump Needed; cap_throw=Neutral Throw; other=Dive, Capture)",true,,,,,,,,,-8550.000,5040.000,3700.000,ShineInfo.szs,ShineList_WaterfallWorldHomeStage.byml;ShinePosList.byml,1,10,-1,78,false,false,2;3;4;7,キノピオ隊長,おはよう！ キノピオ隊長,Use placement_stage_map_indices for StageMap availability and requirement_expr for local ability/capture needs. placement_scenario_no_values is the raw object ScenarioNo field.,casual,
WaterfallWorldHomeStage:214:205,Cascade Kingdom,WaterfallWorldHomeStage,Cascade Kingdom,overworld,Our First Power Moon,WaterfallWorldHomeStage:214:205,214,205,ShineFlag_Story,WaterfallWorldHomeStage::place::new_place,,free,WorldPeace_Cascade,MoonRockActive_Cascade,primary,unrated,,"captures=Coin Coffer, Tank, Hammer Bro, Chargin' Chuck, Chain Chomp, Dino, Bullet Bill | method_1(jump=Long Jump; cap_throw=Neutral Throw, Up Throw, Down Throw, Spin Throw; other=Capture)",true,Shine,J,-1,,1;2;3;6,0,None,,5700.000,1250.000,700.000,WaterfallWorldHomeStageMap.szs;ShineInfo.szs,WaterfallWorldHomeStageMap.byml;ShineList_WaterfallWorldHomeStage.byml;ShinePosList.byml,4,0,0,79,false,false,1;2;3;4;7,シャイン_滝のワールドホーム檻000,はじめての パワームーン,Use placement_stage_map_indices for StageMap availability and requirement_expr for local ability/capture needs. placement_scenario_no_values is the raw object ScenarioNo field.,casual,
WaterfallWorldHomeStage:407:206,Cascade Kingdom,WaterfallWorldHomeStage,Cascade Kingdom,overworld,Chomp Through the Rocks,WaterfallWorldHomeStage:407:206,407,206,ShineFlag_None,WaterfallWorldHomeStage::checkpoint::obj1724,,Wanwan | TRex | WanwanBig,WorldPeace_Cascade,MoonRockActive_Cascade,primary,unrated,,"captures=Chain Chomp, Dino, Tank, Coin Coffer, Bullet Bill, Hammer Bro, Chargin' Chuck | method_1(jump=Long Jump; cap_throw=Neutral Throw, Up Throw, Down Throw, Spin Throw; other=Capture) | method_2(jump=No Jump Needed; cap_throw=Neutral Throw, Up Throw, Down Throw, Spin Throw; other=Bonk (Roll), Roll, Capture)",true,ShineAddHeight,J,-1,,0;1;2;3;6;7,-1,None,,-9157.033,2586.983,1732.412,WaterfallWorldHomeStageMap.szs;ShineInfo.szs,WaterfallWorldHomeStageMap.byml;ShineList_WaterfallWorldHomeStage.byml;ShinePosList.byml,6,4,-1,79,false,false,1;2;3;4;7,シャイン【2m置き】,壁の岩を壊したら,Use placement_stage_map_indices for StageMap availability and requirement_expr for local ability/capture needs. placement_scenario_no_values is the raw object ScenarioNo field.,casual,
WaterfallWorldHomeStage:1033:207,Cascade Kingdom,WaterfallWorldHomeStage,Cascade Kingdom,overworld,Secret Path to Fossil Falls!,WaterfallWorldHomeStage:1033:207,1033,207,ShineFlag_None,WaterfallWorldHomeStage::checkpoint::obj2832,,free,WorldPeace_Cascade,MoonRockActive_Cascade,primary,unrated,,method_1(jump=Long Jump; cap_throw=No Cap Throw Needed; other=Other Kingdom Trigger),true,Shine,J,-1,,0;1;2;3;6;7,-1,WorldWarpHoleShine,,4702.260,9050.000,9934.851,WaterfallWorldHomeStageMap.szs;ShineInfo.szs,WaterfallWorldHomeStageMap.byml;ShineList_WaterfallWorldHomeStage.byml;ShinePosList.byml,6,38,-1,79,false,false,1;2;3;4;7,シャイン,ようこそ！ ダイナフォー！,Use placement_stage_map_indices for StageMap availability and requirement_expr for local ability/capture needs. placement_scenario_no_values is the raw object ScenarioNo field.,casual,
WaterfallWorldHomeStage:1526:208,Cascade Kingdom,WaterfallWorldHomeStage,Cascade Kingdom,overworld,Across the Floating Isles,WaterfallWorldHomeStage:1526:208,1526,208,ShineFlag_None,WaterfallWorldHomeStage::checkpoint::obj601,,free,WorldPeace_Cascade,MoonRockActive_Cascade,primary,unrated,,"method_1(jump=Long Jump; cap_throw=No Cap Throw Needed; other=None) | method_2(jump=No Jump Needed; cap_throw=Up Throw, Neutral Throw, Down Throw, Spin Throw; other=Dive)",true,ShineAddHeight,M,-1,,1;2;3;6,-1,None,,-17200.000,6750.000,-200.000,WaterfallWorldHomeStageMap.szs;ShineInfo.szs,WaterfallWorldHomeStageMap.byml;ShineList_WaterfallWorldHomeStage.byml;ShinePosList.byml,4,9,-1,78,false,false,2;3;4;7,シャイン【2m置き】,浮島を渡って,Use placement_stage_map_indices for StageMap availability and requirement_expr for local ability/capture needs. placement_scenario_no_values is the raw object ScenarioNo field.,casual,
WaterfallWorldHomeStage:2467:209,Cascade Kingdom,WaterfallWorldHomeStage,Cascade Kingdom,overworld,Peach in the Cascade Kingdom,WaterfallWorldHomeStage:2467:209,2467,209,ShineFlag_None,WaterfallWorldHomeStage::checkpoint::obj601,,KingdomAccess_Mushroom,WorldPeace_Cascade,MoonRockActive_Cascade,primary,unrated,,"method_1(jump=Long Jump; cap_throw=Neutral Throw, Up Throw, Down Throw, Spin Throw; other=Other Kingdom Trigger)",true,,,,,,,,,2550.000,6060.860,-700.000,ShineInfo.szs,ShineList_WaterfallWorldHomeStage.byml;ShinePosList.byml,1,20,-1,12,false,false,3;4,世界旅行ピーチ,滝の国で ピーチ姫,Use placement_stage_map_indices for StageMap availability and requirement_expr for local ability/capture needs. placement_scenario_no_values is the raw object ScenarioNo field.,casual,
WaterfallWorldHomeStage:2490:210,Cascade Kingdom,WaterfallWorldHomeStage,Cascade Kingdom,overworld,Above a High Cliff,WaterfallWorldHomeStage:2490:210,2490,210,ShineFlag_None,WaterfallWorldHomeStage::checkpoint::obj3139,,free,WorldPeace_Cascade,MoonRockActive_Cascade,primary,unrated,,method_1(jump=Long Jump; cap_throw=No Cap Throw Needed; other=None) | method_2(jump=No Jump Needed; cap_throw=No Cap Throw Needed; other=Dive),true,ShineAddHeight,M,-1,,1;2;3;6,-1,None,,3005.204,3023.371,8874.189,WaterfallWorldHomeStageMap.szs;ShineInfo.szs,WaterfallWorldHomeStageMap.byml;ShineList_WaterfallWorldHomeStage.byml;ShinePosList.byml,4,3,-1,78,false,false,2;3;4;7,シャイン【2m置き】,切り立った ガケの上,Use placement_stage_map_indices for StageMap availability and requirement_expr for local ability/capture needs. placement_scenario_no_values is the raw object ScenarioNo field.,casual,
WaterfallWorldHomeStage:1119:211,Cascade Kingdom,WaterfallWorldHomeStage,Cascade Kingdom,overworld,Shopping in Fossil Falls,WaterfallWorldHomeStage:1119:211,1119,211,ShineFlag_None,WaterfallWorldHomeStage::checkpoint::obj1724,,free,WorldPeace_Cascade,MoonRockActive_Cascade,primary,unrated,,method_1(jump=No Jump Needed; cap_throw=No Cap Throw Needed; other=None),true,,,,,,,,,5750.000,1117.020,-1850.000,ShineInfo.szs,ShineList_WaterfallWorldHomeStage.byml;ShinePosList.byml,1,18,-1,124,false,false,3;4;5;6;7,ショップ店員,ダイナフォーで お買い物,Use placement_stage_map_indices for StageMap availability and requirement_expr for local ability/capture needs. placement_scenario_no_values is the raw object ScenarioNo field.,casual,
WaterfallWorldHomeStage:124:212,Cascade Kingdom,WaterfallWorldHomeStage,Cascade Kingdom,overworld,Behind the Waterfall,WaterfallWorldHomeStage:124:212,124,212,ShineFlag_None,WaterfallWorldHomeStage::checkpoint::obj1724,,WanwanBig | TRex | SingleJump,WorldPeace_Cascade,MoonRockActive_Cascade,primary,unrated,,method_1(cap_throw=No Cap Throw Needed; other=2D Jump (any jump)),true,ShineDot,J,,,0;1;2;3;6;7,,None,,247.487,4950.000,530.330,WaterfallWorldHomeStageMap.szs;ShineInfo.szs,WaterfallWorldHomeStageMap.byml;ShineList_WaterfallWorldHomeStage.byml;ShinePosList.byml,6,6,-1,79,false,false,1;2;3;4;7,シャインドット_2D,滝の裏の散歩道,Use placement_stage_map_indices for StageMap availability and requirement_expr for local ability/capture needs. placement_scenario_no_values is the raw object ScenarioNo field.,casual,"1;1;2,3,4,5"
WaterfallWorldHomeStage:1027:213,Cascade Kingdom,WaterfallWorldHomeStage,Cascade Kingdom,overworld,Bottom of the Waterfall Basin,WaterfallWorldHomeStage:1027:213,1027,213,ShineFlag_Extra,WaterfallWorldHomeStage::checkpoint::obj1724,,GroundPound,WorldPeace_Cascade,MoonRockActive_Cascade,primary,unrated,,method_1(jump=No Jump Needed; cap_throw=No Cap Throw Needed; other=Ground Pound),true,,,,,,,,,3200.000,326.320,3100.000,ShineInfo.szs,ShineList_WaterfallWorldHomeStage.byml;ShinePosList.byml,1,27,-1,8,false,true,4,ここ掘れポイント,滝つぼに沈んだ宝,Use placement_stage_map_indices for StageMap availability and requirement_expr for local ability/capture needs. placement_scenario_no_values is the raw object ScenarioNo field.,casual,
WaterfallWorldHomeStage:1028:214,Cascade Kingdom,WaterfallWorldHomeStage,Cascade Kingdom,overworld,Treasure Under the Cliff,WaterfallWorldHomeStage:1028:214,1028,214,ShineFlag_Extra,WaterfallWorldHomeStage::checkpoint::obj1724,,free,WorldPeace_Cascade,MoonRockActive_Cascade,primary,unrated,,"method_1(jump=Single Jump (258); cap_throw=Neutral Throw, Up Throw, Down Throw, Spin Throw; other=None)",true,ShineAddByRock,G,-1,,3,-1,None,,-282.843,4900.000,-2121.320,WaterfallWorldHomeStageMap.szs;ShineInfo.szs,WaterfallWorldHomeStageMap.byml;ShineList_WaterfallWorldHomeStage.byml;ShinePosList.byml,1,30,-1,8,false,true,4,シャイン【月の石追加版】,ガケ下で かがやく宝,Use placement_stage_map_indices for StageMap availability and requirement_expr for local ability/capture needs. placement_scenario_no_values is the raw object ScenarioNo field.,casual,
WaterfallWorldHomeStage:1029:215,Cascade Kingdom,WaterfallWorldHomeStage,Cascade Kingdom,overworld,Next to the Stone Arch,WaterfallWorldHomeStage:1029:215,1029,215,ShineFlag_Extra,WaterfallWorldHomeStage::checkpoint::obj601,,free,WorldPeace_Cascade,MoonRockActive_Cascade,primary,unrated,,method_1(jump=Single Jump (258); cap_throw=No Cap Throw Needed; other=None),true,ShineAddByRock,G,-1,,3,-1,None,,-4100.000,5900.000,300.000,WaterfallWorldHomeStageMap.szs;ShineInfo.szs,WaterfallWorldHomeStageMap.byml;ShineList_WaterfallWorldHomeStage.byml;ShinePosList.byml,1,33,-1,8,false,true,4,シャイン【月の石追加版】,岩のアーチを とび降りて,Use placement_stage_map_indices for StageMap availability and requirement_expr for local ability/capture needs. placement_scenario_no_values is the raw object ScenarioNo field.,casual,
WaterfallWorldHomeStage:1928:216,Cascade Kingdom,WaterfallWorldHomeStage,Cascade Kingdom,overworld,Treasure of the Waterfall Basin,WaterfallWorldHomeStage:1928:216,1928,216,ShineFlag_None,WaterfallWorldHomeStage::checkpoint::obj1724,,SingleJump | SingleJump,WorldPeace_Cascade,MoonRockActive_Cascade,primary,unrated,,method_1(jump=Long Jump; cap_throw=No Cap Throw Needed; other=None) | method_2(jump=Single Jump (258); cap_throw=No Cap Throw Needed; other=Ground Pound) | method_3(jump=Long Jump; cap_throw=No Cap Throw Needed; other=Roll),true,TreasureBox,J,,,0;1;2;3;6;7,,None,,1979.899,750.000,4313.352,WaterfallWorldHomeStageMap.szs;ShineInfo.szs,WaterfallWorldHomeStageMap.byml;ShineList_WaterfallWorldHomeStage.byml;ShinePosList.byml,6,5,-1,79,false,false,1;2;3;4;7,宝箱,滝つぼの宝箱,Use placement_stage_map_indices for StageMap availability and requirement_expr for local ability/capture needs. placement_scenario_no_values is the raw object ScenarioNo field.,casual;glitched,"2,3,4,5;2,3,4,5,1"
WaterfallWorldHomeStage:2455:217,Cascade Kingdom,WaterfallWorldHomeStage,Cascade Kingdom,overworld,Caught Hopping at the Waterfall!,WaterfallWorldHomeStage:2455:217,2455,217,ShineFlag_Extra,WaterfallWorldHomeStage::checkpoint::obj1724,,free,WorldPeace_Cascade,MoonRockActive_Cascade,primary,unrated,,method_1(jump=No Jump Needed; cap_throw=No Cap Throw Needed; other=None),true,,,,,,,,,9450.000,1031.460,-400.000,ShineInfo.szs,ShineList_WaterfallWorldHomeStage.byml;ShinePosList.byml,1,26,-1,8,false,true,4,ウサギ,滝で つかまえたピョン！,Use placement_stage_map_indices for StageMap availability and requirement_expr for local ability/capture needs. placement_scenario_no_values is the raw object ScenarioNo field.,casual,
WaterfallWorldHomeStage:21:218,Cascade Kingdom,WaterfallWorldHomeStage,Cascade Kingdom,overworld,Multi Moon Atop the Falls,WaterfallWorldHomeStage:21:218,21,218,ShineFlag_Story | ShineFlag_Multi,WaterfallWorldHomeStage::checkpoint::obj601,,BreedaWanwan | KingdomAccess_Cascade,WorldPeace_Cascade,MoonRockActive_Cascade,primary,unrated,,"captures=Chain Chomp | method_1(jump=No Jump Needed; cap_throw=Neutral Throw, Up Throw, Down Throw, Spin Throw; other=Capture, 2D Jump (any jump)) | method_2(jump=No Jump Needed; cap_throw=Neutral Throw, Up Throw, Down Throw, Spin Throw; other=Capture)",true,,,,,,,,,-9700.000,6300.000,-200.000,ShineInfo.szs,ShineList_WaterfallWorldHomeStage.byml;ShinePosList.byml,1,1,1,1,true,false,1,ブリーダ,滝の上の グランドムーン,Use placement_stage_map_indices for StageMap availability and requirement_expr for local ability/capture needs. placement_scenario_no_values is the raw object ScenarioNo field.,casual,"1,2,3,4,5;2,3,4,5"
Lift2DExStage:6784:221,Cascade Kingdom,Lift2DExStage,8-Bit Chasm Lifts,subarea,Past the Chasm Lifts,Lift2DExStage:6784:221,6784,221,ShineFlag_None,Lift2DExStage::entrance::Lift2D::sub_near,,free,WorldPeace_Cascade,MoonRockActive_Cascade,primary,unrated,,method_1(jump=Single Jump (258); cap_throw=Neutral Throw; other=None),true,ShineAddHeight,Common,-1,,0;1;10;11;12;13;14;2;3;4;5;6;7;8;9,-1,None,,7950.000,1400.000,-4750.000,Lift2DExStageMap.szs;ShineInfo.szs,Lift2DExStageMap.byml;ShineList_WaterfallWorldHomeStage.byml;ShinePosList.byml,15,14,-1,78,false,false,2;3;4;7,シャイン【2m置き】,谷間のリフトを越えて,Use placement_stage_map_indices for StageMap availability and requirement_expr for local ability/capture needs. placement_scenario_no_values is the raw object ScenarioNo field.,casual,
Lift2DExStage:6019:222,Cascade Kingdom,Lift2DExStage,8-Bit Chasm Lifts,subarea,Hidden Chasm Passage,Lift2DExStage:6019:222,6019,222,ShineFlag_None,Lift2DExStage::entrance::Lift2D::sub_near,,free,WorldPeace_Cascade,MoonRockActive_Cascade,primary,unrated,,method_1(jump=Single Jump (258); cap_throw=Neutral Throw; other=None),true,ShineDot,Common,,,0;1;10;11;12;13;14;2;3;4;5;6;7;8;9,,None,,6750.000,400.000,-4450.000,Lift2DExStageMap.szs;ShineInfo.szs,Lift2DExStageMap.byml;ShineList_WaterfallWorldHomeStage.byml;ShinePosList.byml,15,17,-1,78,false,false,2;3;4;7,シャインドット_2D,谷間の かくし通路,Use placement_stage_map_indices for StageMap availability and requirement_expr for local ability/capture needs. placement_scenario_no_values is the raw object ScenarioNo field.,casual,
CapAppearExStage:304:223,Cascade Kingdom,CapAppearExStage,Mysterious Clouds,subarea,Atop a Wall Among the Clouds,CapAppearExStage:304:223,304,223,ShineFlag_Extra,CapAppearExStage::entrance::CapAppearExEnt::sub_near,,free,WorldPeace_Cascade,MoonRockActive_Cascade,primary,unrated,,"method_1(jump=Long Jump; cap_throw=Neutral Throw, Up Throw, Down Throw, Spin Throw; other=Ledge Grab) | method_2(jump=Double Jump (312); cap_throw=Neutral Throw, Up Throw, Down Throw, Spin Throw; other=None)",true,Shine,Common,-1,,0;1;10;11;12;13;14;2;3;4;5;6;7;8;9,-1,None,,-1500.000,2700.000,-1500.000,CapAppearExStageMap.szs;ShineInfo.szs,CapAppearExStageMap.byml;ShineList_WaterfallWorldHomeStage.byml;ShinePosList.byml,15,36,-1,8,false,true,4,シャイン,ふしぎな雲で 壁の上,Use placement_stage_map_indices for StageMap availability and requirement_expr for local ability/capture needs. placement_scenario_no_values is the raw object ScenarioNo field.,casual,
CapAppearExStage:342:224,Cascade Kingdom,CapAppearExStage,Mysterious Clouds,subarea,Across the Mysterious Clouds,CapAppearExStage:342:224,342,224,ShineFlag_Extra,CapAppearExStage::entrance::CapAppearExEnt::sub_near,,free,WorldPeace_Cascade,MoonRockActive_Cascade,primary,unrated,,"method_1(jump=Long Jump; cap_throw=Neutral Throw, Up Throw, Down Throw, Spin Throw; other=Ledge Grab) | method_2(jump=Single Jump (258); cap_throw=Neutral Throw, Up Throw, Down Throw, Spin Throw; other=None)",true,Shine,Common,-1,,0;1;10;11;12;13;14;2;3;4;5;6;7;8;9,-1,None,,-900.000,2100.000,-16100.000,CapAppearExStageMap.szs;ShineInfo.szs,CapAppearExStageMap.byml;ShineList_WaterfallWorldHomeStage.byml;ShinePosList.byml,15,35,-1,8,false,true,4,シャイン,ふしぎな雲を 乗りついで,Use placement_stage_map_indices for StageMap availability and requirement_expr for local ability/capture needs. placement_scenario_no_values is the raw object ScenarioNo field.,casual,
WanwanClashExStage:371:225,Cascade Kingdom,WanwanClashExStage,Nice Shots with Chain Chomps,subarea,Nice Shot with the Chain Chomp!,WanwanClashExStage:371:225,371,225,ShineFlag_None,WanwanClashExStage::entrance::WanwanExGoal::sub_far,,free,WorldPeace_Cascade,MoonRockActive_Cascade,primary,unrated,,"captures=Chain Chomp | method_1(jump=Single Jump (258); cap_throw=Neutral Throw, Up Throw, Down Throw, Spin Throw; other=Capture)",true,ShineAddHeight,Common,-1,,0;1;10;11;12;13;14;2;3;4;5;6;7;8;9,-1,None,,16050.000,600.000,-850.000,WanwanClashExStageMap.szs;ShineInfo.szs,WanwanClashExStageMap.byml;ShineList_WaterfallWorldHomeStage.byml;ShinePosList.byml,15,13,-1,126,false,false,2;3;4;5;6;7,シャイン【2m置き】,ワンワン ナイスショット！,Use placement_stage_map_indices for StageMap availability and requirement_expr for local ability/capture needs. placement_scenario_no_values is the raw object ScenarioNo field.,casual,
WanwanClashExStage:504:226,Cascade Kingdom,WanwanClashExStage,Nice Shots with Chain Chomps,subarea,Very Nice Shot with the Chain Chomp!,WanwanClashExStage:504:226,504,226,ShineFlag_None,WanwanClashExStage::entrance::WanwanExGoal::sub_far,,Wanwan,WorldPeace_Cascade,MoonRockActive_Cascade,primary,unrated,,"captures=Chain Chomp | method_1(jump=Single Jump (258); cap_throw=Neutral Throw, Up Throw, Down Throw, Spin Throw; other=Capture)",true,ShineAddHeight,Common,-1,,0;1;10;11;12;13;14;2;3;4;5;6;7;8;9,-1,None,,20100.000,800.000,-100.000,WanwanClashExStageMap.szs;ShineInfo.szs,WanwanClashExStageMap.byml;ShineList_WaterfallWorldHomeStage.byml;ShinePosList.byml,15,16,-1,126,false,false,2;3;4;5;6;7,ステージスイッチ_ワンワンの穴,ワンワン ベリーナイスショット！,Use placement_stage_map_indices for StageMap availability and requirement_expr for local ability/capture needs. placement_scenario_no_values is the raw object ScenarioNo field.,casual,
WaterfallWorldHomeStage:2618:669,Cascade Kingdom,WaterfallWorldHomeStage,Cascade Kingdom,overworld,Cascade Kingdom Timer Challenge 1,WaterfallWorldHomeStage:2618:669,2618,669,ShineFlag_None,WaterfallWorldHomeStage::checkpoint::obj1724,,free,WorldPeace_Cascade,MoonRockActive_Cascade,primary,unrated,,"method_1(jump=Long Jump; cap_throw=Neutral Throw, Up Throw, Down Throw, Spin Throw; other=None) | method_2(jump=No Jump Needed; cap_throw=Neutral Throw, Up Throw, Down Throw, Spin Throw; other=Dive)",true,,,,,,,,,7050.000,876.575,2600.000,ShineInfo.szs,ShineList_WaterfallWorldHomeStage.byml;ShinePosList.byml,1,7,-1,78,false,false,2;3;4;7,帽子掛け（タイマー）,滝の国で チクタク・アスレチック １,Use placement_stage_map_indices for StageMap availability and requirement_expr for local ability/capture needs. placement_scenario_no_values is the raw object ScenarioNo field.,casual,
WaterfallWorldHomeStage:2691:670,Cascade Kingdom,WaterfallWorldHomeStage,Cascade Kingdom,overworld,Cascade Kingdom Timer Challenge 2,WaterfallWorldHomeStage:2691:670,2691,670,ShineFlag_None,WaterfallWorldHomeStage::checkpoint::obj601,,TripleJump | Backflip | SideFlip | Spin | GroundPoundJump | (DoubleJump & Dive) | (WallJump & Dive),WorldPeace_Cascade,MoonRockActive_Cascade,primary,unrated,,"method_1(jump=Backflip/Vault/Side Flip (496); cap_throw=Neutral Throw, Up Throw, Down Throw, Spin Throw; other=None) | method_2(jump=Long Jump) | method_3(jump=Long Jump)",true,,,,,,,,,-7848.880,6310.000,-1060.660,ShineInfo.szs,ShineList_WaterfallWorldHomeStage.byml;ShinePosList.byml,1,11,-1,78,false,false,2;3;4;7,帽子掛け（タイマー）,滝の国で チクタク・アスレチック ２,Use placement_stage_map_indices for StageMap availability and requirement_expr for local ability/capture needs. placement_scenario_no_values is the raw object ScenarioNo field.,casual,
WindBlowExStage:167:673,Cascade Kingdom,WindBlowExStage,Gusty Bridges,subarea,Across the Gusty Bridges,WindBlowExStage:167:673,167,673,ShineFlag_Extra,WindBlowExStage::entrance::WindBlowExStart::sub_near,,free,WorldPeace_Cascade,MoonRockActive_Cascade,primary,unrated,,"method_1(jump=Long Jump; cap_throw=Neutral Throw, Up Throw, Down Throw, Spin Throw; other=Ledge Grab) | method_2(jump=Single Jump (258); cap_throw=Neutral Throw, Up Throw, Down Throw, Spin Throw; other=None)",true,ShineAddHeight,Common,-1,,0;1;10;11;12;13;14;2;3;4;5;6;7;8;9,-1,None,,19551.504,-100.000,-2934.493,WindBlowExStageMap.szs;ShineInfo.szs,WindBlowExStageMap.byml;ShineList_WaterfallWorldHomeStage.byml;ShinePosList.byml,15,34,-1,8,false,true,4,シャイン【2m置き】,突風ブリッジを越えて,Use placement_stage_map_indices for StageMap availability and requirement_expr for local ability/capture needs. placement_scenario_no_values is the raw object ScenarioNo field.,casual,
WindBlowExStage:299:674,Cascade Kingdom,WindBlowExStage,Gusty Bridges,subarea,Flying Far Away from Gusty Bridges,WindBlowExStage:299:674,299,674,ShineFlag_Extra,WindBlowExStage::entrance::WindBlowExStart::sub_near,,free,WorldPeace_Cascade,MoonRockActive_Cascade,primary,unrated,,"method_1(jump=Long Jump; cap_throw=Neutral Throw, Up Throw, Down Throw, Spin Throw; other=Ledge Grab) | method_2(jump=Single Jump (258); cap_throw=Neutral Throw, Up Throw, Down Throw, Spin Throw; other=None)",true,ShineAddHeight,Common,-1,,0;1;10;11;12;13;14;2;3;4;5;6;7;8;9,-1,None,,10600.000,1000.000,-15000.000,WindBlowExStageMap.szs;ShineInfo.szs,WindBlowExStageMap.byml;ShineList_WaterfallWorldHomeStage.byml;ShinePosList.byml,15,37,-1,8,false,true,4,ステージスイッチ_帽子スイッチ,とんでけ 突風ブリッジ,Use placement_stage_map_indices for StageMap availability and requirement_expr for local ability/capture needs. placement_scenario_no_values is the raw object ScenarioNo field.,casual,
WaterfallWorldHomeStage:2741:708,Cascade Kingdom,WaterfallWorldHomeStage,Cascade Kingdom,overworld,Cascade Kingdom Regular Cup,WaterfallWorldHomeStage:2741:708,2741,708,ShineFlag_None,WaterfallWorldHomeStage::checkpoint::obj1724,,LongJump | Roll | Spin | TripleJump | Dive | LedgeGrab | WallJump | Vault,WorldPeace_Cascade,MoonRockActive_Cascade,primary,unrated,,method_1(jump=Long Jump; cap_throw=No Cap Throw Needed; other=None),true,,,,,,,,,12232.900,548.910,3040.560,ShineInfo.szs,ShineList_WaterfallWorldHomeStage.byml;ShinePosList.byml,1,21,-1,12,false,false,3;4,駆けっこ開始Npc,滝の国 レギュラーカップ,Use placement_stage_map_indices for StageMap availability and requirement_expr for local ability/capture needs. placement_scenario_no_values is the raw object ScenarioNo field.,casual,
WaterfallWorldHomeStage:2778:770,Cascade Kingdom,WaterfallWorldHomeStage,Cascade Kingdom,overworld,Taking Notes: Hurry Upward,WaterfallWorldHomeStage:2778:770,2778,770,ShineFlag_Extra,WaterfallWorldHomeStage::checkpoint::obj1724,,free,WorldPeace_Cascade,MoonRockActive_Cascade,primary,unrated,,method_1(jump=Single Jump (258); cap_throw=No Cap Throw Needed; other=None),true,,,,,,,,,1979.900,3800.000,-2262.740,ShineInfo.szs,ShineList_WaterfallWorldHomeStage.byml;ShinePosList.byml,1,31,-1,8,false,true,4,音符オブジェ2D(1つ目)_2D,上へ急いで 音符集め,Use placement_stage_map_indices for StageMap availability and requirement_expr for local ability/capture needs. placement_scenario_no_values is the raw object ScenarioNo field.,casual,
WaterfallWorldHomeStage:2819:822,Cascade Kingdom,WaterfallWorldHomeStage,Cascade Kingdom,overworld,Under the Ground,WaterfallWorldHomeStage:2819:822,2819,822,ShineFlag_Extra,WaterfallWorldHomeStage::checkpoint::obj1724,,(TRex & GroundPound),WorldPeace_Cascade,MoonRockActive_Cascade,primary,unrated,,"captures=Dino, Tank, Coin Coffer, Hammer Bro, Chargin' Chuck, Bullet Bill, Cheep-Cheep | method_1(jump=Single Jump (258); cap_throw=No Cap Throw Needed; other=Capture, Ground Pound)",true,,,,,,,,,-2300.000,3750.000,9800.000,ShineInfo.szs,ShineList_WaterfallWorldHomeStage.byml;ShinePosList.byml,1,29,-1,8,false,true,4,ここ掘れポイント,くずれ岩の下に,Use placement_stage_map_indices for StageMap availability and requirement_expr for local ability/capture needs. placement_scenario_no_values is the raw object ScenarioNo field.,casual,
WaterfallWorldHomeStage:2821:823,Cascade Kingdom,WaterfallWorldHomeStage,Cascade Kingdom,overworld,Under the Old Electrical Pole,WaterfallWorldHomeStage:2821:823,2821,823,ShineFlag_Extra,WaterfallWorldHomeStage::checkpoint::obj1724,,(TRex & GroundPound),WorldPeace_Cascade,MoonRockActive_Cascade,primary,unrated,,"captures=Dino, Tank, Coin Coffer, Hammer Bro, Chargin' Chuck, Chain Chomp, Bullet Bill | method_1(jump=Single Jump (258); cap_throw=No Cap Throw Needed; other=Capture, Ground Pound)",true,,,,,,,,,13550.000,732.407,6450.000,ShineInfo.szs,ShineList_WaterfallWorldHomeStage.byml;ShinePosList.byml,1,25,-1,8,false,true,4,ここ掘れポイント,古い電柱の中から,Use placement_stage_map_indices for StageMap availability and requirement_expr for local ability/capture needs. placement_scenario_no_values is the raw object ScenarioNo field.,casual,
WaterfallWorldHomeStage:2823:825,Cascade Kingdom,WaterfallWorldHomeStage,Cascade Kingdom,overworld,Guarded by a Colossal Fossil,WaterfallWorldHomeStage:2823:825,2823,825,ShineFlag_Extra,WaterfallWorldHomeStage::checkpoint::obj601,,free,WorldPeace_Cascade,MoonRockActive_Cascade,primary,unrated,,"method_1(jump=Single Jump (258); cap_throw=Neutral Throw, Down Throw, Spin Throw; other=None)",true,,,,,,,,,-853.559,6012.700,3228.570,ShineInfo.szs,ShineList_WaterfallWorldHomeStage.byml;ShinePosList.byml,1,32,-1,8,false,true,4,帽子ひっかけポイント,巨大化石に守られて,Use placement_stage_map_indices for StageMap availability and requirement_expr for local ability/capture needs. placement_scenario_no_values is the raw object ScenarioNo field.,casual,
WaterfallWorldHomeStage:2824:826,Cascade Kingdom,WaterfallWorldHomeStage,Cascade Kingdom,overworld,"Just a Hat, Skip, and a Jump",WaterfallWorldHomeStage:2824:826,2824,826,ShineFlag_Extra,WaterfallWorldHomeStage::checkpoint::obj1724,,free,WorldPeace_Cascade,MoonRockActive_Cascade,primary,unrated,,"method_1(jump=Long Jump; cap_throw=Neutral Throw, Up Throw, Down Throw, Spin Throw; other=None)",true,ShineAddByRock,G,-1,,3,-1,None,,8144.415,3450.000,-9700.050,WaterfallWorldHomeStageMap.szs;ShineInfo.szs,WaterfallWorldHomeStageMap.byml;ShineList_WaterfallWorldHomeStage.byml;ShinePosList.byml,1,28,-1,8,false,true,4,シャイン【月の石追加版】,帽子を投げて とび移れ,Use placement_stage_map_indices for StageMap availability and requirement_expr for local ability/capture needs. placement_scenario_no_values is the raw object ScenarioNo field.,casual,
WaterfallWorldHomeStage:2898:866,Cascade Kingdom,WaterfallWorldHomeStage,Cascade Kingdom,overworld,Caveman Cave-Fan,WaterfallWorldHomeStage:2898:866,2898,866,ShineFlag_None,WaterfallWorldHomeStage::checkpoint::obj601,,free,WorldPeace_Cascade,MoonRockActive_Cascade,primary,unrated,,method_1(jump=Single Jump (258); cap_throw=No Cap Throw Needed; other=Outfit),true,,,,,,,,,-6150.000,6310.000,450.000,ShineInfo.szs,ShineList_WaterfallWorldHomeStage.byml;ShinePosList.byml,1,22,-1,44,false,false,3;4;6,帽子の民,発見！？ 原始人,Use placement_stage_map_indices for StageMap availability and requirement_expr for local ability/capture needs. placement_scenario_no_values is the raw object ScenarioNo field.,casual,
WaterfallWorldHomeStage:2947:894,Cascade Kingdom,WaterfallWorldHomeStage,Cascade Kingdom,overworld,Cascade Kingdom Master Cup,WaterfallWorldHomeStage:2947:894,2947,894,ShineFlag_Extra,WaterfallWorldHomeStage::checkpoint::obj1724,,LongJump | Roll | Spin | TripleJump | Dive | LedgeGrab | WallJump | Vault,WorldPeace_Cascade,MoonRockActive_Cascade,primary,unrated,,method_1(jump=Long Jump; cap_throw=No Cap Throw Needed; other=None),true,,,,,,,,,12232.900,548.910,3040.560,ShineInfo.szs,ShineList_WaterfallWorldHomeStage.byml;ShinePosList.byml,1,24,-1,8,false,true,4,駆けっこ開始Npc,滝の国 マスターカップ,Use placement_stage_map_indices for StageMap availability and requirement_expr for local ability/capture needs. placement_scenario_no_values is the raw object ScenarioNo field.,casual,
WaterfallWorldHomeStage:2423:906,Cascade Kingdom,WaterfallWorldHomeStage,Cascade Kingdom,overworld,A Tourist in the Cascade Kingdom,WaterfallWorldHomeStage:2423:906,2423,906,ShineFlag_None,WaterfallWorldHomeStage::checkpoint::obj1724,,(KingdomAccess_Sand & KingdomAccess_Metro),WorldPeace_Cascade,MoonRockActive_Cascade,primary,unrated,,method_1(jump=No Jump Needed; cap_throw=No Cap Throw Needed; other=Other Kingdom Trigger),true,,,,,,,,,11950.000,498.666,2400.000,ShineInfo.szs,ShineList_WaterfallWorldHomeStage.byml;ShinePosList.byml,1,8,-1,78,false,false,2;3;4;7,世界旅行NPC,滝の国に 来たっすな！,Use placement_stage_map_indices for StageMap availability and requirement_expr for local ability/capture needs. placement_scenario_no_values is the raw object ScenarioNo field.,casual,
WaterfallWorldHomeStage:3110:1004,Cascade Kingdom,WaterfallWorldHomeStage,Cascade Kingdom,overworld,Rolling Rock by the Falls,WaterfallWorldHomeStage:3110:1004,3110,1004,ShineFlag_None,WaterfallWorldHomeStage::checkpoint::obj1724,,free,WorldPeace_Cascade,MoonRockActive_Cascade,primary,unrated,,method_1(jump=No Jump Needed; cap_throw=No Cap Throw Needed; other=None),true,KickStone,L,,,2;3;4;5;6,,,,-1400.000,1650.000,4100.000,WaterfallWorldHomeStageMap.szs;ShineInfo.szs,WaterfallWorldHomeStageMap.byml;ShineList_WaterfallWorldHomeStage.byml;ShinePosList.byml,5,19,-1,124,false,false,3;4;5;6;7,キック小石,キック！ 滝の石コロ,Use placement_stage_map_indices for StageMap availability and requirement_expr for local ability/capture needs. placement_scenario_no_values is the raw object ScenarioNo field.,casual,
WaterfallWorldHomeStage:3208:1041,Cascade Kingdom,WaterfallWorldHomeStage,Cascade Kingdom,overworld,Sphynx Traveling to the Waterfall,WaterfallWorldHomeStage:3208:1041,3208,1041,ShineFlag_None,WaterfallWorldHomeStage::checkpoint::obj1724,,Fukankun,WorldPeace_Cascade,MoonRockActive_Cascade,primary,unrated,,"captures=Locked behind Default Capture | method_1(jump=No Jump Needed; cap_throw=Neutral Throw, Up Throw, Down Throw, Spin Throw; other=Capture)",true,,,,,,,,,13450.000,853.567,7600.000,ShineInfo.szs,ShineList_WaterfallWorldHomeStage.byml;ShinePosList.byml,1,23,-1,12,false,false,3;4,空飛ぶスフィンクス,滝を旅する スフィン・クイズ,Use placement_stage_map_indices for StageMap availability and requirement_expr for local ability/capture needs. placement_scenario_no_values is the raw object ScenarioNo field.,casual,
TrexPoppunExStage:169:1115,Cascade Kingdom,TrexPoppunExStage,Dinosaur Nest,subarea,Dinosaur Nest: Running Wild!,TrexPoppunExStage:169:1115,169,1115,ShineFlag_None,TrexPoppunExStage::entrance::RexPoppunEx::sub_near,,TRex,WorldPeace_Cascade,MoonRockActive_Cascade,primary,unrated,,"captures=Dino | method_1(cap_throw=Neutral Throw, Up Throw, Down Throw, Spin Throw; other=Capture)",true,,,,,,,,,4250.000,2165.400,8250.000,ShineInfo.szs,ShineList_WaterfallWorldHomeStage.byml;ShinePosList.byml,1,12,-1,78,false,false,2;3;4;7,滝のワールド壊れパーツ006,大あばれ！ 恐竜の巣,Use placement_stage_map_indices for StageMap availability and requirement_expr for local ability/capture needs. placement_scenario_no_values is the raw object ScenarioNo field.,casual,
TrexPoppunExStage:18:1116,Cascade Kingdom,TrexPoppunExStage,Dinosaur Nest,subarea,Dinosaur Nest: Big Cleanup!,TrexPoppunExStage:18:1116,18,1116,ShineFlag_None,TrexPoppunExStage::entrance::RexPoppunEx::sub_near,,free,WorldPeace_Cascade,MoonRockActive_Cascade,primary,unrated,,"captures=Dino | method_1(cap_throw=Neutral Throw, Up Throw, Down Throw, Spin Throw; other=Capture) | method_2(cap_throw=Neutral Throw, Up Throw, Down Throw, Spin Throw; other=Capture) | method_3(jump=Long Jump)",true,ShineAddHeight,Common,-1,,0;1;10;11;12;13;14;2;3;4;5;6;7;8;9,-1,None,,150.000,-100.000,-950.000,TrexPoppunExStageMap.szs;ShineInfo.szs,TrexPoppunExStageMap.byml;ShineList_WaterfallWorldHomeStage.byml;ShinePosList.byml,15,15,-1,78,false,false,2;3;4;7,ステージスイッチ_ANDスイッチ,大そうじ！ 恐竜の巣,Use placement_stage_map_indices for StageMap availability and requirement_expr for local ability/capture needs. placement_scenario_no_values is the raw object ScenarioNo field.,casual,
WaterfallWorldHomeStage:3284:1145,Cascade Kingdom,WaterfallWorldHomeStage,Cascade Kingdom,overworld,On Top of the Rubble,WaterfallWorldHomeStage:3284:1145,3284,1145,ShineFlag_None,WaterfallWorldHomeStage::checkpoint::obj1724,,free,WorldPeace_Cascade,MoonRockActive_Cascade,primary,unrated,,method_1(jump=No Jump Needed; cap_throw=No Cap Throw Needed; other=None),true,ShineAddHeight,M,-1,,1;2;3;6,-1,None,,11550.000,873.633,-1450.000,WaterfallWorldHomeStageMap.szs;ShineInfo.szs,WaterfallWorldHomeStageMap.byml;ShineList_WaterfallWorldHomeStage.byml;ShinePosList.byml,4,2,-1,78,false,false,2;3;4;7,シャイン【2m置き】,ガラクタの上で,Use placement_stage_map_indices for StageMap availability and requirement_expr for local ability/capture needs. placement_scenario_no_values is the raw object ScenarioNo field.,casual,
WaterfallWorldHomeStage:3523:1167,Cascade Kingdom,WaterfallWorldHomeStage,Cascade Kingdom,overworld,Inside the Busted Fossil,WaterfallWorldHomeStage:3523:1167,3523,1167,ShineFlag_Extra,WaterfallWorldHomeStage::checkpoint::obj601,,Wanwan,WorldPeace_Cascade,MoonRockActive_Cascade,primary,unrated,,"captures=Tank, Chain Chomp, Dino, Coin Coffer, Chargin' Chuck, Bullet Bill, Hammer Bro | method_1(jump=Single Jump (258); cap_throw=No Cap Throw Needed; other=Capture)",true,,,,,,,,,317.162,6100.000,-2601.120,ShineInfo.szs,ShineList_WaterfallWorldHomeStage.byml;ShinePosList.byml,1,39,-1,8,false,true,4,滝のワールドホーム壊れる骨001,くずれた化石の中から,Use placement_stage_map_indices for StageMap availability and requirement_expr for local ability/capture needs. placement_scenario_no_values is the raw object ScenarioNo field.,casual,
CloudWorldHomeStage:156:851,Cloud Kingdom,CloudWorldHomeStage,Cloud Kingdom,overworld,Digging in the...Cloud?,CloudWorldHomeStage:156:851,156,851,ShineFlag_Extra,CloudWorldHomeStage::start,,GroundPound,WorldPeace_Cloud,MoonRockActive_Cloud,primary,unrated,,method_1(jump=Ground Pound Jump (514); cap_throw=No Cap Throw Needed; other=Ground Pound),true,,,,,,,,,2800.000,300.000,2800.000,ShineInfo.szs,ShineList_CloudWorldHomeStage.byml;ShinePosList.byml,1,2,-1,8,false,true,4,ここ掘れポイント,雲の中で みーつけた！,Use placement_stage_map_indices for StageMap availability and requirement_expr for local ability/capture needs. placement_scenario_no_values is the raw object ScenarioNo field.,casual,
CloudWorldHomeStage:138:852,Cloud Kingdom,CloudWorldHomeStage,Cloud Kingdom,overworld,"High, High Above the Clouds",CloudWorldHomeStage:138:852,138,852,ShineFlag_Extra,CloudWorldHomeStage::start,,GroundPound,WorldPeace_Cloud,MoonRockActive_Cloud,primary,unrated,,"method_1(jump=Single Jump (258); cap_throw=Neutral Throw, Up Throw, Down Throw, Spin Throw; other=Ground Pound)",true,ShineAddByRock,A,-1,,3,-1,None,,-2350.000,3350.000,0.000,CloudWorldHomeStageMap.szs;ShineInfo.szs,CloudWorldHomeStageMap.byml;ShineList_CloudWorldHomeStage.byml;ShinePosList.byml,1,3,-1,8,false,true,4,シャイン【月の石追加版】,高い高い 雲の上,Use placement_stage_map_indices for StageMap availability and requirement_expr for local ability/capture needs. placement_scenario_no_values is the raw object ScenarioNo field.,casual,
CloudWorldHomeStage:154:853,Cloud Kingdom,CloudWorldHomeStage,Cloud Kingdom,overworld,Crossing the Cloud Sea,CloudWorldHomeStage:154:853,154,853,ShineFlag_Extra,CloudWorldHomeStage::start,,free,WorldPeace_Cloud,MoonRockActive_Cloud,primary,unrated,,method_1(jump=Single Jump (258); cap_throw=Neutral Throw; other=None) | method_2(jump=Cap Return Jump (400); cap_throw=Neutral Throw; other=Dive),true,,,,,,,,,-850.000,-747.000,-15700.000,ShineInfo.szs,ShineList_CloudWorldHomeStage.byml;ShinePosList.byml,1,4,-1,8,false,true,4,鍵付き宝箱,雲の海を かきわけて,Use placement_stage_map_indices for StageMap availability and requirement_expr for local ability/capture needs. placement_scenario_no_values is the raw object ScenarioNo field.,casual,
Cube2DExStage:38:914,Cloud Kingdom,Cube2DExStage,2D Cube,subarea,King of the Cube!,Cube2DExStage:38:914,38,914,ShineFlag_Extra,Cube2DExStage::entrance::cube::sub_near,,free,WorldPeace_Cloud,MoonRockActive_Cloud,primary,unrated,,method_1(jump=Single Jump (258); cap_throw=No Cap Throw Needed; other=Crouch),true,,,,,,,,,-3200.000,200.000,3200.000,ShineInfo.szs,ShineList_CloudWorldHomeStage.byml;ShinePosList.byml,1,6,-1,8,false,true,4,シャインチップ全取得監視者,キング オブ キューブ,Use placement_stage_map_indices for StageMap availability and requirement_expr for local ability/capture needs. placement_scenario_no_values is the raw object ScenarioNo field.,casual,
Cube2DExStage:251:915,Cloud Kingdom,Cube2DExStage,2D Cube,subarea,The Sixth Face,Cube2DExStage:251:915,251,915,ShineFlag_Extra,Cube2DExStage::entrance::cube::sub_near,,free,WorldPeace_Cloud,MoonRockActive_Cloud,primary,unrated,,method_1(jump=Single Jump (258); cap_throw=No Cap Throw Needed; other=Crouch),true,ShineDot,Common,,,0;1;10;11;12;13;14;2;3;4;5;6;7;8;9,,None,,2550.000,3500.000,-2800.000,Cube2DExStageMap.szs;ShineInfo.szs,Cube2DExStageMap.byml;ShineList_CloudWorldHomeStage.byml;ShinePosList.byml,15,7,-1,8,false,true,4,シャインドット_2D,登ってジャンプ！ とうめいブロック,Use placement_stage_map_indices for StageMap availability and requirement_expr for local ability/capture needs. placement_scenario_no_values is the raw object ScenarioNo field.,casual,
FukuwaraiKuriboStage:116:982,Cloud Kingdom,FukuwaraiKuriboStage,Picture Match,subarea,Picture Match: Basically a Goomba,FukuwaraiKuriboStage:116:982,116,982,ShineFlag_None,FukuwaraiKuriboStage::entrance::Fukuwarai::sub_near,,FukuwaraiFacePartsKuribo,WorldPeace_Cloud,MoonRockActive_Cloud,primary,unrated,,"captures=Locked behind Default Capture | method_1(jump=Single Jump (258); cap_throw=Neutral Throw, Down Throw, Spin Throw; other=Crouch, Capture)",true,,,,,,,,,0.000,273.642,0.000,ShineInfo.szs,ShineList_CloudWorldHomeStage.byml;ShinePosList.byml,1,0,-1,14,false,false,2;3;4,福笑いNPC,似てる？ 絵あわせクリボー,Use placement_stage_map_indices for StageMap availability and requirement_expr for local ability/capture needs. placement_scenario_no_values is the raw object ScenarioNo field.,casual,
FukuwaraiKuriboStage:117:983,Cloud Kingdom,FukuwaraiKuriboStage,Picture Match,subarea,Picture Match: A Stellar Goomba,FukuwaraiKuriboStage:117:983,117,983,ShineFlag_Extra,FukuwaraiKuriboStage::entrance::Fukuwarai::sub_near,,FukuwaraiFacePartsKuribo,WorldPeace_Cloud,MoonRockActive_Cloud,primary,unrated,,,true,,,,,,,,,0.000,273.642,0.000,ShineInfo.szs,ShineList_CloudWorldHomeStage.byml;ShinePosList.byml,1,5,-1,14,false,true,2;3;4,福笑いNPC,そっくり！ 絵あわせクリボー,Use placement_stage_map_indices for StageMap availability and requirement_expr for local ability/capture needs. placement_scenario_no_values is the raw object ScenarioNo field.,casual,
CloudWorldHomeStage:130:1118,Cloud Kingdom,CloudWorldHomeStage,Cloud Kingdom,overworld,Peach in the Cloud Kingdom,CloudWorldHomeStage:130:1118,130,1118,ShineFlag_None,CloudWorldHomeStage::start,,KingdomAccess_Mushroom,WorldPeace_Cloud,MoonRockActive_Cloud,primary,unrated,,"method_1(jump=Single Jump (258); cap_throw=Spin Throw, Neutral Throw)",true,,,,,,,,,3200.000,145.980,-3200.000,ShineInfo.szs,ShineList_CloudWorldHomeStage.byml;ShinePosList.byml,1,1,-1,12,false,false,3;4,世界旅行ピーチ,雲の国で ピーチ姫,Use placement_stage_map_indices for StageMap availability and requirement_expr for local ability/capture needs. placement_scenario_no_values is the raw object ScenarioNo field.,casual,
CloudWorldHomeStage:392:1160,Cloud Kingdom,CloudWorldHomeStage,Cloud Kingdom,overworld,Taking Notes: Up and Down,CloudWorldHomeStage:392:1160,392,1160,ShineFlag_Extra,CloudWorldHomeStage::start,,GroundPound,WorldPeace_Cloud,MoonRockActive_Cloud,primary,unrated,,"method_1(jump=Single Jump (258); cap_throw=Neutral Throw; other=Ground Pound, Homing Cap)",true,,,,,,,,,8650.000,4350.000,0.000,ShineInfo.szs,ShineList_CloudWorldHomeStage.byml;ShinePosList.byml,1,8,-1,8,false,true,4,音符オブジェ(1つ目),上がって 下がって 音符集め,Use placement_stage_map_indices for StageMap availability and requirement_expr for local ability/capture needs. placement_scenario_no_values is the raw object ScenarioNo field.,casual,
Special1WorldHomeStage:130:1055,Dark Side,Special1WorldHomeStage,Dark Side,overworld,Arrival at Rabbit Ridge!,Special1WorldHomeStage:130:1055,130,1055,ShineFlag_Story | ShineFlag_Multi,Special1WorldHomeStage::entrance::CapThrowerRoomStart::home_in,,(ElectricWire & GroundPound) | (ElectricWire & HammerBros) | (ElectricWire & Vault & Dive & NeutralThrow & GroundPound) | (ElectricWire & GroundPound & Backflip) | (GroundPound & Dive & UpThrow & ElectricWire),WorldPeace_Dark,MoonRockActive_Dark,primary,unrated,,"captures=Wire, Hammer Bro | method_1(jump=Single Jump (258); cap_throw=Neutral Throw, Up Throw, Down Throw, Spin Throw; other=Capture, Ground Pound) | method_2(jump=Single Jump (258); cap_throw=Neutral Throw, Up Throw, Down Throw, Spin Throw; other=Capture)",true,,,,,,,,,3850.000,23700.000,-20000.000,ShineInfo.szs,ShineList_Special1WorldHomeStage.byml;ShinePosList.byml,1,23,0,3,true,false,1;2,ゴーレムクライム,決着！ ラビットクレーター,Use placement_stage_map_indices for StageMap availability and requirement_expr for local ability/capture needs. placement_scenario_no_values is the raw object ScenarioNo field.,expert;casual;casual;advanced;advanced,"1,2,3,4,5"
KillerRoadNoCapExStage:3:1062,Dark Side,KillerRoadNoCapExStage,Breakdown Road Capless,subarea,Breakdown Road: Hurry!,KillerRoadNoCapExStage:3:1062,3,1062,ShineFlag_None,KillerRoadNoCapExStage::entrance::KillerRoadNoCapEx::sub_near,,LongJump,WorldPeace_Dark,MoonRockActive_Dark,primary,unrated,,"method_1(jump=Single Jump (258); cap_throw=Neutral Throw, Up Throw, Down Throw, Spin Throw; other=None)",true,,,,,,,,,-21350.000,14250.000,25000.000,ShineInfo.szs,ShineList_Special1WorldHomeStage.byml;ShinePosList.byml,1,11,-1,2,false,false,2,鍵付き宝箱,ゴーゴー！ くずれ道,Use placement_stage_map_indices for StageMap availability and requirement_expr for local ability/capture needs. placement_scenario_no_values is the raw object ScenarioNo field.,casual,
KillerRoadNoCapExStage:5:1063,Dark Side,KillerRoadNoCapExStage,Breakdown Road Capless,subarea,Breakdown Road: Final Challenge!,KillerRoadNoCapExStage:5:1063,5,1063,ShineFlag_None,KillerRoadNoCapExStage::entrance::KillerRoadNoCapEx::sub_near,,Dive | LongJump | (TripleJump & WallJump & LedgeGrab),WorldPeace_Dark,MoonRockActive_Dark,primary,unrated,,"method_1(jump=Single Jump (258); cap_throw=Neutral Throw, Up Throw, Down Throw, Spin Throw; other=None)",true,Shine,Scenario2,-1,,1,-1,None,,0.000,100.000,-1100.000,KillerRoadNoCapExStageMap.szs;ShineInfo.szs,KillerRoadNoCapExStageMap.byml;ShineList_Special1WorldHomeStage.byml;ShinePosList.byml,1,17,-1,2,false,false,2,シャイン,チャレンジ！ くずれ道,Use placement_stage_map_indices for StageMap availability and requirement_expr for local ability/capture needs. placement_scenario_no_values is the raw object ScenarioNo field.,casual;advanced;expert,
BikeSteelNoCapExStage:5:1064,Dark Side,BikeSteelNoCapExStage,Vanishing Road Capless,subarea,Vanishing Road Challenge,BikeSteelNoCapExStage:5:1064,5,1064,ShineFlag_None,BikeSteelNoCapExStage::entrance::BikeSteelNoCapEx::sub_near,,LongJump | RollBoost | (RollBoost & LongJump),WorldPeace_Dark,MoonRockActive_Dark,primary,unrated,,"method_1(jump=Single Jump (258); cap_throw=Neutral Throw, Up Throw, Down Throw, Spin Throw; other=Roll Boost)",true,ShineAddByRock,Scenario2,-1,,1,-1,None,,-46500.000,5300.000,-16100.000,BikeSteelNoCapExStageMap.szs;ShineInfo.szs,BikeSteelNoCapExStageMap.byml;ShineList_Special1WorldHomeStage.byml;ShinePosList.byml,1,16,-1,2,false,false,2,シャイン【月の石追加版】,チャレンジ！ 消える道路,Use placement_stage_map_indices for StageMap availability and requirement_expr for local ability/capture needs. placement_scenario_no_values is the raw object ScenarioNo field.,advanced;advanced;casual,"1,2,3,4,5"
BikeSteelNoCapExStage:6:1065,Dark Side,BikeSteelNoCapExStage,Vanishing Road Capless,subarea,Vanishing Road Rush,BikeSteelNoCapExStage:6:1065,6,1065,ShineFlag_None,BikeSteelNoCapExStage::entrance::BikeSteelNoCapEx_Exit::sub_far,,free,WorldPeace_Dark,MoonRockActive_Dark,primary,unrated,,"method_1(jump=Single Jump (258); cap_throw=Neutral Throw, Up Throw, Down Throw, Spin Throw; other=Roll Boost)",true,ShineAddByRockAddHeight,Scenario2,-1,,1,-1,None,,-47700.000,1550.000,-31700.000,BikeSteelNoCapExStageMap.szs;ShineInfo.szs,BikeSteelNoCapExStageMap.byml;ShineList_Special1WorldHomeStage.byml;ShinePosList.byml,1,22,-1,2,false,false,2,シャイン【月の石追加版2m】,ゴーゴー！ 消える道路,Use placement_stage_map_indices for StageMap availability and requirement_expr for local ability/capture needs. placement_scenario_no_values is the raw object ScenarioNo field.,casual,
ShootingCityYoshiExStage:3:1066,Dark Side,ShootingCityYoshiExStage,Yoshi Under Siege,subarea,Yoshi Under Siege,ShootingCityYoshiExStage:3:1066,3,1066,ShineFlag_None,ShootingCityYoshiExStage::entrance::taxi::sub_near,,Yoshi,WorldPeace_Dark,MoonRockActive_Dark,primary,unrated,,"captures=Yoshi | method_1(jump=Single Jump (258); cap_throw=Neutral Throw, Up Throw, Down Throw, Spin Throw; other=Capture)",true,,,,,,,,,2300.000,-2300.000,5700.000,ShineInfo.szs,ShineList_Special1WorldHomeStage.byml;ShinePosList.byml,1,14,-1,2,false,false,2,ヨッシーフルーツ用シャイン保持,砲撃の中のヨッシー,Use placement_stage_map_indices for StageMap availability and requirement_expr for local ability/capture needs. placement_scenario_no_values is the raw object ScenarioNo field.,casual,
ShootingCityYoshiExStage:4:1067,Dark Side,ShootingCityYoshiExStage,Yoshi Under Siege,subarea,Fruit Feast Under Siege,ShootingCityYoshiExStage:4:1067,4,1067,ShineFlag_None,ShootingCityYoshiExStage::entrance::taxi::sub_near,,Yoshi,WorldPeace_Dark,MoonRockActive_Dark,primary,unrated,,"captures=Yoshi | method_1(jump=Single Jump (258); cap_throw=Neutral Throw, Up Throw, Down Throw, Spin Throw; other=Capture)",true,,,,,,,,,2300.000,-2300.000,5700.000,ShineInfo.szs,ShineList_Special1WorldHomeStage.byml;ShinePosList.byml,1,20,-1,2,false,false,2,ヨッシーフルーツ用シャイン保持,砲撃の中で ごちそうさま！,Use placement_stage_map_indices for StageMap availability and requirement_expr for local ability/capture needs. placement_scenario_no_values is the raw object ScenarioNo field.,casual,
PackunPoisonNoCapExStage:9:1068,Dark Side,PackunPoisonNoCapExStage,Invisible Road Capless,subarea,Invisible Road: Secret!,PackunPoisonNoCapExStage:9:1068,9,1068,ShineFlag_None,PackunPoisonNoCapExStage::entrance::PackunPoisonNoCapEx::sub_near,,Roll | GroundPound,WorldPeace_Dark,MoonRockActive_Dark,primary,unrated,,"method_1(jump=Single Jump (258); cap_throw=Neutral Throw, Up Throw, Down Throw, Spin Throw; other=None)",true,TreasureBox,Scenario2,,,1,,None,,6650.000,600.000,-4100.000,PackunPoisonNoCapExStageMap.szs;ShineInfo.szs,PackunPoisonNoCapExStageMap.byml;ShineList_Special1WorldHomeStage.byml;ShinePosList.byml,1,15,-1,2,false,false,2,宝箱,チャレンジ！ とうめいロード,Use placement_stage_map_indices for StageMap availability and requirement_expr for local ability/capture needs. placement_scenario_no_values is the raw object ScenarioNo field.,casual,
PackunPoisonNoCapExStage:4:1069,Dark Side,PackunPoisonNoCapExStage,Invisible Road Capless,subarea,Invisible Road: Rush!,PackunPoisonNoCapExStage:4:1069,4,1069,ShineFlag_None,PackunPoisonNoCapExStage::entrance::PackunPoisonNoCapEx::sub_near,,free,WorldPeace_Dark,MoonRockActive_Dark,primary,unrated,,"method_1(jump=Single Jump (258); cap_throw=Neutral Throw, Up Throw, Down Throw, Spin Throw; other=None)",true,ShineAddHeight,Scenario2,-1,,1,-1,None,,2750.000,800.000,2300.000,PackunPoisonNoCapExStageMap.szs;ShineInfo.szs,PackunPoisonNoCapExStageMap.byml;ShineList_Special1WorldHomeStage.byml;ShinePosList.byml,1,21,-1,2,false,false,2,シャイン【2m置き】,ゴーゴー！ とうめいロード,Use placement_stage_map_indices for StageMap availability and requirement_expr for local ability/capture needs. placement_scenario_no_values is the raw object ScenarioNo field.,casual,
SenobiTowerYoshiExStage:26:1070,Dark Side,SenobiTowerYoshiExStage,Yoshi on the Sinking Island,subarea,Yoshi on the Sinking Island,SenobiTowerYoshiExStage:26:1070,26,1070,ShineFlag_None,SenobiTowerYoshiExStage::place::new_place,,Yoshi,WorldPeace_Dark,MoonRockActive_Dark,primary,unrated,,"captures=Yoshi | method_1(jump=Single Jump (258); cap_throw=Neutral Throw, Up Throw, Down Throw, Spin Throw; other=Capture)",true,,,,,,,,,1750.000,-2000.000,5000.000,ShineInfo.szs,ShineList_Special1WorldHomeStage.byml;ShinePosList.byml,1,13,-1,2,false,false,2,ヨッシーフルーツ用シャイン保持,沈む島のヨッシー,Use placement_stage_map_indices for StageMap availability and requirement_expr for local ability/capture needs. placement_scenario_no_values is the raw object ScenarioNo field.,casual,
SenobiTowerYoshiExStage:25:1071,Dark Side,SenobiTowerYoshiExStage,Yoshi on the Sinking Island,subarea,Fruit Feast on the Sinking Island,SenobiTowerYoshiExStage:25:1071,25,1071,ShineFlag_None,SenobiTowerYoshiExStage::place::new_place,,Yoshi,WorldPeace_Dark,MoonRockActive_Dark,primary,unrated,,"captures=Yoshi | method_1(jump=Single Jump (258); cap_throw=Neutral Throw, Up Throw, Down Throw, Spin Throw; other=Capture)",true,,,,,,,,,1750.000,-2000.000,5000.000,ShineInfo.szs,ShineList_Special1WorldHomeStage.byml;ShinePosList.byml,1,19,-1,2,false,false,2,ヨッシーフルーツ用シャイン保持,沈む島で ごちそうさま！,Use placement_stage_map_indices for StageMap availability and requirement_expr for local ability/capture needs. placement_scenario_no_values is the raw object ScenarioNo field.,casual,
LavaWorldUpDownYoshiExStage:26:1082,Dark Side,LavaWorldUpDownYoshiExStage,Yoshi's Magma Swamp,subarea,Yoshi's Magma Swamp,LavaWorldUpDownYoshiExStage:26:1082,26,1082,ShineFlag_None,LavaWorldUpDownYoshiExStage::entrance::LavaWorldUpDownYoshiEx::sub_near,,Yoshi,WorldPeace_Dark,MoonRockActive_Dark,primary,unrated,,"captures=Yoshi | method_1(jump=Single Jump (258); cap_throw=Neutral Throw, Up Throw, Down Throw, Spin Throw; other=Capture)",true,,,,,,,,,-450.000,-650.000,10350.000,ShineInfo.szs,ShineList_Special1WorldHomeStage.byml;ShinePosList.byml,1,12,-1,2,false,false,2,ヨッシーフルーツ用シャイン保持,マグマ沼のヨッシー,Use placement_stage_map_indices for StageMap availability and requirement_expr for local ability/capture needs. placement_scenario_no_values is the raw object ScenarioNo field.,casual,
LavaWorldUpDownYoshiExStage:27:1083,Dark Side,LavaWorldUpDownYoshiExStage,Yoshi's Magma Swamp,subarea,Fruit Feast in the Magma Swamp,LavaWorldUpDownYoshiExStage:27:1083,27,1083,ShineFlag_None,LavaWorldUpDownYoshiExStage::entrance::LavaWorldUpDownYoshiEx::sub_near,,Yoshi,WorldPeace_Dark,MoonRockActive_Dark,primary,unrated,,,true,,,,,,,,,-450.000,-650.000,10350.000,ShineInfo.szs,ShineList_Special1WorldHomeStage.byml;ShinePosList.byml,1,18,-1,2,false,false,2,ヨッシーフルーツ用シャイン保持,マグマ沼で ごちそうさま！,Use placement_stage_map_indices for StageMap availability and requirement_expr for local ability/capture needs. placement_scenario_no_values is the raw object ScenarioNo field.,casual,
Special1WorldHomeStage:469:1122,Dark Side,Special1WorldHomeStage,Dark Side,overworld,Captain Toad on the Dark Side!,Special1WorldHomeStage:469:1122,469,1122,ShineFlag_None,Special1WorldHomeStage::place::new_place,,ElectricWire,WorldPeace_Dark,MoonRockActive_Dark,primary,unrated,,"captures=Wire | method_1(jump=No Jump Needed; cap_throw=Neutral Throw, Up Throw, Down Throw, Spin Throw; other=Capture)",true,,,,,,,,,2466.250,16600.000,-24650.000,ShineInfo.szs,ShineList_Special1WorldHomeStage.byml;ShinePosList.byml,1,0,-1,3,false,false,1;2,キノピオ隊長,月の裏でも！ キノピオ隊長,Use placement_stage_map_indices for StageMap availability and requirement_expr for local ability/capture needs. placement_scenario_no_values is the raw object ScenarioNo field.,casual,
Special1WorldHomeStage:475:1123,Dark Side,Special1WorldHomeStage,Dark Side,overworld,Found with Dark Side Art 8,Special1WorldHomeStage:475:1123,475,1123,ShineFlag_HintArt,Special1WorldHomeStage::place::new_place,,(KingdomAccess_Luncheon & GroundPound),WorldPeace_Dark,MoonRockActive_Dark,primary,unrated,,"method_1(jump=Long Jump; cap_throw=No Cap Throw Needed; other=Ground Pound, Other Kingdom Trigger)",true,HintPhoto,Scenario2,,,1,,,,2258.623,400.000,2824.609,Special1WorldHomeStageMap.szs;ShineInfo.szs,Special1WorldHomeStageMap.byml;ShineList_Special1WorldHomeStage.byml;ShinePosList.byml,1,8,-1,2,false,false,2,ヒント写真,月の国 裏で見つけた お宝写真 ８,Use placement_stage_map_indices for StageMap availability and requirement_expr for local ability/capture needs. placement_scenario_no_values is the raw object ScenarioNo field.,casual,
Special1WorldHomeStage:476:1124,Dark Side,Special1WorldHomeStage,Dark Side,overworld,Found with Dark Side Art 4,Special1WorldHomeStage:476:1124,476,1124,ShineFlag_HintArt,Special1WorldHomeStage::place::new_place,,(KingdomAccess_Cloud & GroundPound),WorldPeace_Dark,MoonRockActive_Dark,primary,unrated,,"method_1(jump=Long Jump; cap_throw=No Cap Throw Needed; other=Ground Pound, Other Kingdom Trigger)",true,HintPhoto,Scenario2,,,1,,,,2033.055,-850.000,7724.414,Special1WorldHomeStageMap.szs;ShineInfo.szs,Special1WorldHomeStageMap.byml;ShineList_Special1WorldHomeStage.byml;ShinePosList.byml,1,4,-1,2,false,false,2,ヒント写真,月の国 裏で見つけた お宝写真 ４,Use placement_stage_map_indices for StageMap availability and requirement_expr for local ability/capture needs. placement_scenario_no_values is the raw object ScenarioNo field.,casual,
Special1WorldHomeStage:478:1125,Dark Side,Special1WorldHomeStage,Dark Side,overworld,Found with Dark Side Art 10,Special1WorldHomeStage:478:1125,478,1125,ShineFlag_HintArt,Special1WorldHomeStage::place::new_place,,(KingdomAccess_Ruined & GroundPound),WorldPeace_Dark,MoonRockActive_Dark,primary,unrated,,"method_1(jump=Long Jump; cap_throw=No Cap Throw Needed; other=Ground Pound, Other Kingdom Trigger)",true,HintPhoto,Scenario2,,,1,,,,5900.000,800.000,1000.000,Special1WorldHomeStageMap.szs;ShineInfo.szs,Special1WorldHomeStageMap.byml;ShineList_Special1WorldHomeStage.byml;ShinePosList.byml,1,10,-1,2,false,false,2,ヒント写真,月の国 裏で見つけた お宝写真 １０,Use placement_stage_map_indices for StageMap availability and requirement_expr for local ability/capture needs. placement_scenario_no_values is the raw object ScenarioNo field.,casual,
Special1WorldHomeStage:480:1126,Dark Side,Special1WorldHomeStage,Dark Side,overworld,Found with Dark Side Art 7,Special1WorldHomeStage:480:1126,480,1126,ShineFlag_HintArt,Special1WorldHomeStage::place::new_place,,(KingdomAccess_Lost & GroundPound),WorldPeace_Dark,MoonRockActive_Dark,primary,unrated,,"method_1(jump=Long Jump; cap_throw=No Cap Throw Needed; other=Ground Pound, Other Kingdom Trigger)",true,HintPhoto,Scenario2,,,1,,,,5954.906,400.824,4948.358,Special1WorldHomeStageMap.szs;ShineInfo.szs,Special1WorldHomeStageMap.byml;ShineList_Special1WorldHomeStage.byml;ShinePosList.byml,1,7,-1,2,false,false,2,ヒント写真,月の国 裏で見つけた お宝写真 ７,Use placement_stage_map_indices for StageMap availability and requirement_expr for local ability/capture needs. placement_scenario_no_values is the raw object ScenarioNo field.,casual,
Special1WorldHomeStage:482:1127,Dark Side,Special1WorldHomeStage,Dark Side,overworld,Found with Dark Side Art 6,Special1WorldHomeStage:482:1127,482,1127,ShineFlag_HintArt,Special1WorldHomeStage::place::new_place,,(KingdomAccess_Seaside & GroundPound),WorldPeace_Dark,MoonRockActive_Dark,primary,unrated,,"method_1(jump=Long Jump; cap_throw=No Cap Throw Needed; other=Ground Pound, Other Kingdom Trigger)",true,HintPhoto,Scenario2,,,1,,,,3064.070,-205.273,7400.000,Special1WorldHomeStageMap.szs;ShineInfo.szs,Special1WorldHomeStageMap.byml;ShineList_Special1WorldHomeStage.byml;ShinePosList.byml,1,6,-1,2,false,false,2,ヒント写真,月の国 裏で見つけた お宝写真 ６,Use placement_stage_map_indices for StageMap availability and requirement_expr for local ability/capture needs. placement_scenario_no_values is the raw object ScenarioNo field.,casual,"1,2,3,4,5"
Special1WorldHomeStage:485:1128,Dark Side,Special1WorldHomeStage,Dark Side,overworld,Found with Dark Side Art 9,Special1WorldHomeStage:485:1128,485,1128,ShineFlag_HintArt,Special1WorldHomeStage::place::new_place,,(KingdomAccess_Lake & GroundPound),WorldPeace_Dark,MoonRockActive_Dark,primary,unrated,,"method_1(jump=Long Jump; cap_throw=No Cap Throw Needed; other=Ground Pound, Other Kingdom Trigger)",true,HintPhoto,Scenario2,,,1,,,,5550.094,350.000,3015.004,Special1WorldHomeStageMap.szs;ShineInfo.szs,Special1WorldHomeStageMap.byml;ShineList_Special1WorldHomeStage.byml;ShinePosList.byml,1,9,-1,2,false,false,2,ヒント写真,月の国 裏で見つけた お宝写真 ９,Use placement_stage_map_indices for StageMap availability and requirement_expr for local ability/capture needs. placement_scenario_no_values is the raw object ScenarioNo field.,casual,
Special1WorldHomeStage:486:1129,Dark Side,Special1WorldHomeStage,Dark Side,overworld,Found with Dark Side Art 5,Special1WorldHomeStage:486:1129,486,1129,ShineFlag_HintArt,Special1WorldHomeStage::place::new_place,,(KingdomAccess_Snow & GroundPound & Byugo) | (Vault & NeutralThrow & KingdomAccess_Snow & GroundPound) | (KingdomAccess_Snow & Dive & GroundPound) | (KingdomAccess_Snow & TripleJump & GroundPound),WorldPeace_Dark,MoonRockActive_Dark,primary,unrated,,"method_1(jump=Long Jump; cap_throw=No Cap Throw Needed; other=Other Kingdom Trigger, Ground Pound)",true,HintPhoto,Scenario2,,,1,,,,2244.718,-2850.000,7283.200,Special1WorldHomeStageMap.szs;ShineInfo.szs,Special1WorldHomeStageMap.byml;ShineList_Special1WorldHomeStage.byml;ShinePosList.byml,1,5,-1,2,false,false,2,ヒント写真,月の国 裏で見つけた お宝写真 ５,Use placement_stage_map_indices for StageMap availability and requirement_expr for local ability/capture needs. placement_scenario_no_values is the raw object ScenarioNo field.,casual;advanced;advanced;advanced,
Special1WorldHomeStage:487:1130,Dark Side,Special1WorldHomeStage,Dark Side,overworld,Found with Dark Side Art 2,Special1WorldHomeStage:487:1130,487,1130,ShineFlag_HintArt,Special1WorldHomeStage::place::new_place,,(KingdomAccess_Metro & GroundPound),WorldPeace_Dark,MoonRockActive_Dark,primary,unrated,,"method_1(jump=Long Jump; cap_throw=No Cap Throw Needed; other=Ground Pound, Other Kingdom Trigger)",true,HintPhoto,Scenario2,,,1,,,,-1421.566,-850.000,5422.219,Special1WorldHomeStageMap.szs;ShineInfo.szs,Special1WorldHomeStageMap.byml;ShineList_Special1WorldHomeStage.byml;ShinePosList.byml,1,2,-1,2,false,false,2,ヒント写真,月の国 裏で見つけた お宝写真 ２,Use placement_stage_map_indices for StageMap availability and requirement_expr for local ability/capture needs. placement_scenario_no_values is the raw object ScenarioNo field.,casual,
Special1WorldHomeStage:488:1131,Dark Side,Special1WorldHomeStage,Dark Side,overworld,Found with Dark Side Art 3,Special1WorldHomeStage:488:1131,488,1131,ShineFlag_HintArt,Special1WorldHomeStage::place::new_place,,(KingdomAccess_Mushroom & GroundPound),WorldPeace_Dark,MoonRockActive_Dark,primary,unrated,,"method_1(jump=Long Jump; cap_throw=No Cap Throw Needed; other=Ground Pound, Other Kingdom Trigger)",true,HintPhoto,Scenario2,,,1,,,,1514.617,-764.602,9477.363,Special1WorldHomeStageMap.szs;ShineInfo.szs,Special1WorldHomeStageMap.byml;ShineList_Special1WorldHomeStage.byml;ShinePosList.byml,1,3,-1,2,false,false,2,ヒント写真,月の国 裏で見つけた お宝写真 ３,Use placement_stage_map_indices for StageMap availability and requirement_expr for local ability/capture needs. placement_scenario_no_values is the raw object ScenarioNo field.,casual,
Special1WorldHomeStage:489:1132,Dark Side,Special1WorldHomeStage,Dark Side,overworld,Found with Dark Side Art 1,Special1WorldHomeStage:489:1132,489,1132,ShineFlag_HintArt,Special1WorldHomeStage::place::new_place,,(KingdomAccess_Cascade & GroundPound),WorldPeace_Dark,MoonRockActive_Dark,primary,unrated,,"method_1(jump=Long Jump; cap_throw=No Cap Throw Needed; other=Ground Pound, Other Kingdom Trigger)",true,HintPhoto,Scenario2,,,1,,,,-1427.416,-385.535,8476.453,Special1WorldHomeStageMap.szs;ShineInfo.szs,Special1WorldHomeStageMap.byml;ShineList_Special1WorldHomeStage.byml;ShinePosList.byml,1,1,-1,2,false,false,2,ヒント写真,月の国 裏で見つけた お宝写真 １,Use placement_stage_map_indices for StageMap availability and requirement_expr for local ability/capture needs. placement_scenario_no_values is the raw object ScenarioNo field.,casual,
Special2WorldHomeStage:55:1061,Darker Side,Special2WorldHomeStage,Darker Side,overworld,Long Journey's End,Special2WorldHomeStage:55:1061,55,1061,ShineFlag_Story | ShineFlag_Multi,Special2WorldHomeStage::start,,(Frog & Climb & Bubble & Senobi & Yoshi & Kakku & ElectricWire & Swing) | (Frog & Climb & Bubble & WallJump & Yoshi & Kakku & ElectricWire & Swing) | (Frog & Climb & Bubble & Vault & Yoshi & Kakku & ElectricWire & Swing) | (Frog & Climb & Bubble & Dive & Yoshi & Kakku & ElectricWire & Swing) | (Frog & Climb & Bubble & Senobi & Yoshi & WallJump & Kakku & HackFork & Tsukkun & Koopa & ElectricWire & Swing),WorldPeace_Darker,MoonRockActive_Darker,primary,unrated,,"captures=Frog | method_1(jump=Single Jump (258); cap_throw=Neutral Throw, Up Throw, Down Throw, Spin Throw; other=Climb)",true,ShineGrand,Common,2,,0;1;10;11;12;13;14;2;3;4;5;6;7;8;9,0,None,start,6600.000,31700.000,-50050.000,Special2WorldHomeStageMap.szs;ShineInfo.szs,Special2WorldHomeStageMap.byml;ShineList_Special2WorldHomeStage.byml;ShinePosList.byml,15,0,0,3,true,false,1;2,グランドシャイン,長い旅の終着点,Use placement_stage_map_indices for StageMap availability and requirement_expr for local ability/capture needs. placement_scenario_no_values is the raw object ScenarioNo field.,casual,"1,2,3,4,5"
LakeWorldHomeStage:715:401,Lake Kingdom,LakeWorldHomeStage,Lake Kingdom,overworld,On the Lakeshore,LakeWorldHomeStage:715:401,715,401,ShineFlag_None,LakeWorldHomeStage::start,,GroundPound,WorldPeace_Lake,MoonRockActive_Lake,primary,unrated,,method_1(jump=No Jump Needed; cap_throw=No Cap Throw Needed; other=Ground Pound),false,,,,,,,,,-2900.000,540.112,5350.000,ShineInfo.szs,ShineList_LakeWorldHomeStage.byml;ShinePosList.byml,0,7,-1,63,false,false,1;2;3;4;5;6,ここ掘れポイント,湖のほとりに,Use placement_stage_map_indices for StageMap availability and requirement_expr for local ability/capture needs. placement_scenario_no_values is the raw object ScenarioNo field.,casual,
LakeWorldHomeStage:396:402,Lake Kingdom,LakeWorldHomeStage,Lake Kingdom,overworld,Taking Notes: Dive and Swim,LakeWorldHomeStage:396:402,396,402,ShineFlag_None,LakeWorldHomeStage::start,,free,WorldPeace_Lake,MoonRockActive_Lake,primary,unrated,,method_1(jump=Long Jump; cap_throw=No Cap Throw Needed; other=None),false,,,,,,,,,0.000,-250.000,1250.000,ShineInfo.szs,ShineList_LakeWorldHomeStage.byml;ShinePosList.byml,0,10,-1,15,false,false,1;2;3;4,音符オブジェ(1つ目),潜って泳いで 音符集め,Use placement_stage_map_indices for StageMap availability and requirement_expr for local ability/capture needs. placement_scenario_no_values is the raw object ScenarioNo field.,casual,
LakeWorldTownZone:371:403,Lake Kingdom,LakeWorldHomeStage,Lake Kingdom,overworld,"Let's Go Swimming, Captain Toad!",LakeWorldTownZone:371:403,371,403,ShineFlag_None,LakeWorldTownZone::checkpoint::obj693,,Pukupuku | GroundPound | KingdomAccess_Lake,WorldPeace_Lake,MoonRockActive_Lake,primary,unrated,,"captures=Locked behind Default Capture | method_1(jump=Long Jump; cap_throw=Neutral Throw, Up Throw, Down Throw, Spin Throw; other=Capture) | method_2(jump=Single Jump (258); cap_throw=Neutral Throw, Up Throw; other=Dive)",false,,,,,,,,,-34500.000,-24500.000,-6500.000,ShineInfo.szs,ShineList_LakeWorldHomeStage.byml;ShinePosList.byml,0,9,-1,15,false,false,1;2;3;4,キノピオ隊長,おじゃまします！ キノピオ隊長,Use placement_stage_map_indices for StageMap availability and requirement_expr for local ability/capture needs. placement_scenario_no_values is the raw object ScenarioNo field.,casual,
LakeWorldTownZone:1074:404,Lake Kingdom,LakeWorldHomeStage,Lake Kingdom,overworld,What's in the Box?,LakeWorldTownZone:1074:404,1074,404,ShineFlag_None,LakeWorldTownZone::checkpoint::obj693,,free,WorldPeace_Lake,MoonRockActive_Lake,primary,unrated,,"captures=Locked behind Default Capture | method_1(jump=Long Jump; cap_throw=Neutral Throw, Up Throw, Down Throw, Spin Throw; other=Capture) | method_2(jump=Single Jump (258); cap_throw=Neutral Throw, Up Throw; other=Dive)",false,,,,,,,,,-35500.000,1550.000,-3600.000,ShineInfo.szs,ShineList_LakeWorldHomeStage.byml;ShinePosList.byml,0,5,-1,63,false,false,1;2;3;4;5;6,木箱,発見！ 湖の木箱から,Use placement_stage_map_indices for StageMap availability and requirement_expr for local ability/capture needs. placement_scenario_no_values is the raw object ScenarioNo field.,casual,
LakeWorldTownZone:1057:405,Lake Kingdom,LakeWorldHomeStage,Lake Kingdom,overworld,From the Broken Pillar,LakeWorldTownZone:1057:405,1057,405,ShineFlag_None,LakeWorldTownZone::checkpoint::obj693,,Pukupuku | GroundPound,WorldPeace_Lake,MoonRockActive_Lake,primary,unrated,,"captures=Locked behind Default Capture, Cheep-Cheep | method_1(jump=Long Jump; cap_throw=Neutral Throw, Up Throw, Down Throw, Spin Throw; other=Capture) | method_2(jump=Long Jump; cap_throw=Neutral Throw, Up Throw, Down Throw, Spin Throw; other=Capture, Ground Pound) | method_3(jump=Single Jump (258); cap_throw=Neutral Throw, Up Throw; other=Ground Pound, Dive)",false,,,,,,,,,-30400.000,-3305.220,-4500.000,ShineInfo.szs,ShineList_LakeWorldHomeStage.byml;ShinePosList.byml,0,12,-1,63,false,false,1;2;3;4;5;6,ここ掘れポイント,水中の折れた柱から,Use placement_stage_map_indices for StageMap availability and requirement_expr for local ability/capture needs. placement_scenario_no_values is the raw object ScenarioNo field.,casual,
LakeWorldTownZone:1120:406,Lake Kingdom,LakeWorldHomeStage,Lake Kingdom,overworld,I Feel Underdressed,LakeWorldTownZone:1120:406,1120,406,ShineFlag_None,LakeWorldTownZone::checkpoint::obj693,,free,WorldPeace_Lake,MoonRockActive_Lake,primary,unrated,,"captures=Locked behind Default Capture | method_1(jump=Long Jump; cap_throw=Neutral Throw, Up Throw, Down Throw, Spin Throw; other=Capture, Outfit) | method_2(jump=Single Jump (258); cap_throw=Neutral Throw, Up Throw; other=Dive, Outfit)",false,,,,,,,,,-35107.500,-1934.000,-6300.000,ShineInfo.szs,ShineList_LakeWorldHomeStage.byml;ShinePosList.byml,0,16,-1,15,false,false,1;2;3;4,帽子ひっかけポイント,水着で 失礼します,Use placement_stage_map_indices for StageMap availability and requirement_expr for local ability/capture needs. placement_scenario_no_values is the raw object ScenarioNo field.,casual,
LakeWorld2DZone:13:407,Lake Kingdom,LakeWorldHomeStage,Lake Kingdom,overworld,Taking Notes: In the Cliffside,LakeWorld2DZone:13:407,13,407,ShineFlag_None,LakeWorld2DZone::start,,free,WorldPeace_Lake,MoonRockActive_Lake,primary,unrated,,"captures=Locked behind Default Capture | method_1(jump=Long Jump; cap_throw=Neutral Throw, Up Throw, Down Throw, Spin Throw; other=Capture, 2D jump (any jump)) | method_2(jump=Single Jump (258); cap_throw=Neutral Throw, Up Throw; other=Dive, 2D jump (any jump))",false,,,,,,,,,1500.000,4200.000,-50.000,ShineInfo.szs,ShineList_LakeWorldHomeStage.byml;ShinePosList.byml,0,13,-1,15,false,false,1;2;3;4,音符オブジェ2D(1つ目)_2D,ガケの中で 音符集め,Use placement_stage_map_indices for StageMap availability and requirement_expr for local ability/capture needs. placement_scenario_no_values is the raw object ScenarioNo field.,casual,
LakeWorldHomeStage:768:408,Lake Kingdom,LakeWorldHomeStage,Lake Kingdom,overworld,Peach in the Lake Kingdom,LakeWorldHomeStage:768:408,768,408,ShineFlag_None,LakeWorldTownZone::checkpoint::obj220,,KingdomAccess_Mushroom,WorldPeace_Lake,MoonRockActive_Lake,primary,unrated,,"method_1(jump=Long Jump; cap_throw=Neutral Throw, Up Throw, Down Throw, Spin Throw; other=None)",false,,,,,,,,,-11200.000,2550.000,-3550.000,ShineInfo.szs,ShineList_LakeWorldHomeStage.byml;ShinePosList.byml,0,27,-1,12,false,false,3;4,世界旅行ピーチ,湖の国で ピーチ姫,Use placement_stage_map_indices for StageMap availability and requirement_expr for local ability/capture needs. placement_scenario_no_values is the raw object ScenarioNo field.,casual,
LakeWorldTownZone:398:409,Lake Kingdom,LakeWorldHomeStage,Lake Kingdom,overworld,I Met a Lake Cheep Cheep!,LakeWorldTownZone:398:409,398,409,ShineFlag_None,LakeWorldTownZone::checkpoint::obj693,,Pukupuku,WorldPeace_Lake,MoonRockActive_Lake,primary,unrated,,"captures=Cheep-Cheep | method_1(jump=Long Jump; cap_throw=Neutral Throw, Up Throw, Down Throw, Spin Throw; other=Capture)",false,,,,,,,,,-31400.000,625.000,-5300.000,ShineInfo.szs,ShineList_LakeWorldHomeStage.byml;ShinePosList.byml,0,25,-1,46,false,false,2;3;4;6,湖の民,プクプクに 出会った！,Use placement_stage_map_indices for StageMap availability and requirement_expr for local ability/capture needs. placement_scenario_no_values is the raw object ScenarioNo field.,casual,
LakeWorldTownZone:488:410,Lake Kingdom,LakeWorldHomeStage,Lake Kingdom,overworld,End of the Hidden Passage,LakeWorldTownZone:488:410,488,410,ShineFlag_None,LakeWorldTownZone::checkpoint::obj839,,Fastener,WorldPeace_Lake,MoonRockActive_Lake,primary,unrated,,"captures=Locked behind Default Capture | method_1(jump=Long Jump; cap_throw=Neutral Throw, Up Throw, Down Throw, Spin Throw; other=Capture)",true,ShineAddHeight,L,-1,,0;1;2;3,-1,None,,-5600.000,2150.000,-5600.000,LakeWorldTownZoneMap.szs,LakeWorldTownZoneMap.byml,4,3,-1,15,false,false,1;2;3;4,シャイン【2m置き】,かくし通路の 突き当たり,Use placement_stage_map_indices for StageMap availability and requirement_expr for local ability/capture needs. placement_scenario_no_values is the raw object ScenarioNo field.,casual,
LakeWorldTownZone:568:411,Lake Kingdom,LakeWorldHomeStage,Lake Kingdom,overworld,Dorrie-Back Rider,LakeWorldTownZone:568:411,568,411,ShineFlag_None,LakeWorldTownZone::checkpoint::obj839,,free,WorldPeace_Lake,MoonRockActive_Lake,primary,unrated,,"captures=Locked behind Default Capture | method_1(jump=Long Jump; cap_throw=Neutral Throw, Up Throw, Down Throw, Spin Throw; other=Capture) | method_2(jump=Single Jump (258); cap_throw=Neutral Throw, Up Throw; other=Dive)",true,Shine,L,-1,,0;1;2;3,-1,None,,-15225.000,-1590.092,-3750.000,LakeWorldTownZoneMap.szs,LakeWorldTownZoneMap.byml,4,1,-1,15,false,false,1;2;3;4,シャイン,ハロー ドッシー,Use placement_stage_map_indices for StageMap availability and requirement_expr for local ability/capture needs. placement_scenario_no_values is the raw object ScenarioNo field.,casual,
LakeWorldTownZone:614:412,Lake Kingdom,LakeWorldHomeStage,Lake Kingdom,overworld,Cheep Cheep Crossing,LakeWorldTownZone:614:412,614,412,ShineFlag_None,LakeWorldTownZone::checkpoint::obj839,,free,WorldPeace_Lake,MoonRockActive_Lake,primary,unrated,,"captures=Locked behind Default Capture | method_1(jump=Long Jump; cap_throw=Neutral Throw, Up Throw, Down Throw, Spin Throw; other=Capture) | method_2(jump=Single Jump (258); cap_throw=Neutral Throw, Up Throw; other=Dive)",true,Shine,L,-1,,0;1;2;3,-1,None,,-4800.000,-300.000,-3150.000,LakeWorldTownZoneMap.szs,LakeWorldTownZoneMap.byml,4,2,-1,15,false,false,1;2;3;4,シャイン,プクプクの すきをついて,Use placement_stage_map_indices for StageMap availability and requirement_expr for local ability/capture needs. placement_scenario_no_values is the raw object ScenarioNo field.,casual,
LakeWorldTownZone:622:413,Lake Kingdom,LakeWorldHomeStage,Lake Kingdom,overworld,Moon Shards in the Lake,LakeWorldTownZone:622:413,622,413,ShineFlag_None,LakeWorldTownZone::checkpoint::obj693,,free,WorldPeace_Lake,MoonRockActive_Lake,primary,unrated,,"method_1(jump=Long Jump; cap_throw=Neutral Throw, Up Throw, Down Throw, Spin Throw; other=Capture) | method_2(jump=Single Jump (258); cap_throw=Neutral Throw, Up Throw; other=Dive)",false,,,,,,,,,-27350.000,-3650.000,-6300.000,ShineInfo.szs,ShineList_LakeWorldHomeStage.byml;ShinePosList.byml,0,8,-1,15,false,false,1;2;3;4,シャインチップ全取得監視者,集めて！ 湖のムーンチップ,Use placement_stage_map_indices for StageMap availability and requirement_expr for local ability/capture needs. placement_scenario_no_values is the raw object ScenarioNo field.,casual,
LakeWorldTownZone:772:414,Lake Kingdom,LakeWorldHomeStage,Lake Kingdom,overworld,Our Secret Little Room,LakeWorldTownZone:772:414,772,414,ShineFlag_None,LakeWorldTownZone::checkpoint::obj693,,free,WorldPeace_Lake,MoonRockActive_Lake,primary,unrated,,"captures=Locked behind Default Capture | method_1(jump=Long Jump; cap_throw=Neutral Throw, Up Throw, Down Throw, Spin Throw; other=Capture) | method_2(jump=Single Jump (258); cap_throw=Neutral Throw, Up Throw; other=Dive)",false,,,,,,,,,-34600.000,-3850.000,-6100.000,ShineInfo.szs,ShineList_LakeWorldHomeStage.byml;ShinePosList.byml,0,6,-1,47,false,false,1;2;3;4;6,湖の民,ナイショの部屋,Use placement_stage_map_indices for StageMap availability and requirement_expr for local ability/capture needs. placement_scenario_no_values is the raw object ScenarioNo field.,casual,
LakeWorldHomeStage:524:415,Lake Kingdom,LakeWorldHomeStage,Lake Kingdom,overworld,Treasure in the Spiky Waterway,LakeWorldHomeStage:524:415,524,415,ShineFlag_None,LakeWorldHomeStage::place::new_place,,free,WorldPeace_Lake,MoonRockActive_Lake,primary,unrated,,"captures=Locked behind Default Capture | method_1(jump=Long Jump; cap_throw=Neutral Throw, Up Throw, Down Throw, Spin Throw; other=Capture) | method_2(jump=Single Jump (258); cap_throw=Neutral Throw, Up Throw; other=Dive)",true,TreasureBox,L,,,0;1;2;3,,None,,-5250.000,-1800.000,-9250.000,LakeWorldHomeStageMap.szs,LakeWorldHomeStageMap.byml,4,4,-1,15,false,false,1;2;3;4,宝箱,トゲトゲ水路の宝箱,Use placement_stage_map_indices for StageMap availability and requirement_expr for local ability/capture needs. placement_scenario_no_values is the raw object ScenarioNo field.,casual,
LakeWorldTownZone:645:416,Lake Kingdom,LakeWorldHomeStage,Lake Kingdom,overworld,Lake Fishing,LakeWorldTownZone:645:416,645,416,ShineFlag_None,LakeWorldTownZone::checkpoint::obj583,,JugemFishing,WorldPeace_Lake,MoonRockActive_Lake,primary,unrated,,"captures=Locked behind Default Capture | method_1(jump=Long Jump; cap_throw=Neutral Throw, Up Throw, Down Throw, Spin Throw; other=Capture)",true,FishingFish,J,,,1;2;3,,,,-6400.000,1250.000,2650.000,LakeWorldTownZoneMap.szs,LakeWorldTownZoneMap.byml,3,24,-1,14,false,false,2;3;4,魚影,プールで フィッシング！,Use placement_stage_map_indices for StageMap availability and requirement_expr for local ability/capture needs. placement_scenario_no_values is the raw object ScenarioNo field.,casual,
LakeWorldTownZone:903:417,Lake Kingdom,LakeWorldHomeStage,Lake Kingdom,overworld,Secret Path to Lake Lamode!,LakeWorldTownZone:903:417,903,417,ShineFlag_None,LakeWorldTownZone::checkpoint::obj1323,,free,WorldPeace_Lake,MoonRockActive_Lake,primary,unrated,,"method_1(jump=Long Jump; cap_throw=Neutral Throw, Up Throw, Down Throw, Spin Throw; other=None) | method_2(jump=Long Jump; cap_throw=No Cap Throw Needed; other=Roll) | method_3(jump=Single Jump (258); cap_throw=No Cap Throw Needed; other=Ground Pound)",true,TreasureBox,L,,,0;1;2;3,,WorldWarpHoleShine,,-5850.000,3950.000,-6900.000,LakeWorldTownZoneMap.szs,LakeWorldTownZoneMap.byml,4,41,-1,15,false,false,1;2;3;4,宝箱,ようこそ！ ドレッシーバレー！,Use placement_stage_map_indices for StageMap availability and requirement_expr for local ability/capture needs. placement_scenario_no_values is the raw object ScenarioNo field.,casual,
LakeWorldTimerAthletic000Zone:175:420,Lake Kingdom,LakeWorldHomeStage,Lake Kingdom,overworld,Lake Kingdom Timer Challenge 2,LakeWorldTimerAthletic000Zone:175:420,175,420,ShineFlag_None,LakeWorldTimerAthletic000Zone::start,,(WallJump & Dive) | (Backflip & Dive) | (Backflip & LedgeGrab) | (GroundPoundJump & Dive) | (GroundPoundJump & LedgeGrab) | (SideFlip & LedgeGrab) | (SideFlip & Dive) | (TripleJump & Dive) | (TripleJump & LedgeGrab),WorldPeace_Lake,MoonRockActive_Lake,primary,unrated,,"method_1(jump=Backflip/Vault/Side Flip (496); cap_throw=Neutral Throw, Up Throw, Down Throw, Spin Throw; other=Dive) | method_2(jump=Backflip/Vault/Side Flip (496); cap_throw=Neutral Throw, Up Throw, Down Throw, Spin Throw; other=Ledge Grab)",false,,,,,,,,,-23550.000,5000.000,-10000.000,ShineInfo.szs,ShineList_LakeWorldHomeStage.byml;ShinePosList.byml,0,22,-1,14,false,false,2;3;4,帽子掛け（タイマー）,湖の国で チクタク・アスレチック ２,Use placement_stage_map_indices for StageMap availability and requirement_expr for local ability/capture needs. placement_scenario_no_values is the raw object ScenarioNo field.,casual,
LakeWorldHomeStage:551:422,Lake Kingdom,LakeWorldHomeStage,Lake Kingdom,overworld,Behind the Floodgate,LakeWorldHomeStage:551:422,551,422,ShineFlag_Extra,LakeWorldHomeStage::place::new_place,,free,WorldPeace_Lake,MoonRockActive_Lake,primary,unrated,,"method_1(jump=Single Jump (258); cap_throw=No Cap Throw Needed; other=None) | method_2(jump=Long Jump; cap_throw=Neutral Throw, Up Throw, Down Throw, Spin Throw; other=None)",true,ShineAddByRockAddHeight,D,-1,,3,-1,None,,0.000,450.000,-1425.000,LakeWorldHomeStageMap.szs,LakeWorldHomeStageMap.byml,1,32,-1,8,false,true,4,シャイン【月の石追加版2m】,水門の裏で,Use placement_stage_map_indices for StageMap availability and requirement_expr for local ability/capture needs. placement_scenario_no_values is the raw object ScenarioNo field.,casual,"2,3,4,5"
LakeWorldHomeStage:783:423,Lake Kingdom,LakeWorldHomeStage,Lake Kingdom,overworld,Bird Traveling Over the Lake,LakeWorldHomeStage:783:423,783,423,ShineFlag_Extra,LakeWorldHomeStage::start,,free,WorldPeace_Lake,MoonRockActive_Lake,primary,unrated,,captures=Locked behind Default Capture | method_1(cap_throw=Up Throw),true,BirdLake,D,,,3,,,,-2400.000,850.000,-800.000,LakeWorldHomeStageMap.szs,LakeWorldHomeStageMap.byml,1,35,-1,8,false,true,4,湖の鳥,湖の渡り鳥,Use placement_stage_map_indices for StageMap availability and requirement_expr for local ability/capture needs. placement_scenario_no_values is the raw object ScenarioNo field.,casual,
LakeWorldHomeStage:326:424,Lake Kingdom,LakeWorldHomeStage,Lake Kingdom,overworld,Broodals Over the Lake,LakeWorldHomeStage:326:424,326,424,ShineFlag_Story | ShineFlag_Multi,LakeWorldTownZone::checkpoint::obj220,,free,WorldPeace_Lake,MoonRockActive_Lake,primary,unrated,,"method_1(jump=Long Jump; cap_throw=Neutral Throw, Up Throw, Down Throw, Spin Throw; other=Capture) | method_2(jump=Single Jump (258); cap_throw=Neutral Throw, Up Throw; other=Dive)",false,,,,,,,,,-10950.000,2550.000,-4850.000,ShineInfo.szs,ShineList_LakeWorldHomeStage.byml;ShinePosList.byml,0,0,0,1,true,false,1,キャップスロワー,湖上のブルーダルズ,Use placement_stage_map_indices for StageMap availability and requirement_expr for local ability/capture needs. placement_scenario_no_values is the raw object ScenarioNo field.,casual,
TrampolineWallCatchExStage:1117:425,Lake Kingdom,TrampolineWallCatchExStage,"Jump, Grab, Cling, Climb",subarea,"Jump, Grab, Cling, and Climb",TrampolineWallCatchExStage:1117:425,1117,425,ShineFlag_None,TrampolineWallCatchExStage::entrance::CapTrampolineA::sub_near,,LedgeGrab | (LongJump & Dive & Vault & WallJump & NeutralThrow) | (TripleJump & Dive & Vault & NeutralThrow) | (DoubleJump & Dive & Vault & WallJump & NeutralThrow),WorldPeace_Lake,MoonRockActive_Lake,primary,unrated,,"method_1(jump=Backflip/Vault/Side Flip (496); cap_throw=Neutral Throw, Down Throw, Spin Throw, Up Throw; other=Ledge Grab, Capture) | method_2(jump=Backflip/Vault/Side Flip (496); cap_throw=Neutral Throw, Up Throw, Down Throw, Spin Throw; other=Ledge Grab, Dive)",false,ShineAddHeight,Common,-1,,0;1;10;11;12;13;14;2;3;4;5;6;7;8;9,-1,None,,-2300.000,600.000,-9500.000,TrampolineWallCatchExStageMap.szs;ShineInfo.szs,TrampolineWallCatchExStageMap.byml;ShineList_LakeWorldHomeStage.byml;ShinePosList.byml,0,15,-1,15,false,false,1;2;3;4,シャイン【2m置き】,とんで つかんで とび降りて,Use placement_stage_map_indices for StageMap availability and requirement_expr for local ability/capture needs. placement_scenario_no_values is the raw object ScenarioNo field.,casual;advanced;advanced;advanced,
TrampolineWallCatchExStage:1238:426,Lake Kingdom,TrampolineWallCatchExStage,"Jump, Grab, Cling, Climb",subarea,"Jump, Grab, and Climb Some More",TrampolineWallCatchExStage:1238:426,1238,426,ShineFlag_None,TrampolineWallCatchExStage::entrance::CapTrampolineA::sub_near,,LedgeGrab | (LongJump & Dive & Vault & WallJump) | (TripleJump & Dive & Vault) | (DoubleJump & Dive & Vault & WallJump & NeutralThrow),WorldPeace_Lake,MoonRockActive_Lake,primary,unrated,,"method_1(jump=Backflip/Vault/Side Flip (496); cap_throw=Neutral Throw, Up Throw, Down Throw, Spin Throw; other=Ledge Grab, Capture) | method_2(jump=Backflip/Vault/Side Flip (496); cap_throw=Neutral Throw, Up Throw, Down Throw, Spin Throw; other=Ledge Grab, Dive)",false,TreasureBox,Common,,,0;1;10;11;12;13;14;2;3;4;5;6;7;8;9,,None,,-800.000,5950.000,-8500.000,TrampolineWallCatchExStageMap.szs;ShineInfo.szs,TrampolineWallCatchExStageMap.byml;ShineList_LakeWorldHomeStage.byml;ShinePosList.byml,0,18,-1,15,false,false,1;2;3;4,宝箱,とんで つかんで 上へ上へ,Use placement_stage_map_indices for StageMap availability and requirement_expr for local ability/capture needs. placement_scenario_no_values is the raw object ScenarioNo field.,casual;advanced;advanced;advanced,
LakeWorldShopStage:12:430,Lake Kingdom,LakeWorldShopStage,Crazy Cap Store,subarea,Shopping in Lake Lamode,LakeWorldShopStage:12:430,12,430,ShineFlag_None,LakeWorldShopStage::entrance::LakeWorldShop::sub_near,,free,WorldPeace_Lake,MoonRockActive_Lake,primary,unrated,,method_1(jump=No Jump Needed; cap_throw=No Cap Throw Needed; other=None),false,,,,,,,,,-19750.000,-2550.000,-5200.000,ShineInfo.szs,ShineList_LakeWorldHomeStage.byml;ShinePosList.byml,0,11,-1,63,false,false,1;2;3;4;5;6,ショップ店員,ドレッシーバレーで お買い物,Use placement_stage_map_indices for StageMap availability and requirement_expr for local ability/capture needs. placement_scenario_no_values is the raw object ScenarioNo field.,casual,
FrogPoisonExStage:4547:431,Lake Kingdom,FrogPoisonExStage,Waves of Poison,subarea,Waves of Poison: Hop to It!,FrogPoisonExStage:4547:431,4547,431,ShineFlag_Extra,FrogPoisonExStage::entrance::LakeWorldMoonEX1b::sub_far,,(WallJump & Dive) | (Vault & Dive & NeutralThrow) | Frog,WorldPeace_Lake,MoonRockActive_Lake,primary,unrated,,"captures=Frog | method_1(jump=Backflip/Vault/Side Flip (496); cap_throw=No Cap Throw Needed; other=Dive) | method_2(jump=Single Jump (258); cap_throw=Neutral Throw, Up Throw, Down Throw, Spin Throw; other=Capture)",false,,,,,,,,,1750.000,1040.000,5550.000,ShineInfo.szs,ShineList_LakeWorldHomeStage.byml;ShinePosList.byml,0,40,-1,8,false,false,4,鍵付き宝箱,立ち向かえ！ 毒の波,Use placement_stage_map_indices for StageMap availability and requirement_expr for local ability/capture needs. placement_scenario_no_values is the raw object ScenarioNo field.,advanced;advanced;casual,
FrogPoisonExStage:4456:434,Lake Kingdom,FrogPoisonExStage,Waves of Poison,subarea,Waves of Poison: Hoppin' Over,FrogPoisonExStage:4456:434,4456,434,ShineFlag_Extra,FrogPoisonExStage::entrance::LakeWorldMoonEX1b::sub_far,,free,WorldPeace_Lake,MoonRockActive_Lake,primary,unrated,,"captures=Frog | method_1(jump=Backflip/Vault/Side Flip (496); cap_throw=No Cap Throw Needed; other=Dive, Wall Jump) | method_2(jump=Single Jump (258); cap_throw=Up Throw, Down Throw, Neutral Throw, Spin Throw; other=Capture)",false,ShineAddByRockAddHeight,Common,-1,,0;1;10;11;12;13;14;2;3;4;5;6;7;8;9,-1,None,,58200.000,-500.000,23000.000,FrogPoisonExStageMap.szs;ShineInfo.szs,FrogPoisonExStageMap.byml;ShineList_LakeWorldHomeStage.byml;ShinePosList.byml,0,37,-1,8,false,false,4,シャイン【月の石追加版2m】,とび越えて！ 毒の波,Use placement_stage_map_indices for StageMap availability and requirement_expr for local ability/capture needs. placement_scenario_no_values is the raw object ScenarioNo field.,casual,
LakeWorldHomeStage:848:709,Lake Kingdom,LakeWorldHomeStage,Lake Kingdom,overworld,Lake Kingdom Regular Cup,LakeWorldHomeStage:848:709,848,709,ShineFlag_None,LakeWorldHomeStage::start,,(Vault & Dive & NeutralThrow) | (TripleJump & WallJump & Dive) | (Fastener & Pukupuku) | Fastener | (Fastener & Dive),WorldPeace_Lake,MoonRockActive_Lake,primary,unrated,,"captures=Locked behind Default Capture | method_1(jump=Single Jump (258); cap_throw=Neutral Throw, Up Throw, Down Throw, Spin Throw; other=Capture) | method_2(jump=Backflip/Vault/Side Flip (496); cap_throw=Neutral Throw, Up Throw, Down Throw, Spin Throw; other=Dive, Wall Jump)",false,,,,,,,,,-800.000,483.431,3550.000,ShineInfo.szs,ShineList_LakeWorldHomeStage.byml;ShinePosList.byml,0,29,-1,12,false,false,3;4,駆けっこ開始Npc,湖の国 レギュラーカップ,Use placement_stage_map_indices for StageMap availability and requirement_expr for local ability/capture needs. placement_scenario_no_values is the raw object ScenarioNo field.,advanced;advanced;casual;advanced;casual,
LakeWorldTownZone:1277:715,Lake Kingdom,LakeWorldHomeStage,Lake Kingdom,overworld,Lake Kingdom Timer Challenge 1,LakeWorldTownZone:1277:715,1277,715,ShineFlag_None,LakeWorldTownZone::checkpoint::obj839,,free,WorldPeace_Lake,MoonRockActive_Lake,primary,unrated,,"method_1(jump=Long Jump; cap_throw=Neutral Throw, Up Throw, Down Throw, Spin Throw; other=None)",false,,,,,,,,,-23600.000,675.000,-5200.000,ShineInfo.szs,ShineList_LakeWorldHomeStage.byml;ShinePosList.byml,0,19,-1,14,false,false,2;3;4,帽子掛け（タイマー）,湖の国で チクタク・アスレチック １,Use placement_stage_map_indices for StageMap availability and requirement_expr for local ability/capture needs. placement_scenario_no_values is the raw object ScenarioNo field.,casual,
LakeWorldTownZone:1288:719,Lake Kingdom,LakeWorldHomeStage,Lake Kingdom,overworld,"Deep, Deep Down",LakeWorldTownZone:1288:719,1288,719,ShineFlag_Extra,LakeWorldTownZone::checkpoint::obj693,,Pukupuku | GroundPound | KingdomAccess_Lake,WorldPeace_Lake,MoonRockActive_Lake,primary,unrated,,"method_1(jump=Long Jump; cap_throw=Neutral Throw, Up Throw, Down Throw, Spin Throw; other=None) | method_2(jump=Single Jump (258); cap_throw=No Cap Throw Needed; other=None)",true,ShineAddByRockAddHeight,D,-1,,3,-1,None,,-16200.000,-24577.137,-3150.000,LakeWorldTownZoneMap.szs,LakeWorldTownZoneMap.byml,1,33,-1,8,false,true,4,シャイン【月の石追加版2m】,深い深い 湖の底,Use placement_stage_map_indices for StageMap availability and requirement_expr for local ability/capture needs. placement_scenario_no_values is the raw object ScenarioNo field.,casual,
LakeWorldHomeStage:859:720,Lake Kingdom,LakeWorldHomeStage,Lake Kingdom,overworld,Lake Kingdom Master Cup,LakeWorldHomeStage:859:720,859,720,ShineFlag_Extra,LakeWorldHomeStage::start,,(NeutralThrow & Vault & Dive) | (TripleJump & WallJump & Dive) | (Fastener & GroundPound) | (Fastener & Pukupuku) | (Fastener & Dive),WorldPeace_Lake,MoonRockActive_Lake,primary,unrated,,"captures=Locked behind Default Capture | method_1(jump=Single Jump (258); cap_throw=Neutral Throw, Up Throw, Down Throw, Spin Throw; other=Dive, Wall Jump) | method_2(jump=Backflip/Vault/Side Flip (496); cap_throw=Neutral Throw, Up Throw, Down Throw, Spin Throw; other=Dive)",false,,,,,,,,,-800.000,483.431,3550.000,ShineInfo.szs,ShineList_LakeWorldHomeStage.byml;ShinePosList.byml,0,39,-1,8,false,true,4,駆けっこ開始Npc,湖の国 マスターカップ,Use placement_stage_map_indices for StageMap availability and requirement_expr for local ability/capture needs. placement_scenario_no_values is the raw object ScenarioNo field.,advanced;advanced;advanced;casual;casual,
LakeWorldTownZone:1315:771,Lake Kingdom,LakeWorldHomeStage,Lake Kingdom,overworld,High-Flying Leap,LakeWorldTownZone:1315:771,1315,771,ShineFlag_Extra,LakeWorldTownZone::checkpoint::obj693,,free,WorldPeace_Lake,MoonRockActive_Lake,primary,unrated,,"method_1(jump=Long Jump; cap_throw=Neutral Throw, Up Throw, Down Throw, Spin Throw; other=None)",true,ShineAddByRock,D,-1,,3,-1,None,,-14750.000,1450.000,1100.000,LakeWorldTownZoneMap.szs,LakeWorldTownZoneMap.byml,1,34,-1,8,false,true,4,シャイン【月の石追加版】,壁ぎわを 高く とんで,Use placement_stage_map_indices for StageMap availability and requirement_expr for local ability/capture needs. placement_scenario_no_values is the raw object ScenarioNo field.,casual,
LakeWorldTownZone:1329:869,Lake Kingdom,LakeWorldHomeStage,Lake Kingdom,overworld,"Space Is ""In"" Right Now",LakeWorldTownZone:1329:869,1329,869,ShineFlag_None,LakeWorldTownZone::checkpoint::obj693,,free,WorldPeace_Lake,MoonRockActive_Lake,primary,unrated,,"method_1(jump=Single Jump (258); cap_throw=No Cap Throw Needed; other=Outfit) | method_2(jump=Long Jump; cap_throw=Neutral Throw, Up Throw, Down Throw, Spin Throw; other=Outfit)",false,,,,,,,,,-33600.000,1450.000,-6600.000,ShineInfo.szs,ShineList_LakeWorldHomeStage.byml;ShinePosList.byml,0,28,-1,44,false,false,3;4;6,湖の民,ブームの宇宙飛行士,Use placement_stage_map_indices for StageMap availability and requirement_expr for local ability/capture needs. placement_scenario_no_values is the raw object ScenarioNo field.,casual,
LakeWorldTownZone:1333:870,Lake Kingdom,LakeWorldHomeStage,Lake Kingdom,overworld,"That Trendy ""Pirate"" Look",LakeWorldTownZone:1333:870,1333,870,ShineFlag_None,LakeWorldTownZone::checkpoint::obj693,,free,WorldPeace_Lake,MoonRockActive_Lake,primary,unrated,,"method_1(jump=Single Jump (258); cap_throw=No Cap Throw Needed; other=Outfit) | method_2(jump=Long Jump; cap_throw=Neutral Throw, Up Throw, Down Throw, Spin Throw; other=Outfit)",false,,,,,,,,,-33600.000,1450.000,-6300.000,ShineInfo.szs,ShineList_LakeWorldHomeStage.byml;ShinePosList.byml,0,26,-1,44,false,false,3;4;6,湖の民,トレンドの海賊ルック,Use placement_stage_map_indices for StageMap availability and requirement_expr for local ability/capture needs. placement_scenario_no_values is the raw object ScenarioNo field.,casual,
LakeWorldTownZone:1334:871,Lake Kingdom,LakeWorldHomeStage,Lake Kingdom,overworld,"That ""Old West"" Style",LakeWorldTownZone:1334:871,1334,871,ShineFlag_None,LakeWorldTownZone::checkpoint::obj693,,free,WorldPeace_Lake,MoonRockActive_Lake,primary,unrated,,"method_1(jump=Single Jump (258); cap_throw=No Cap Throw Needed; other=Outfit) | method_2(jump=Long Jump; cap_throw=Neutral Throw, Up Throw, Down Throw, Spin Throw; other=Outfit)",false,,,,,,,,,-33600.000,1450.000,-6000.000,ShineInfo.szs,ShineList_LakeWorldHomeStage.byml;ShinePosList.byml,0,31,-1,44,false,false,3;4;6,湖の民,流行のガンマンスタイル,Use placement_stage_map_indices for StageMap availability and requirement_expr for local ability/capture needs. placement_scenario_no_values is the raw object ScenarioNo field.,casual,
GotogotonExStage:269:971,Lake Kingdom,GotogotonExStage,Puzzle Room,subarea,A Successful Repair Job,GotogotonExStage:269:971,269,971,ShineFlag_None,GotogotonExStage::entrance::Goton::sub_near,,GotogotonLake,WorldPeace_Lake,MoonRockActive_Lake,primary,unrated,,captures=Locked behind Default Capture | method_1(jump=Single Jump (258); cap_throw=Neutral Throw),false,ShineAddHeight,Common,-1,,0;1;10;11;12;13;14;2;3;4;5;6;7;8;9,-1,None,,2150.000,0.000,2600.000,GotogotonExStageMap.szs;ShineInfo.szs,GotogotonExStageMap.byml;ShineList_LakeWorldHomeStage.byml;ShinePosList.byml,0,23,-1,14,false,false,2;3;4,ステージスイッチ_ゴトゴトン湖000,修復 大成功,Use placement_stage_map_indices for StageMap availability and requirement_expr for local ability/capture needs. placement_scenario_no_values is the raw object ScenarioNo field.,casual,
FastenerExStage:158:1008,Lake Kingdom,FastenerExStage,Unzipping the Chasm,subarea,Unzip the Chasm,FastenerExStage:158:1008,158,1008,ShineFlag_None,FastenerExStage::entrance::FastenerEx::sub_near,,Fastener | (NeutralThrow & Dive & Vault),WorldPeace_Lake,MoonRockActive_Lake,primary,unrated,,captures=Locked behind Default Capture | method_1(jump=Single Jump (258); cap_throw=No Cap Throw Needed; other=Capture),false,,,,,,,,,-15700.000,-3050.000,-7750.000,ShineInfo.szs,ShineList_LakeWorldHomeStage.byml;ShinePosList.byml,0,14,-1,15,false,false,1;2;3;4,鍵付き宝箱,ファスナーの谷間,Use placement_stage_map_indices for StageMap availability and requirement_expr for local ability/capture needs. placement_scenario_no_values is the raw object ScenarioNo field.,casual;advanced,
FastenerExStage:602:1009,Lake Kingdom,FastenerExStage,Unzipping the Chasm,subarea,Super-Secret Zipper,FastenerExStage:602:1009,602,1009,ShineFlag_None,FastenerExStage::entrance::FastenerEx::sub_near,,Fastener | (NeutralThrow & Dive & Vault),WorldPeace_Lake,MoonRockActive_Lake,primary,unrated,,"captures=Locked behind Default Capture | method_1(jump=Single Jump (258); cap_throw=No Cap Throw Needed; other=Capture, Dive)",false,ShineAddHeight,Common,-1,,0;1;10;11;12;13;14;2;3;4;5;6;7;8;9,-1,None,,5300.000,-3250.000,-550.000,FastenerExStageMap.szs;ShineInfo.szs,FastenerExStageMap.byml;ShineList_LakeWorldHomeStage.byml;ShinePosList.byml,0,17,-1,15,false,false,1;2;3;4,シャイン【2m置き】,ヒミツのファスナーを おろして,Use placement_stage_map_indices for StageMap availability and requirement_expr for local ability/capture needs. placement_scenario_no_values is the raw object ScenarioNo field.,casual;advanced,
LakeWorldTownZone:1434:1015,Lake Kingdom,LakeWorldHomeStage,Lake Kingdom,overworld,Rooftop of the Water Plaza,LakeWorldTownZone:1434:1015,1434,1015,ShineFlag_Extra,LakeWorldTownZone::checkpoint::obj693,,GroundPound | (Climb & GroundPound) | (GroundPoundJump & GroundPound) | (Backflip & LedgeGrab & GroundPound) | (Spin & LedgeGrab & GroundPound) | (TripleJump & GroundPound) | (Vault & GroundPound) | (Dive & GroundPound),WorldPeace_Lake,MoonRockActive_Lake,primary,unrated,,method_1(jump=Ground Pound Jump (514); other=Ground Pound) | method_2(jump=Ground Pound Jump (514); other=Dive),false,,,,,,,,,-34775.000,2040.000,-6575.000,ShineInfo.szs,ShineList_LakeWorldHomeStage.byml;ShinePosList.byml,0,36,-1,8,false,true,4,ここ掘れポイント,水の広場の屋上で,Use placement_stage_map_indices for StageMap availability and requirement_expr for local ability/capture needs. placement_scenario_no_values is the raw object ScenarioNo field.,advanced;casual;advanced;advanced;advanced;advanced;advanced;advanced,"1,2,3,4,5"
LakeWorldHomeStage:918:1017,Lake Kingdom,LakeWorldHomeStage,Lake Kingdom,overworld,Love by the Lake,LakeWorldHomeStage:918:1017,918,1017,ShineFlag_Extra,LakeWorldHomeStage::place::new_place,,Kuribo,WorldPeace_Lake,MoonRockActive_Lake,primary,unrated,,"captures=Goomba, Paragoomba | method_1(jump=Long Jump; cap_throw=Neutral Throw, Up Throw, Down Throw, Spin Throw; other=Capture)",false,,,,,,,,,-1200.000,865.239,7650.000,ShineInfo.szs,ShineList_LakeWorldHomeStage.byml;ShinePosList.byml,0,38,-1,8,false,true,4,ガールクリボー,湖のガールフレンド,Use placement_stage_map_indices for StageMap availability and requirement_expr for local ability/capture needs. placement_scenario_no_values is the raw object ScenarioNo field.,casual,
LakeWorldHomeStage:974:1078,Lake Kingdom,LakeWorldHomeStage,Lake Kingdom,overworld,Taxi Flying Through Lake Lamode,LakeWorldHomeStage:974:1078,974,1078,ShineFlag_None,LakeWorldHomeStage::start,,Fukankun,WorldPeace_Lake,MoonRockActive_Lake,primary,unrated,,"captures=Locked behind Default Capture | method_1(jump=Long Jump; cap_throw=Neutral Throw, Up Throw, Down Throw, Spin Throw; other=Capture)",false,,,,,,,,,-1950.000,900.000,3750.000,ShineInfo.szs,ShineList_LakeWorldHomeStage.byml;ShinePosList.byml,0,30,-1,12,false,false,3;4,空飛ぶタクシー,空飛ぶタクシー ドレッシーバレーを通過,Use placement_stage_map_indices for StageMap availability and requirement_expr for local ability/capture needs. placement_scenario_no_values is the raw object ScenarioNo field.,casual,
LakeWorldHomeStage:976:1094,Lake Kingdom,LakeWorldHomeStage,Lake Kingdom,overworld,Found with Lake Kingdom Art,LakeWorldHomeStage:976:1094,976,1094,ShineFlag_HintArt,LakeWorldHomeStage::start,,(KingdomAccess_Cascade & GroundPound),WorldPeace_Lake,MoonRockActive_Lake,primary,unrated,,"method_1(jump=Single Jump (258); cap_throw=No Cap Throw Needed; other=Other Kingdom Trigger, Ground Pound)",true,HintPhoto,J,,,1;2;3,,,,-3800.000,850.000,1650.000,LakeWorldHomeStageMap.szs,LakeWorldHomeStageMap.byml,3,21,-1,14,false,false,2;3;4,ヒント写真,湖の国で見つけた お宝写真,Use placement_stage_map_indices for StageMap availability and requirement_expr for local ability/capture needs. placement_scenario_no_values is the raw object ScenarioNo field.,casual,"2,3,4,5"
LakeWorldTownZone:1487:1166,Lake Kingdom,LakeWorldHomeStage,Lake Kingdom,overworld,Lake Gardening: Spiky Passage Seed,LakeWorldTownZone:1487:1166,1487,1166,ShineFlag_None,LakeWorldTownZone::checkpoint::obj693,,free,WorldPeace_Lake,MoonRockActive_Lake,primary,unrated,,"method_1(jump=Long Jump; cap_throw=Neutral Throw, Up Throw, Down Throw, Spin Throw; other=None) | method_2(jump=Single Jump (258); cap_throw=No Cap Throw Needed; other=None)",false,,,,,,,,,-16000.000,-2576.370,-8900.000,ShineInfo.szs,ShineList_LakeWorldHomeStage.byml;ShinePosList.byml,0,20,-1,14,false,false,2;3;4,育つ草種,咲いた！ トゲトゲ水路の種,Use placement_stage_map_indices for StageMap availability and requirement_expr for local ability/capture needs. placement_scenario_no_values is the raw object ScenarioNo field.,casual,
ClashWorldHomeStage:83:372,Lost Kingdom,ClashWorldHomeStage,Lost Kingdom,overworld,"Get Some Rest, Captain Toad",ClashWorldHomeStage:83:372,83,372,ShineFlag_None,ClashWorldHomeStage::checkpoint::obj543,,free,WorldPeace_Lost,MoonRockActive_Lost,primary,unrated,,"method_1(jump=Single Jump (258); cap_throw=Neutral Throw, Up Throw, Down Throw, Spin Throw; other=Ground Pound)",true,,,,,,,,,-500.000,100.000,-4100.000,ShineInfo.szs,ShineList_ClashWorldHomeStage.byml;ShinePosList.byml,1,7,-1,15,false,false,1;2;3;4,キノピオ隊長,ひとやすみ！ キノピオ隊長,Use placement_stage_map_indices for StageMap availability and requirement_expr for local ability/capture needs. placement_scenario_no_values is the raw object ScenarioNo field.,casual,
ClashWorldHomeStage:1144:373,Lost Kingdom,ClashWorldHomeStage,Lost Kingdom,overworld,A Propeller Pillar's Secret,ClashWorldHomeStage:1144:373,1144,373,ShineFlag_None,ClashWorldHomeStage::checkpoint::obj543,,GroundPound,WorldPeace_Lost,MoonRockActive_Lost,primary,unrated,,method_1(jump=Single Jump (258); cap_throw=No Cap Throw Needed; other=Ground Pound),true,,,,,,,,,-200.000,2200.000,700.000,ShineInfo.szs,ShineList_ClashWorldHomeStage.byml;ShinePosList.byml,1,18,-1,63,false,false,1;2;3;4;5;6,ここ掘れポイント,プロペラ柱のヒミツ,Use placement_stage_map_indices for StageMap availability and requirement_expr for local ability/capture needs. placement_scenario_no_values is the raw object ScenarioNo field.,casual,
ClashWorldHomeStage:39:374,Lost Kingdom,ClashWorldHomeStage,Lost Kingdom,overworld,Inside the Stone Cage,ClashWorldHomeStage:39:374,39,374,ShineFlag_None,ClashWorldHomeStage::checkpoint::obj543,,GroundPound,WorldPeace_Lost,MoonRockActive_Lost,primary,unrated,,method_1(jump=Single Jump (258); cap_throw=No Cap Throw Needed; other=Ground Pound),true,Shine,G,-1,,0;1;2;3,-1,None,,2650.000,350.000,-850.000,ClashWorldHomeStageMap.szs;ShineInfo.szs,ClashWorldHomeStageMap.byml;ShineList_ClashWorldHomeStage.byml;ShinePosList.byml,4,2,-1,15,false,false,1;2;3;4,シャイン,岩の中に とらわれて,Use placement_stage_map_indices for StageMap availability and requirement_expr for local ability/capture needs. placement_scenario_no_values is the raw object ScenarioNo field.,casual,
ClashWorldHomeStage:54:375,Lost Kingdom,ClashWorldHomeStage,Lost Kingdom,overworld,Inside the Rising Stone Pillar,ClashWorldHomeStage:54:375,54,375,ShineFlag_None,ClashWorldHomeStage::checkpoint::obj543,,GroundPound,WorldPeace_Lost,MoonRockActive_Lost,primary,unrated,,method_1(jump=Single Jump (258); cap_throw=No Cap Throw Needed; other=Ground Pound),true,Shine,G,-1,,0;1;2;3,-1,None,,2600.000,1000.000,-4250.000,ClashWorldHomeStageMap.szs;ShineInfo.szs,ClashWorldHomeStageMap.byml;ShineList_ClashWorldHomeStage.byml;ShinePosList.byml,4,3,-1,15,false,false,1;2;3;4,シャイン,せり上がる石柱の中,Use placement_stage_map_indices for StageMap availability and requirement_expr for local ability/capture needs. placement_scenario_no_values is the raw object ScenarioNo field.,casual,
ClashWorldHomeStage:71:376,Lost Kingdom,ClashWorldHomeStage,Lost Kingdom,overworld,Atop a Propeller Pillar,ClashWorldHomeStage:71:376,71,376,ShineFlag_None,ClashWorldHomeStage::checkpoint::obj543,,free,WorldPeace_Lost,MoonRockActive_Lost,primary,unrated,,"method_1(jump=Single Jump (258); cap_throw=Neutral Throw, Up Throw, Down Throw, Spin Throw; other=Ground Pound)",true,ShineAddHeight,G,-1,,0;1;2;3,-1,None,,-4400.000,2200.000,700.000,ClashWorldHomeStageMap.szs;ShineInfo.szs,ClashWorldHomeStageMap.byml;ShineList_ClashWorldHomeStage.byml;ShinePosList.byml,4,1,-1,15,false,false,1;2;3;4,シャイン【2m置き】,プロペラ柱の中心で,Use placement_stage_map_indices for StageMap availability and requirement_expr for local ability/capture needs. placement_scenario_no_values is the raw object ScenarioNo field.,casual,
ClashWorldHomeStage:111:377,Lost Kingdom,ClashWorldHomeStage,Lost Kingdom,overworld,On a Tree in the Swamp,ClashWorldHomeStage:111:377,111,377,ShineFlag_None,ClashWorldHomeStage::place::new_place,,free,WorldPeace_Lost,MoonRockActive_Lost,primary,unrated,,"method_1(jump=Single Jump (258); cap_throw=Neutral Throw, Up Throw, Down Throw, Spin Throw; other=Ground Pound)",true,Shine,G,-1,,0;1;2;3,-1,None,,-1050.000,3000.000,-1700.000,ClashWorldHomeStageMap.szs;ShineInfo.szs,ClashWorldHomeStageMap.byml;ShineList_ClashWorldHomeStage.byml;ShinePosList.byml,4,4,-1,15,false,false,1;2;3;4,シャイン,やどり木の上,Use placement_stage_map_indices for StageMap availability and requirement_expr for local ability/capture needs. placement_scenario_no_values is the raw object ScenarioNo field.,casual,
ClashWorldHomeStage:142:378,Lost Kingdom,ClashWorldHomeStage,Lost Kingdom,overworld,Cave Gardening,ClashWorldHomeStage:142:378,142,378,ShineFlag_None,ClashWorldHomeStage::place::new_place_3,,KingdomAccess_Lost | UpThrow,WorldPeace_Lost,MoonRockActive_Lost,primary,unrated,,"captures=Frog, Uproot, Fire Bro, Shiverian, Gushen, Hammer Bro, Pokio, Yoshi | method_1(jump=Single Jump (258); cap_throw=Neutral Throw, Up Throw, Down Throw, Spin Throw; other=Ground Pound, Wall Jump) | method_2(jump=Single Jump (258); cap_throw=Neutral Throw, Up Throw, Down Throw, Spin Throw; other=Capture)",true,,,,,,,,,-2659.000,3920.000,4178.000,ShineInfo.szs,ShineList_ClashWorldHomeStage.byml;ShinePosList.byml,1,12,-1,63,false,false,1;2;3;4;5;6,帽子花グループ,咲かせて 洞くつの花,Use placement_stage_map_indices for StageMap availability and requirement_expr for local ability/capture needs. placement_scenario_no_values is the raw object ScenarioNo field.,casual;advanced,
ClashWorldHomeStage:492:379,Lost Kingdom,ClashWorldHomeStage,Lost Kingdom,overworld,On the Mountain Road,ClashWorldHomeStage:492:379,492,379,ShineFlag_None,ClashWorldHomeStage::checkpoint::obj543,,GroundPound,WorldPeace_Lost,MoonRockActive_Lost,primary,unrated,,"method_1(jump=Single Jump (258); cap_throw=Neutral Throw, Up Throw, Down Throw, Spin Throw; other=Ground Pound)",true,,,,,,,,,-4450.000,2508.080,6200.000,ShineInfo.szs,ShineList_ClashWorldHomeStage.byml;ShinePosList.byml,1,9,-1,63,false,false,1;2;3;4;5;6,ここ掘れポイント,岩山を すすむ道中で,Use placement_stage_map_indices for StageMap availability and requirement_expr for local ability/capture needs. placement_scenario_no_values is the raw object ScenarioNo field.,casual,
ClashWorldHomeStage:564:380,Lost Kingdom,ClashWorldHomeStage,Lost Kingdom,overworld,Below the Cliff's Edge,ClashWorldHomeStage:564:380,564,380,ShineFlag_None,ClashWorldHomeStage::checkpoint::obj543,,free,WorldPeace_Lost,MoonRockActive_Lost,primary,unrated,,method_1(jump=Single Jump (258); cap_throw=No Cap Throw Needed; other=None),true,Shine,G,-1,,0;1;2;3,-1,None,,6300.000,900.000,-3900.000,ClashWorldHomeStageMap.szs;ShineInfo.szs,ClashWorldHomeStageMap.byml;ShineList_ClashWorldHomeStage.byml;ShinePosList.byml,4,0,-1,15,false,false,1;2;3;4,シャイン,ガケっぷちの下に,Use placement_stage_map_indices for StageMap availability and requirement_expr for local ability/capture needs. placement_scenario_no_values is the raw object ScenarioNo field.,casual,
ClashWorldHomeStage:575:381,Lost Kingdom,ClashWorldHomeStage,Lost Kingdom,overworld,Soaring Over Forgotten Isle!,ClashWorldHomeStage:575:381,575,381,ShineFlag_None,ClashWorldHomeStage::checkpoint::obj545,,Kakku | (GroundPound & RollBoost & Vault & Dive) | (TripleJump & Vault & Dive),WorldPeace_Lost,MoonRockActive_Lost,primary,unrated,,"captures=Paragoomba, Gushen, Glydon, Parabones, Dino | method_1(jump=No Jump Needed; cap_throw=Neutral Throw, Up Throw, Down Throw, Spin Throw; other=Capture)",true,Shine,G,-1,,0;1;2;3,-1,None,,-4850.000,-450.000,17150.000,ClashWorldHomeStageMap.szs;ShineInfo.szs,ClashWorldHomeStageMap.byml;ShineList_ClashWorldHomeStage.byml;ShinePosList.byml,4,14,-1,15,false,false,1;2;3;4,シャイン,ロス島の空を舞う！,Use placement_stage_map_indices for StageMap availability and requirement_expr for local ability/capture needs. placement_scenario_no_values is the raw object ScenarioNo field.,casual;advanced;expert,
ClashWorldHomeStage:701:382,Lost Kingdom,ClashWorldHomeStage,Lost Kingdom,overworld,Peeking Out from Under the Bridge,ClashWorldHomeStage:701:382,701,382,ShineFlag_None,ClashWorldHomeStage::checkpoint::obj543,,free,WorldPeace_Lost,MoonRockActive_Lost,primary,unrated,,"method_1(jump=Single Jump (258); cap_throw=Neutral Throw, Up Throw, Down Throw, Spin Throw; other=Ground Pound)",true,Shine,G,-1,,0;1;2;3,-1,None,,2900.000,-50.000,3900.000,ClashWorldHomeStageMap.szs;ShineInfo.szs,ClashWorldHomeStageMap.byml;ShineList_ClashWorldHomeStage.byml;ShinePosList.byml,4,5,-1,15,false,false,1;2;3;4,シャイン,のぞきこんで 橋の下,Use placement_stage_map_indices for StageMap availability and requirement_expr for local ability/capture needs. placement_scenario_no_values is the raw object ScenarioNo field.,casual,
ClashWorldHomeStage:850:383,Lost Kingdom,ClashWorldHomeStage,Lost Kingdom,overworld,The Caged Gold,ClashWorldHomeStage:850:383,850,383,ShineFlag_None,ClashWorldHomeStage::checkpoint::obj543,,free,WorldPeace_Lost,MoonRockActive_Lost,primary,unrated,,"method_1(jump=Single Jump (258); cap_throw=Neutral Throw, Up Throw, Down Throw, Spin Throw; other=Ground Pound)",true,Shine,G,-1,,0;1;2;3,-1,None,,1150.000,1350.000,3050.000,ClashWorldHomeStageMap.szs;ShineInfo.szs,ClashWorldHomeStageMap.byml;ShineList_ClashWorldHomeStage.byml;ShinePosList.byml,4,19,-1,15,false,false,1;2;3;4,シャイン,とらわれていた宝,Use placement_stage_map_indices for StageMap availability and requirement_expr for local ability/capture needs. placement_scenario_no_values is the raw object ScenarioNo field.,casual,
ClashWorldHomeStage:920:384,Lost Kingdom,ClashWorldHomeStage,Lost Kingdom,overworld,"Over the Fuzzies, Above the Swamp",ClashWorldHomeStage:920:384,920,384,ShineFlag_None,ClashWorldHomeStage::checkpoint::obj2899,,free,WorldPeace_Lost,MoonRockActive_Lost,primary,unrated,,"method_1(jump=Single Jump (258); cap_throw=Neutral Throw, Up Throw, Down Throw, Spin Throw; other=Ground Pound)",true,Shine,G,-1,,0;1;2;3,-1,None,,-5400.000,50.000,5800.000,ClashWorldHomeStageMap.szs;ShineInfo.szs,ClashWorldHomeStageMap.byml;ShineList_ClashWorldHomeStage.byml;ShinePosList.byml,4,11,-1,15,false,false,1;2;3;4,シャイン,チョロボン越えて 沼の上,Use placement_stage_map_indices for StageMap availability and requirement_expr for local ability/capture needs. placement_scenario_no_values is the raw object ScenarioNo field.,casual,
ClashWorldHomeStage:1001:385,Lost Kingdom,ClashWorldHomeStage,Lost Kingdom,overworld,Enjoying the View of Forgotten Isle,ClashWorldHomeStage:1001:385,1001,385,ShineFlag_None,ClashWorldHomeStage::checkpoint::obj545,,free,WorldPeace_Lost,MoonRockActive_Lost,primary,unrated,,"captures=Pokio | method_1(jump=Single Jump (258); cap_throw=Neutral Throw, Up Throw, Down Throw; other=Ground Pound, Wall Jump) | method_2(jump=Single Jump (258); cap_throw=Neutral Throw, Up Throw, Down Throw, Spin Throw; other=Capture)",true,Shine,G,-1,,0;1;2;3,-1,None,,-2100.000,8100.000,4100.000,ClashWorldHomeStageMap.szs;ShineInfo.szs,ClashWorldHomeStageMap.byml;ShineList_ClashWorldHomeStage.byml;ShinePosList.byml,4,6,-1,15,false,false,1;2;3;4,シャイン,ロス島を一望して,Use placement_stage_map_indices for StageMap availability and requirement_expr for local ability/capture needs. placement_scenario_no_values is the raw object ScenarioNo field.,casual,
ClashWorldHomeStage:70:386,Lost Kingdom,ClashWorldHomeStage,Lost Kingdom,overworld,Moon Shards in the Jungle,ClashWorldHomeStage:70:386,70,386,ShineFlag_None,ClashWorldHomeStage::checkpoint::obj543,,free,WorldPeace_Lost,MoonRockActive_Lost,primary,unrated,,"captures=Locked behind Default Capture, Wiggler | method_1(jump=Long Jump; cap_throw=Neutral Throw, Up Throw, Down Throw, Spin Throw; other=Capture) | method_2(jump=Single Jump (258); cap_throw=Neutral Throw; other=None)",true,,,,,,,,,-3350.000,0.000,-1250.000,ShineInfo.szs,ShineList_ClashWorldHomeStage.byml;ShinePosList.byml,1,16,-1,15,false,false,1;2;3;4,シャインチップ全取得監視者,集めて！ 密林のムーンチップ,Use placement_stage_map_indices for StageMap availability and requirement_expr for local ability/capture needs. placement_scenario_no_values is the raw object ScenarioNo field.,casual,
ClashWorldHomeStage:570:387,Lost Kingdom,ClashWorldHomeStage,Lost Kingdom,overworld,Avoiding Fuzzies Inside the Wall,ClashWorldHomeStage:570:387,570,387,ShineFlag_None,ClashWorldHomeStage::checkpoint::obj2899,,free,WorldPeace_Lost,MoonRockActive_Lost,primary,unrated,,"method_1(jump=Single Jump (258); cap_throw=Neutral Throw, Up Throw, Down Throw, Spin Throw; other=Ground Pound)",true,ShineDot,G,,,0;1;2;3,,None,,-5000.000,650.000,5800.000,ClashWorldHomeStageMap.szs;ShineInfo.szs,ClashWorldHomeStageMap.byml;ShineList_ClashWorldHomeStage.byml;ShinePosList.byml,4,8,-1,15,false,false,1;2;3;4,シャインドット_2D,チョロボンよけて 壁の中,Use placement_stage_map_indices for StageMap availability and requirement_expr for local ability/capture needs. placement_scenario_no_values is the raw object ScenarioNo field.,casual,
ClashWorldHomeStage:595:388,Lost Kingdom,ClashWorldHomeStage,Lost Kingdom,overworld,A Butterfly's Treasure,ClashWorldHomeStage:595:388,595,388,ShineFlag_None,ClashWorldHomeStage::place::new_place_2,,free,WorldPeace_Lost,MoonRockActive_Lost,primary,unrated,,"captures=Frog, Uproot, Fire Bro, Shiverian, Gushen, Hammer Bro, Pokio, Yoshi | method_1(jump=Single Jump (258); cap_throw=Neutral Throw, Up Throw, Down Throw, Spin Throw; other=Ground Pound, Wall Jump) | method_2(jump=Single Jump (258); cap_throw=Neutral Throw, Up Throw, Down Throw, Spin Throw; other=Capture)",true,BirdClash,G,,,0;1;2;3,,,,-6150.000,3900.000,2750.000,ClashWorldHomeStageMap.szs;ShineInfo.szs,ClashWorldHomeStageMap.byml;ShineList_ClashWorldHomeStage.byml;ShinePosList.byml,4,13,-1,15,false,false,1;2;3;4,墜落の鳥,チョウチョの宝,Use placement_stage_map_indices for StageMap availability and requirement_expr for local ability/capture needs. placement_scenario_no_values is the raw object ScenarioNo field.,casual,
ClashWorldHomeStage:2599:390,Lost Kingdom,ClashWorldHomeStage,Lost Kingdom,overworld,Caught Hopping in the Jungle!,ClashWorldHomeStage:2599:390,2599,390,ShineFlag_None,ClashWorldHomeStage::checkpoint::obj543,,free,WorldPeace_Lost,MoonRockActive_Lost,primary,unrated,,method_1(jump=Single Jump (258); cap_throw=No Cap Throw Needed; other=Ground Pound),true,,,,,,,,,-200.000,2196.710,100.000,ShineInfo.szs,ShineList_ClashWorldHomeStage.byml;ShinePosList.byml,1,20,-1,14,false,false,2;3;4,ウサギ,密林で つかまえたピョン！,Use placement_stage_map_indices for StageMap availability and requirement_expr for local ability/capture needs. placement_scenario_no_values is the raw object ScenarioNo field.,casual,
ClashWorldHomeStage:616:392,Lost Kingdom,ClashWorldHomeStage,Lost Kingdom,overworld,"Line It Up, Blow It Up",ClashWorldHomeStage:616:392,616,392,ShineFlag_Extra,ClashWorldHomeStage::checkpoint::obj543,,GroundPound | KingdomAccess_Lost,WorldPeace_Lost,MoonRockActive_Lost,primary,unrated,,"method_1(jump=Single Jump (258); cap_throw=Neutral Throw, Up Throw, Down Throw, Spin Throw; other=Ground Pound)",true,,,,,,,,,700.000,2400.000,-1050.000,ShineInfo.szs,ShineList_ClashWorldHomeStage.byml;ShinePosList.byml,1,27,-1,8,false,true,4,墜落のワールド壊れパーツ000,誘導して ねらい撃ち,Use placement_stage_map_indices for StageMap availability and requirement_expr for local ability/capture needs. placement_scenario_no_values is the raw object ScenarioNo field.,casual;advanced,
ClashWorldHomeStage:2560:393,Lost Kingdom,ClashWorldHomeStage,Lost Kingdom,overworld,Taking Notes: Stretch and Shrink,ClashWorldHomeStage:2560:393,2560,393,ShineFlag_Extra,ClashWorldHomeStage::checkpoint::obj543,,Imomu | NeutralThrow | SpinThrow,WorldPeace_Lost,MoonRockActive_Lost,primary,unrated,,"captures=Wiggler, Gushen, Yoshi, Pokio | method_1(jump=Single Jump (258); cap_throw=Spin Throw, Neutral Throw; other=None, Homing Cap) | method_2(jump=No Jump Needed; cap_throw=Neutral Throw, Spin Throw; other=Capture)",true,,,,,,,,,-6100.000,2225.000,700.000,ShineInfo.szs,ShineList_ClashWorldHomeStage.byml;ShinePosList.byml,1,29,-1,8,false,true,4,音符オブジェ(1つ目),のびて ちぢんで 音符集め,Use placement_stage_map_indices for StageMap availability and requirement_expr for local ability/capture needs. placement_scenario_no_values is the raw object ScenarioNo field.,casual;advanced;advanced,
ClashWorldHomeStage:2620:394,Lost Kingdom,ClashWorldHomeStage,Lost Kingdom,overworld,Peach in the Lost Kingdom,ClashWorldHomeStage:2620:394,2620,394,ShineFlag_None,ClashWorldHomeStage::checkpoint::obj545,,KingdomAccess_Mushroom,WorldPeace_Lost,MoonRockActive_Lost,primary,unrated,,"captures=Pokio | method_1(jump=Single Jump (258); cap_throw=Neutral Throw, Up Throw, Down Throw, Spin Throw; other=Ground Pound, Wall Jump) | method_2(jump=Single Jump (258); cap_throw=Neutral Throw, Up Throw, Down Throw, Spin Throw; other=Capture)",true,,,,,,,,,-3450.000,7200.000,5100.000,ShineInfo.szs,ShineList_ClashWorldHomeStage.byml;ShinePosList.byml,1,21,-1,12,false,false,3;4,世界旅行ピーチ,失われた国で ピーチ姫,Use placement_stage_map_indices for StageMap availability and requirement_expr for local ability/capture needs. placement_scenario_no_values is the raw object ScenarioNo field.,casual,
ClashWorldHomeStage:609:395,Lost Kingdom,ClashWorldHomeStage,Lost Kingdom,overworld,The Shining Fruit,ClashWorldHomeStage:609:395,609,395,ShineFlag_Extra,ClashWorldHomeStage::checkpoint::obj543,,free,WorldPeace_Lost,MoonRockActive_Lost,primary,unrated,,method_1(jump=Single Jump (258); cap_throw=No Cap Throw Needed; other=None),true,ShineAddByRock,D,-1,,3,-1,None,,5743.906,892.430,5004.188,ClashWorldHomeStageMap.szs;ShineInfo.szs,ClashWorldHomeStageMap.byml;ShineList_ClashWorldHomeStage.byml;ShinePosList.byml,1,25,-1,8,false,true,4,シャイン【月の石追加版】,かがやく果実,Use placement_stage_map_indices for StageMap availability and requirement_expr for local ability/capture needs. placement_scenario_no_values is the raw object ScenarioNo field.,casual,
ClashWorldHomeStage:615:396,Lost Kingdom,ClashWorldHomeStage,Lost Kingdom,overworld,Jump Down to the Top of a Tree,ClashWorldHomeStage:615:396,615,396,ShineFlag_Extra,ClashWorldHomeStage::checkpoint::obj543,,free,WorldPeace_Lost,MoonRockActive_Lost,primary,unrated,,"method_1(jump=Single Jump (258); cap_throw=Neutral Throw, Up Throw, Down Throw, Spin Throw; other=Ground Pound)",true,ShineAddByRock,D,-1,,3,-1,None,,-2550.000,1300.000,-4050.000,ClashWorldHomeStageMap.szs;ShineInfo.szs,ClashWorldHomeStageMap.byml;ShineList_ClashWorldHomeStage.byml;ShinePosList.byml,1,26,-1,8,false,true,4,シャイン【月の石追加版】,木の上に とび降りて,Use placement_stage_map_indices for StageMap availability and requirement_expr for local ability/capture needs. placement_scenario_no_values is the raw object ScenarioNo field.,casual,
ClashWorldShopStage:19:398,Lost Kingdom,ClashWorldShopStage,Crazy Cap Store,subarea,Shopping on Forgotten Isle,ClashWorldShopStage:19:398,19,398,ShineFlag_None,ClashWorldShopStage::entrance::Kinopio::sub_near,,free,WorldPeace_Lost,MoonRockActive_Lost,primary,unrated,"not ""free""","captures=Pokio | method_1(jump=Single Jump (258); cap_throw=Neutral Throw, Up Throw, Down Throw, Spin Throw; other=Ground Pound, Wall Jump) | method_2(jump=Single Jump (258); cap_throw=Neutral Throw, Up Throw, Down Throw, Spin Throw; other=Capture)",true,,,,,,,,,-2850.000,7313.750,3318.400,ShineInfo.szs,ShineList_ClashWorldHomeStage.byml;ShinePosList.byml,1,17,-1,15,false,false,1;2;3;4,ショップ店員,ロス島で お買い物,Use placement_stage_map_indices for StageMap availability and requirement_expr for local ability/capture needs. placement_scenario_no_values is the raw object ScenarioNo field.,casual,
ImomuPoisonExStage:3970:399,Lost Kingdom,ImomuPoisonExStage,Stretch and Traverse the Jungle,subarea,Stretch and Traverse the Jungle,ImomuPoisonExStage:3970:399,3970,399,ShineFlag_Extra,ImomuPoisonExStage::entrance::imomu_02::sub_far,,free,WorldPeace_Lost,MoonRockActive_Lost,primary,unrated,,captures=Wiggler | method_1(jump=Single Jump (258); cap_throw=No Cap Throw Needed; other=Ledge Grab) | method_2(jump=Single Jump (258); cap_throw=No Cap Throw Needed; other=Dive) | method_3(jump=Single Jump (258); cap_throw=No Cap Throw Needed; other=Capture),true,ShineAddHeight,Common,-1,,0;1;10;11;12;13;14;2;3;4;5;6;7;8;9,-1,None,,-15300.000,-100.000,-26950.000,ImomuPoisonExStageMap.szs;ShineInfo.szs,ImomuPoisonExStageMap.byml;ShineList_ClashWorldHomeStage.byml;ShinePosList.byml,15,30,-1,8,false,true,4,シャイン【2m置き】,ジャングルを のびて渡って,Use placement_stage_map_indices for StageMap availability and requirement_expr for local ability/capture needs. placement_scenario_no_values is the raw object ScenarioNo field.,casual,
ImomuPoisonExStage:4857:400,Lost Kingdom,ImomuPoisonExStage,Stretch and Traverse the Jungle,subarea,Aglow in the Jungle,ImomuPoisonExStage:4857:400,4857,400,ShineFlag_Extra,ImomuPoisonExStage::entrance::imomu_01::sub_near,,Imomu | NeutralThrow,WorldPeace_Lost,MoonRockActive_Lost,primary,unrated,,"captures=Wiggler | method_1(jump=Single Jump (258); cap_throw=Neutral Throw, Spin Throw; other=Ledge Grab) | method_2(jump=Single Jump (258); cap_throw=No Cap Throw Needed; other=Capture)",true,Shine,Common,-1,,0;1;10;11;12;13;14;2;3;4;5;6;7;8;9,-1,None,,-15200.000,-300.000,-18350.000,ImomuPoisonExStageMap.szs;ShineInfo.szs,ImomuPoisonExStageMap.byml;ShineList_ClashWorldHomeStage.byml;ShinePosList.byml,15,33,-1,8,false,true,4,ステージスイッチ_燭台監視,ジャングルの灯火,Use placement_stage_map_indices for StageMap availability and requirement_expr for local ability/capture needs. placement_scenario_no_values is the raw object ScenarioNo field.,casual;advanced,
JangoExStage:211:491,Lost Kingdom,JangoExStage,Klepto 2 - Lava Boogaloo,subarea,Chasing Klepto,JangoExStage:211:491,211,491,ShineFlag_Extra,JangoExStage::entrance::ClashWorldMoonEX2::sub_near,,GroundPound,WorldPeace_Lost,MoonRockActive_Lost,primary,unrated,,"method_1(jump=Single Jump (258); cap_throw=Neutral Throw, Up Throw, Down Throw, Spin Throw; other=Ground Pound)",true,ShineAddHeight,Common,-1,,0;1;10;11;12;13;14;2;3;4;5;6;7;8;9,-1,None,,200.000,100.000,-1950.000,JangoExStageMap.szs;ShineInfo.szs,JangoExStageMap.byml;ShineList_ClashWorldHomeStage.byml;ShinePosList.byml,15,31,-1,8,false,true,4,シャイン【2m置き】,レスキュー 大成功！,Use placement_stage_map_indices for StageMap availability and requirement_expr for local ability/capture needs. placement_scenario_no_values is the raw object ScenarioNo field.,casual,
JangoExStage:226:492,Lost Kingdom,JangoExStage,Klepto 2 - Lava Boogaloo,subarea,Extremely Hot Bath,JangoExStage:226:492,226,492,ShineFlag_Extra,JangoExStage::entrance::ClashWorldMoonEX2::sub_near,,Bubble | Vault,WorldPeace_Lost,MoonRockActive_Lost,primary,unrated,,"captures=Lava Bubble | method_1(jump=Single Jump (258); cap_throw=Neutral Throw, Up Throw, Down Throw, Spin Throw; other=Ground Pound, Capture)",true,ShineAddHeight,Common,-1,,0;1;10;11;12;13;14;2;3;4;5;6;7;8;9,-1,None,,-2050.000,750.000,-4150.000,JangoExStageMap.szs;ShineInfo.szs,JangoExStageMap.byml;ShineList_ClashWorldHomeStage.byml;ShinePosList.byml,15,34,-1,8,false,true,4,シャイン【2m置き】,マグマを 泳ぎ回って,Use placement_stage_map_indices for StageMap availability and requirement_expr for local ability/capture needs. placement_scenario_no_values is the raw object ScenarioNo field.,casual;advanced,
ClashWorldHomeStage:2774:832,Lost Kingdom,ClashWorldHomeStage,Lost Kingdom,overworld,Lost Kingdom Regular Cup,ClashWorldHomeStage:2774:832,2774,832,ShineFlag_None,ClashWorldHomeStage::checkpoint::obj543,,(GroundPound & WallJump),WorldPeace_Lost,MoonRockActive_Lost,primary,unrated,,"captures=Pokio | method_1(jump=Single Jump (258); cap_throw=Neutral Throw, Up Throw, Down Throw, Spin Throw; other=Ground Pound, Wall Jump) | method_2(jump=Single Jump (258); cap_throw=Neutral Throw, Up Throw, Down Throw, Spin Throw; other=Ground Pound, Capture)",true,,,,,,,,,7000.000,400.000,13300.000,ShineInfo.szs,ShineList_ClashWorldHomeStage.byml;ShinePosList.byml,1,22,-1,12,false,false,3;4,駆けっこ開始Npc,失われた国 レギュラーカップ,Use placement_stage_map_indices for StageMap availability and requirement_expr for local ability/capture needs. placement_scenario_no_values is the raw object ScenarioNo field.,casual,"1,2,3,4,5"
ClashWorldHomeStage:2833:855,Lost Kingdom,ClashWorldHomeStage,Lost Kingdom,overworld,Lost Kingdom Timer Challenge,ClashWorldHomeStage:2833:855,2833,855,ShineFlag_Extra,ClashWorldHomeStage::checkpoint::obj543,,Climb | KingdomAccess_Lost | Dive | TripleJump,WorldPeace_Lost,MoonRockActive_Lost,primary,unrated,,"method_1(jump=Single Jump (258); cap_throw=Neutral Throw, Up Throw, Down Throw, Spin Throw; other=Ground Pound)",true,,,,,,,,,450.000,2400.000,5950.000,ShineInfo.szs,ShineList_ClashWorldHomeStage.byml;ShinePosList.byml,1,28,-1,8,false,true,4,帽子掛け（タイマー）,失われた国で チクタク・アスレチック,Use placement_stage_map_indices for StageMap availability and requirement_expr for local ability/capture needs. placement_scenario_no_values is the raw object ScenarioNo field.,casual,
ClashWorldHomeStage:2862:897,Lost Kingdom,ClashWorldHomeStage,Lost Kingdom,overworld,Lost Kingdom Master Cup,ClashWorldHomeStage:2862:897,2862,897,ShineFlag_Extra,ClashWorldHomeStage::checkpoint::obj543,,(GroundPound & WallJump),WorldPeace_Lost,MoonRockActive_Lost,primary,unrated,,"captures=Pokio | method_1(jump=Single Jump (258); cap_throw=Neutral Throw, Up Throw, Down Throw, Spin Throw; other=Ground Pound, Wall Jump) | method_2(jump=Single Jump (258); cap_throw=Neutral Throw, Up Throw, Down Throw, Spin Throw; other=Ground Pound, Capture)",true,,,,,,,,,7000.000,400.000,13300.000,ShineInfo.szs,ShineList_ClashWorldHomeStage.byml;ShinePosList.byml,1,32,-1,8,false,true,4,駆けっこ開始Npc,失われた国 マスターカップ,Use placement_stage_map_indices for StageMap availability and requirement_expr for local ability/capture needs. placement_scenario_no_values is the raw object ScenarioNo field.,casual,
ClashWorldHomeStage:2981:942,Lost Kingdom,ClashWorldHomeStage,Lost Kingdom,overworld,Wrecked Rock Block,ClashWorldHomeStage:2981:942,2981,942,ShineFlag_None,ClashWorldHomeStage::checkpoint::obj543,,free,WorldPeace_Lost,MoonRockActive_Lost,primary,unrated,,"method_1(jump=Single Jump (258); cap_throw=Neutral Throw, Up Throw, Down Throw, Spin Throw; other=Ground Pound)",true,,,,,,,,,5200.000,1350.000,-3400.000,ShineInfo.szs,ShineList_ClashWorldHomeStage.byml;ShinePosList.byml,1,10,-1,63,false,false,1;2;3;4;5;6,墜落のワールド壊れパーツ000,ロス島の かたい岩,Use placement_stage_map_indices for StageMap availability and requirement_expr for local ability/capture needs. placement_scenario_no_values is the raw object ScenarioNo field.,casual,
ClashWorldHomeStage:2921:943,Lost Kingdom,ClashWorldHomeStage,Lost Kingdom,overworld,I Met a Tropical Wiggler!,ClashWorldHomeStage:2921:943,2921,943,ShineFlag_None,ClashWorldHomeStage::checkpoint::obj543,,(Imomu & GroundPound),WorldPeace_Lost,MoonRockActive_Lost,primary,unrated,,"captures=Wiggler | method_1(jump=Single Jump (258); cap_throw=Neutral Throw, Up Throw, Down Throw, Spin Throw; other=Ground Pound)",true,,,,,,,,,5200.000,2050.000,-4275.000,ShineInfo.szs,ShineList_ClashWorldHomeStage.byml;ShinePosList.byml,1,23,-1,28,false,false,3;4;5,帽子の民,シマハナチャンに 出会った！,Use placement_stage_map_indices for StageMap availability and requirement_expr for local ability/capture needs. placement_scenario_no_values is the raw object ScenarioNo field.,casual,
ClashWorldHomeStage:3283:1075,Lost Kingdom,ClashWorldHomeStage,Lost Kingdom,overworld,Twist 'n' Turn-Up Treasure,ClashWorldHomeStage:3283:1075,3283,1075,ShineFlag_None,ClashWorldHomeStage::checkpoint::obj543,,Imomu | (Kakku & Dive) | (Vault & Dive) | (Fukankun & Dive),WorldPeace_Lost,MoonRockActive_Lost,primary,unrated,,"captures=Paragoomba, Wiggler, Gushen, Pokio | method_1(jump=No Jump Needed; cap_throw=Neutral Throw, Up Throw, Down Throw, Spin Throw; other=Capture)",true,,,,,,,,,5550.000,-750.000,13600.000,ShineInfo.szs,ShineList_ClashWorldHomeStage.byml;ShinePosList.byml,1,15,-1,15,false,false,1;2;3;4,鍵付き宝箱,曲がりくねって お宝発見,Use placement_stage_map_indices for StageMap availability and requirement_expr for local ability/capture needs. placement_scenario_no_values is the raw object ScenarioNo field.,casual;advanced;expert;advanced,
ClashWorldHomeStage:3284:1077,Lost Kingdom,ClashWorldHomeStage,Lost Kingdom,overworld,Taxi Flying Through Forgotten Isle,ClashWorldHomeStage:3284:1077,3284,1077,ShineFlag_None,ClashWorldHomeStage::checkpoint::obj543,,Fukankun,WorldPeace_Lost,MoonRockActive_Lost,primary,unrated,,"captures=Locked behind Default Capture | method_1(jump=Single Jump (258); cap_throw=Neutral Throw, Up Throw, Down Throw, Spin Throw; other=Capture)",true,,,,,,,,,6900.000,600.000,13700.000,ShineInfo.szs,ShineList_ClashWorldHomeStage.byml;ShinePosList.byml,1,24,-1,12,false,false,3;4,空飛ぶタクシー,空飛ぶタクシー ロス島を通過,Use placement_stage_map_indices for StageMap availability and requirement_expr for local ability/capture needs. placement_scenario_no_values is the raw object ScenarioNo field.,casual,
LavaWorldHomeStage:5616:240,Luncheon Kingdom,LavaWorldHomeStage,Luncheon Kingdom,overworld,Is This an Ingredient Too?!,LavaWorldHomeStage:5616:240,5616,240,ShineFlag_None,LavaWorldHomeStage::place::new_place,,free,WorldPeace_Luncheon,MoonRockActive_Luncheon,primary,unrated,,"captures=Hammer Bro | method_1(jump=Cap Return Jump (400); cap_throw=Neutral Throw, Up Throw, Down Throw, Spin Throw; other=Ledge Grab) | method_2(jump=Single Jump (258); cap_throw=Neutral Throw, Up Throw, Down Throw, Spin Throw; other=Capture)",true,,,,,,,,,-4250.000,2800.000,4500.000,ShineInfo.szs,ShineList_LavaWorldHomeStage.byml;ShinePosList.byml,1,7,-1,1023,false,false,1;2;3;4;5;6;7;8;9;10,木箱,これも食材！？,Use placement_stage_map_indices for StageMap availability and requirement_expr for local ability/capture needs. placement_scenario_no_values is the raw object ScenarioNo field.,casual,
LavaWorldHomeStage:3420:241,Luncheon Kingdom,LavaWorldHomeStage,Luncheon Kingdom,overworld,Golden Turnip Recipe 2,LavaWorldHomeStage:3420:241,3420,241,ShineFlag_None,LavaWorldHomeStage::place::new_place_4,,free,WorldPeace_Luncheon,MoonRockActive_Luncheon,primary,unrated,,"captures=Fire Bro, Hammer Bro | method_1(jump=Backflip/Vault/Side Flip (496); cap_throw=Neutral Throw; other=Dive, Ledge Grab) | method_2(jump=Single Jump (258); cap_throw=Neutral Throw, Up Throw, Down Throw, Spin Throw; other=Capture, Ledge Grab)",true,ShineAddHeight,Common,-1,,10;11;12;13;14;3;4;5;8,-1,None,,-1350.000,2210.000,4050.000,LavaWorldHomeStageMap.szs;ShineInfo.szs,LavaWorldHomeStageMap.byml;ShineList_LavaWorldHomeStage.byml;ShinePosList.byml,9,13,-1,1023,false,false,1;2;3;4;5;6;7;8;9;10,シャイン【2m置き】_ゴールドカブ,金色カブのレシピ ２,Use placement_stage_map_indices for StageMap availability and requirement_expr for local ability/capture needs. placement_scenario_no_values is the raw object ScenarioNo field.,casual,
LavaWorldHomeStage:3421:242,Luncheon Kingdom,LavaWorldHomeStage,Luncheon Kingdom,overworld,Golden Turnip Recipe 1,LavaWorldHomeStage:3421:242,3421,242,ShineFlag_None,LavaWorldHomeStage::place::new_place,,free,WorldPeace_Luncheon,MoonRockActive_Luncheon,primary,unrated,,"method_1(jump=No Jump Needed; cap_throw=Neutral Throw, Up Throw, Down Throw, Spin Throw; other=None)",true,ShineAddHeight,Common,-1,,10;11;12;13;14;3;4;5;8,-1,None,,-1350.000,2210.000,4300.000,LavaWorldHomeStageMap.szs;ShineInfo.szs,LavaWorldHomeStageMap.byml;ShineList_LavaWorldHomeStage.byml;ShinePosList.byml,9,9,-1,1023,false,false,1;2;3;4;5;6;7;8;9;10,シャイン【2m置き】_ゴールドカブ,金色カブのレシピ １,Use placement_stage_map_indices for StageMap availability and requirement_expr for local ability/capture needs. placement_scenario_no_values is the raw object ScenarioNo field.,casual,
LavaWorldHomeStage:3419:243,Luncheon Kingdom,LavaWorldHomeStage,Luncheon Kingdom,overworld,Golden Turnip Recipe 3,LavaWorldHomeStage:3419:243,3419,243,ShineFlag_None,LavaWorldHomeStage::place::new_place_2,,HammerBros,WorldPeace_Luncheon,MoonRockActive_Luncheon,primary,unrated,,"captures=Hammer Bro | method_1(jump=Single Jump (258); cap_throw=Neutral Throw, Up Throw, Down Throw, Spin Throw; other=Capture)",true,ShineAddHeight,Common,-1,,10;11;12;13;14;3;4;5;8,-1,None,,-1350.000,2210.000,3800.000,LavaWorldHomeStageMap.szs;ShineInfo.szs,LavaWorldHomeStageMap.byml;ShineList_LavaWorldHomeStage.byml;ShinePosList.byml,9,17,-1,1023,false,false,1;2;3;4;5;6;7;8;9;10,シャイン【2m置き】_ゴールドカブ,金色カブのレシピ ３,Use placement_stage_map_indices for StageMap availability and requirement_expr for local ability/capture needs. placement_scenario_no_values is the raw object ScenarioNo field.,casual,
LavaWorldHomeStage:4980:244,Luncheon Kingdom,LavaWorldHomeStage,Luncheon Kingdom,overworld,Taking Notes: Swimming in Magma,LavaWorldHomeStage:4980:244,4980,244,ShineFlag_None,LavaWorldHomeStage::checkpoint::obj4074,,Bubble,WorldPeace_Luncheon,MoonRockActive_Luncheon,primary,unrated,,"captures=Lava Bubble | method_1(jump=Single Jump (258); cap_throw=Neutral Throw, Up Throw, Down Throw, Spin Throw; other=Capture)",true,,,,,,,,,-14460.300,2066.810,-11490.500,ShineInfo.szs,ShineList_LavaWorldHomeStage.byml;ShinePosList.byml,1,21,-1,711,false,false,1;2;3;7;8;10,音符オブジェ(1つ目),泳いでマグマの 音符集め,Use placement_stage_map_indices for StageMap availability and requirement_expr for local ability/capture needs. placement_scenario_no_values is the raw object ScenarioNo field.,casual,
LavaWorldHomeStage:5575:245,Luncheon Kingdom,LavaWorldHomeStage,Luncheon Kingdom,overworld,Island of Salt Floating in the Lava,LavaWorldHomeStage:5575:245,5575,245,ShineFlag_None,LavaWorldHomeStage::checkpoint::obj4619,,GroundPound,WorldPeace_Luncheon,MoonRockActive_Luncheon,primary,unrated,,"captures=Lava Bubble | method_1(jump=Long Jump; cap_throw=No Cap Throw Needed; other=Damage Boost, Ground Pound) | method_2(jump=Single Jump (258); cap_throw=Up Throw, Down Throw, Spin Throw, No Cap Throw Needed; other=Capture, Ground Pound)",true,,,,,,,,,6000.000,-33.804,-3850.000,ShineInfo.szs,ShineList_LavaWorldHomeStage.byml;ShinePosList.byml,1,8,-1,1023,false,false,1;2;3;4;5;6;7;8;9;10,ここ掘れポイント,溶岩に浮かぶ塩の島,Use placement_stage_map_indices for StageMap availability and requirement_expr for local ability/capture needs. placement_scenario_no_values is the raw object ScenarioNo field.,casual,
LavaWorldHomeStage:5620:246,Luncheon Kingdom,LavaWorldHomeStage,Luncheon Kingdom,overworld,Overlooking a Bunch of Ingredients,LavaWorldHomeStage:5620:246,5620,246,ShineFlag_None,LavaWorldHomeStage::place::new_place,,(FireBros & GroundPound) | (HammerBros & GroundPound) | (Kuribo & GroundPound) | GroundPound | (WallJump & GroundPound) | (Vault & GroundPound) | (Dive & GroundPound) | (KingdomAccess_Luncheon & GroundPound) | (Backflip & GroundPound) | (GroundPoundJump & GroundPound) | (SideFlip & GroundPound) | (Spin & GroundPound) | (TripleJump & GroundPound),WorldPeace_Luncheon,MoonRockActive_Luncheon,primary,unrated,lava bounce strat only available in post game,"captures=Lava Bubble, Hammer Bro, Fire Bro | method_1(jump=Backflip/Vault/Side Flip (496); cap_throw=Neutral Throw; other=Ground Pound, Dive) | method_2(jump=Single Jump (258); cap_throw=Neutral Throw, Up Throw, Down Throw, Spin Throw; other=Capture, Ground Pound)",true,,,,,,,,,-950.000,4462.010,12450.000,ShineInfo.szs,ShineList_LavaWorldHomeStage.byml;ShinePosList.byml,1,16,-1,1023,false,false,1;2;3;4;5;6;7;8;9;10,ここ掘れポイント,食材たくさん見渡して,Use placement_stage_map_indices for StageMap availability and requirement_expr for local ability/capture needs. placement_scenario_no_values is the raw object ScenarioNo field.,casual,"2,3,4,5;1,2,3,4,5;2,3,4,5;5;1,2,3,4,5;1,2,3,4,5;1,2,3,4,5;1;1;1;1;1;1,2,3,4,5"
LavaWorldHomeStage:5621:247,Luncheon Kingdom,LavaWorldHomeStage,Luncheon Kingdom,overworld,Atop a Column in a Row,LavaWorldHomeStage:5621:247,5621,247,ShineFlag_None,LavaWorldHomeStage::place::new_place,,GroundPound,WorldPeace_Luncheon,MoonRockActive_Luncheon,primary,unrated,,"method_1(jump=Long Jump; cap_throw=Neutral Throw, Up Throw, Down Throw, Spin Throw; other=None) | method_2(jump=Single Jump (258); cap_throw=Neutral Throw, Up Throw, Down Throw, Spin Throw; other=None)",true,,,,,,,,,500.000,3250.000,2300.000,ShineInfo.szs,ShineList_LavaWorldHomeStage.byml;ShinePosList.byml,1,10,-1,1023,false,false,1;2;3;4;5;6;7;8;9;10,ここ掘れポイント,ならんだ柱の てっぺんで,Use placement_stage_map_indices for StageMap availability and requirement_expr for local ability/capture needs. placement_scenario_no_values is the raw object ScenarioNo field.,casual,
LavaWorldHomeStage:5624:248,Luncheon Kingdom,LavaWorldHomeStage,Luncheon Kingdom,overworld,Surrounded by Tall Mountains,LavaWorldHomeStage:5624:248,5624,248,ShineFlag_None,LavaWorldHomeStage::place::new_place_2,,GroundPound | (HammerBros & GroundPound) | (FireBros & GroundPound) | Bubble,WorldPeace_Luncheon,MoonRockActive_Luncheon,primary,unrated,Podobo only possible in post game scenario,method_1(jump=Single Jump (258); cap_throw=No Cap Throw Needed; other=Ground Pound),true,,,,,,,,,-16850.000,3300.000,1300.000,ShineInfo.szs,ShineList_LavaWorldHomeStage.byml;ShinePosList.byml,1,14,-1,1023,false,false,1;2;3;4;5;6;7;8;9;10,ここ掘れポイント,高い山に囲まれて,Use placement_stage_map_indices for StageMap availability and requirement_expr for local ability/capture needs. placement_scenario_no_values is the raw object ScenarioNo field.,casual,"1,2,3,4,5;1,2,3,4,5;2,3,4,5;5"
LavaWorldTimerAthletic001Zone:109:249,Luncheon Kingdom,LavaWorldHomeStage,Luncheon Kingdom,overworld,Luncheon Kingdom Timer Challenge 2,LavaWorldTimerAthletic001Zone:109:249,109,249,ShineFlag_None,LavaWorldTimerAthletic001Zone::start,,free,WorldPeace_Luncheon,MoonRockActive_Luncheon,primary,unrated,,"method_1(jump=Single Jump (258); cap_throw=Neutral Throw, Up Throw, Down Throw, Spin Throw; other=None)",true,,,,,,,,,15900.000,2000.000,7400.000,ShineInfo.szs,ShineList_LavaWorldHomeStage.byml;ShinePosList.byml,1,42,-1,198,false,false,2;3;7;8,鍵付き宝箱,料理の国で チクタク・アスレチック ２,Use placement_stage_map_indices for StageMap availability and requirement_expr for local ability/capture needs. placement_scenario_no_values is the raw object ScenarioNo field.,casual,
LavaWorldHomeStage:340:250,Luncheon Kingdom,LavaWorldHomeStage,Luncheon Kingdom,overworld,Lurking in the Pillar's Shadow,LavaWorldHomeStage:340:250,340,250,ShineFlag_None,LavaWorldHomeStage::start,,free,WorldPeace_Luncheon,MoonRockActive_Luncheon,primary,unrated,,"captures=Lava Bubble | method_1(jump=Single Jump (258); cap_throw=No Cap Throw Needed; other=Damage Boost) | method_2(jump=Single Jump (258); cap_throw=Neutral Throw, Up Throw, Down Throw, Spin Throw; other=Capture) | method_3(jump=Single Jump (258); cap_throw=No Cap Throw Needed; other=None)",true,ShineAddHeight,H,-1,,0;1;2;6;7;9,-1,None,,12300.000,400.000,6100.000,LavaWorldHomeStageMap.szs;ShineInfo.szs,LavaWorldHomeStageMap.byml;ShineList_LavaWorldHomeStage.byml;ShinePosList.byml,6,6,-1,711,false,false,1;2;3;7;8;10,シャイン【2m置き】,柱のかげに ひっそりと,Use placement_stage_map_indices for StageMap availability and requirement_expr for local ability/capture needs. placement_scenario_no_values is the raw object ScenarioNo field.,casual,
LavaWorldHomeStage:355:251,Luncheon Kingdom,LavaWorldHomeStage,Luncheon Kingdom,overworld,Under the Cheese Rocks,LavaWorldHomeStage:355:251,355,251,ShineFlag_Story,LavaWorldHomeStage::place::new_place,,HammerBros,WorldPeace_Luncheon,MoonRockActive_Luncheon,primary,unrated,,"captures=Hammer Bro, Lava Bubble | method_1(jump=Ground Pound Jump (514); cap_throw=Neutral Throw; other=Capture, Wall Jump, Dive) | method_2(jump=Single Jump (258); cap_throw=Neutral Throw, Up Throw, Down Throw, Spin Throw; other=Capture)",true,Shine,Z,-1,,0;1;2;6;7,1,None,,-8500.000,2500.000,-1600.000,LavaWorldHomeStageMap.szs;ShineInfo.szs,LavaWorldHomeStageMap.byml;ShineList_LavaWorldHomeStage.byml;ShinePosList.byml,5,1,1,199,false,false,1;2;3;7;8,ステージスイッチ_シャイン【2m置き】_シャイン【2m置き】_シャイン【2m置き】_シャイン【2m置き】_シャイン,チーズ岩の中に,Use placement_stage_map_indices for StageMap availability and requirement_expr for local ability/capture needs. placement_scenario_no_values is the raw object ScenarioNo field.,casual,
LavaWorldHomeStage:2174:253,Luncheon Kingdom,LavaWorldHomeStage,Luncheon Kingdom,overworld,Atop the Jutting Crag,LavaWorldHomeStage:2174:253,2174,253,ShineFlag_None,LavaWorldHomeStage::place::new_place_4,,free,WorldPeace_Luncheon,MoonRockActive_Luncheon,primary,unrated,,"captures=Hammer Bro | method_1(jump=Backflip/Vault/Side Flip (496); cap_throw=Neutral Throw; other=Ledge Grab, Dive) | method_2(jump=Single Jump (258); cap_throw=Neutral Throw, Up Throw, Down Throw, Spin Throw; other=Capture, Ledge Grab)",true,ShineAddHeight,H,-1,,0;1;2;6;7;9,-1,None,,-4850.000,4350.000,-8150.000,LavaWorldHomeStageMap.szs;ShineInfo.szs,LavaWorldHomeStageMap.byml;ShineList_LavaWorldHomeStage.byml;ShinePosList.byml,6,15,-1,711,false,false,1;2;3;7;8;10,シャイン【2m置き】,高い壁の上に,Use placement_stage_map_indices for StageMap availability and requirement_expr for local ability/capture needs. placement_scenario_no_values is the raw object ScenarioNo field.,casual,"1,2,3,4,5;1,2,3,4,5;1,2,3,4,5;1,2,3,4,5;1,2,3,4,5;1,2,3,4,5;2,3,4,5"
LavaWorldHomeStage:2184:254,Luncheon Kingdom,LavaWorldHomeStage,Luncheon Kingdom,overworld,Light the Lantern on the Small Island,LavaWorldHomeStage:2184:254,2184,254,ShineFlag_None,LavaWorldHomeStage::checkpoint::obj4074,,Bubble | FireBros,WorldPeace_Luncheon,MoonRockActive_Luncheon,primary,unrated,,"captures=Fire Bro, Lava Bubble | method_1(jump=Single Jump (258); cap_throw=Neutral Throw, Up Throw, Down Throw, Spin Throw; other=Capture)",true,Shine,Common,-1,,10;11;12;13;14;4;5,-1,None,,-11450.000,2700.000,-1600.000,LavaWorldHomeStageMap.szs;ShineInfo.szs,LavaWorldHomeStageMap.byml;ShineList_LavaWorldHomeStage.byml;ShinePosList.byml,7,12,-1,1023,false,false,1;2;3;4;5;6;7;8;9;10,シャイン_溶岩の燭台000,小島のしょく台 灯されて,Use placement_stage_map_indices for StageMap availability and requirement_expr for local ability/capture needs. placement_scenario_no_values is the raw object ScenarioNo field.,casual,"1,2,3,4,5;2,3,4,5"
LavaWorldHomeStage:2499:255,Luncheon Kingdom,LavaWorldHomeStage,Luncheon Kingdom,overworld,Light the Two Flames,LavaWorldHomeStage:2499:255,2499,255,ShineFlag_None,LavaWorldHomeStage::start,,Bubble | FireBros | KingdomAccess_Luncheon,WorldPeace_Luncheon,MoonRockActive_Luncheon,primary,unrated,,"captures=Fire Bro, Lava Bubble | method_1(jump=Single Jump (258); cap_throw=Neutral Throw, Up Throw, Down Throw, Spin Throw; other=Capture)",true,,,,,,,,,16150.000,1350.000,3350.000,ShineInfo.szs,ShineList_LavaWorldHomeStage.byml;ShinePosList.byml,1,36,-1,462,false,false,2;3;4;7;8;9,燭台監視,２つの炎に照らされて,Use placement_stage_map_indices for StageMap availability and requirement_expr for local ability/capture needs. placement_scenario_no_values is the raw object ScenarioNo field.,casual,"2,3,4,5"
LavaWorldHomeStage:2584:256,Luncheon Kingdom,LavaWorldHomeStage,Luncheon Kingdom,overworld,Piled on the Salt,LavaWorldHomeStage:2584:256,2584,256,ShineFlag_None,LavaWorldHomeStage::start,,Bubble | KingdomAccess_Luncheon,WorldPeace_Luncheon,MoonRockActive_Luncheon,primary,unrated,,"captures=Forks, Lava Bubble | method_1(jump=Backflip/Vault/Side Flip (496); cap_throw=No Cap Throw Needed; other=Wall Jump, Dive) | method_2(jump=Long Jump; cap_throw=Neutral Throw, Up Throw, Down Throw, Spin Throw; other=Ledge Grab, Capture) | method_3(jump=Single Jump (258); cap_throw=No Cap Throw Needed; other=None)",true,Shine,H,-1,,0;1;2;6;7;9,-1,None,,24950.000,2465.066,5200.000,LavaWorldHomeStageMap.szs;ShineInfo.szs,LavaWorldHomeStageMap.byml;ShineList_LavaWorldHomeStage.byml;ShinePosList.byml,6,5,-1,711,false,false,1;2;3;7;8;10,シャイン,塩つぶ丘の すみっこ,Use placement_stage_map_indices for StageMap availability and requirement_expr for local ability/capture needs. placement_scenario_no_values is the raw object ScenarioNo field.,casual;advanced,
LavaWorldHomeStage:2590:257,Luncheon Kingdom,LavaWorldHomeStage,Luncheon Kingdom,overworld,Climb Up the Cascading Magma,LavaWorldHomeStage:2590:257,2590,257,ShineFlag_Story,LavaWorldHomeStage::checkpoint::obj2549,,Bubble,WorldPeace_Luncheon,MoonRockActive_Luncheon,primary,unrated,,"captures=Lava Bubble | method_1(jump=Single Jump (258); cap_throw=Neutral Throw, Up Throw, Down Throw, Spin Throw; other=Capture)",true,ShineAddHeight,A,-1,,1;2;3;6;7;8,3,None,,-10000.000,-46050.000,126100.000,LavaWorldHomeStageMap.szs;ShineInfo.szs,LavaWorldHomeStageMap.byml;ShineList_LavaWorldHomeStage.byml;ShinePosList.byml,6,3,3,462,false,false,2;3;4;7;8;9,ステージスイッチ_燭台監視_燭台監視_燭台監視_燭台監視_燭台監視_燭台監視,マグマ滝を さかのぼって,Use placement_stage_map_indices for StageMap availability and requirement_expr for local ability/capture needs. placement_scenario_no_values is the raw object ScenarioNo field.,casual,
LavaWorldHomeStage:3453:259,Luncheon Kingdom,LavaWorldHomeStage,Luncheon Kingdom,overworld,Alcove Behind the Pillars of Magma,LavaWorldHomeStage:3453:259,3453,259,ShineFlag_None,LavaWorldHomeStage::checkpoint::obj2549,,Bubble | (Vault & Dive & NeutralThrow),WorldPeace_Luncheon,MoonRockActive_Luncheon,primary,unrated,,"captures=Lava Bubble | method_1(jump=Single Jump (258); cap_throw=Neutral Throw, Up Throw, Down Throw, Spin Throw; other=Capture)",true,Shine,A,-1,,1;2;3;6;7;8,-1,None,,-4600.000,-45950.000,126800.000,LavaWorldHomeStageMap.szs;ShineInfo.szs,LavaWorldHomeStageMap.byml;ShineList_LavaWorldHomeStage.byml;ShinePosList.byml,6,38,-1,462,false,false,2;3;4;7;8;9,シャイン,マグマ柱の裏の横穴,Use placement_stage_map_indices for StageMap availability and requirement_expr for local ability/capture needs. placement_scenario_no_values is the raw object ScenarioNo field.,casual,"2,3,4,5"
LavaWorldHomeStage:4890:260,Luncheon Kingdom,LavaWorldHomeStage,Luncheon Kingdom,overworld,Secret Path to Mount Volbono!,LavaWorldHomeStage:4890:260,4890,260,ShineFlag_None,LavaWorldHomeStage::checkpoint::obj6042,,free,WorldPeace_Luncheon,MoonRockActive_Luncheon,primary,unrated,,method_1(jump=Single Jump (258); cap_throw=No Cap Throw Needed; other=Other Kingdom Trigger),true,ShineAddHeight,H,-1,,0;1;2;6;7;9,-1,WorldWarpHoleShine,,16600.000,8900.000,-19850.000,LavaWorldHomeStageMap.szs;ShineInfo.szs,LavaWorldHomeStageMap.byml;ShineList_LavaWorldHomeStage.byml;ShinePosList.byml,6,67,-1,711,false,false,1;2;3;7;8;10,シャイン【2m置き】,ようこそ！ ボルボーノ！,Use placement_stage_map_indices for StageMap availability and requirement_expr for local ability/capture needs. placement_scenario_no_values is the raw object ScenarioNo field.,casual,
LavaWorldHomeStage:5326:261,Luncheon Kingdom,LavaWorldHomeStage,Luncheon Kingdom,overworld,Light the Far-Off Lanterns,LavaWorldHomeStage:5326:261,5326,261,ShineFlag_None,LavaWorldHomeStage::checkpoint::obj2292,,free,WorldPeace_Luncheon,MoonRockActive_Luncheon,primary,unrated,,method_1(jump=Single Jump (258); cap_throw=No Cap Throw Needed; other=None),true,,,,,,,,,-10000.000,2950.000,15950.000,ShineInfo.szs,ShineList_LavaWorldHomeStage.byml;ShinePosList.byml,1,40,-1,462,false,false,2;3;4;7;8;9,燭台監視,遠くの明かりに 火をつけて,Use placement_stage_map_indices for StageMap availability and requirement_expr for local ability/capture needs. placement_scenario_no_values is the raw object ScenarioNo field.,casual,"2,3,4,5"
LavaWorldIslandZone:113:263,Luncheon Kingdom,LavaWorldHomeStage,Luncheon Kingdom,overworld,Beneath the Rolling Vegetables,LavaWorldIslandZone:113:263,113,263,ShineFlag_None,LavaWorldIslandZone::start,,free,WorldPeace_Luncheon,MoonRockActive_Luncheon,primary,unrated,,"captures=Lava Bubble | method_1(jump=Single Jump (258); cap_throw=Up Throw, Down Throw, Neutral Throw, Spin Throw; other=Capture)",true,ShineDot,H,,,0;1;2;6;7;9,,None,,-20219.849,2900.000,-20593.503,LavaWorldIslandZoneMap.szs;ShineInfo.szs,LavaWorldIslandZoneMap.byml;ShineList_LavaWorldHomeStage.byml;ShinePosList.byml,6,19,-1,711,false,false,1;2;3;7;8;10,シャインドット_2D,転がる野菜の裏側に,Use placement_stage_map_indices for StageMap availability and requirement_expr for local ability/capture needs. placement_scenario_no_values is the raw object ScenarioNo field.,casual,
LavaWorldTimerAthletic000Zone:100:264,Luncheon Kingdom,LavaWorldHomeStage,Luncheon Kingdom,overworld,Luncheon Kingdom Timer Challenge 1,LavaWorldTimerAthletic000Zone:100:264,100,264,ShineFlag_None,LavaWorldTimerAthletic000Zone::start,,WallJump,WorldPeace_Luncheon,MoonRockActive_Luncheon,primary,unrated,,"method_1(jump=Long Jump; cap_throw=Neutral Throw, Up Throw, Down Throw, Spin Throw; other=Dive, Wall Jump) | method_2(jump=Backflip/Vault/Side Flip (496); cap_throw=Neutral Throw, Up Throw, Down Throw, Spin Throw; other=None, Wall Jump)",true,,,,,,,,,5850.000,3400.000,32700.000,ShineInfo.szs,ShineList_LavaWorldHomeStage.byml;ShinePosList.byml,1,20,-1,711,false,false,1;2;3;7;8;10,帽子掛け（タイマー）,料理の国で チクタク・アスレチック １,Use placement_stage_map_indices for StageMap availability and requirement_expr for local ability/capture needs. placement_scenario_no_values is the raw object ScenarioNo field.,casual,
LavaWorldHomeStage:4125:265,Luncheon Kingdom,LavaWorldHomeStage,Luncheon Kingdom,overworld,"Bon Appétit, Captain Toad!",LavaWorldHomeStage:4125:265,4125,265,ShineFlag_None,LavaWorldHomeStage::place::new_place_5,,free,WorldPeace_Luncheon,MoonRockActive_Luncheon,primary,unrated,,,true,,,,,,,,,-23856.100,2318.150,6200.000,ShineInfo.szs,ShineList_LavaWorldHomeStage.byml;ShinePosList.byml,1,39,-1,198,false,false,2;3;7;8,キノピオ隊長,いただきます！ キノピオ隊長,Use placement_stage_map_indices for StageMap availability and requirement_expr for local ability/capture needs. placement_scenario_no_values is the raw object ScenarioNo field.,casual,
LavaWorldHomeStage:3424:266,Luncheon Kingdom,LavaWorldHomeStage,Luncheon Kingdom,overworld,Luncheon Kingdom: Regular Cup,LavaWorldHomeStage:3424:266,3424,266,ShineFlag_None,LavaWorldHomeStage::checkpoint::obj2292,,HackFork | KingdomAccess_Luncheon | (NeutralThrow & WallJump & Vault) | (NeutralThrow & Vault & Dive) | (Backflip & WallJump & Dive) | (GroundPoundJump & WallJump & Dive) | (SideFlip & SingleJump & Dive) | (Spin & WallJump & Dive) | (TripleJump & WallJump & Dive) | (Backflip & Vault & LedgeGrab & NeutralThrow) | (GroundPoundJump & LedgeGrab & Vault & NeutralThrow) | (NeutralThrow & Vault & LedgeGrab & SideFlip) | (TripleJump & Vault & LedgeGrab & NeutralThrow) | (NeutralThrow & TripleJump & WallJump & LedgeGrab),WorldPeace_Luncheon,MoonRockActive_Luncheon,primary,unrated,,"captures=Lava Bubble, Forks | method_1(jump=Backflip/Vault/Side Flip (496); cap_throw=Neutral Throw, Up Throw, Down Throw, Spin Throw; other=Wall Jump, Ledge Grab, Capture)",true,,,,,,,,,-10650.000,2150.000,15500.000,ShineInfo.szs,ShineList_LavaWorldHomeStage.byml;ShinePosList.byml,1,48,-1,192,false,false,7;8,駆けっこ開始Npc,料理の国 レギュラーカップ,Use placement_stage_map_indices for StageMap availability and requirement_expr for local ability/capture needs. placement_scenario_no_values is the raw object ScenarioNo field.,casual;expert;advanced;advanced;advanced;advanced;advanced;advanced;advanced;advanced;advanced;advanced;advanced;advanced,
LavaWorldHomeStage:5778:268,Luncheon Kingdom,LavaWorldHomeStage,Luncheon Kingdom,overworld,Peach in the Luncheon Kingdom,LavaWorldHomeStage:5778:268,5778,268,ShineFlag_None,LavaWorldHomeStage::place::new_place,,KingdomAccess_Mushroom,WorldPeace_Luncheon,MoonRockActive_Luncheon,primary,unrated,,method_1(jump=No Jump Needed; cap_throw=No Cap Throw Needed; other=None),true,,,,,,,,,-1550.000,2200.000,2600.000,ShineInfo.szs,ShineList_LavaWorldHomeStage.byml;ShinePosList.byml,1,47,-1,192,false,false,7;8,世界旅行ピーチ,料理の国で ピーチ姫,Use placement_stage_map_indices for StageMap availability and requirement_expr for local ability/capture needs. placement_scenario_no_values is the raw object ScenarioNo field.,casual,
LavaWorldHomeStage:5859:269,Luncheon Kingdom,LavaWorldHomeStage,Luncheon Kingdom,overworld,The Rooftop Lantern,LavaWorldHomeStage:5859:269,5859,269,ShineFlag_None,LavaWorldHomeStage::place::new_place_6,,free,WorldPeace_Luncheon,MoonRockActive_Luncheon,primary,unrated,,"captures=Fire Bro, Lava Bubble | method_1(jump=Single Jump (258); cap_throw=Neutral Throw, Up Throw, Down Throw, Spin Throw; other=Capture)",true,,,,,,,,,-3995.150,3900.000,5126.520,ShineInfo.szs,ShineList_LavaWorldHomeStage.byml;ShinePosList.byml,1,50,-1,456,false,false,4;7;8;9,溶岩の燭台000,屋根の灯火,Use placement_stage_map_indices for StageMap availability and requirement_expr for local ability/capture needs. placement_scenario_no_values is the raw object ScenarioNo field.,casual,
LavaWorldHomeStage:4862:271,Luncheon Kingdom,LavaWorldHomeStage,Luncheon Kingdom,overworld,From Inside a Bright Stone,LavaWorldHomeStage:4862:271,4862,271,ShineFlag_Extra,LavaWorldHomeStage::start,,GroundPound,WorldPeace_Luncheon,MoonRockActive_Luncheon,primary,unrated,,method_1(jump=No Jump Needed; cap_throw=No Cap Throw Needed; other=Ground Pound),true,,,,,,,,,9475.230,350.000,5515.430,ShineInfo.szs,ShineList_LavaWorldHomeStage.byml;ShinePosList.byml,1,57,-1,128,false,true,8,ここ掘れポイント,鮮やかな岩石の中から,Use placement_stage_map_indices for StageMap availability and requirement_expr for local ability/capture needs. placement_scenario_no_values is the raw object ScenarioNo field.,casual,
LavaWorldHomeStage:4867:276,Luncheon Kingdom,LavaWorldHomeStage,Luncheon Kingdom,overworld,From a Crack in the Hard Ground,LavaWorldHomeStage:4867:276,4867,276,ShineFlag_Extra,LavaWorldHomeStage::checkpoint::obj4074,,GroundPound,WorldPeace_Luncheon,MoonRockActive_Luncheon,primary,unrated,,"captures=Fire Bro | method_1(jump=Single Jump (258); cap_throw=No Cap Throw Needed; other=Ground Pound, Damage Boost) | method_2(jump=Single Jump (258); cap_throw=Neutral Throw, Up Throw, Down Throw, Spin Throw; other=Capture, Ground Pound)",true,,,,,,,,,-11350.000,3405.560,-3800.000,ShineInfo.szs,ShineList_LavaWorldHomeStage.byml;ShinePosList.byml,1,58,-1,128,false,true,8,溶岩ワールドホームヒップドロップ修理パーツ000,堅い地面の割れ目から,Use placement_stage_map_indices for StageMap availability and requirement_expr for local ability/capture needs. placement_scenario_no_values is the raw object ScenarioNo field.,casual,
LavaWorldHomeStage:4868:277,Luncheon Kingdom,LavaWorldHomeStage,Luncheon Kingdom,overworld,By the Cannon Pointed at the Big Pot,LavaWorldHomeStage:4868:277,4868,277,ShineFlag_Extra,LavaWorldHomeStage::checkpoint::obj4117,,GroundPound,WorldPeace_Luncheon,MoonRockActive_Luncheon,primary,unrated,,method_1(jump=Single Jump (258); cap_throw=No Cap Throw Needed; other=Ground Pound),true,,,,,,,,,-15662.400,10317.200,10964.600,ShineInfo.szs,ShineList_LavaWorldHomeStage.byml;ShinePosList.byml,1,54,-1,128,false,true,8,ここ掘れポイント,大ナベに向かう発射台,Use placement_stage_map_indices for StageMap availability and requirement_expr for local ability/capture needs. placement_scenario_no_values is the raw object ScenarioNo field.,casual,
LavaWorldHomeStage:4871:280,Luncheon Kingdom,LavaWorldHomeStage,Luncheon Kingdom,overworld,Hat-and-Seek: Among the Food,LavaWorldHomeStage:4871:280,4871,280,ShineFlag_None,LavaWorldHomeStage::place::new_place,,free,WorldPeace_Luncheon,MoonRockActive_Luncheon,primary,unrated,,method_1(jump=No Jump Needed; cap_throw=No Cap Throw Needed; other=None),true,,,,,,,,,-4950.000,2400.000,4790.470,ShineInfo.szs,ShineList_LavaWorldHomeStage.byml;ShinePosList.byml,1,52,-1,192,false,false,7;8,かくれんぼ帽子の民,料理の帽子で かくれんぼ,Use placement_stage_map_indices for StageMap availability and requirement_expr for local ability/capture needs. placement_scenario_no_values is the raw object ScenarioNo field.,casual,
LavaWorldHomeStage:4879:287,Luncheon Kingdom,LavaWorldHomeStage,Luncheon Kingdom,overworld,"On Top of a Tall, Tall Roof",LavaWorldHomeStage:4879:287,4879,287,ShineFlag_Extra,LavaWorldHomeStage::checkpoint::obj4117,,HackFork | LongJump | Vault | Dive | WallJump | Bubble | RollBoost | TripleJump,WorldPeace_Luncheon,MoonRockActive_Luncheon,primary,unrated,,"method_1(jump=Backflip/Vault/Side Flip (496); cap_throw=Neutral Throw; other=Dive, Wall Jump)",true,ShineAddByRockAddHeight,E,-1,,7,-1,None,,-9550.000,3850.000,15950.000,LavaWorldHomeStageMap.szs;ShineInfo.szs,LavaWorldHomeStageMap.byml;ShineList_LavaWorldHomeStage.byml;ShinePosList.byml,1,56,-1,128,false,true,8,シャイン【月の石追加版2m】,高い高い 屋根の上,Use placement_stage_map_indices for StageMap availability and requirement_expr for local ability/capture needs. placement_scenario_no_values is the raw object ScenarioNo field.,casual,
LavaWorldHomeStage:5721:289,Luncheon Kingdom,LavaWorldHomeStage,Luncheon Kingdom,overworld,Caught Hopping at the Volcano!,LavaWorldHomeStage:5721:289,5721,289,ShineFlag_None,LavaWorldHomeStage::place::new_place,,free,WorldPeace_Luncheon,MoonRockActive_Luncheon,primary,unrated,,"method_1(jump=No Jump Needed; cap_throw=Neutral Throw, Down Throw, Spin Throw; other=None)",true,,,,,,,,,2450.000,2200.000,7750.000,ShineInfo.szs,ShineList_LavaWorldHomeStage.byml;ShinePosList.byml,1,43,-1,196,false,false,3;7;8,ウサギ,火山で つかまえたピョン！,Use placement_stage_map_indices for StageMap availability and requirement_expr for local ability/capture needs. placement_scenario_no_values is the raw object ScenarioNo field.,casual,
LavaWorldHomeStage:3112:290,Luncheon Kingdom,LavaWorldHomeStage,Luncheon Kingdom,overworld,Cookatiel Showdown!,LavaWorldHomeStage:3112:290,3112,290,ShineFlag_Story | ShineFlag_Multi,LavaWorldHomeStage::checkpoint::obj4117,,Bubble,WorldPeace_Luncheon,MoonRockActive_Luncheon,primary,unrated,,"captures=Forks, Lava Bubble | method_1(jump=Single Jump (258); cap_throw=Neutral Throw, Up Throw, Down Throw, Spin Throw; other=Capture) | method_2(jump=Backflip/Vault/Side Flip (496); cap_throw=No Cap Throw Needed; other=Wall Jump, Dive, Capture)",true,,,,,,,,,-6800.000,17700.000,7750.000,ShineInfo.szs,ShineList_LavaWorldHomeStage.byml;ShinePosList.byml,1,4,4,2,true,false,2,溶岩ボス,決戦！ コック鳥,Use placement_stage_map_indices for StageMap availability and requirement_expr for local ability/capture needs. placement_scenario_no_values is the raw object ScenarioNo field.,casual,
LavaWorldHomeStage:1097:291,Luncheon Kingdom,LavaWorldHomeStage,Luncheon Kingdom,overworld,The Broodals Are After Some Cookin',LavaWorldHomeStage:1097:291,1097,291,ShineFlag_Story,LavaWorldHomeStage::start,,Bubble | KingdomAccess_Luncheon,WorldPeace_Luncheon,MoonRockActive_Luncheon,primary,unrated,,"captures=Lava Bubble, Goomba | method_1(jump=Backflip/Vault/Side Flip (496); cap_throw=Up Throw, Neutral Throw, Spin Throw, Down Throw; other=Dive) | method_2(jump=Long Jump; cap_throw=Neutral Throw, Up Throw, Down Throw, Spin Throw; other=Capture) | method_3(jump=Cap Return Jump (400); cap_throw=Up Throw; other=Capture) | method_4(jump=Backflip/Vault/Side Flip (496); cap_throw=No Cap Throw Needed; other=Wall Jump, Ledge Grab)",true,ShineAddHeight,Z,-1,,1;2;6;7,0,None,,7050.000,1050.139,7750.000,LavaWorldHomeStageMap.szs;ShineInfo.szs,LavaWorldHomeStageMap.byml;ShineList_LavaWorldHomeStage.byml;ShinePosList.byml,4,0,0,199,false,false,1;2;3;7;8,シャイン【2m置き】_火吹きボスLv2,料理をねらう ブルーダルズ,Use placement_stage_map_indices for StageMap availability and requirement_expr for local ability/capture needs. placement_scenario_no_values is the raw object ScenarioNo field.,casual;advanced,
LavaWorldHomeStage:1725:292,Luncheon Kingdom,LavaWorldHomeStage,Luncheon Kingdom,overworld,Big Pot on the Volcano: Dive In!,LavaWorldHomeStage:1725:292,1725,292,ShineFlag_Story | ShineFlag_Multi,LavaWorldHomeStage::place::new_place_8,,free,WorldPeace_Luncheon,MoonRockActive_Luncheon,primary,unrated,,"captures=Forks, Locked behind Default Capture | method_1(jump=Single Jump (258); cap_throw=Neutral Throw, Up Throw, Down Throw, Spin Throw; other=Capture) | method_2(jump=Backflip/Vault/Side Flip (496); cap_throw=No Cap Throw Needed; other=Dive, Capture)",true,ShineGrand,Scenario1,2,,0;9,2,None,start,-14350.000,13143.464,6100.000,LavaWorldHomeStageMap.szs;ShineInfo.szs,LavaWorldHomeStageMap.byml;ShineList_LavaWorldHomeStage.byml;ShinePosList.byml,2,2,2,513,true,false,1;10,ステージスイッチ_グランドシャイン_シャイン,とび込め！ 火山の大ナベ,Use placement_stage_map_indices for StageMap availability and requirement_expr for local ability/capture needs. placement_scenario_no_values is the raw object ScenarioNo field.,casual,
LavaWorldShopStage:27:294,Luncheon Kingdom,LavaWorldShopStage,Crazy Cap Store(?),subarea,Shopping in Mount Volbono,LavaWorldShopStage:27:294,27,294,ShineFlag_None,LavaWorldShopStage::entrance::shop::sub_near,,free,WorldPeace_Luncheon,MoonRockActive_Luncheon,primary,unrated,"not ""free""",method_1(jump=Single Jump (258); cap_throw=No Cap Throw Needed; other=None),true,,,,,,,,,-3400.000,2400.000,3700.000,ShineInfo.szs,ShineList_LavaWorldHomeStage.byml;ShinePosList.byml,1,22,-1,1023,false,false,1;2;3;4;5;6;7;8;9;10,ショップ店員,ボルボーノで お買い物,Use placement_stage_map_indices for StageMap availability and requirement_expr for local ability/capture needs. placement_scenario_no_values is the raw object ScenarioNo field.,casual,
ForkExStage:692:296,Luncheon Kingdom,ForkExStage,Fork-Flickin to the Summit,subarea,Fork Flickin' to the Summit,ForkExStage:692:296,692,296,ShineFlag_None,ForkExStage::entrance::ForkEX::sub_far,,free,WorldPeace_Luncheon,MoonRockActive_Luncheon,primary,unrated,,"captures=Forks | method_1(jump=Single Jump (258); cap_throw=Up Throw, Neutral Throw, Spin Throw; other=Capture)",true,ShineAddHeight,Common,-1,,0;1;10;11;12;13;14;2;3;4;5;6;7;8;9,-1,None,,-300.000,8800.000,-2500.000,ForkExStageMap.szs;ShineInfo.szs,ForkExStageMap.byml;ShineList_LavaWorldHomeStage.byml;ShinePosList.byml,15,27,-1,711,false,false,1;2;3;7;8;10,シャイン【2m置き】,フォークを弾いて 頂上へ,Use placement_stage_map_indices for StageMap availability and requirement_expr for local ability/capture needs. placement_scenario_no_values is the raw object ScenarioNo field.,casual,
ForkExStage:4746:297,Luncheon Kingdom,ForkExStage,Fork-Flickin to the Summit,subarea,Fork Flickin' Detour,ForkExStage:4746:297,4746,297,ShineFlag_None,ForkExStage::entrance::ForkEX::sub_far,,HackFork | (TripleJump & NeutralThrow & Vault & Dive),WorldPeace_Luncheon,MoonRockActive_Luncheon,primary,unrated,,"captures=Forks | method_1(jump=Single Jump (258); cap_throw=Neutral Throw, Up Throw, Spin Throw; other=Capture) | method_2(jump=Backflip/Vault/Side Flip (496); cap_throw=Neutral Throw; other=Dive)",true,ShineAddHeight,Common,-1,,0;1;10;11;12;13;14;2;3;4;5;6;7;8;9,-1,None,,-2700.000,8800.000,-3200.000,ForkExStageMap.szs;ShineInfo.szs,ForkExStageMap.byml;ShineList_LavaWorldHomeStage.byml;ShinePosList.byml,15,33,-1,711,false,false,1;2;3;7;8;10,シャイン【2m置き】,フォークを弾いて 回り道,Use placement_stage_map_indices for StageMap availability and requirement_expr for local ability/capture needs. placement_scenario_no_values is the raw object ScenarioNo field.,casual,
LavaWorldBubbleLaneExStage:414:298,Luncheon Kingdom,LavaWorldBubbleLaneExStage,Narrow Magma Path,subarea,Crossing to the Magma,LavaWorldBubbleLaneExStage:414:298,414,298,ShineFlag_None,LavaWorldBubbleLaneExStage::entrance::PechoBubbleEx::sub_near,,Bubble | (Vault & Dive & NeutralThrow),WorldPeace_Luncheon,MoonRockActive_Luncheon,primary,unrated,,"captures=Lava Bubble | method_1(jump=Single Jump (258); cap_throw=Neutral Throw, Up Throw, Down Throw, Spin Throw; other=Capture)",true,Shine,Common,-1,,0;1;10;11;12;13;14;2;3;4;5;6;7;8;9,-1,None,,2400.000,5800.000,-4100.000,LavaWorldBubbleLaneExStageMap.szs;ShineInfo.szs,LavaWorldBubbleLaneExStageMap.byml;ShineList_LavaWorldHomeStage.byml;ShinePosList.byml,15,32,-1,711,false,false,1;2;3;7;8;10,シャイン,とんで 渡って マグマ池,Use placement_stage_map_indices for StageMap availability and requirement_expr for local ability/capture needs. placement_scenario_no_values is the raw object ScenarioNo field.,casual,
LavaWorldBubbleLaneExStage:743:299,Luncheon Kingdom,LavaWorldBubbleLaneExStage,Narrow Magma Path,subarea,Magma Narrow Path,LavaWorldBubbleLaneExStage:743:299,743,299,ShineFlag_None,LavaWorldBubbleLaneExStage::entrance::PechoBubbleExDokan::sub_far,,free,WorldPeace_Luncheon,MoonRockActive_Luncheon,primary,unrated,,"captures=Lava Bubble | method_1(jump=Single Jump (258); cap_throw=Neutral Throw, Up Throw, Down Throw, Spin Throw; other=Capture)",true,ShineAddHeight,Common,-1,,0;1;10;11;12;13;14;2;3;4;5;6;7;8;9,-1,None,,1590.990,4250.000,-12975.409,LavaWorldBubbleLaneExStageMap.szs;ShineInfo.szs,LavaWorldBubbleLaneExStageMap.byml;ShineList_LavaWorldHomeStage.byml;ShinePosList.byml,15,26,-1,711,false,false,1;2;3;7;8;10,シャイン【2m置き】,マグマの細道,Use placement_stage_map_indices for StageMap availability and requirement_expr for local ability/capture needs. placement_scenario_no_values is the raw object ScenarioNo field.,casual,
LavaWorldExcavationExStage:438:300,Luncheon Kingdom,LavaWorldExcavationExStage,Shards in the Cheese Rocks,subarea,Excavate 'n' Search the Cheese Rocks,LavaWorldExcavationExStage:438:300,438,300,ShineFlag_None,LavaWorldExcavationExStage::entrance::MartinCubeEx::sub_near,,HammerBros,WorldPeace_Luncheon,MoonRockActive_Luncheon,primary,unrated,,"captures=Hammer Bro | method_1(jump=Single Jump (258); cap_throw=Neutral Throw, Up Throw, Down Throw, Spin Throw; other=Capture)",true,,,,,,,,,-5050.000,2550.000,-8350.000,ShineInfo.szs,ShineList_LavaWorldHomeStage.byml;ShinePosList.byml,1,28,-1,711,false,false,1;2;3;7;8;10,シャインチップ全取得監視者,チーズ岩を 掘って探して,Use placement_stage_map_indices for StageMap availability and requirement_expr for local ability/capture needs. placement_scenario_no_values is the raw object ScenarioNo field.,casual,
LavaWorldExcavationExStage:629:301,Luncheon Kingdom,LavaWorldExcavationExStage,Shards in the Cheese Rocks,subarea,Climb the Cheese Rocks,LavaWorldExcavationExStage:629:301,629,301,ShineFlag_None,LavaWorldExcavationExStage::entrance::MartinCubeEx::sub_near,,HammerBros,WorldPeace_Luncheon,MoonRockActive_Luncheon,primary,unrated,,"captures=Hammer Bro | method_1(jump=Single Jump (258); cap_throw=Neutral Throw, Up Throw, Spin Throw, Down Throw; other=Capture)",true,Shine,Common,-1,,0;1;10;11;12;13;14;2;3;4;5;6;7;8;9,-1,None,,1200.000,1400.000,300.000,LavaWorldExcavationExStageMap.szs;ShineInfo.szs,LavaWorldExcavationExStageMap.byml;ShineList_LavaWorldHomeStage.byml;ShinePosList.byml,15,34,-1,711,false,false,1;2;3;7;8;10,シャイン,チーズ岩を 登って,Use placement_stage_map_indices for StageMap availability and requirement_expr for local ability/capture needs. placement_scenario_no_values is the raw object ScenarioNo field.,casual,
LavaWorldUpDownExStage:132:302,Luncheon Kingdom,LavaWorldUpDownExStage,Magma Swamp,subarea,Magma Swamp: Floating and Sinking,LavaWorldUpDownExStage:132:302,132,302,ShineFlag_None,LavaWorldUpDownExStage::entrance::KeyMoveEx::sub_near,,free,WorldPeace_Luncheon,MoonRockActive_Luncheon,primary,unrated,,method_1(jump=Single Jump (258); cap_throw=No Cap Throw Needed; other=None),true,,,,,,,,,6400.000,-50.000,9650.000,ShineInfo.szs,ShineList_LavaWorldHomeStage.byml;ShinePosList.byml,1,25,-1,711,false,false,1;2;3;7;8;10,シャインチップ全取得監視者,浮いたり 沈んだり マグマ沼,Use placement_stage_map_indices for StageMap availability and requirement_expr for local ability/capture needs. placement_scenario_no_values is the raw object ScenarioNo field.,casual,
LavaWorldUpDownExStage:430:303,Luncheon Kingdom,LavaWorldUpDownExStage,Magma Swamp,subarea,Corner of the Magma Swamp,LavaWorldUpDownExStage:430:303,430,303,ShineFlag_None,LavaWorldUpDownExStage::entrance::KeyMoveEx::sub_near,,free,WorldPeace_Luncheon,MoonRockActive_Luncheon,primary,unrated,,method_1(jump=Single Jump (258); cap_throw=No Cap Throw Needed; other=None),true,Shine,Scenario1,-1,,0,-1,None,,-1850.000,600.000,2450.000,LavaWorldUpDownExStageMap.szs;ShineInfo.szs,LavaWorldUpDownExStageMap.byml;ShineList_LavaWorldHomeStage.byml;ShinePosList.byml,1,31,-1,711,false,false,1;2;3;7;8;10,シャイン,マグマ沼の片すみに,Use placement_stage_map_indices for StageMap availability and requirement_expr for local ability/capture needs. placement_scenario_no_values is the raw object ScenarioNo field.,casual,
LavaWorldClockExStage:320:306,Luncheon Kingdom,LavaWorldClockExStage,Spinning Athletics,subarea,Taking Notes: Spinning Athletics,LavaWorldClockExStage:320:306,320,306,ShineFlag_None,LavaWorldClockExStage::entrance::BBQEx::sub_near,,free,WorldPeace_Luncheon,MoonRockActive_Luncheon,primary,unrated,,"method_1(jump=Single Jump (258); cap_throw=Neutral Throw, Up Throw, Down Throw, Spin Throw; other=Ledge Grab)",true,,,,,,,,,-19375.000,2450.000,-12092.300,ShineInfo.szs,ShineList_LavaWorldHomeStage.byml;ShinePosList.byml,1,35,-1,975,false,false,1;2;3;4;5;6;7;8;9;10,音符オブジェ(1つ目),くるくるアスレチックで 音符集め,Use placement_stage_map_indices for StageMap availability and requirement_expr for local ability/capture needs. placement_scenario_no_values is the raw object ScenarioNo field.,casual,
LavaWorldClockExStage:544:307,Luncheon Kingdom,LavaWorldClockExStage,Spinning Athletics,subarea,Spinning Athletics End Goal,LavaWorldClockExStage:544:307,544,307,ShineFlag_None,LavaWorldClockExStage::entrance::BBQExDokan::sub_far,,free,WorldPeace_Luncheon,MoonRockActive_Luncheon,primary,unrated,,"method_1(jump=Single Jump (258); cap_throw=Neutral Throw, Up Throw, Spin Throw, Down Throw; other=None)",true,ShineAddHeight,Common,-1,,0;1;10;11;12;13;14;2;3;4;5;6;7;8;9,-1,None,,13400.000,1150.000,1200.000,LavaWorldClockExStageMap.szs;ShineInfo.szs,LavaWorldClockExStageMap.byml;ShineList_LavaWorldHomeStage.byml;ShinePosList.byml,15,29,-1,975,false,false,1;2;3;4;5;6;7;8;9;10,シャイン【2m置き】,くるくるアスレチックの終着点,Use placement_stage_map_indices for StageMap availability and requirement_expr for local ability/capture needs. placement_scenario_no_values is the raw object ScenarioNo field.,casual,
LavaWorldFenceLiftExStage:104:308,Luncheon Kingdom,LavaWorldFenceLiftExStage,Lava Island Fly-By,subarea,Flying Over the Lava Islands,LavaWorldFenceLiftExStage:104:308,104,308,ShineFlag_Extra,LavaWorldFenceLiftExStage::entrance::FenceLiftEx::sub_near,,Bubble | Vault,WorldPeace_Luncheon,MoonRockActive_Luncheon,primary,unrated,,"captures=Lava Bubble | method_1(jump=Single Jump (258); cap_throw=Neutral Throw, Up Throw, Down Throw, Spin Throw; other=Capture)",true,Shine,Common,-1,,0;1;10;11;12;13;14;2;3;4;5;6;7;8;9,-1,None,,0.000,1900.000,2100.000,LavaWorldFenceLiftExStageMap.szs;ShineInfo.szs,LavaWorldFenceLiftExStageMap.byml;ShineList_LavaWorldHomeStage.byml;ShinePosList.byml,15,66,-1,128,false,false,8,シャイン,溶岩バレーを とび越えて,Use placement_stage_map_indices for StageMap availability and requirement_expr for local ability/capture needs. placement_scenario_no_values is the raw object ScenarioNo field.,casual,
CapAppearLavaLiftExStage:125:310,Luncheon Kingdom,CapAppearLavaLiftExStage,Volcano Cave Cruising,subarea,Volcano Cave Cruisin',CapAppearLavaLiftExStage:125:310,125,310,ShineFlag_Extra,CapAppearLavaLiftExStage::entrance::LavaLiftEx::sub_near,,free,WorldPeace_Luncheon,MoonRockActive_Luncheon,primary,unrated,,"method_1(jump=Single Jump (258); cap_throw=Neutral Throw, Up Throw, Down Throw, Spin Throw; other=None)",true,ShineAddHeight,Common,-1,,0;1;10;11;12;13;14;2;3;4;5;6;7;8;9,-1,None,,-200.000,1500.000,250.000,CapAppearLavaLiftExStageMap.szs;ShineInfo.szs,CapAppearLavaLiftExStageMap.byml;ShineList_LavaWorldHomeStage.byml;ShinePosList.byml,15,62,-1,128,false,false,8,シャイン【2m置き】,火山洞くつ クルージング,Use placement_stage_map_indices for StageMap availability and requirement_expr for local ability/capture needs. placement_scenario_no_values is the raw object ScenarioNo field.,casual,
CapAppearLavaLiftExStage:241:311,Luncheon Kingdom,CapAppearLavaLiftExStage,Volcano Cave Cruising,subarea,Volcano Cave and Mysterious Clouds,CapAppearLavaLiftExStage:241:311,241,311,ShineFlag_Extra,CapAppearLavaLiftExStage::entrance::LavaLiftEx::sub_near,,free,WorldPeace_Luncheon,MoonRockActive_Luncheon,primary,unrated,,"method_1(jump=Cap Return Jump (400); cap_throw=Neutral Throw, Up Throw, Down Throw, Spin Throw; other=None)",true,ShineAddHeight,Common,-1,,0;1;10;11;12;13;14;2;3;4;5;6;7;8;9,-1,None,,-400.000,1800.000,-5200.000,CapAppearLavaLiftExStageMap.szs;ShineInfo.szs,CapAppearLavaLiftExStageMap.byml;ShineList_LavaWorldHomeStage.byml;ShinePosList.byml,15,65,-1,128,false,false,8,シャイン【2m置き】,火山洞くつと ふしぎな雲,Use placement_stage_map_indices for StageMap availability and requirement_expr for local ability/capture needs. placement_scenario_no_values is the raw object ScenarioNo field.,casual,
GabuzouClockExStage:439:312,Luncheon Kingdom,GabuzouClockExStage,Blazing Above the Gears,subarea,Lanterns on the Gear Steps,GabuzouClockExStage:439:312,439,312,ShineFlag_Extra,GabuzouClockExStage::entrance::GabuzouClockEx::sub_near,,FireBros,WorldPeace_Luncheon,MoonRockActive_Luncheon,primary,unrated,,"captures=Fire Bro | method_1(jump=Single Jump (258); cap_throw=Neutral Throw, Up Throw, Down Throw, Spin Throw; other=Capture)",true,Shine,Common,-1,,0;1;10;11;12;13;14;2;3;4;5;6;7;8;9,-1,None,,-7050.000,4500.000,-9350.000,GabuzouClockExStageMap.szs;ShineInfo.szs,GabuzouClockExStageMap.byml;ShineList_LavaWorldHomeStage.byml;ShinePosList.byml,15,61,-1,128,false,false,8,ステージスイッチ_燭台監視,はぐるまステップの しょく台,Use placement_stage_map_indices for StageMap availability and requirement_expr for local ability/capture needs. placement_scenario_no_values is the raw object ScenarioNo field.,casual,
GabuzouClockExStage:719:313,Luncheon Kingdom,GabuzouClockExStage,Blazing Above the Gears,subarea,Stepping Over the Gears,GabuzouClockExStage:719:313,719,313,ShineFlag_Extra,GabuzouClockExStage::entrance::GabuzouClockEx::sub_near,,free,WorldPeace_Luncheon,MoonRockActive_Luncheon,primary,unrated,,method_1(jump=Single Jump (258); cap_throw=No Cap Throw Needed; other=None),true,Shine,Common,-1,,0;1;10;11;12;13;14;2;3;4;5;6;7;8;9,-1,None,,-7050.000,4500.000,-8450.000,GabuzouClockExStageMap.szs;ShineInfo.szs,GabuzouClockExStageMap.byml;ShineList_LavaWorldHomeStage.byml;ShinePosList.byml,15,64,-1,128,false,false,8,シャイン,はぐるまステップを とび越えて,Use placement_stage_map_indices for StageMap availability and requirement_expr for local ability/capture needs. placement_scenario_no_values is the raw object ScenarioNo field.,casual,
LavaWorldHomeStage:5913:711,Luncheon Kingdom,LavaWorldHomeStage,Luncheon Kingdom,overworld,Luncheon Kingdom Timer Challenge 3,LavaWorldHomeStage:5913:711,5913,711,ShineFlag_None,LavaWorldHomeStage::checkpoint::obj2292,,KingdomAccess_Luncheon | Backflip | Dive | GroundPoundJump | SideFlip | Spin | TripleJump,WorldPeace_Luncheon,MoonRockActive_Luncheon,primary,unrated,,"method_1(jump=Backflip/Vault/Side Flip (496); cap_throw=Neutral Throw, Up Throw, Down Throw, Spin Throw; other=None)",true,,,,,,,,,-20900.000,2750.000,8850.000,ShineInfo.szs,ShineList_LavaWorldHomeStage.byml;ShinePosList.byml,1,59,-1,196,false,false,3;7;8,鍵付き宝箱,料理の国で チクタク・アスレチック ３,Use placement_stage_map_indices for StageMap availability and requirement_expr for local ability/capture needs. placement_scenario_no_values is the raw object ScenarioNo field.,casual,
LavaWorldHomeStage:5947:803,Luncheon Kingdom,LavaWorldHomeStage,Luncheon Kingdom,overworld,Love Above the Lava,LavaWorldHomeStage:5947:803,5947,803,ShineFlag_None,LavaWorldHomeStage::start,,Kuribo,WorldPeace_Luncheon,MoonRockActive_Luncheon,primary,unrated,,"captures=Goomba | method_1(jump=Single Jump (258); cap_throw=Neutral Throw, Up Throw, Down Throw, Spin Throw; other=Capture)",true,,,,,,,,,14750.000,400.000,12250.000,ShineInfo.szs,ShineList_LavaWorldHomeStage.byml;ShinePosList.byml,1,11,-1,711,false,false,1;2;3;7;8;10,ガールクリボー,溶岩のガールフレンド,Use placement_stage_map_indices for StageMap availability and requirement_expr for local ability/capture needs. placement_scenario_no_values is the raw object ScenarioNo field.,casual,
LavaWorldHomeStage:5978:829,Luncheon Kingdom,LavaWorldHomeStage,Luncheon Kingdom,overworld,Under the Meat Plateau,LavaWorldHomeStage:5978:829,5978,829,ShineFlag_Extra,LavaWorldHomeStage::place::new_place_7,,free,WorldPeace_Luncheon,MoonRockActive_Luncheon,primary,unrated,,"captures=Lava Bubble | method_1(jump=Cap Return Jump (400); cap_throw=No Cap Throw Needed; other=Wall Jump) | method_2(jump=Single Jump (258); cap_throw=Neutral Throw, Up Throw, Down Throw, Spin Throw; other=Capture)",true,ShineAddByRock,E,-1,,7,-1,None,,-17100.000,3050.000,-6050.000,LavaWorldHomeStageMap.szs;ShineInfo.szs,LavaWorldHomeStageMap.byml;ShineList_LavaWorldHomeStage.byml;ShinePosList.byml,1,55,-1,128,false,true,8,シャイン【月の石追加版】,鮮やかなガケの下で,Use placement_stage_map_indices for StageMap availability and requirement_expr for local ability/capture needs. placement_scenario_no_values is the raw object ScenarioNo field.,casual,
LavaWorldHomeStage:6022:833,Luncheon Kingdom,LavaWorldHomeStage,Luncheon Kingdom,overworld,Taking Notes: Big Pot Swim,LavaWorldHomeStage:6022:833,6022,833,ShineFlag_None,LavaWorldHomeStage::checkpoint::obj4117,,Bubble,WorldPeace_Luncheon,MoonRockActive_Luncheon,primary,unrated,,"captures=Lava Bubble | method_1(jump=Single Jump (258); cap_throw=Neutral Throw, Up Throw, Down Throw, Spin Throw; other=Capture)",true,Shine,R,-1,,2;6;7,-1,None,,-9350.000,17150.000,7800.000,LavaWorldHomeStageMap.szs;ShineInfo.szs,LavaWorldHomeStageMap.byml;ShineList_LavaWorldHomeStage.byml;ShinePosList.byml,3,45,-1,196,false,false,3;7;8,ステージスイッチ_音符オブジェディレクタ_音符オブジェディレクタ_音符オブジェディレクタ,大ナベ泳いで 音符集め,Use placement_stage_map_indices for StageMap availability and requirement_expr for local ability/capture needs. placement_scenario_no_values is the raw object ScenarioNo field.,casual,
LavaWorldHomeStage:6328:886,Luncheon Kingdom,LavaWorldHomeStage,Luncheon Kingdom,overworld,Mechanic: Repairs Complete!,LavaWorldHomeStage:6328:886,6328,886,ShineFlag_None,LavaWorldHomeStage::place::new_place,,free,WorldPeace_Luncheon,MoonRockActive_Luncheon,primary,unrated,,method_1(jump=Single Jump (258); cap_throw=No Cap Throw Needed; other=Outfit),true,,,,,,,,,-5050.000,3486.230,7750.000,ShineInfo.szs,ShineList_LavaWorldHomeStage.byml;ShinePosList.byml,1,49,-1,448,false,false,7;8;9,森の民,修理完了！ メカニック,Use placement_stage_map_indices for StageMap availability and requirement_expr for local ability/capture needs. placement_scenario_no_values is the raw object ScenarioNo field.,casual,
LavaWorldHomeStage:6329:895,Luncheon Kingdom,LavaWorldHomeStage,Luncheon Kingdom,overworld,Luncheon Kingdom: Master Cup,LavaWorldHomeStage:6329:895,6329,895,ShineFlag_Extra,LavaWorldHomeStage::checkpoint::obj2292,,HackFork | KingdomAccess_Luncheon | (NeutralThrow & WallJump & Vault) | (NeutralThrow & Vault & Dive) | (Backflip & WallJump & Dive) | (GroundPoundJump & WallJump & Dive) | (SideFlip & WallJump & Dive) | (Spin & WallJump & Dive) | (TripleJump & WallJump & Dive) | (Backflip & Vault & LedgeGrab & NeutralThrow) | (NeutralThrow & GroundPoundJump & Vault & LedgeGrab) | (SideFlip & Vault & LedgeGrab & NeutralThrow) | (NeutralThrow & TripleJump & Vault & LedgeGrab) | (NeutralThrow & TripleJump & WallJump & LedgeGrab),WorldPeace_Luncheon,MoonRockActive_Luncheon,primary,unrated,,"method_1(jump=Backflip/Vault/Side Flip (496); cap_throw=Neutral Throw, Up Throw, Down Throw, Spin Throw; other=Wall Jump, Ledge Grab, Capture)",true,,,,,,,,,-10650.000,2150.000,15500.000,ShineInfo.szs,ShineList_LavaWorldHomeStage.byml;ShinePosList.byml,1,60,-1,128,false,true,8,駆けっこ開始Npc,料理の国 マスターカップ,Use placement_stage_map_indices for StageMap availability and requirement_expr for local ability/capture needs. placement_scenario_no_values is the raw object ScenarioNo field.,casual;expert;advanced;advanced;advanced;advanced;advanced;advanced;advanced;advanced;advanced;advanced;advanced;advanced,
LavaWorldHomeStage:6335:907,Luncheon Kingdom,LavaWorldHomeStage,Luncheon Kingdom,overworld,Jammin' in the Luncheon Kingdom,LavaWorldHomeStage:6335:907,6335,907,ShineFlag_None,LavaWorldHomeStage::start,,free,WorldPeace_Luncheon,MoonRockActive_Luncheon,primary,unrated,,method_1(jump=Long Jump; cap_throw=No Cap Throw Needed; other=None),true,,,,,,,,,7950.000,1000.000,9950.000,ShineInfo.szs,ShineList_LavaWorldHomeStage.byml;ShinePosList.byml,1,44,-1,192,false,false,7;8,キノピオ,料理の国で ナイスミュージック,Use placement_stage_map_indices for StageMap availability and requirement_expr for local ability/capture needs. placement_scenario_no_values is the raw object ScenarioNo field.,casual,
LavaWorldHomeStage:5666:908,Luncheon Kingdom,LavaWorldHomeStage,Luncheon Kingdom,overworld,A Tourist in the Luncheon Kingdom!,LavaWorldHomeStage:5666:908,5666,908,ShineFlag_None,LavaWorldHomeStage::place::new_place,,(KingdomAccess_Sand & KingdomAccess_Metro & KingdomAccess_Cascade),WorldPeace_Luncheon,MoonRockActive_Luncheon,primary,unrated,,method_1(jump=No Jump Needed; cap_throw=No Cap Throw Needed; other=Other Kingdom Trigger),true,,,,,,,,,2050.000,2200.000,7300.000,ShineInfo.szs,ShineList_LavaWorldHomeStage.byml;ShinePosList.byml,1,51,-1,196,false,false,3;7;8,世界旅行NPC,料理の国に 来たっすな！,Use placement_stage_map_indices for StageMap availability and requirement_expr for local ability/capture needs. placement_scenario_no_values is the raw object ScenarioNo field.,casual,
LavaWorldHomeStage:6442:952,Luncheon Kingdom,LavaWorldHomeStage,Luncheon Kingdom,overworld,Treasure Beneath the Cheese Rocks,LavaWorldHomeStage:6442:952,6442,952,ShineFlag_None,LavaWorldHomeStage::place::new_place_2,,(HammerBros & GroundPound),WorldPeace_Luncheon,MoonRockActive_Luncheon,primary,unrated,,"captures=Hammer Bro | method_1(jump=Single Jump (258); cap_throw=Neutral Throw, Up Throw, Down Throw, Spin Throw; other=Capture)",true,,,,,,,,,21050.000,0.000,5850.000,ShineInfo.szs,ShineList_LavaWorldHomeStage.byml;ShinePosList.byml,1,37,-1,462,false,false,2;3;4;7;8;9,ここ掘れポイント,チーズ岩の下の宝,Use placement_stage_map_indices for StageMap availability and requirement_expr for local ability/capture needs. placement_scenario_no_values is the raw object ScenarioNo field.,casual,"3,5,4,2"
LavaWorldIslandZone:314:970,Luncheon Kingdom,LavaWorldHomeStage,Luncheon Kingdom,overworld,All the Cracks Are Fixed,LavaWorldIslandZone:314:970,314,970,ShineFlag_None,LavaWorldIslandZone::start,,GroundPound,WorldPeace_Luncheon,MoonRockActive_Luncheon,primary,unrated,,"captures=Lava Bubble | method_1(jump=Single Jump (258); cap_throw=Neutral Throw, Up Throw, Down Throw, Spin Throw; other=Capture, Ground Pound)",true,ShineAddHeight,Common,-1,,0;1;10;11;12;13;14;2;3;4;5;6;7;8;9,-1,DigPointShine,,-17450.000,2750.000,-18450.000,LavaWorldIslandZoneMap.szs;ShineInfo.szs,LavaWorldIslandZoneMap.byml;ShineList_LavaWorldHomeStage.byml;ShinePosList.byml,15,18,-1,1023,false,false,1;2;3;4;5;6;7;8;9;10,ステージスイッチ,ヒビ割れ地面を 元通り,Use placement_stage_map_indices for StageMap availability and requirement_expr for local ability/capture needs. placement_scenario_no_values is the raw object ScenarioNo field.,casual,
LavaWorldCostumeStage:20:990,Luncheon Kingdom,LavaWorldCostumeStage,Simmering in the Kitchen,subarea,An Extreme Simmer,LavaWorldCostumeStage:20:990,20,990,ShineFlag_None,LavaWorldCostumeStage::entrance::CostumeOut::sub_far,,Bubble,WorldPeace_Luncheon,MoonRockActive_Luncheon,primary,unrated,,"captures=Lava Bubble | method_1(jump=Single Jump (258); cap_throw=Neutral Throw, Up Throw, Down Throw, Spin Throw; other=Capture, Outfit)",true,,,,,,,,,-3400.000,2400.000,5100.000,ShineInfo.szs,ShineList_LavaWorldHomeStage.byml;ShinePosList.byml,1,30,-1,975,false,false,1;2;3;4;5;6;7;8;9;10,鍋,超強火で グツグツ,Use placement_stage_map_indices for StageMap availability and requirement_expr for local ability/capture needs. placement_scenario_no_values is the raw object ScenarioNo field.,casual,
LavaWorldCostumeStage:39:991,Luncheon Kingdom,LavaWorldCostumeStage,Simmering in the Kitchen,subarea,A Strong Simmer,LavaWorldCostumeStage:39:991,39,991,ShineFlag_None,LavaWorldCostumeStage::entrance::CostumeEventWorldLava::sub_near,,Bubble,WorldPeace_Luncheon,MoonRockActive_Luncheon,primary,unrated,,"captures=Lava Bubble | method_1(jump=Single Jump (258); cap_throw=Neutral Throw, Up Throw, Down Throw, Spin Throw; other=Capture, Outfit)",true,,,,,,,,,-3400.000,2400.000,5100.000,ShineInfo.szs,ShineList_LavaWorldHomeStage.byml;ShinePosList.byml,1,24,-1,975,false,false,1;2;3;4;5;6;7;8;9;10,鍋,強火で グツグツ,Use placement_stage_map_indices for StageMap availability and requirement_expr for local ability/capture needs. placement_scenario_no_values is the raw object ScenarioNo field.,casual,
LavaWorldTreasureStage:14:992,Luncheon Kingdom,LavaWorldTreasureStage,Luncheon Treasure Vault(?),subarea,The Treasure Chest in the Veggies,LavaWorldTreasureStage:14:992,14,992,ShineFlag_None,LavaWorldTreasureStage::entrance::TreasureEventWorldLava::sub_near,,free,WorldPeace_Luncheon,MoonRockActive_Luncheon,primary,unrated,,"captures=Lava Bubble, Fire Bro | method_1(jump=Single Jump (258); cap_throw=No Cap Throw Needed; other=Damage Boost) | method_2(jump=Single Jump (258); cap_throw=Neutral Throw, Up Throw, Down Throw, Spin Throw; other=Capture)",true,TreasureBox,Common,,,0;1;10;11;12;13;14;2;3;4;5;6;7;8;9,,None,,0.000,100.000,-212.132,LavaWorldTreasureStageMap.szs;ShineInfo.szs,LavaWorldTreasureStageMap.byml;ShineList_LavaWorldHomeStage.byml;ShinePosList.byml,15,41,-1,462,false,false,2;3;4;7;8;9,宝箱,野菜に囲まれた宝箱,Use placement_stage_map_indices for StageMap availability and requirement_expr for local ability/capture needs. placement_scenario_no_values is the raw object ScenarioNo field.,casual,
LavaWorldHomeStage:6527:1005,Luncheon Kingdom,LavaWorldHomeStage,Luncheon Kingdom,overworld,Diving from the Big Pot!,LavaWorldHomeStage:6527:1005,6527,1005,ShineFlag_None,LavaWorldHomeStage::checkpoint::obj4117,,Bubble,WorldPeace_Luncheon,MoonRockActive_Luncheon,primary,unrated,,"captures=Lava Bubble | method_1(jump=Single Jump (258); cap_throw=Neutral Throw, Up Throw, Down Throw, Spin Throw; other=Capture)",true,,,,,,,,,-4207.290,3400.000,10500.500,ShineInfo.szs,ShineList_LavaWorldHomeStage.byml;ShinePosList.byml,1,46,-1,192,false,false,7;8,鍋,大ナベから ダイビング！,Use placement_stage_map_indices for StageMap availability and requirement_expr for local ability/capture needs. placement_scenario_no_values is the raw object ScenarioNo field.,casual,
LavaBonus1Zone:34:1042,Luncheon Kingdom,LavaBonus1Zone,Luncheon Kingdom Slots(?),subarea,Luncheon Kingdom Slots,LavaBonus1Zone:34:1042,34,1042,ShineFlag_None,LavaBonus1Zone::entrance::town::sub_near,,free,WorldPeace_Luncheon,MoonRockActive_Luncheon,primary,unrated,"not ""free""","method_1(jump=Single Jump (258); cap_throw=Down Throw, Up Throw, Neutral Throw; other=None)",true,,,,,,,,,-3925.650,2400.000,10174.200,ShineInfo.szs,ShineList_LavaWorldHomeStage.byml;ShinePosList.byml,1,23,-1,975,false,false,1;2;3;4;5;6;7;8;9;10,帽子スロット台座,料理の国で スロットやろっと,Use placement_stage_map_indices for StageMap availability and requirement_expr for local ability/capture needs. placement_scenario_no_values is the raw object ScenarioNo field.,casual,
LavaWorldHomeStage:6595:1090,Luncheon Kingdom,LavaWorldHomeStage,Luncheon Kingdom,overworld,Found with Luncheon Kingdom Art,LavaWorldHomeStage:6595:1090,6595,1090,ShineFlag_HintArt,LavaWorldHomeStage::place::new_place_2,,(KingdomAccess_Seaside & GroundPound) | (KingdomAccess_Seaside & Pukupuku),WorldPeace_Luncheon,MoonRockActive_Luncheon,primary,unrated,,method_1(jump=No Jump Needed; cap_throw=No Cap Throw Needed; other=Other Kingdom Trigger),true,HintPhoto,I,,,1;2;6;7,,,,-7071.419,4554.104,3678.900,LavaWorldHomeStageMap.szs;ShineInfo.szs,LavaWorldHomeStageMap.byml;ShineList_LavaWorldHomeStage.byml;ShinePosList.byml,4,53,-1,198,false,false,2;3;7;8,ヒント写真,料理の国で見つけた お宝写真,Use placement_stage_map_indices for StageMap availability and requirement_expr for local ability/capture needs. placement_scenario_no_values is the raw object ScenarioNo field.,casual,"2,3,4,5"
LavaWorldFenceLiftExStage:999:1101,Luncheon Kingdom,LavaWorldFenceLiftExStage,Lava Island Fly-By,subarea,Treasure of the Lava Islands,LavaWorldFenceLiftExStage:999:1101,999,1101,ShineFlag_Extra,LavaWorldFenceLiftExStage::entrance::FenceLiftExdokan::sub_far,,free,WorldPeace_Luncheon,MoonRockActive_Luncheon,primary,unrated,,"captures=Lava Bubble | method_1(jump=Single Jump (258); cap_throw=Neutral Throw, Up Throw, Down Throw, Spin Throw; other=Capture)",true,ShineAddHeight,Common,-1,,0;1;10;11;12;13;14;2;3;4;5;6;7;8;9,-1,None,,0.000,1000.000,-7250.000,LavaWorldFenceLiftExStageMap.szs;ShineInfo.szs,LavaWorldFenceLiftExStageMap.byml;ShineList_LavaWorldHomeStage.byml;ShinePosList.byml,15,63,-1,128,false,false,8,シャイン【2m置き】,溶岩バレーの宝,Use placement_stage_map_indices for StageMap availability and requirement_expr for local ability/capture needs. placement_scenario_no_values is the raw object ScenarioNo field.,casual,
CityWorldHomeStage:3203:37,Metro Kingdom,CityWorldHomeStage,Metro Kingdom,overworld,New Donk City's Pest Problem,CityWorldHomeStage:3203:37,3203,37,ShineFlag_Story | ShineFlag_Multi,CityWorldHomeStage::place::new_place_9,,free,WorldPeace_Metro,MoonRockActive_Metro,primary,unrated,,"captures=Tank, Locked behind Default Capture | method_1(jump=Single Jump (258); cap_throw=Neutral Throw, Up Throw, Down Throw, Spin Throw; other=Capture, Climb)",true,,,,,,,,,0.000,16200.000,-11900.000,ShineInfo.szs,ShineList_CityWorldHomeStage.byml;ShinePosList.byml,1,0,1,1,true,false,1,モフモフ,ニュードンク・シティ 封鎖中,Use placement_stage_map_indices for StageMap availability and requirement_expr for local ability/capture needs. placement_scenario_no_values is the raw object ScenarioNo field.,casual,
CityWorldHomeStage:4448:38,Metro Kingdom,CityWorldHomeStage,Metro Kingdom,overworld,Inside an Iron Girder,CityWorldHomeStage:4448:38,4448,38,ShineFlag_None,CityWorldHomeStage::checkpoint::obj4904,,free,WorldPeace_Metro,MoonRockActive_Metro,primary,unrated,,"captures=Locked behind Default Capture | method_1(jump=Long Jump; cap_throw=Neutral Throw, Up Throw, Down Throw, Spin Throw; other=Capture)",true,Shine,U,-1,,0;1;11;12;14;3;4;7;9,-1,None,,-11000.000,100.000,-1250.000,CityWorldHomeStageMap.szs;ShineInfo.szs,CityWorldHomeStageMap.byml;ShineList_CityWorldHomeStage.byml;ShinePosList.byml,9,9,-1,667,false,false,1;2;4;5;8;10,シャイン,いきどまり！ 鉄骨の中,Use placement_stage_map_indices for StageMap availability and requirement_expr for local ability/capture needs. placement_scenario_no_values is the raw object ScenarioNo field.,casual,
CityWorldHomeStage:4591:39,Metro Kingdom,CityWorldHomeStage,Metro Kingdom,overworld,Swaying in the Breeze,CityWorldHomeStage:4591:39,4591,39,ShineFlag_None,CityWorldHomeStage::checkpoint::obj3996,,free,WorldPeace_Metro,MoonRockActive_Metro,primary,unrated,,"captures=Locked behind Default Capture | method_1(jump=Long Jump; cap_throw=Neutral Throw, Up Throw, Down Throw, Spin Throw; other=Capture)",true,ShineAddHeight,C,-1,,0;1;11;12;14;3;4;7;9,-1,None,,2750.000,6400.000,-13150.000,CityWorldHomeStageMap.szs;ShineInfo.szs,CityWorldHomeStageMap.byml;ShineList_CityWorldHomeStage.byml;ShinePosList.byml,9,10,-1,667,false,false,1;2;4;5;8;10,シャイン【2m置き】,ゆれる一本橋の先,Use placement_stage_map_indices for StageMap availability and requirement_expr for local ability/capture needs. placement_scenario_no_values is the raw object ScenarioNo field.,casual,
CityWorldHomeStage:8895:40,Metro Kingdom,CityWorldHomeStage,Metro Kingdom,overworld,Secret Path to New Donk City!,CityWorldHomeStage:8895:40,8895,40,ShineFlag_None,CityWorldHomeStage::checkpoint::obj14061,,free,WorldPeace_Metro,MoonRockActive_Metro,primary,unrated,,method_1(jump=Long Jump; cap_throw=No Cap Throw Needed; other=None),true,ShineAddHeight,AE,-1,,1;10;12;13;2;3;4;6;7;9,-1,WorldWarpHoleShine,,17300.000,-1300.000,23400.000,CityWorldHomeStageMap.szs;ShineInfo.szs,CityWorldHomeStageMap.byml;ShineList_CityWorldHomeStage.byml;ShinePosList.byml,10,80,-1,1758,false,false,2;3;4;5;7;8;10;11,シャイン【2m置き】,ようこそ！ ニュードンク・シティ！,Use placement_stage_map_indices for StageMap availability and requirement_expr for local ability/capture needs. placement_scenario_no_values is the raw object ScenarioNo field.,casual,
CityWorldHomeStage:7046:41,Metro Kingdom,CityWorldHomeStage,Metro Kingdom,overworld,Guitarist on Board!,CityWorldHomeStage:7046:41,7046,41,ShineFlag_Story,CityWorldHomeStage::checkpoint::obj3994,,free,WorldPeace_Metro,MoonRockActive_Metro,primary,unrated,,"captures=Locked behind Default Capture | method_1(jump=No Jump Needed; cap_throw=Neutral Throw, Up Throw, Down Throw, Spin Throw; other=Capture)",true,,,,,,,,,4450.000,20.000,4750.000,ShineInfo.szs,ShineList_CityWorldHomeStage.byml;ShinePosList.byml,1,2,3,514,false,false,2;10,セッションミュージシャン[ギター],ギタリスト参入！,Use placement_stage_map_indices for StageMap availability and requirement_expr for local ability/capture needs. placement_scenario_no_values is the raw object ScenarioNo field.,casual,
CityWorldHomeStage:7051:42,Metro Kingdom,CityWorldHomeStage,Metro Kingdom,overworld,Drummer on Board!,CityWorldHomeStage:7051:42,7051,42,ShineFlag_Story,CityWorldHomeStage::checkpoint::obj4904,,free,WorldPeace_Metro,MoonRockActive_Metro,primary,unrated,,"captures=Locked behind Default Capture | method_1(jump=No Jump Needed; cap_throw=Neutral Throw, Up Throw, Down Throw, Spin Throw; other=Capture)",true,,,,,,,,,1300.000,0.000,-9200.000,ShineInfo.szs,ShineList_CityWorldHomeStage.byml;ShinePosList.byml,1,1,3,514,false,false,2;10,セッションミュージシャン[ドラム],ドラマー参入！,Use placement_stage_map_indices for StageMap availability and requirement_expr for local ability/capture needs. placement_scenario_no_values is the raw object ScenarioNo field.,casual,
CityWorldHomeStage:7058:43,Metro Kingdom,CityWorldHomeStage,Metro Kingdom,overworld,Trumpeter on Board!,CityWorldHomeStage:7058:43,7058,43,ShineFlag_Story,CityWorldHomeStage::place::new_place,,free,WorldPeace_Metro,MoonRockActive_Metro,primary,unrated,,"captures=Locked behind Default Capture | method_1(jump=No Jump Needed; cap_throw=Neutral Throw, Up Throw, Down Throw, Spin Throw; other=Capture)",true,,,,,,,,,-4100.000,4263.670,-6150.000,ShineInfo.szs,ShineList_CityWorldHomeStage.byml;ShinePosList.byml,1,4,3,514,false,false,2;10,セッションミュージシャン[トランペット],トランペッター参入！,Use placement_stage_map_indices for StageMap availability and requirement_expr for local ability/capture needs. placement_scenario_no_values is the raw object ScenarioNo field.,casual,
CityWorldHomeStage:9072:44,Metro Kingdom,CityWorldHomeStage,Metro Kingdom,overworld,Bassist on Board!,CityWorldHomeStage:9072:44,9072,44,ShineFlag_Story,CityWorldHomeStage::checkpoint::obj3998,,free,WorldPeace_Metro,MoonRockActive_Metro,primary,unrated,,"captures=Locked behind Default Capture | method_1(jump=No Jump Needed; cap_throw=Neutral Throw, Up Throw, Down Throw, Spin Throw; other=Capture)",true,,,,,,,,,19450.000,-236.649,-12000.000,ShineInfo.szs,ShineList_CityWorldHomeStage.byml;ShinePosList.byml,1,3,3,514,false,false,2;10,セッションミュージシャン[ベース],ベーシスト参入！,Use placement_stage_map_indices for StageMap availability and requirement_expr for local ability/capture needs. placement_scenario_no_values is the raw object ScenarioNo field.,casual,
CityWorldHomeStage:3633:46,Metro Kingdom,CityWorldHomeStage,Metro Kingdom,overworld,"How You Doin', Captain Toad?",CityWorldHomeStage:3633:46,3633,46,ShineFlag_None,CityWorldHomeStage::checkpoint::obj4904,,free,WorldPeace_Metro,MoonRockActive_Metro,primary,unrated,,"captures=Locked behind Default Capture | method_1(jump=No Jump Needed; cap_throw=Neutral Throw, Up Throw, Down Throw, Spin Throw; other=Capture)",true,,,,,,,,,-300.000,-700.000,-17750.000,ShineInfo.szs,ShineList_CityWorldHomeStage.byml;ShinePosList.byml,1,12,-1,666,false,false,2;4;5;8;10,キノピオ隊長,ハーイ！ キノピオ隊長,Use placement_stage_map_indices for StageMap availability and requirement_expr for local ability/capture needs. placement_scenario_no_values is the raw object ScenarioNo field.,casual,
CityWorldHomeStage:8073:49,Metro Kingdom,CityWorldHomeStage,Metro Kingdom,overworld,Who Piled Garbage on This?,CityWorldHomeStage:8073:49,8073,49,ShineFlag_None,CityWorldHomeStage::checkpoint::obj3994,,free,WorldPeace_Metro,MoonRockActive_Metro,primary,unrated,,"captures=Locked behind Default Capture | method_1(jump=Long Jump; cap_throw=Neutral Throw, Up Throw, Down Throw, Spin Throw; other=Capture, Ground Pound)",true,,,,,,,,,-8550.000,2400.000,7100.000,ShineInfo.szs,ShineList_CityWorldHomeStage.byml;ShinePosList.byml,1,11,-1,954,false,false,2;4;5;6;8;9;10,ここ掘れポイント,ゴミ袋の下に,Use placement_stage_map_indices for StageMap availability and requirement_expr for local ability/capture needs. placement_scenario_no_values is the raw object ScenarioNo field.,casual,
CityWorldHomeStage:13616:50,Metro Kingdom,CityWorldHomeStage,Metro Kingdom,overworld,Bench Friends,CityWorldHomeStage:13616:50,13616,50,ShineFlag_None,CityWorldHomeStage::checkpoint::obj3994,,free,WorldPeace_Metro,MoonRockActive_Metro,primary,unrated,,"captures=Locked behind Default Capture | method_1(jump=Long Jump; cap_throw=Neutral Throw, Up Throw, Down Throw, Spin Throw; other=Capture)",true,,,,,,,,,-4370.000,0.000,2150.000,ShineInfo.szs,ShineList_CityWorldHomeStage.byml;ShinePosList.byml,1,17,-1,666,false,false,2;4;5;8;10,都市の民,ベンチで しみじみ,Use placement_stage_map_indices for StageMap availability and requirement_expr for local ability/capture needs. placement_scenario_no_values is the raw object ScenarioNo field.,casual,
CityWorldHomeStage:2782:51,Metro Kingdom,CityWorldHomeStage,Metro Kingdom,overworld,Jump-Rope Genius,CityWorldHomeStage:2782:51,2782,51,ShineFlag_None,CityWorldHomeStage::checkpoint::obj3994,,free,WorldPeace_Metro,MoonRockActive_Metro,primary,unrated,,"captures=Locked behind Default Capture | method_1(jump=Single Jump (258); cap_throw=Neutral Throw, Up Throw, Down Throw, Spin Throw; other=Capture)",true,,,,,,,,,1900.000,90.000,6850.000,ShineInfo.szs,ShineList_CityWorldHomeStage.byml;ShinePosList.byml,1,49,-1,666,false,false,2;4;5;8;10,縄跳びNPC,なわとび達人,Use placement_stage_map_indices for StageMap availability and requirement_expr for local ability/capture needs. placement_scenario_no_values is the raw object ScenarioNo field.,casual,
CityWorldHomeStage:3066:53,Metro Kingdom,CityWorldHomeStage,Metro Kingdom,overworld,Remotely Captured Car,CityWorldHomeStage:3066:53,3066,53,ShineFlag_None,CityWorldHomeStage::checkpoint::obj3994,,Radicon | KingdomAccess_Metro,WorldPeace_Metro,MoonRockActive_Metro,primary,unrated,,"captures=Locked behind Default Capture, Glydon, Pokio | method_1(jump=No Jump Needed; cap_throw=Neutral Throw, Down Throw, Up Throw, Spin Throw; other=Capture) | method_2(jump=No Jump Needed; cap_throw=No Cap Throw Needed; other=Scooter)",true,Shine,G,-1,,1;11;12;3;4;7;9,-1,None,,-3500.000,0.000,6250.000,CityWorldHomeStageMap.szs;ShineInfo.szs,CityWorldHomeStageMap.byml;ShineList_CityWorldHomeStage.byml;ShinePosList.byml,7,21,-1,666,false,false,2;4;5;8;10,シャイン,ミニカー マニア！,Use placement_stage_map_indices for StageMap availability and requirement_expr for local ability/capture needs. placement_scenario_no_values is the raw object ScenarioNo field.,casual,
CityWorldHomeStage:3116:54,Metro Kingdom,CityWorldHomeStage,Metro Kingdom,overworld,Girder Sandwich,CityWorldHomeStage:3116:54,3116,54,ShineFlag_None,CityWorldHomeStage::place::new_place_2,,free,WorldPeace_Metro,MoonRockActive_Metro,primary,unrated,,"captures=Locked behind Default Capture | method_1(jump=Long Jump; cap_throw=Neutral Throw, Up Throw, Down Throw, Spin Throw; other=Capture, Wall Jump) | method_2(jump=Long Jump; cap_throw=Neutral Throw, Up Throw, Down Throw, Spin Throw; other=Capture, Climb)",true,ShineAddHeight,U,-1,,0;1;11;12;14;3;4;7;9,-1,None,,7550.000,3150.000,-3700.000,CityWorldHomeStageMap.szs;ShineInfo.szs,CityWorldHomeStageMap.byml;ShineList_CityWorldHomeStage.byml;ShinePosList.byml,9,8,-1,667,false,false,1;2;4;5;8;10,シャイン【2m置き】,２本の鉄骨に はさまれて,Use placement_stage_map_indices for StageMap availability and requirement_expr for local ability/capture needs. placement_scenario_no_values is the raw object ScenarioNo field.,casual,
CityWorldHomeStage:10046:59,Metro Kingdom,CityWorldHomeStage,Metro Kingdom,overworld,Secret Girder Tunnel!,CityWorldHomeStage:10046:59,10046,59,ShineFlag_None,CityWorldHomeStage::start,,free,WorldPeace_Metro,MoonRockActive_Metro,primary,unrated,,method_1(jump=No Jump Needed; cap_throw=No Cap Throw Needed; other=None),true,Shine,G,-1,,1;11;12;3;4;7;9,-1,None,,2200.000,2900.000,18550.000,CityWorldHomeStageMap.szs;ShineInfo.szs,CityWorldHomeStageMap.byml;ShineList_CityWorldHomeStage.byml;ShinePosList.byml,7,7,-1,666,false,false,2;4;5;8;10,シャイン,鉄骨トンネルの奥,Use placement_stage_map_indices for StageMap availability and requirement_expr for local ability/capture needs. placement_scenario_no_values is the raw object ScenarioNo field.,casual,
CityWorldHomeStage:10635:60,Metro Kingdom,CityWorldHomeStage,Metro Kingdom,overworld,Jump-Rope Hero,CityWorldHomeStage:10635:60,10635,60,ShineFlag_None,CityWorldHomeStage::checkpoint::obj3994,,free,WorldPeace_Metro,MoonRockActive_Metro,primary,unrated,,"captures=Locked behind Default Capture | method_1(jump=Single Jump (258); cap_throw=Neutral Throw, Up Throw, Down Throw, Spin Throw; other=Capture)",true,,,,,,,,,1900.000,90.000,6850.000,ShineInfo.szs,ShineList_CityWorldHomeStage.byml;ShinePosList.byml,1,24,-1,666,false,false,2;4;5;8;10,縄跳びNPC,なわとび名人,Use placement_stage_map_indices for StageMap availability and requirement_expr for local ability/capture needs. placement_scenario_no_values is the raw object ScenarioNo field.,casual,
CityWorldHomeStage:10646:61,Metro Kingdom,CityWorldHomeStage,Metro Kingdom,overworld,Dizzying Heights,CityWorldHomeStage:10646:61,10646,61,ShineFlag_None,CityWorldHomeStage::checkpoint::obj5016,,(ElectricWire & Climb),WorldPeace_Metro,MoonRockActive_Metro,primary,unrated,,"captures=Locked behind Default Capture | method_1(jump=Single Jump (258); cap_throw=Neutral Throw, Up Throw, Down Throw, Spin Throw; other=Capture, Climb)",true,Shine,G,-1,,1;11;12;3;4;7;9,-1,None,,0.000,19300.000,-12000.000,CityWorldHomeStageMap.szs;ShineInfo.szs,CityWorldHomeStageMap.byml;ShineList_CityWorldHomeStage.byml;ShinePosList.byml,7,14,-1,666,false,false,2;4;5;8;10,シャイン,トップ・オブ・ニュードンク・シティ,Use placement_stage_map_indices for StageMap availability and requirement_expr for local ability/capture needs. placement_scenario_no_values is the raw object ScenarioNo field.,casual,
CityWorldHomeStage:11212:62,Metro Kingdom,CityWorldHomeStage,Metro Kingdom,overworld,Hidden in the Scrap,CityWorldHomeStage:11212:62,11212,62,ShineFlag_None,CityWorldHomeStage::checkpoint::obj3998,,GroundPound,WorldPeace_Metro,MoonRockActive_Metro,primary,unrated,,"captures=Locked behind Default Capture | method_1(jump=No Jump Needed; cap_throw=Neutral Throw, Up Throw, Down Throw, Spin Throw; other=Capture, Ground Pound)",true,ShineAddHeight,AA,-1,,1;12;3;4;5;7;8,-1,DigPointShine,,19150.000,50.000,-10200.000,CityWorldHomeStageMap.szs;ShineInfo.szs,CityWorldHomeStageMap.byml;ShineList_CityWorldHomeStage.byml;ShinePosList.byml,7,13,-1,442,false,false,2;4;5;6;8;9,ステージスイッチ_モフモフ残骸_モフモフ残骸_モフモフ残骸_モフモフ残骸_モフモフ残骸_モフモフ残骸,鉄くずに ねむる宝,Use placement_stage_map_indices for StageMap availability and requirement_expr for local ability/capture needs. placement_scenario_no_values is the raw object ScenarioNo field.,casual,
CityWorldHomeStage:13419:65,Metro Kingdom,CityWorldHomeStage,Metro Kingdom,overworld,Glittering Above the Pool,CityWorldHomeStage:13419:65,13419,65,ShineFlag_None,CityWorldHomeStage::place::new_place_3,,free,WorldPeace_Metro,MoonRockActive_Metro,primary,unrated,,"captures=Locked behind Default Capture | method_1(jump=Single Jump (258); cap_throw=Neutral Throw, Up Throw, Down Throw, Spin Throw; other=Climb, Capture)",true,ShineAddHeight,G,-1,,1;11;12;3;4;7;9,-1,None,,-5000.000,12050.000,-13150.000,CityWorldHomeStageMap.szs;ShineInfo.szs,CityWorldHomeStageMap.byml;ShineList_CityWorldHomeStage.byml;ShinePosList.byml,7,20,-1,666,false,false,2;4;5;8;10,シャイン【2m置き】,プールの上に かがやいて,Use placement_stage_map_indices for StageMap availability and requirement_expr for local ability/capture needs. placement_scenario_no_values is the raw object ScenarioNo field.,casual,
CityWorldHomeStage:4956:68,Metro Kingdom,CityWorldHomeStage,Metro Kingdom,overworld,How Do They Take Out the Trash?,CityWorldHomeStage:4956:68,4956,68,ShineFlag_None,CityWorldHomeStage::checkpoint::obj5016,,(Vault & Dive) | (TripleJump & Dive) | (LongJump & Dive) | ElectricWire,WorldPeace_Metro,MoonRockActive_Metro,primary,unrated,,"captures=Locked behind Default Capture | method_1(jump=Long Jump; cap_throw=Neutral Throw, Up Throw, Down Throw, Spin Throw; other=Capture)",true,TreasureBox,G,,,1;11;12;3;4;7;9,,None,,4700.000,9530.000,-14700.000,CityWorldHomeStageMap.szs;ShineInfo.szs,CityWorldHomeStageMap.byml;ShineList_CityWorldHomeStage.byml;ShinePosList.byml,7,16,-1,666,false,false,2;4;5;8;10,ゴミ箱,たかい たかーい ゴミ箱,Use placement_stage_map_indices for StageMap availability and requirement_expr for local ability/capture needs. placement_scenario_no_values is the raw object ScenarioNo field.,casual,
CityWorldHomeStage:10124:69,Metro Kingdom,CityWorldHomeStage,Metro Kingdom,overworld,City Gardening: Rooftop Planter,CityWorldHomeStage:10124:69,10124,69,ShineFlag_None,CityWorldHomeStage::checkpoint::obj4904,,WallJump | KingdomAccess_Metro,WorldPeace_Metro,MoonRockActive_Metro,primary,unrated,,"captures=Locked behind Default Capture | method_1(jump=Single Jump (258); cap_throw=Neutral Throw, Up Throw, Down Throw, Spin Throw; other=Capture)",true,,,,,,,,,-6350.000,1500.000,-3650.000,ShineInfo.szs,ShineList_CityWorldHomeStage.byml;ShinePosList.byml,1,28,-1,666,false,false,2;4;5;8;10,育つ草植木鉢,咲いた！ 小さな屋上の鉢植え,Use placement_stage_map_indices for StageMap availability and requirement_expr for local ability/capture needs. placement_scenario_no_values is the raw object ScenarioNo field.,casual,
CityWorldHomeStage:10126:70,Metro Kingdom,CityWorldHomeStage,Metro Kingdom,overworld,City Gardening: Building Planter,CityWorldHomeStage:10126:70,10126,70,ShineFlag_None,CityWorldHomeStage::checkpoint::obj3994,,free,WorldPeace_Metro,MoonRockActive_Metro,primary,unrated,,"captures=Locked behind Default Capture | method_1(jump=Single Jump (258); cap_throw=Neutral Throw, Up Throw, Down Throw, Spin Throw; other=Capture)",true,,,,,,,,,-4150.000,1495.000,7600.000,ShineInfo.szs,ShineList_CityWorldHomeStage.byml;ShinePosList.byml,1,23,-1,666,false,false,2;4;5;8;10,育つ草植木鉢,咲いた！ ビルの鉢植え,Use placement_stage_map_indices for StageMap availability and requirement_expr for local ability/capture needs. placement_scenario_no_values is the raw object ScenarioNo field.,casual,
CityWorldHomeStage:10128:71,Metro Kingdom,CityWorldHomeStage,Metro Kingdom,overworld,City Gardening: Plaza Planter,CityWorldHomeStage:10128:71,10128,71,ShineFlag_None,CityWorldHomeStage::checkpoint::obj3994,,free,WorldPeace_Metro,MoonRockActive_Metro,primary,unrated,,"captures=Locked behind Default Capture | method_1(jump=Long Jump; cap_throw=Neutral Throw, Up Throw, Down Throw, Spin Throw; other=Capture)",true,,,,,,,,,5050.000,45.000,4150.000,ShineInfo.szs,ShineList_CityWorldHomeStage.byml;ShinePosList.byml,1,15,-1,666,false,false,2;4;5;8;10,育つ草植木鉢,咲いた！ 広場の鉢植え,Use placement_stage_map_indices for StageMap availability and requirement_expr for local ability/capture needs. placement_scenario_no_values is the raw object ScenarioNo field.,casual,
CityWorldHomeStage:12585:74,Metro Kingdom,CityWorldHomeStage,Metro Kingdom,overworld,Out of a Crate in the City,CityWorldHomeStage:12585:74,12585,74,ShineFlag_Extra,CityWorldHomeStage::checkpoint::obj4000,,WallJump | ElectricWire | Guidepost,WorldPeace_Metro,MoonRockActive_Metro,primary,unrated,,"captures=Locked behind Default Capture | method_1(jump=No Jump Needed; cap_throw=Neutral Throw, Up Throw, Down Throw, Spin Throw; other=Capture)",true,,,,,,,,,-7500.000,1500.000,-11300.000,ShineInfo.szs,ShineList_CityWorldHomeStage.byml;ShinePosList.byml,1,53,-1,128,false,true,8,木箱,とび出た！ 都市の木箱から,Use placement_stage_map_indices for StageMap availability and requirement_expr for local ability/capture needs. placement_scenario_no_values is the raw object ScenarioNo field.,casual,"1,2,3,4,5"
CityWorldHomeStage:13473:75,Metro Kingdom,CityWorldHomeStage,Metro Kingdom,overworld,Peach in the Metro Kingdom,CityWorldHomeStage:13473:75,13473,75,ShineFlag_None,CityWorldHomeStage::checkpoint::obj4904,,(ElectricWire & Climb & KingdomAccess_Mushroom) | (Guidepost & KingdomAccess_Mushroom) | (Backflip & Vault & WallJump & Dive & NeutralThrow & KingdomAccess_Mushroom) | (GroundPoundJump & Vault & Dive & WallJump & NeutralThrow & KingdomAccess_Mushroom) | (SideFlip & Vault & WallJump & Dive & NeutralThrow & KingdomAccess_Mushroom) | (ElectricWire & KingdomAccess_Mushroom) | (TripleJump & Vault & WallJump & Dive & NeutralThrow & KingdomAccess_Mushroom) | (ElectricWire & WallJump & LedgeGrab & Wanwan & KingdomAccess_Mushroom) | (ElectricWire & WallJump & Dive & KingdomAccess_Mushroom) | (ElectricWire & Vault & KingdomAccess_Mushroom),WorldPeace_Metro,MoonRockActive_Metro,primary,unrated,,"captures=Locked behind Default Capture | method_1(jump=No Jump Needed; cap_throw=Neutral Throw, Up Throw, Down Throw, Spin Throw; other=Other Kingdom Trigger, Capture)",true,,,,,,,,,-7263.600,5610.000,-5694.650,ShineInfo.szs,ShineList_CityWorldHomeStage.byml;ShinePosList.byml,1,54,-1,144,false,false,5;8,世界旅行ピーチ,都市の国で ピーチ姫,Use placement_stage_map_indices for StageMap availability and requirement_expr for local ability/capture needs. placement_scenario_no_values is the raw object ScenarioNo field.,advanced;casual;advanced;advanced;advanced;casual;advanced;advanced;advanced;advanced,"1,2,3,4,5;1,2,3,4,5;1,2,3,4,5;1,2,3,4,5;1,2,3,4,5;4,5;1,2,3,4,5;1,2,3,4,5;1,2,3,4,5;1,2,3,4,5"
CityWorldHomeStage:12584:77,Metro Kingdom,CityWorldHomeStage,Metro Kingdom,overworld,Left at the Cafe?,CityWorldHomeStage:12584:77,12584,77,ShineFlag_None,CityWorldHomeStage::place::new_place_4,,GroundPound,WorldPeace_Metro,MoonRockActive_Metro,primary,unrated,,,true,,,,,,,,,-5300.000,3732.000,-10650.000,ShineInfo.szs,ShineList_CityWorldHomeStage.byml;ShinePosList.byml,1,64,-1,954,false,false,2;4;5;6;8;9;10,ここ掘れポイント,カフェの落とし物,Use placement_stage_map_indices for StageMap availability and requirement_expr for local ability/capture needs. placement_scenario_no_values is the raw object ScenarioNo field.,casual,
CityWorldHomeStage:12586:78,Metro Kingdom,CityWorldHomeStage,Metro Kingdom,overworld,Crossing Lines,CityWorldHomeStage:12586:78,12586,78,ShineFlag_Extra,CityWorldHomeStage::place::new_place_7,,ElectricWire,WorldPeace_Metro,MoonRockActive_Metro,primary,unrated,,"captures=Locked behind Default Capture | method_1(jump=No Jump Needed; cap_throw=Neutral Throw, Up Throw, Down Throw, Spin Throw; other=Capture)",true,ShineAddByRock,K,-1,,7,-1,None,,-8005.453,4794.422,-2050.000,CityWorldHomeStageMap.szs;ShineInfo.szs,CityWorldHomeStageMap.byml;ShineList_CityWorldHomeStage.byml;ShinePosList.byml,1,52,-1,128,false,true,8,シャイン【月の石追加版】,ビルをつなぐ電線の上,Use placement_stage_map_indices for StageMap availability and requirement_expr for local ability/capture needs. placement_scenario_no_values is the raw object ScenarioNo field.,casual,
CityWorldHomeStage:12589:81,Metro Kingdom,CityWorldHomeStage,Metro Kingdom,overworld,Hat-and-Seek: In the City,CityWorldHomeStage:12589:81,12589,81,ShineFlag_None,CityWorldHomeStage::checkpoint::obj3994,,free,WorldPeace_Metro,MoonRockActive_Metro,primary,unrated,,"captures=Locked behind Default Capture | method_1(jump=No Jump Needed; cap_throw=Neutral Throw, Up Throw, Down Throw, Spin Throw; other=Capture)",true,,,,,,,,,3600.000,400.000,2650.000,ShineInfo.szs,ShineList_CityWorldHomeStage.byml;ShinePosList.byml,1,56,-1,144,false,false,5;8,かくれんぼ帽子の民,都市の帽子で かくれんぼ,Use placement_stage_map_indices for StageMap availability and requirement_expr for local ability/capture needs. placement_scenario_no_values is the raw object ScenarioNo field.,casual,
CityWorldHomeStage:12590:82,Metro Kingdom,CityWorldHomeStage,Metro Kingdom,overworld,Found in the Park! Good Dog!,CityWorldHomeStage:12590:82,12590,82,ShineFlag_Extra,CityWorldHomeStage::checkpoint::obj3998,,GroundPound,WorldPeace_Metro,MoonRockActive_Metro,primary,unrated,,"captures=Locked behind Default Capture | method_1(jump=Single Jump (258); cap_throw=Neutral Throw, Up Throw, Down Throw, Spin Throw; other=Capture, Ground Pound)",true,,,,,,,,,18500.000,-244.599,-9250.000,ShineInfo.szs,ShineList_CityWorldHomeStage.byml;ShinePosList.byml,1,67,-1,128,false,true,8,忠犬専用ここ掘れポイント,公園で 見つけたワン！,Use placement_stage_map_indices for StageMap availability and requirement_expr for local ability/capture needs. placement_scenario_no_values is the raw object ScenarioNo field.,casual,
CityWorldHomeStage:12592:84,Metro Kingdom,CityWorldHomeStage,Metro Kingdom,overworld,Hanging Between Buildings,CityWorldHomeStage:12592:84,12592,84,ShineFlag_Extra,CityWorldHomeStage::place::new_place_6,,GroundPound,WorldPeace_Metro,MoonRockActive_Metro,primary,unrated,,"captures=Locked behind Default Capture | method_1(jump=No Jump Needed; cap_throw=Neutral Throw, Up Throw, Down Throw, Spin Throw; other=Capture)",true,ShineAddByRock,K,-1,,7,-1,None,,350.000,5100.000,-5200.000,CityWorldHomeStageMap.szs;ShineInfo.szs,CityWorldHomeStageMap.byml;ShineList_CityWorldHomeStage.byml;ShinePosList.byml,1,51,-1,128,false,true,8,シャイン【月の石追加版】,三つのビルに囲まれて,Use placement_stage_map_indices for StageMap availability and requirement_expr for local ability/capture needs. placement_scenario_no_values is the raw object ScenarioNo field.,casual,
CityWorldHomeStage:4110:95,Metro Kingdom,CityWorldHomeStage,Metro Kingdom,overworld,A Traditional Festival!,CityWorldHomeStage:4110:95,4110,95,ShineFlag_Story | ShineFlag_Multi,CityWorldHomeStage::checkpoint::obj4904,,free,WorldPeace_Metro,MoonRockActive_Metro,primary,unrated,,method_1(jump=Single Jump (258); cap_throw=No Cap Throw Needed; other=2D jump (any jump)),true,,,,,,,,,0.000,15033.000,-9782.260,ShineInfo.szs,ShineList_CityWorldHomeStage.byml;ShinePosList.byml,1,6,7,4,true,false,3,セレモニーでのポリーン,伝統のフェスティバル！,Use placement_stage_map_indices for StageMap availability and requirement_expr for local ability/capture needs. placement_scenario_no_values is the raw object ScenarioNo field.,casual,
CityWorldHomeStage:6939:96,Metro Kingdom,CityWorldHomeStage,Metro Kingdom,overworld,A Request from the Mayor,CityWorldHomeStage:6939:96,6939,96,ShineFlag_None,CityWorldHomeStage::checkpoint::obj3996,,free,WorldPeace_Metro,MoonRockActive_Metro,primary,unrated,,"captures=Locked behind Default Capture | method_1(jump=Long Jump; cap_throw=Neutral Throw, Up Throw, Down Throw, Spin Throw; other=Capture)",true,,,,,,,,,0.000,0.000,-8450.000,ShineInfo.szs,ShineList_CityWorldHomeStage.byml;ShinePosList.byml,1,65,-1,144,false,false,5;8,ときめき市長NPC,ポリーン市長の願い,Use placement_stage_map_indices for StageMap availability and requirement_expr for local ability/capture needs. placement_scenario_no_values is the raw object ScenarioNo field.,casual,
CityWorldHomeStage:13057:97,Metro Kingdom,CityWorldHomeStage,Metro Kingdom,overworld,Mario Signs His Name,CityWorldHomeStage:13057:97,13057,97,ShineFlag_None,CityWorldHomeStage::checkpoint::obj3994,,AnagramAlphabetCharacter,WorldPeace_Metro,MoonRockActive_Metro,primary,unrated,,"captures=Locked behind Default Capture | method_1(jump=Single Jump (258); cap_throw=Neutral Throw, Up Throw, Down Throw, Spin Throw; other=Capture)",true,,,,,,,,,1550.000,1150.000,3650.000,ShineInfo.szs,ShineList_CityWorldHomeStage.byml;ShinePosList.byml,1,55,-1,144,false,false,5;8,アルファベット並べ替え,完成！ MARIO看板,Use placement_stage_map_indices for StageMap availability and requirement_expr for local ability/capture needs. placement_scenario_no_values is the raw object ScenarioNo field.,casual,
CityWorldHomeStage:13457:99,Metro Kingdom,CityWorldHomeStage,Metro Kingdom,overworld,Caught Hopping on a Building!,CityWorldHomeStage:13457:99,13457,99,ShineFlag_None,CityWorldHomeStage::checkpoint::obj5012,,ElectricWire | Guidepost | (Vault & Dive) | WallJump | TripleJump | LongJump | (LongJump & Dive),WorldPeace_Metro,MoonRockActive_Metro,primary,unrated,,"captures=Locked behind Default Capture | method_1(jump=Single Jump (258); cap_throw=Neutral Throw, Up Throw, Down Throw, Spin Throw; other=Capture)",true,,,,,,,,,-2450.000,4043.340,3400.000,ShineInfo.szs,ShineList_CityWorldHomeStage.byml;ShinePosList.byml,1,19,-1,152,false,false,4;5;8,ウサギ,ビルで つかまえたピョン！,Use placement_stage_map_indices for StageMap availability and requirement_expr for local ability/capture needs. placement_scenario_no_values is the raw object ScenarioNo field.,casual,
CityWorldMainTowerStage:489:100,Metro Kingdom,CityWorldMainTowerStage,Inside New Donk City Tower,subarea,City Hall Lost & Found,CityWorldMainTowerStage:489:100,489,100,ShineFlag_None,CityWorldMainTowerStage::entrance::main_enter::sub_near,,Climb | (Vault & Dive & WallJump & NeutralThrow),WorldPeace_Metro,MoonRockActive_Metro,primary,unrated,,"captures=Locked behind Default Capture | method_1(jump=Single Jump (258); cap_throw=Neutral Throw, Up Throw, Down Throw, Spin Throw; other=Climb, Capture)",true,TreasureBox,Common,,,0;1;10;11;12;13;14;2;3;4;5;6;7;8;9,,None,,-2000.000,10750.000,-2550.000,CityWorldMainTowerStageMap.szs;ShineInfo.szs,CityWorldMainTowerStageMap.byml;ShineList_CityWorldHomeStage.byml;ShinePosList.byml,15,36,-1,1759,false,false,1;2;3;4;5;7;8;10;11,宝箱,市庁舎の置き忘れ,Use placement_stage_map_indices for StageMap availability and requirement_expr for local ability/capture needs. placement_scenario_no_values is the raw object ScenarioNo field.,casual;advanced,
CityWorldShop01Stage:36:101,Metro Kingdom,CityWorldShop01Stage,Crazy Cap Store,subarea,Shopping in New Donk City,CityWorldShop01Stage:36:101,36,101,ShineFlag_None,CityWorldShop01Stage::entrance::shop_coin::sub_near,,free,WorldPeace_Metro,MoonRockActive_Metro,primary,unrated,"not ""free""",method_1(jump=No Jump Needed; cap_throw=No Cap Throw Needed; other=None),true,,,,,,,,,-2945.110,-50.000,3923.680,ShineInfo.szs,ShineList_CityWorldHomeStage.byml;ShinePosList.byml,1,25,-1,667,false,false,1;2;4;5;8;10,ショップ店員,ニュードンク・シティで お買い物,Use placement_stage_map_indices for StageMap availability and requirement_expr for local ability/capture needs. placement_scenario_no_values is the raw object ScenarioNo field.,casual,
Note2D3DRoomExStage:901:102,Metro Kingdom,Note2D3DRoomExStage,Rainbow Notes,subarea,Taking Notes: In the Private Room,Note2D3DRoomExStage:901:102,901,102,ShineFlag_None,Note2D3DRoomExStage::entrance::onpu::sub_near,,free,WorldPeace_Metro,MoonRockActive_Metro,primary,unrated,,method_1(jump=Single Jump (258); cap_throw=No Cap Throw Needed; other=2D jump (any jump)),true,ShineDot,Common,,,0;1;10;11;2;3;4;5;6;7;8;9,,None,,-50.000,650.000,-700.000,Note2D3DRoomExStageMap.szs;ShineInfo.szs,Note2D3DRoomExStageMap.byml;ShineList_CityWorldHomeStage.byml;ShinePosList.byml,12,30,-1,666,false,false,2;4;5;8;10,ステージスイッチ_2D_音符オブジェディレクタ,個室で 音符集め,Use placement_stage_map_indices for StageMap availability and requirement_expr for local ability/capture needs. placement_scenario_no_values is the raw object ScenarioNo field.,casual,
PoleGrabCeilExStage:301:103,Metro Kingdom,PoleGrabCeilExStage,Swinging Along the High-Rises,subarea,Hanging from a High-Rise,PoleGrabCeilExStage:301:103,301,103,ShineFlag_None,PoleGrabCeilExStage::entrance::tenjo::sub_near,,(Vault & Dive) | (TripleJump & WallJump & Dive & NeutralThrow) | Swing,WorldPeace_Metro,MoonRockActive_Metro,primary,unrated,,captures=Locked behind Default Capture | method_1(jump=Single Jump (258); cap_throw=No Cap Throw Needed; other=Capture),true,ShineAddHeight,Common,-1,,0;1;10;11;12;13;14;2;3;4;5;6;7;8;9,-1,None,,-4100.000,800.000,2500.000,PoleGrabCeilExStageMap.szs;ShineInfo.szs,PoleGrabCeilExStageMap.byml;ShineList_CityWorldHomeStage.byml;ShinePosList.byml,15,40,-1,154,false,false,2;4;5;8,シャイン【2m置き】,ぶらさがって 高層ビルディング,Use placement_stage_map_indices for StageMap availability and requirement_expr for local ability/capture needs. placement_scenario_no_values is the raw object ScenarioNo field.,advanced;advanced;casual,
PoleGrabCeilExStage:659:104,Metro Kingdom,PoleGrabCeilExStage,Swinging Along the High-Rises,subarea,Vaulting Up a High-Rise,PoleGrabCeilExStage:659:104,659,104,ShineFlag_None,PoleGrabCeilExStage::entrance::tenjo::sub_near,,(WallJump & Swing) | (Dive & Swing) | (Vault & Swing),WorldPeace_Metro,MoonRockActive_Metro,primary,unrated,,"captures=Locked behind Default Capture | method_1(jump=Single Jump (258); cap_throw=No Cap Throw Needed; other=Capture, Wall Jump)",true,Shine,Common,-1,,0;1;10;11;12;13;14;2;3;4;5;6;7;8;9,-1,None,,-900.000,4750.000,-5400.000,PoleGrabCeilExStageMap.szs;ShineInfo.szs,PoleGrabCeilExStageMap.byml;ShineList_CityWorldHomeStage.byml;ShinePosList.byml,15,45,-1,154,false,false,2;4;5;8,シャイン,とびついて 高層ビルディング,Use placement_stage_map_indices for StageMap availability and requirement_expr for local ability/capture needs. placement_scenario_no_values is the raw object ScenarioNo field.,casual,
RadioControlExStage:280:105,Metro Kingdom,RadioControlExStage,RC Race,subarea,RC Car Pro!,RadioControlExStage:280:105,280,105,ShineFlag_None,RadioControlExStage::entrance::car::sub_near,,Radicon,WorldPeace_Metro,MoonRockActive_Metro,primary,unrated,,"captures=Locked behind Default Capture | method_1(jump=Long Jump; cap_throw=Neutral Throw, Up Throw, Down Throw, Spin Throw; other=Capture)",true,,,,,,,,,-4150.000,199.201,7898.480,ShineInfo.szs,ShineList_CityWorldHomeStage.byml;ShinePosList.byml,1,31,-1,666,false,false,2;4;5;8;10,ラジコンレース監視者,ミニカー プロ！,Use placement_stage_map_indices for StageMap availability and requirement_expr for local ability/capture needs. placement_scenario_no_values is the raw object ScenarioNo field.,casual,
RadioControlExStage:337:106,Metro Kingdom,RadioControlExStage,RC Race,subarea,RC Car Champ!,RadioControlExStage:337:106,337,106,ShineFlag_Extra,RadioControlExStage::entrance::car::sub_near,,Radicon,WorldPeace_Metro,MoonRockActive_Metro,primary,unrated,,"captures=Locked behind Default Capture | method_1(jump=Long Jump; cap_throw=Neutral Throw, Up Throw, Down Throw, Spin Throw; other=Capture)",true,,,,,,,,,-4150.000,199.201,7898.480,ShineInfo.szs,ShineList_CityWorldHomeStage.byml;ShinePosList.byml,1,71,-1,666,false,true,2;4;5;8;10,ラジコンレース監視者,ミニカー チャンピオン！,Use placement_stage_map_indices for StageMap availability and requirement_expr for local ability/capture needs. placement_scenario_no_values is the raw object ScenarioNo field.,casual,
CityWorldFactoryStage:360:107,Metro Kingdom,CityWorldFactoryStage,Sewers,subarea,Powering Up the Station,CityWorldFactoryStage:360:107,360,107,ShineFlag_Story,CityWorldFactory01Zone::start,,free,WorldPeace_Metro,MoonRockActive_Metro,primary,unrated,,"captures=Locked behind Default Capture | method_1(jump=Single Jump (258); cap_throw=Neutral Throw, Spin Throw; other=Capture, Ground Pound) | method_2(jump=Cap Return Jump (400); cap_throw=Neutral Throw, Up Throw, Down Throw, Spin Throw; other=Capture, Ground Pound)",true,,,,,,,,,-6900.000,-101.000,-7420.000,ShineInfo.szs,ShineList_CityWorldHomeStage.byml;ShinePosList.byml,1,5,4,2,false,false,2;4;5;8,ケージ(シャイン),トラブル解決！ 発電所,Use placement_stage_map_indices for StageMap availability and requirement_expr for local ability/capture needs. placement_scenario_no_values is the raw object ScenarioNo field.,casual,
ShootingCityExStage:1539:113,Metro Kingdom,ShootingCityExStage,Shards Under Siege,subarea,Sharpshooting Under Siege,ShootingCityExStage:1539:113,1539,113,ShineFlag_None,ShootingCityExStage::place::new_place,,Tank,WorldPeace_Metro,MoonRockActive_Metro,primary,unrated,,"captures=Tank | method_1(jump=Ground Pound Jump (514); other=Wall Jump, Capture)",true,,,,,,,,,400.195,268.590,1726.910,ShineInfo.szs,ShineList_CityWorldHomeStage.byml;ShinePosList.byml,1,42,-1,154,false,false,2;4;5;8,都市のワールドホーム壊れパーツ000,砲撃をかわして ねらって,Use placement_stage_map_indices for StageMap availability and requirement_expr for local ability/capture needs. placement_scenario_no_values is the raw object ScenarioNo field.,casual,
ShootingCityExStage:66:114,Metro Kingdom,ShootingCityExStage,Shards Under Siege,subarea,Moon Shards Under Siege,ShootingCityExStage:66:114,66,114,ShineFlag_None,ShootingCityExStage::place::new_place,,Tank | NeutralThrow | DownThrow | SpinThrow,WorldPeace_Metro,MoonRockActive_Metro,primary,unrated,,"captures=Tank | method_1(jump=Ground Pound Jump (514); other=Wall Jump, Capture)",true,,,,,,,,,400.195,268.590,1726.910,ShineInfo.szs,ShineList_CityWorldHomeStage.byml;ShinePosList.byml,1,32,-1,154,false,false,2;4;5;8,シャインチップ全取得監視者,砲撃の中 さまよって,Use placement_stage_map_indices for StageMap availability and requirement_expr for local ability/capture needs. placement_scenario_no_values is the raw object ScenarioNo field.,casual;advanced;advanced;advanced,
PoleKillerExStage:1477:115,Metro Kingdom,PoleKillerExStage,Bullet Billding,subarea,Bullet Billding,PoleKillerExStage:1477:115,1477,115,ShineFlag_None,PoleKillerExStage::entrance::boureturn::sub_far,,free,WorldPeace_Metro,MoonRockActive_Metro,primary,unrated,,method_1(jump=Single Jump (258); cap_throw=No Cap Throw Needed; other=Climb),true,ShineAddHeight,Common,-1,,0;1;10;11;12;13;14;2;3;4;5;6;7;8;9,-1,None,,8200.000,6202.130,-2800.000,PoleKillerExStageMap.szs;ShineInfo.szs,PoleKillerExStageMap.byml;ShineList_CityWorldHomeStage.byml;ShinePosList.byml,15,33,-1,666,false,false,2;4;5;8;10,シャイン【2m置き】,鉄柱を登って,Use placement_stage_map_indices for StageMap availability and requirement_expr for local ability/capture needs. placement_scenario_no_values is the raw object ScenarioNo field.,casual,
PoleKillerExStage:1583:116,Metro Kingdom,PoleKillerExStage,Bullet Billding,subarea,One Man's Trash...,PoleKillerExStage:1583:116,1583,116,ShineFlag_None,PoleKillerExStage::entrance::boureturn::sub_far,,Killer | (Vault & Dive & NeutralThrow) | (TripleJump & Dive) | (LongJump & Vault & NeutralThrow & LedgeGrab),WorldPeace_Metro,MoonRockActive_Metro,primary,unrated,,"captures=Bullet Bill | method_1(jump=Long Jump; cap_throw=Neutral Throw, Up Throw, Down Throw, Spin Throw; other=Dive, Climb) | method_2(jump=Single Jump (258); cap_throw=Neutral Throw, Up Throw, Down Throw, Spin Throw; other=Capture)",true,TreasureBox,Common,,,0;1;10;11;12;13;14;2;3;4;5;6;7;8;9,,None,,0.000,5000.000,1600.000,PoleKillerExStageMap.szs;ShineInfo.szs,PoleKillerExStageMap.byml;ShineList_CityWorldHomeStage.byml;ShinePosList.byml,15,43,-1,666,false,false,2;4;5;8;10,ゴミ箱,ふり返れば ゴミ箱,Use placement_stage_map_indices for StageMap availability and requirement_expr for local ability/capture needs. placement_scenario_no_values is the raw object ScenarioNo field.,casual;advanced;advanced;expert,
CapRotatePackunExStage:84:118,Metro Kingdom,CapRotatePackunExStage,Rotating Maze Shards,subarea,Inside the Rotating Maze,CapRotatePackunExStage:84:118,84,118,ShineFlag_None,CapRotatePackunExStage::entrance::kaitendokan::sub_near,,free,WorldPeace_Metro,MoonRockActive_Metro,primary,unrated,,"method_1(jump=Long Jump; cap_throw=Neutral Throw, Up Throw, Down Throw, Spin Throw; other=None)",true,,,,,,,,,-6498.930,-101.000,5209.440,ShineInfo.szs,ShineList_CityWorldHomeStage.byml;ShinePosList.byml,1,35,-1,666,false,false,2;4;5;8;10,シャインチップ全取得監視者,まわる迷路の中に,Use placement_stage_map_indices for StageMap availability and requirement_expr for local ability/capture needs. placement_scenario_no_values is the raw object ScenarioNo field.,casual,
CapRotatePackunExStage:179:119,Metro Kingdom,CapRotatePackunExStage,Rotating Maze Shards,subarea,Outside the Rotating Maze,CapRotatePackunExStage:179:119,179,119,ShineFlag_None,CapRotatePackunExStage::entrance::kaitendokan::sub_near,,free,WorldPeace_Metro,MoonRockActive_Metro,primary,unrated,,method_1(jump=Cap Return Jump (400); cap_throw=No Cap Throw Needed; other=None),true,Shine,Common,-1,,0;1;10;11;12;13;14;2;3;4;5;6;7;8;9,-1,None,,200.000,-1500.000,-1600.000,CapRotatePackunExStageMap.szs;ShineInfo.szs,CapRotatePackunExStageMap.byml;ShineList_CityWorldHomeStage.byml;ShinePosList.byml,15,47,-1,666,false,false,2;4;5;8;10,シャイン,まわる迷路の外に,Use placement_stage_map_indices for StageMap availability and requirement_expr for local ability/capture needs. placement_scenario_no_values is the raw object ScenarioNo field.,casual,
ElectricWireExStage:764:121,Metro Kingdom,ElectricWireExStage,Rewiring the Neighborhood,subarea,Off the Beaten Wire,ElectricWireExStage:764:121,764,121,ShineFlag_None,ElectricWireExStage::entrance::densendokan::sub_far,,ElectricWire,WorldPeace_Metro,MoonRockActive_Metro,primary,unrated,,"captures=Locked behind Default Capture | method_1(jump=Long Jump; cap_throw=Neutral Throw, Up Throw, Down Throw, Spin Throw; other=Capture)",true,,,,,,,,,-5300.000,-50.000,-10414.000,ShineInfo.szs,ShineList_CityWorldHomeStage.byml;ShinePosList.byml,1,48,-1,666,false,false,2;4;5;8;10,木箱,ビリビリ！ 屋上の木箱から,Use placement_stage_map_indices for StageMap availability and requirement_expr for local ability/capture needs. placement_scenario_no_values is the raw object ScenarioNo field.,casual,
ElectricWireExStage:509:122,Metro Kingdom,ElectricWireExStage,Rewiring the Neighborhood,subarea,Rewiring the Neighborhood,ElectricWireExStage:509:122,509,122,ShineFlag_None,ElectricWireExStage::entrance::densendokan::sub_far,,ElectricWire,WorldPeace_Metro,MoonRockActive_Metro,primary,unrated,,"captures=Locked behind Default Capture | method_1(jump=Long Jump; cap_throw=Neutral Throw, Up Throw, Down Throw, Spin Throw; other=Capture)",true,,,,,,,,,-5300.000,-50.000,-10414.000,ShineInfo.szs,ShineList_CityWorldHomeStage.byml;ShinePosList.byml,1,41,-1,666,false,false,2;4;5;8;10,シャインチップ全取得監視者,ビリビリ！ 電線工事,Use placement_stage_map_indices for StageMap availability and requirement_expr for local ability/capture needs. placement_scenario_no_values is the raw object ScenarioNo field.,casual,
BikeSteelExStage:478:123,Metro Kingdom,BikeSteelExStage,Scooter Daredevil,subarea,Motor Scooter Daredevil!,BikeSteelExStage:478:123,478,123,ShineFlag_Extra,BikeSteelExStage::entrance::bike::sub_near,,free,WorldPeace_Metro,MoonRockActive_Metro,primary,unrated,,method_1(jump=No Jump Needed; cap_throw=No Cap Throw Needed; other=Scooter),true,ShineAddByRock,Scenario1,-1,,0,-1,None,,-47200.000,1554.080,-31600.000,BikeSteelExStageMap.szs;ShineInfo.szs,BikeSteelExStageMap.byml;ShineList_CityWorldHomeStage.byml;ShinePosList.byml,1,75,-1,128,false,false,8,シャイン【月の石追加版】,フルスロットルで 走り抜け！,Use placement_stage_map_indices for StageMap availability and requirement_expr for local ability/capture needs. placement_scenario_no_values is the raw object ScenarioNo field.,casual,
BikeSteelExStage:666:124,Metro Kingdom,BikeSteelExStage,Scooter Daredevil,subarea,Full-Throttle Scooting!,BikeSteelExStage:666:124,666,124,ShineFlag_Extra,BikeSteelExStage::entrance::bikereturn::sub_far,,free,WorldPeace_Metro,MoonRockActive_Metro,primary,unrated,,method_1(jump=No Jump Needed; cap_throw=No Cap Throw Needed; other=Scooter),true,,,,,,,,,-3050.000,2375.000,-200.000,ShineInfo.szs,ShineList_CityWorldHomeStage.byml;ShinePosList.byml,1,78,-1,128,false,false,8,踏みスイッチ（タイマー）,フルスロットルで とび越えて！,Use placement_stage_map_indices for StageMap availability and requirement_expr for local ability/capture needs. placement_scenario_no_values is the raw object ScenarioNo field.,casual,
SwingSteelExStage:39:125,Metro Kingdom,SwingSteelExStage,Swinging Scaffolding,subarea,Swinging Scaffolding: Jump!,SwingSteelExStage:39:125,39,125,ShineFlag_Extra,SwingSteelExStage::entrance::gragrareturn::sub_far,,free,WorldPeace_Metro,MoonRockActive_Metro,primary,unrated,,"method_1(jump=Single Jump (258); cap_throw=Neutral Throw, Up Throw, Down Throw, Spin Throw; other=None)",true,ShineAddHeight,Common,-1,,0;1;10;11;12;13;14;2;3;4;5;6;7;8;9,-1,None,,-150.000,1804.080,-21800.000,SwingSteelExStageMap.szs;ShineInfo.szs,SwingSteelExStageMap.byml;ShineList_CityWorldHomeStage.byml;ShinePosList.byml,15,74,-1,128,false,false,8,シャイン【2m置き】,ジャンプ！ グラグラ鉄骨,Use placement_stage_map_indices for StageMap availability and requirement_expr for local ability/capture needs. placement_scenario_no_values is the raw object ScenarioNo field.,casual,
SwingSteelExStage:103:126,Metro Kingdom,SwingSteelExStage,Swinging Scaffolding,subarea,Swinging Scaffolding: Break!,SwingSteelExStage:103:126,103,126,ShineFlag_Extra,SwingSteelExStage::entrance::gragra::sub_near,,HammerBros,WorldPeace_Metro,MoonRockActive_Metro,primary,unrated,,"captures=Coin Coffer, Tank, Hammer Bro | method_1(jump=Long Jump; cap_throw=Neutral Throw, Up Throw, Down Throw, Spin Throw; other=Capture)",true,Shine,Common,-1,,0;1;10;11;12;13;14;2;3;4;5;6;7;8;9,-1,None,,-2650.000,1200.000,-14900.000,SwingSteelExStageMap.szs;ShineInfo.szs,SwingSteelExStageMap.byml;ShineList_CityWorldHomeStage.byml;ShinePosList.byml,15,77,-1,128,false,false,8,ステージスイッチ_マーチングキューブブロック,砕け！ グラグラ鉄骨,Use placement_stage_map_indices for StageMap availability and requirement_expr for local ability/capture needs. placement_scenario_no_values is the raw object ScenarioNo field.,casual,
CityWorldHomeStage:13924:809,Metro Kingdom,CityWorldHomeStage,Metro Kingdom,overworld,Free Parking: Rooftop Hop,CityWorldHomeStage:13924:809,13924,809,ShineFlag_None,CityWorldHomeStage::checkpoint::obj3994,,free,WorldPeace_Metro,MoonRockActive_Metro,primary,unrated,,"captures=Locked behind Default Capture | method_1(jump=No Jump Needed; cap_throw=Neutral Throw, Up Throw, Down Throw, Spin Throw; other=Capture, Scooter)",true,,,,,,,,,6950.000,2336.360,-13960.800,ShineInfo.szs,ShineList_CityWorldHomeStage.byml;ShinePosList.byml,1,26,-1,666,false,false,2;4;5;8;10,都市の民,工事現場の駐輪場,Use placement_stage_map_indices for StageMap availability and requirement_expr for local ability/capture needs. placement_scenario_no_values is the raw object ScenarioNo field.,casual,
CityWorldFactoryStage:517:848,Metro Kingdom,CityWorldFactoryStage,Sewers,subarea,Powering Up the Power Plant,CityWorldFactoryStage:517:848,517,848,ShineFlag_None,CityWorldFactory01Zone::start,,GotogotonCity,WorldPeace_Metro,MoonRockActive_Metro,primary,unrated,,"captures=Locked behind Default Capture | method_1(jump=Cap Return Jump (400); cap_throw=Neutral Throw, Up Throw, Down Throw, Spin Throw; other=Capture) | method_2(jump=Single Jump (258); cap_throw=Neutral Throw, Spin Throw; other=Capture)",true,,,,,,,,,-6900.000,-101.000,-7420.000,ShineInfo.szs,ShineList_CityWorldHomeStage.byml;ShinePosList.byml,1,69,-1,144,false,false,2;4;5;8,シャイン【2m置き】,発電所で お手伝い,Use placement_stage_map_indices for StageMap availability and requirement_expr for local ability/capture needs. placement_scenario_no_values is the raw object ScenarioNo field.,casual,5
CityWorldHomeStage:14258:874,Metro Kingdom,CityWorldHomeStage,Metro Kingdom,overworld,Surprise Clown!,CityWorldHomeStage:14258:874,14258,874,ShineFlag_None,CityWorldHomeStage::checkpoint::obj4904,,free,WorldPeace_Metro,MoonRockActive_Metro,primary,unrated,,"captures=Locked behind Default Capture | method_1(jump=No Jump Needed; cap_throw=Neutral Throw, Up Throw, Down Throw, Spin Throw; other=Outfit, Capture)",true,,,,,,,,,-8300.000,5.000,-14200.000,ShineInfo.szs,ShineList_CityWorldHomeStage.byml;ShinePosList.byml,1,66,-1,144,false,false,5;8,都市の民,とんだピエロ,Use placement_stage_map_indices for StageMap availability and requirement_expr for local ability/capture needs. placement_scenario_no_values is the raw object ScenarioNo field.,casual,
CityWorld2DSign004Zone:346:875,Metro Kingdom,CityWorldHomeStage,Metro Kingdom,overworld,Celebrating in the Streets!,CityWorld2DSign004Zone:346:875,346,875,ShineFlag_None,CityWorld2DSign004Zone::start,,free,WorldPeace_Metro,MoonRockActive_Metro,primary,unrated,,method_1(jump=Single Jump (258); cap_throw=No Cap Throw Needed; other=2D jump (any jump)),true,ShineDot,Common,,,0;1;10;11;12;13;14;2;3;4;5;6;7;8;9,,None,,-4539.211,584.531,-2043.570,CityWorld2DSign004ZoneMap.szs;ShineInfo.szs,CityWorld2DSign004ZoneMap.byml;ShineList_CityWorldHomeStage.byml;ShinePosList.byml,15,39,-1,1092,false,false,3;7;11,シャインドット_2D,路上で フェスティバル！,Use placement_stage_map_indices for StageMap availability and requirement_expr for local ability/capture needs. placement_scenario_no_values is the raw object ScenarioNo field.,casual,
CityWorldHomeStage:12578:881,Metro Kingdom,CityWorldHomeStage,Metro Kingdom,overworld,A Tourist in the Metro Kingdom!,CityWorldHomeStage:12578:881,12578,881,ShineFlag_None,CityWorldHomeStage::checkpoint::obj3994,,KingdomAccess_Sand,WorldPeace_Metro,MoonRockActive_Metro,primary,unrated,,"captures=Locked behind Default Capture | method_1(jump=No Jump Needed; cap_throw=Neutral Throw, Up Throw, Down Throw, Spin Throw; other=Capture, Other Kingdom Trigger)",true,,,,,,,,,750.000,0.000,11400.000,ShineInfo.szs,ShineList_CityWorldHomeStage.byml;ShinePosList.byml,1,18,-1,152,false,false,4;5;8,世界旅行NPC,都市の国に 来たっすな！,Use placement_stage_map_indices for StageMap availability and requirement_expr for local ability/capture needs. placement_scenario_no_values is the raw object ScenarioNo field.,casual,
CityWorldHomeStage:14342:904,Metro Kingdom,CityWorldHomeStage,Metro Kingdom,overworld,Jammin' in the Metro Kingdom,CityWorldHomeStage:14342:904,14342,904,ShineFlag_None,CityWorldHomeStage::checkpoint::obj3994,,free,WorldPeace_Metro,MoonRockActive_Metro,primary,unrated,,"captures=Locked behind Default Capture | method_1(jump=No Jump Needed; cap_throw=Neutral Throw, Up Throw, Down Throw, Spin Throw; other=Capture)",true,,,,,,,,,3450.000,-44.170,7950.000,ShineInfo.szs,ShineList_CityWorldHomeStage.byml;ShinePosList.byml,1,62,-1,144,false,false,5;8,キノピオ,都市の国で ナイスミュージック,Use placement_stage_map_indices for StageMap availability and requirement_expr for local ability/capture needs. placement_scenario_no_values is the raw object ScenarioNo field.,casual,
Theater2DExStage:493:928,Metro Kingdom,Theater2DExStage,On the Big Screen,subarea,Up on the Big Screen,Theater2DExStage:493:928,493,928,ShineFlag_None,Theater2DExStage::entrance::theater::sub_near,,free,WorldPeace_Metro,MoonRockActive_Metro,primary,unrated,,method_1(jump=Long Jump; cap_throw=No Cap Throw Needed; other=2D jump (any jump)),true,,,,,,,,,-6217.650,-50.000,-5513.360,ShineInfo.szs,ShineList_CityWorldHomeStage.byml;ShinePosList.byml,1,50,-1,144,false,false,5;8,シャインチップ全取得監視者,走って とんで 上映中！,Use placement_stage_map_indices for StageMap availability and requirement_expr for local ability/capture needs. placement_scenario_no_values is the raw object ScenarioNo field.,casual,
Theater2DExStage:1015:929,Metro Kingdom,Theater2DExStage,On the Big Screen,subarea,Down Inside the Big Screen,Theater2DExStage:1015:929,1015,929,ShineFlag_None,Theater2DExStage::entrance::theater::sub_near,,free,WorldPeace_Metro,MoonRockActive_Metro,primary,unrated,,method_1(jump=Long Jump; cap_throw=No Cap Throw Needed; other=2D jump (any jump)),true,ShineDot,Common,,,0;1;10;11;12;13;14;2;3;4;5;6;7;8;9,,None,,-1300.000,-3150.000,-28400.000,Theater2DExStageMap.szs;ShineInfo.szs,Theater2DExStageMap.byml;ShineList_CityWorldHomeStage.byml;ShinePosList.byml,15,58,-1,144,false,false,5;8,シャインドット_2D,とんで もぐって 上映中！,Use placement_stage_map_indices for StageMap availability and requirement_expr for local ability/capture needs. placement_scenario_no_values is the raw object ScenarioNo field.,casual,
CityWorldHomeStage:14384:938,Metro Kingdom,CityWorldHomeStage,Metro Kingdom,overworld,Metro Kingdom Timer Challenge 3,CityWorldHomeStage:14384:938,14384,938,ShineFlag_Extra,CityWorldHomeStage::checkpoint::obj3994,,free,WorldPeace_Metro,MoonRockActive_Metro,primary,unrated,,"captures=Locked behind Default Capture | method_1(jump=No Jump Needed; cap_throw=Neutral Throw, Up Throw, Down Throw, Spin Throw; other=Capture, Scooter)",true,,,,,,,,,-4000.000,0.000,5750.000,ShineInfo.szs,ShineList_CityWorldHomeStage.byml;ShinePosList.byml,1,59,-1,128,false,true,8,帽子掛け（タイマー）,都市の国で チクタク・アスレチック ３,Use placement_stage_map_indices for StageMap availability and requirement_expr for local ability/capture needs. placement_scenario_no_values is the raw object ScenarioNo field.,casual,
CityWorldHomeStage:14411:939,Metro Kingdom,CityWorldHomeStage,Metro Kingdom,overworld,Metro Kingdom Regular Cup,CityWorldHomeStage:14411:939,14411,939,ShineFlag_None,CityWorldHomeStage::place::new_place_8,,ElectricWire | (Guidepost & HackFork),WorldPeace_Metro,MoonRockActive_Metro,primary,unrated,,"captures=Locked behind Default Capture | method_1(jump=No Jump Needed; cap_throw=Neutral Throw, Up Throw, Down Throw, Spin Throw; other=Capture)",true,,,,,,,,,5950.000,3929.790,-600.000,ShineInfo.szs,ShineList_CityWorldHomeStage.byml;ShinePosList.byml,1,60,-1,144,false,false,5;8,駆けっこ開始Npc,都市の国 レギュラーカップ,Use placement_stage_map_indices for StageMap availability and requirement_expr for local ability/capture needs. placement_scenario_no_values is the raw object ScenarioNo field.,casual,"1,2,3,4,5"
CityWorldHomeStage:14420:940,Metro Kingdom,CityWorldHomeStage,Metro Kingdom,overworld,Metro Kingdom Master Cup,CityWorldHomeStage:14420:940,14420,940,ShineFlag_Extra,CityWorldHomeStage::place::new_place_8,,ElectricWire | (Guidepost & HackFork) | (Vault & Dive & HackFork),WorldPeace_Metro,MoonRockActive_Metro,primary,unrated,,"captures=Locked behind Default Capture | method_1(jump=No Jump Needed; cap_throw=Neutral Throw, Up Throw, Down Throw, Spin Throw; other=Capture)",true,,,,,,,,,5950.000,3929.790,-600.000,ShineInfo.szs,ShineList_CityWorldHomeStage.byml;ShinePosList.byml,1,72,-1,128,false,true,8,駆けっこ開始Npc,都市の国 マスターカップ,Use placement_stage_map_indices for StageMap availability and requirement_expr for local ability/capture needs. placement_scenario_no_values is the raw object ScenarioNo field.,casual,"1,2,3,4,5"
DonsukeExStage:1075:948,Metro Kingdom,DonsukeExStage,Pitchblack Mountain,subarea,Reaching Pitchblack Island,DonsukeExStage:1075:948,1075,948,ShineFlag_Extra,DonsukeExStage::entrance::donsuke::sub_near,,GroundPound,WorldPeace_Metro,MoonRockActive_Metro,primary,unrated,,"method_1(jump=No Jump Needed; cap_throw=Neutral Throw, Up Throw, Down Throw, Spin Throw; other=Ground Pound)",true,,,,,,,,,1801.340,4000.830,-13049.400,ShineInfo.szs,ShineList_CityWorldHomeStage.byml;ShinePosList.byml,1,76,-1,128,false,false,8,ここ掘れポイント,まっくら山のはなれ島,Use placement_stage_map_indices for StageMap availability and requirement_expr for local ability/capture needs. placement_scenario_no_values is the raw object ScenarioNo field.,casual,
DonsukeExStage:705:949,Metro Kingdom,DonsukeExStage,Pitchblack Mountain,subarea,Scaling Pitchblack Mountain,DonsukeExStage:705:949,705,949,ShineFlag_Extra,DonsukeExStage::entrance::donsuke::sub_near,,free,WorldPeace_Metro,MoonRockActive_Metro,primary,unrated,,method_1(jump=Single Jump (258); cap_throw=No Cap Throw Needed; other=None),true,ShineAddHeight,Common,-1,,0;1;10;11;12;13;14;2;3;4;5;6;7;8;9,-1,None,,12500.000,3400.000,-2850.000,DonsukeExStageMap.szs;ShineInfo.szs,DonsukeExStageMap.byml;ShineList_CityWorldHomeStage.byml;ShinePosList.byml,15,79,-1,128,false,false,8,シャイン【2m置き】,まっくら山の上,Use placement_stage_map_indices for StageMap availability and requirement_expr for local ability/capture needs. placement_scenario_no_values is the raw object ScenarioNo field.,casual,
CityWorldHomeStage:14592:979,Metro Kingdom,CityWorldHomeStage,Metro Kingdom,overworld,Free Parking: Leap of Faith,CityWorldHomeStage:14592:979,14592,979,ShineFlag_None,CityWorldHomeStage::checkpoint::obj4904,,ElectricWire,WorldPeace_Metro,MoonRockActive_Metro,primary,unrated,,"captures=Locked behind Default Capture | method_1(jump=No Jump Needed; cap_throw=Neutral Throw, Up Throw, Down Throw, Spin Throw; other=Scooter, Capture)",true,,,,,,,,,2700.000,2680.000,250.000,ShineInfo.szs,ShineList_CityWorldHomeStage.byml;ShinePosList.byml,1,63,-1,144,false,false,5;8,都市の民,大ジャンプ！ 屋上の駐輪場！,Use placement_stage_map_indices for StageMap availability and requirement_expr for local ability/capture needs. placement_scenario_no_values is the raw object ScenarioNo field.,casual,
CityPeopleRoadStage:1379:1021,Metro Kingdom,CityPeopleRoadStage,Crowded Alleyway,subarea,Hat-and-Seek: In the Crowd,CityPeopleRoadStage:1379:1021,1379,1021,ShineFlag_Extra,CityPeopleRoadStage::entrance::gunsyu::sub_near,,free,WorldPeace_Metro,MoonRockActive_Metro,primary,unrated,,method_1(jump=No Jump Needed; cap_throw=No Cap Throw Needed; other=None),true,,,,,,,,,-7410.000,230.000,-10900.000,ShineInfo.szs,ShineList_CityWorldHomeStage.byml;ShinePosList.byml,1,61,-1,128,false,true,2;4;5;8;10,かくれんぼ帽子の民,群衆の帽子で かくれんぼ,Use placement_stage_map_indices for StageMap availability and requirement_expr for local ability/capture needs. placement_scenario_no_values is the raw object ScenarioNo field.,casual,5
CityPeopleRoadStage:1390:1022,Metro Kingdom,CityPeopleRoadStage,Crowded Alleyway,subarea,Pushing Through the Crowd,CityPeopleRoadStage:1390:1022,1390,1022,ShineFlag_None,CityPeopleRoadStage::entrance::gunsyudokan::sub_far,,free,WorldPeace_Metro,MoonRockActive_Metro,primary,unrated,,"method_1(jump=Long Jump; cap_throw=Neutral Throw, Up Throw, Down Throw, Spin Throw; other=None)",true,,,,,,,,,-7410.000,230.000,-10900.000,ShineInfo.szs,ShineList_CityWorldHomeStage.byml;ShinePosList.byml,1,37,-1,667,false,false,2;4;5;8;10,帽子スイッチ（タイマー）,群衆を かけ抜けて,Use placement_stage_map_indices for StageMap availability and requirement_expr for local ability/capture needs. placement_scenario_no_values is the raw object ScenarioNo field.,casual,
CityPeopleRoadStage:247:1023,Metro Kingdom,CityPeopleRoadStage,Crowded Alleyway,subarea,High Over the Crowd,CityPeopleRoadStage:247:1023,247,1023,ShineFlag_None,CityPeopleRoadStage::entrance::gunsyudokan::sub_far,,Swing | (Vault & WallJump & Dive & NeutralThrow),WorldPeace_Metro,MoonRockActive_Metro,primary,unrated,,method_1(jump=Long Jump; cap_throw=No Cap Throw Needed; other=None),true,ShineAddHeight,Common,-1,,0;1;10;11;12;13;14;2;3;4;5;6;7;8;9,-1,None,,100.000,1950.000,-3625.000,CityPeopleRoadStageMap.szs;ShineInfo.szs,CityPeopleRoadStageMap.byml;ShineList_CityWorldHomeStage.byml;ShinePosList.byml,15,44,-1,667,false,false,2;4;5;8;10,シャイン【2m置き】,群衆を とび越えて,Use placement_stage_map_indices for StageMap availability and requirement_expr for local ability/capture needs. placement_scenario_no_values is the raw object ScenarioNo field.,casual;advanced,
CityWorldHomeStage:14877:1037,Metro Kingdom,CityWorldHomeStage,Metro Kingdom,overworld,Sphynx in the City,CityWorldHomeStage:14877:1037,14877,1037,ShineFlag_None,CityWorldHomeStage::checkpoint::obj3994,,Fukankun,WorldPeace_Metro,MoonRockActive_Metro,primary,unrated,,"captures=Locked behind Default Capture | method_1(jump=Long Jump; cap_throw=Neutral Throw, Up Throw, Down Throw, Spin Throw; other=Capture)",true,,,,,,,,,782.838,180.655,10306.200,ShineInfo.szs,ShineList_CityWorldHomeStage.byml;ShinePosList.byml,1,57,-1,144,false,false,5;8,空飛ぶスフィンクス,都市を旅する スフィン・クイズ,Use placement_stage_map_indices for StageMap availability and requirement_expr for local ability/capture needs. placement_scenario_no_values is the raw object ScenarioNo field.,casual,
CityWorldSandSlotStage:29:1040,Metro Kingdom,CityWorldSandSlotStage,Metro Kingdom Slots,subarea,Metro Kingdom Slots,CityWorldSandSlotStage:29:1040,29,1040,ShineFlag_None,CityWorldSandSlotStage::entrance::Bonus::sub_near,,free,WorldPeace_Metro,MoonRockActive_Metro,primary,unrated,"not ""free""","method_1(jump=No Jump Needed; cap_throw=Neutral Throw, Up Throw, Down Throw, Spin Throw; other=None)",true,,,,,,,,,-8040.730,164.368,-4000.000,ShineInfo.szs,ShineList_CityWorldHomeStage.byml;ShinePosList.byml,1,29,-1,666,false,false,2;4;5;8;10,帽子スロット台座,都市の国で スロットやろっと,Use placement_stage_map_indices for StageMap availability and requirement_expr for local ability/capture needs. placement_scenario_no_values is the raw object ScenarioNo field.,casual,
CityWorldTimerAthletic003Zone:27:1054,Metro Kingdom,CityWorldHomeStage,Metro Kingdom,overworld,Metro Kingdom Timer Challenge 1,CityWorldTimerAthletic003Zone:27:1054,27,1054,ShineFlag_None,CityWorldTimerAthletic003Zone::start,,free,WorldPeace_Metro,MoonRockActive_Metro,primary,unrated,,"captures=Locked behind Default Capture | method_1(jump=Single Jump (258); cap_throw=Neutral Throw, Up Throw, Down Throw, Spin Throw; other=Capture)",true,,,,,,,,,-8400.000,400.000,-2050.000,ShineInfo.szs,ShineList_CityWorldHomeStage.byml;ShinePosList.byml,1,22,-1,152,false,false,4;5;8,帽子掛け（タイマー）,都市の国で チクタク・アスレチック １,Use placement_stage_map_indices for StageMap availability and requirement_expr for local ability/capture needs. placement_scenario_no_values is the raw object ScenarioNo field.,casual,
CityWorldHomeStage:15040:1088,Metro Kingdom,CityWorldHomeStage,Metro Kingdom,overworld,Found with Metro Kingdom Art,CityWorldHomeStage:15040:1088,15040,1088,ShineFlag_HintArt,CityWorldHomeStage::place::new_place_5,,(KingdomAccess_Lake & GroundPound),WorldPeace_Metro,MoonRockActive_Metro,primary,unrated,,"captures=Locked behind Default Capture | method_1(jump=Long Jump; cap_throw=Neutral Throw, Up Throw, Down Throw, Spin Throw; other=Other Kingdom Trigger, Ground Pound, Capture)",true,HintPhoto,G,,,1;11;12;3;4;7;9,,,,-3288.750,3540.000,-5653.250,CityWorldHomeStageMap.szs;ShineInfo.szs,CityWorldHomeStageMap.byml;ShineList_CityWorldHomeStage.byml;ShinePosList.byml,7,70,-1,666,false,false,2;4;5;8;10,ヒント写真,都市の国で見つけた お宝写真,Use placement_stage_map_indices for StageMap availability and requirement_expr for local ability/capture needs. placement_scenario_no_values is the raw object ScenarioNo field.,casual,
CityWorldFactory01Zone:599:1100,Metro Kingdom,CityWorldFactoryStage,Sewers,subarea,Sewer Treasure,CityWorldFactory01Zone:599:1100,599,1100,ShineFlag_None,CityWorldFactory01Zone::start,,free,WorldPeace_Metro,MoonRockActive_Metro,primary,unrated,,"captures=Locked behind Default Capture | method_1(jump=Single Jump (258); cap_throw=Neutral Throw, Spin Throw; other=Capture)",true,Shine,Common,-1,,0;1;10;11;12;13;14;2;3;4;5;6;7;8;9,-1,None,,41550.000,3750.000,-2500.000,CityWorldFactory01ZoneMap.szs;ShineInfo.szs,CityWorldFactory01ZoneMap.byml;ShineList_CityWorldHomeStage.byml;ShinePosList.byml,15,38,-1,155,false,false,2;4;5;8,シャイン,下水道の宝,Use placement_stage_map_indices for StageMap availability and requirement_expr for local ability/capture needs. placement_scenario_no_values is the raw object ScenarioNo field.,casual,
TrexBikeExStage:3656:1139,Metro Kingdom,TrexBikeExStage,Scooter Escape!,subarea,Motor Scooter: Escape!,TrexBikeExStage:3656:1139,3656,1139,ShineFlag_None,TrexBikeExStage::entrance::bike02::sub_near,,free,WorldPeace_Metro,MoonRockActive_Metro,primary,unrated,,method_1(jump=No Jump Needed; cap_throw=No Cap Throw Needed; other=Scooter),true,Shine,Common,-1,,0;1;10;11;12;13;14;2;3;4;5;6;7;8;9,-1,None,,58900.000,-2100.000,600.000,TrexBikeExStageMap.szs;ShineInfo.szs,TrexBikeExStageMap.byml;ShineList_CityWorldHomeStage.byml;ShinePosList.byml,15,34,-1,954,false,false,2;4;5;6;8;9;10,シャイン,バイクで大脱走！,Use placement_stage_map_indices for StageMap availability and requirement_expr for local ability/capture needs. placement_scenario_no_values is the raw object ScenarioNo field.,casual,
TrexBikeExStage:3726:1140,Metro Kingdom,TrexBikeExStage,Scooter Escape!,subarea,Big Jump: Escape!,TrexBikeExStage:3726:1140,3726,1140,ShineFlag_None,TrexBikeExStage::entrance::bike02return::sub_far,,free,WorldPeace_Metro,MoonRockActive_Metro,primary,unrated,,method_1(jump=No Jump Needed; cap_throw=No Cap Throw Needed; other=Scooter),true,Shine,Common,-1,,0;1;10;11;12;13;14;2;3;4;5;6;7;8;9,-1,None,,43100.000,3350.000,900.000,TrexBikeExStageMap.szs;ShineInfo.szs,TrexBikeExStageMap.byml;ShineList_CityWorldHomeStage.byml;ShinePosList.byml,15,46,-1,954,false,false,2;4;5;6;8;9;10,シャイン,脱走中の大ジャンプ！,Use placement_stage_map_indices for StageMap availability and requirement_expr for local ability/capture needs. placement_scenario_no_values is the raw object ScenarioNo field.,casual,
CityWorldHomeStage:15743:1150,Metro Kingdom,CityWorldHomeStage,Metro Kingdom,overworld,Bird Traveling in the City,CityWorldHomeStage:15743:1150,15743,1150,ShineFlag_None,CityWorldHomeStage::checkpoint::obj3994,,free,WorldPeace_Metro,MoonRockActive_Metro,primary,unrated,,"captures=Locked behind Default Capture | method_1(jump=Long Jump; cap_throw=Neutral Throw, Up Throw, Down Throw, Spin Throw; other=Capture)",true,BirdCloud,W,,,4;7,,,,2800.000,1400.000,3300.000,CityWorldHomeStageMap.szs;ShineInfo.szs,CityWorldHomeStageMap.byml;ShineList_CityWorldHomeStage.byml;ShinePosList.byml,2,68,-1,144,false,false,5;8,雲の鳥,都市の渡り鳥,Use placement_stage_map_indices for StageMap availability and requirement_expr for local ability/capture needs. placement_scenario_no_values is the raw object ScenarioNo field.,casual,
CityWorldHomeStage:16048:1155,Metro Kingdom,CityWorldHomeStage,Metro Kingdom,overworld,Bird Traveling in the Park,CityWorldHomeStage:16048:1155,16048,1155,ShineFlag_Extra,CityWorldHomeStage::checkpoint::obj3998,,free,WorldPeace_Metro,MoonRockActive_Metro,primary,unrated,,"captures=Locked behind Default Capture | method_1(jump=Single Jump (258); cap_throw=Neutral Throw, Up Throw, Down Throw, Spin Throw; other=Capture)",true,BirdCity,K,,,7,,,,20250.000,-250.000,-11550.000,CityWorldHomeStageMap.szs;ShineInfo.szs,CityWorldHomeStageMap.byml;ShineList_CityWorldHomeStage.byml;ShinePosList.byml,1,73,-1,128,false,true,8,都市の鳥,公園の渡り鳥,Use placement_stage_map_indices for StageMap availability and requirement_expr for local ability/capture needs. placement_scenario_no_values is the raw object ScenarioNo field.,casual,
CityWorldTimerAthletic002Zone:399:839,Metro Kingdom,CityWorldHomeStage,Metro Kingdom,overworld,Metro Kingdom Timer Challenge 2,CityWorldTimerAthletic002Zone:399:839,399,839,ShineFlag_None,CityWorldTimerAthletic002Zone::start,,free,WorldPeace_Metro,MoonRockActive_Metro,primary,unrated,,,false,,,,,,,,,,,,,,0,,,,,,4;5;8,,,Use placement_stage_map_indices for StageMap availability and requirement_expr for local ability/capture needs. placement_scenario_no_values is the raw object ScenarioNo field.,casual,
MoonWorldHomeStage:263:576:taking_notes_on_the_moon_s_surface,Moon Kingdom,MoonWorldHomeStage,Moon Kingdom,overworld,Taking Notes: On the Moon's Surface,MoonWorldHomeStage:263:576,263,576,ShineFlag_None,MoonWorldHomeStage::checkpoint::obj345,,LongJump | NeutralThrow | DownThrow | UpThrow,WorldPeace_Moon,MoonRockActive_Moon,primary,unrated,,method_1(jump=Single Jump (258); cap_throw=No Cap Throw Needed; other=Ledge Grab) | method_2(jump=Double Jump (312); cap_throw=No Cap Throw Needed; other=None),true,,,,,,,,,11050.000,1000.000,2600.000,ShineInfo.szs,ShineList_MoonWorldHomeStage.byml;ShinePosList.byml,1,15,-1,7,false,false,1;2;3,音符オブジェ(1つ目),月面で 音符集め,Use placement_stage_map_indices for StageMap availability and requirement_expr for local ability/capture needs. placement_scenario_no_values is the raw object ScenarioNo field.,casual;advanced;expert;expert,
MoonWorldCaptureParadeStage:246:595,Moon Kingdom,MoonWorldCaptureParadeStage,Underground Caverns,subarea,Under the Bowser Statue,MoonWorldCaptureParadeStage:246:595,246,595,ShineFlag_None,MoonWorldCaptureParadeStage::entrance::bbb::sub_near,,StatueKoopa | SingleJump,WorldPeace_Moon,MoonRockActive_Moon,primary,unrated,,"Real shine obj246/uid595, found in raw MoonWorldCaptureParadeStageMap.byml (PlayerStartInfoList, Translate -3400/2350/2000). Route unauthored -- marked impossible until verified in-game. Previously mis-keyed in ShineDB.h onto obj263/uid576 (Taking Notes: On the Moon's Surface), causing a phantom double-placement.",true,Shine,Common,,,0;1;10;11;12;13;14;2;3;4;5;6;7;8;9,,None,,-3400.000,2350.000,2000.000,MoonWorldCaptureParadeStageMap.szs;ShineInfo.szs,MoonWorldCaptureParadeStageMap.byml;ShineList_MoonWorldHomeStage.byml;ShinePosList.byml,15,21,-1,31,false,false,1;2;3;4;5,シャイン,クッパ石像の下に,Use placement_stage_map_indices for StageMap availability and requirement_expr for local ability/capture needs. placement_scenario_no_values is the raw object ScenarioNo field.,casual;glitched,
MoonWorldHomeStage:937:577,Moon Kingdom,MoonWorldHomeStage,Moon Kingdom,overworld,The Tip of a White Spire,MoonWorldHomeStage:937:577,937,577,ShineFlag_None,MoonWorldHomeStage::checkpoint::obj1348,,Frog | WallJump | (NeutralThrow & Vault) | (Vault & GroundPound & UpThrow) | (Vault & Dive & UpThrow) | (Backflip & Vault & UpThrow) | (SideFlip & Vault & UpThrow) | (Spin & Vault & UpThrow),WorldPeace_Moon,MoonRockActive_Moon,primary,unrated,,"method_1(jump=Single Jump (258); cap_throw=Neutral Throw, Up Throw, Down Throw, Spin Throw; other=Wall Jump)",true,,,,,,,,,-7181.590,9102.000,-33461.602,ShineInfo.szs,ShineList_MoonWorldHomeStage.byml;ShinePosList.byml,1,6,-1,31,false,false,1;2;3;4;5,帽子ひっかけポイント,白い塔の先っちょ,Use placement_stage_map_indices for StageMap availability and requirement_expr for local ability/capture needs. placement_scenario_no_values is the raw object ScenarioNo field.,casual;casual;advanced;expert;expert;advanced;advanced;expert,
MoonWorldHomeStage:1039:578,Moon Kingdom,MoonWorldHomeStage,Moon Kingdom,overworld,Walking on the Moon!,MoonWorldHomeStage:1039:578,1039,578,ShineFlag_None,MoonWorldHomeStage::start,,free,WorldPeace_Moon,MoonRockActive_Moon,primary,unrated,,method_1(jump=No Jump Needed; cap_throw=No Cap Throw Needed; other=None),true,,,,,,,,,9970.210,1412.240,20859.699,ShineInfo.szs,ShineList_MoonWorldHomeStage.byml;ShinePosList.byml,1,12,-1,6,false,false,2;3,フィギュアウォーキングNpc,月面で ウォーキング！,Use placement_stage_map_indices for StageMap availability and requirement_expr for local ability/capture needs. placement_scenario_no_values is the raw object ScenarioNo field.,casual,
MoonWorldHomeStage:461:579,Moon Kingdom,MoonWorldHomeStage,Moon Kingdom,overworld,Shining Above the Moon,MoonWorldHomeStage:461:579,461,579,ShineFlag_None,MoonWorldHomeStage::start,,free,WorldPeace_Moon,MoonRockActive_Moon,primary,unrated,,method_1(jump=Single Jump (258); cap_throw=Up Throw; other=Ledge Grab) | method_2(jump=Ground Pound Jump (514); cap_throw=Neutral Throw; other=Dive),true,Shine,J,-1,,0;1;2,-1,None,,14650.000,5100.000,38850.000,MoonWorldHomeStageMap.szs;ShineInfo.szs,MoonWorldHomeStageMap.byml;ShineList_MoonWorldHomeStage.byml;ShinePosList.byml,3,0,-1,7,false,false,1;2;3,シャイン,月の上で かがやいて,Use placement_stage_map_indices for StageMap availability and requirement_expr for local ability/capture needs. placement_scenario_no_values is the raw object ScenarioNo field.,casual,
MoonWorldHomeStage:877:580,Moon Kingdom,MoonWorldHomeStage,Moon Kingdom,overworld,Moon Quiz: Amazing!,MoonWorldHomeStage:877:580,877,580,ShineFlag_None,MoonWorldHomeStage::checkpoint::obj1006,,free,WorldPeace_Moon,MoonRockActive_Moon,primary,unrated,,method_1(jump=No Jump Needed; cap_throw=No Cap Throw Needed; other=None),true,,,,,,,,,-6250.000,-2080.000,-15400.000,ShineInfo.szs,ShineList_MoonWorldHomeStage.byml;ShinePosList.byml,1,8,-1,14,false,false,2;3;4,スフィンクスクイズ,ご立派！ 月のクイズ大正解,Use placement_stage_map_indices for StageMap availability and requirement_expr for local ability/capture needs. placement_scenario_no_values is the raw object ScenarioNo field.,casual,
MoonWorldHomeStage:997:581,Moon Kingdom,MoonWorldHomeStage,Moon Kingdom,overworld,Peach in the Moon Kingdom,MoonWorldHomeStage:997:581,997,581,ShineFlag_None,MoonWorldHomeStage::checkpoint::obj1348,,(KingdomAccess_Mushroom & Frog) | (KingdomAccess_Mushroom & WallJump) | (KingdomAccess_Mushroom & Vault & NeutralThrow) | (KingdomAccess_Mushroom & Vault & GroundPound & UpThrow) | (KingdomAccess_Mushroom & Vault & Dive & UpThrow) | (KingdomAccess_Mushroom & Backflip & Vault & UpThrow) | (KingdomAccess_Mushroom & SideFlip & Vault & UpThrow) | (KingdomAccess_Mushroom & Spin & Vault & UpThrow),WorldPeace_Moon,MoonRockActive_Moon,primary,unrated,,method_1(jump=Single Jump (258); cap_throw=Neutral Throw; other=Wall Jump),true,,,,,,,,,-9250.000,12760.000,-31100.000,ShineInfo.szs,ShineList_MoonWorldHomeStage.byml;ShinePosList.byml,1,5,-1,6,false,false,2;3,世界旅行ピーチ,月の国で ピーチ姫,Use placement_stage_map_indices for StageMap availability and requirement_expr for local ability/capture needs. placement_scenario_no_values is the raw object ScenarioNo field.,casual;casual;advanced;expert;expert;advanced;advanced;expert,"1,2,3"
MoonWorldHomeStage:155:582,Moon Kingdom,MoonWorldHomeStage,Moon Kingdom,overworld,Cliffside Treasure Chest,MoonWorldHomeStage:155:582,155,582,ShineFlag_None,MoonWorldHomeStage::checkpoint::obj345,,free,WorldPeace_Moon,MoonRockActive_Moon,primary,unrated,,"method_1(jump=Single Jump (258); cap_throw=Up Throw, Neutral Throw, Down Throw, Spin Throw; other=None) | method_2(jump=Long Jump; cap_throw=Neutral Throw; other=Dive) | method_3(jump=Single Jump (258); cap_throw=No Cap Throw Needed; other=Ground Pound)",true,TreasureBox,J,,,0;1;2,,None,,-15350.000,253.000,5350.000,MoonWorldHomeStageMap.szs;ShineInfo.szs,MoonWorldHomeStageMap.byml;ShineList_MoonWorldHomeStage.byml;ShinePosList.byml,3,2,-1,7,false,false,1;2;3,宝箱,ガケっぷちの宝箱,Use placement_stage_map_indices for StageMap availability and requirement_expr for local ability/capture needs. placement_scenario_no_values is the raw object ScenarioNo field.,casual,
MoonWorldHomeStage:217:583,Moon Kingdom,MoonWorldHomeStage,Moon Kingdom,overworld,Rolling Rock on the Moon,MoonWorldHomeStage:217:583,217,583,ShineFlag_None,MoonWorldHomeStage::checkpoint::obj345,,free,WorldPeace_Moon,MoonRockActive_Moon,primary,unrated,,method_1(jump=No Jump Needed; cap_throw=No Cap Throw Needed; other=None),true,KickStone,Common,,,0;1;10;11;12;13;14;2;3;4;5;6;7;8;9,,,,-1700.000,481.241,23950.000,MoonWorldHomeStageMap.szs;ShineInfo.szs,MoonWorldHomeStageMap.byml;ShineList_MoonWorldHomeStage.byml;ShinePosList.byml,15,7,-1,31,false,false,1;2;3;4;5,キック小石,キック！ 月の石コロ,Use placement_stage_map_indices for StageMap availability and requirement_expr for local ability/capture needs. placement_scenario_no_values is the raw object ScenarioNo field.,casual,
MoonWorldHomeStage:753:584,Moon Kingdom,MoonWorldHomeStage,Moon Kingdom,overworld,Moon Kingdom Timer Challenge 1,MoonWorldHomeStage:753:584,753,584,ShineFlag_None,MoonWorldHomeStage::start,,LongJump | NeutralThrow | DownThrow,WorldPeace_Moon,MoonRockActive_Moon,primary,unrated,,"method_1(jump=Long Jump; cap_throw=Neutral Throw, Up Throw, Down Throw, Spin Throw; other=None)",true,,,,,,,,,14750.000,373.687,18400.000,ShineInfo.szs,ShineList_MoonWorldHomeStage.byml;ShinePosList.byml,1,11,-1,7,false,false,1;2;3,帽子掛け（タイマー）,月の国で チクタク・アスレチック １,Use placement_stage_map_indices for StageMap availability and requirement_expr for local ability/capture needs. placement_scenario_no_values is the raw object ScenarioNo field.,casual;advanced;advanced,
MoonWorldHomeStage:953:585,Moon Kingdom,MoonWorldHomeStage,Moon Kingdom,overworld,Caught Hopping on the Moon!,MoonWorldHomeStage:953:585,953,585,ShineFlag_None,MoonWorldHomeStage::checkpoint::obj345,,free,WorldPeace_Moon,MoonRockActive_Moon,primary,unrated,,"method_1(jump=Single Jump (258); cap_throw=Neutral Throw, Up Throw, Down Throw, Spin Throw; other=Wall Jump) | method_2(jump=Backflip/Vault/Side Flip (496); cap_throw=No Cap Throw Needed; other=None) | method_3(jump=Long Jump; cap_throw=Neutral Throw; other=Dive)",true,,,,,,,,,-2150.000,1895.250,27850.000,ShineInfo.szs,ShineList_MoonWorldHomeStage.byml;ShinePosList.byml,1,9,-1,7,false,false,1;2;3,ウサギ,月で つかまえたピョン！,Use placement_stage_map_indices for StageMap availability and requirement_expr for local ability/capture needs. placement_scenario_no_values is the raw object ScenarioNo field.,casual,
MoonWorldHome2DZone:32:586,Moon Kingdom,MoonWorldHomeStage,Moon Kingdom,overworld,Along the Cliff Face,MoonWorldHome2DZone:32:586,32,586,ShineFlag_None,MoonWorldHome2DZone::start,,free,WorldPeace_Moon,MoonRockActive_Moon,primary,unrated,,method_1(jump=Single Jump (258); cap_throw=No Cap Throw Needed; other=None),true,ShineDot,J,,,0;1;2,,None,,6150.000,1050.000,30000.000,MoonWorldHome2DZoneMap.szs;ShineInfo.szs,MoonWorldHome2DZoneMap.byml;ShineList_MoonWorldHomeStage.byml;ShinePosList.byml,3,1,-1,7,false,false,1;2;3,シャインドット_2D,ガケ沿いを 進んで,Use placement_stage_map_indices for StageMap availability and requirement_expr for local ability/capture needs. placement_scenario_no_values is the raw object ScenarioNo field.,casual,
MoonWorldCaptureParadeKillerZone:296:594,Moon Kingdom,MoonWorldCaptureParadeStage,Underground Caverns,subarea,On Top of the Cannon,MoonWorldCaptureParadeKillerZone:296:594,296,594,ShineFlag_None,MoonWorldCaptureParadeKillerZone::start,,(KillerMagnum & GroundPound) | (Killer & Vault & WallJump & Dive & NeutralThrow & GroundPound) | (Vault & WallJump & LedgeGrab & NeutralThrow & Killer & GroundPound) | (Vault & WallJump & Dive & GroundPound & NeutralThrow),WorldPeace_Moon,MoonRockActive_Moon,primary,unrated,,"captures=Bullet Bill | method_1(jump=Single Jump (258); cap_throw=No Cap Throw Needed; other=Capture, Ground Pound)",true,,,,,,,,,31796.855,11823.930,-24662.218,ShineInfo.szs,ShineList_MoonWorldHomeStage.byml;ShinePosList.byml,1,25,-1,31,false,false,1;2;3;4;5,ここ掘れポイント,砲台の上に,Use placement_stage_map_indices for StageMap availability and requirement_expr for local ability/capture needs. placement_scenario_no_values is the raw object ScenarioNo field.,casual;advanced;advanced;expert,
MoonWorldCaptureParadeLavaPillarZone:460:596,Moon Kingdom,MoonWorldCaptureParadeStage,Underground Caverns,subarea,In a Hole in the Magma,MoonWorldCaptureParadeLavaPillarZone:460:596,460,596,ShineFlag_None,MoonWorldCaptureParadeLavaPillarZone::start,,KaronWing | (NeutralThrow & Tank & LongJump & Dive),WorldPeace_Moon,MoonRockActive_Moon,primary,unrated,,"captures=Paragoomba, Parabones | method_1(jump=No Jump Needed; cap_throw=No Cap Throw Needed; other=Capture)",true,,,,,,,,,-8724.700,1573.930,3386.060,ShineInfo.szs,ShineList_MoonWorldHomeStage.byml;ShinePosList.byml,1,22,-1,31,false,false,1;2;3;4;5,鍵付き宝箱,マグマの穴の中,Use placement_stage_map_indices for StageMap availability and requirement_expr for local ability/capture needs. placement_scenario_no_values is the raw object ScenarioNo field.,casual;advanced,
MoonWorldCaptureParadeKillerZone:199:597,Moon Kingdom,MoonWorldCaptureParadeStage,Underground Caverns,subarea,Around the Barrier Wall,MoonWorldCaptureParadeKillerZone:199:597,199,597,ShineFlag_None,MoonWorldCaptureParadeKillerZone::start,,KillerMagnum | (Vault & WallJump & Dive & NeutralThrow) | (Vault & WallJump & NeutralThrow & LedgeGrab),WorldPeace_Moon,MoonRockActive_Moon,primary,unrated,,"captures=Locked behind Default Capture | method_1(jump=Single Jump (258); cap_throw=Neutral Throw; other=Capture, Ground Pound, Dive)",true,Shine,Common,-1,,0;1;10;11;12;13;14;2;3;4;5;6;7;8;9,-1,None,,25319.218,10000.000,-19563.015,MoonWorldCaptureParadeKillerZoneMap.szs;ShineInfo.szs,MoonWorldCaptureParadeKillerZoneMap.byml;ShineList_MoonWorldHomeStage.byml;ShinePosList.byml,15,23,-1,31,false,false,1;2;3;4;5,シャイン,防壁を まわりこんで,Use placement_stage_map_indices for StageMap availability and requirement_expr for local ability/capture needs. placement_scenario_no_values is the raw object ScenarioNo field.,casual;advanced;advanced,
MoonWorldCaptureParadeStage:345:598:fly_to_the_treasure_chest_and_back,Moon Kingdom,MoonWorldCaptureParadeStage,Underground Caverns,subarea,Fly to the Treasure Chest and Back,MoonWorldCaptureParadeStage:345:598,345,598,ShineFlag_None,MoonWorldCaptureParadeKillerZone::start,,KillerMagnum,WorldPeace_Moon,MoonRockActive_Moon,primary,unrated,,"captures=Bullet Bill | method_1(jump=Long Jump; cap_throw=Neutral Throw, Up Throw, Down Throw, Spin Throw; other=Capture)",true,TreasureBox,Common,,,0;1;10;11;12;13;14;2;3;4;5;6;7;8;9,,None,,-6700.000,9050.000,5700.000,MoonWorldCaptureParadeStageMap.szs;ShineInfo.szs,MoonWorldCaptureParadeStageMap.byml;ShineList_MoonWorldHomeStage.byml;ShinePosList.byml,15,24,-1,31,false,false,1;2;3;4;5,宝箱,宝箱まで とんで もどって,Use placement_stage_map_indices for StageMap availability and requirement_expr for local ability/capture needs. placement_scenario_no_values is the raw object ScenarioNo field.,casual,"1,2,3,4,5"
MoonWorldWeddingRoomStage:187:593,Moon Kingdom,MoonWorldWeddingRoomStage,Wedding Room,subarea,Up in the Rafters,MoonWorldWeddingRoomStage:187:593,187,593,ShineFlag_None,MoonWorldWeddingRoomZone::start,,Frog | WallJump | (Vault & NeutralThrow) | (GroundPound & Vault & UpThrow) | (Vault & Dive & UpThrow) | (Backflip & Vault & UpThrow) | (SideFlip & Vault & UpThrow) | (Spin & Vault & UpThrow),WorldPeace_Moon,MoonRockActive_Moon,primary,unrated,,"Real shine obj187/uid593, found in raw MoonWorldWeddingRoomStageMap.byml (PlayerStartInfoList, Translate 100/2150/-450). Route unauthored -- marked impossible until verified in-game. Previously mis-keyed in ShineDB.h onto obj345/uid598 (Fly to the Treasure Chest and Back), causing a phantom double-placement.",true,Shine,Common,,,0;1;10;11;12;13;14;2;3;4;5;6;7;8;9,,None,,100.000,2150.000,-450.000,MoonWorldWeddingRoomStageMap.szs;ShineInfo.szs,MoonWorldWeddingRoomStageMap.byml;ShineList_MoonWorldHomeStage.byml;ShinePosList.byml,15,20,-1,31,false,false,1;2;3;4;5,シャイン,天井裏で みーつけた！,Use placement_stage_map_indices for StageMap availability and requirement_expr for local ability/capture needs. placement_scenario_no_values is the raw object ScenarioNo field.,casual;casual;advanced;expert;expert;advanced;advanced;expert,
MoonWorldSphinxRoom:92:599,Moon Kingdom,MoonWorldSphinxRoom,Moon Kingdom Treasure Vault,subarea,Sphynx's Hidden Vault,MoonWorldSphinxRoom:92:599,92,599,ShineFlag_None,MoonWorldSphinxRoom::entrance::ggg::sub_near,,free,WorldPeace_Moon,MoonRockActive_Moon,primary,unrated,,"method_1(jump=Long Jump; cap_throw=Neutral Throw, Up Throw, Down Throw, Spin Throw; other=None) | method_2(jump=Single Jump (258); cap_throw=No Cap Throw Needed; other=Ground Pound)",true,TreasureBox,Common,,,0;1;10;11;12;13;14;2;3;4;5;6;7;8;9,,None,,0.000,0.000,-750.000,MoonWorldSphinxRoomMap.szs;ShineInfo.szs,MoonWorldSphinxRoomMap.byml;ShineList_MoonWorldHomeStage.byml;ShinePosList.byml,15,19,-1,6,false,false,2;3,宝箱,スフィン・クイズの かくし金庫,Use placement_stage_map_indices for StageMap availability and requirement_expr for local ability/capture needs. placement_scenario_no_values is the raw object ScenarioNo field.,casual,
MoonAthleticExStage:53:601,Moon Kingdom,MoonAthleticExStage,Giant Swings,subarea,Navigating Giant Swings,MoonAthleticExStage:53:601,53,601,ShineFlag_Extra,MoonAthleticExStage::entrance::moon::sub_near,,free,WorldPeace_Moon,MoonRockActive_Moon,primary,unrated,,"method_1(jump=Cap Return Jump (400); cap_throw=Neutral Throw, Up Throw, Down Throw, Spin Throw; other=Wall Jump)",true,ShineAddHeight,Common,-1,,0;1;10;11;12;13;14;2;3;4;5;6;7;8;9,-1,None,,-5900.000,300.000,-38850.000,MoonAthleticExStageMap.szs;ShineInfo.szs,MoonAthleticExStageMap.byml;ShineList_MoonWorldHomeStage.byml;ShinePosList.byml,15,36,-1,4,false,true,3,シャイン【2m置き】,大きなふりこを渡って,Use placement_stage_map_indices for StageMap availability and requirement_expr for local ability/capture needs. placement_scenario_no_values is the raw object ScenarioNo field.,casual,
MoonAthleticExStage:82:602,Moon Kingdom,MoonAthleticExStage,Giant Swings,subarea,A Swing on Top of a Swing,MoonAthleticExStage:82:602,82,602,ShineFlag_Extra,MoonAthleticExStage::entrance::moon::sub_near,,free,WorldPeace_Moon,MoonRockActive_Moon,primary,unrated,,"method_1(jump=Cap Return Jump (400); cap_throw=Neutral Throw, Up Throw, Down Throw, Spin Throw; other=Wall Jump)",true,ShineAddHeight,Common,-1,,0;1;10;11;12;13;14;2;3;4;5;6;7;8;9,-1,None,,1750.000,3900.000,-29600.000,MoonAthleticExStageMap.szs;ShineInfo.szs,MoonAthleticExStageMap.byml;ShineList_MoonWorldHomeStage.byml;ShinePosList.byml,15,32,-1,4,false,true,3,シャイン【2m置き】,ふりこの上のふりこ,Use placement_stage_map_indices for StageMap availability and requirement_expr for local ability/capture needs. placement_scenario_no_values is the raw object ScenarioNo field.,casual,
Galaxy2DExStage:650:603,Moon Kingdom,Galaxy2DExStage,8-Bit Galaxy,subarea,Center of the Galaxy,Galaxy2DExStage:650:603,650,603,ShineFlag_Extra,Galaxy2DExStage::entrance::dot00::sub_near,,free,WorldPeace_Moon,MoonRockActive_Moon,primary,unrated,,"method_1(jump=Single Jump (258); cap_throw=Neutral Throw, Up Throw, Down Throw, Spin Throw; other=None)",true,ShineDot,Common,,,0;1;10;11;12;13;14;2;3;4;5;6;7;8;9,,None,,11400.000,10400.000,-1300.000,Galaxy2DExStageMap.szs;ShineInfo.szs,Galaxy2DExStageMap.byml;ShineList_MoonWorldHomeStage.byml;ShinePosList.byml,15,33,-1,4,false,true,3,シャインドット_2D,センター・オブ・ギャラクシー,Use placement_stage_map_indices for StageMap availability and requirement_expr for local ability/capture needs. placement_scenario_no_values is the raw object ScenarioNo field.,casual,
Galaxy2DExStage:864:604,Moon Kingdom,Galaxy2DExStage,8-Bit Galaxy,subarea,Edge of the Galaxy,Galaxy2DExStage:864:604,864,604,ShineFlag_Extra,Galaxy2DExStage::entrance::dot00::sub_near,,free,WorldPeace_Moon,MoonRockActive_Moon,primary,unrated,,"method_1(jump=Single Jump (258); cap_throw=Neutral Throw, Up Throw, Down Throw, Spin Throw; other=None)",true,ShineDot,Common,,,0;1;10;11;12;13;14;2;3;4;5;6;7;8;9,,None,,11400.000,16050.000,-1300.000,Galaxy2DExStageMap.szs;ShineInfo.szs,Galaxy2DExStageMap.byml;ShineList_MoonWorldHomeStage.byml;ShinePosList.byml,15,37,-1,4,false,true,3,シャインドット_2D,ギャラクシーの果て,Use placement_stage_map_indices for StageMap availability and requirement_expr for local ability/capture needs. placement_scenario_no_values is the raw object ScenarioNo field.,casual,
MoonWorldHomeStage:1052:671,Moon Kingdom,MoonWorldHomeStage,Moon Kingdom,overworld,Moon Shards on the Moon,MoonWorldHomeStage:1052:671,1052,671,ShineFlag_None,MoonWorldHomeStage::checkpoint::obj1348,,Frog | WallJump | (Vault & NeutralThrow) | (Vault & GroundPound & UpThrow) | (Vault & Dive & UpThrow) | (Backflip & UpThrow & Vault) | (SideFlip & Vault) | (Spin & UpThrow & Vault),WorldPeace_Moon,MoonRockActive_Moon,primary,unrated,,method_1(jump=Single Jump (258); cap_throw=No Cap Throw Needed; other=Wall Jump),true,,,,,,,,,-11400.000,5450.000,-27600.000,ShineInfo.szs,ShineList_MoonWorldHomeStage.byml;ShinePosList.byml,1,14,-1,6,false,false,2;3,シャインチップ全取得監視者,集めて！ 月のムーンチップ,Use placement_stage_map_indices for StageMap availability and requirement_expr for local ability/capture needs. placement_scenario_no_values is the raw object ScenarioNo field.,casual;casual;advanced;expert;expert;advanced;advanced;expert,
MoonWorldHomeStage:1041:672,Moon Kingdom,MoonWorldHomeStage,Moon Kingdom,overworld,"Found on the Moon, Good Dog!",MoonWorldHomeStage:1041:672,1041,672,ShineFlag_None,MoonWorldHomeStage::start,,GroundPound,WorldPeace_Moon,MoonRockActive_Moon,primary,unrated,,method_1(jump=Single Jump (258); cap_throw=No Cap Throw Needed; other=Ground Pound),true,,,,,,,,,14400.000,1119.030,19450.000,ShineInfo.szs,ShineList_MoonWorldHomeStage.byml;ShinePosList.byml,1,17,-1,6,false,false,2;3,忠犬専用ここ掘れポイント,月で 見つけたワン！,Use placement_stage_map_indices for StageMap availability and requirement_expr for local ability/capture needs. placement_scenario_no_values is the raw object ScenarioNo field.,casual,
MoonWorldHomeStage:1062:693,Moon Kingdom,MoonWorldHomeStage,Moon Kingdom,overworld,Sneaking Around in the Crater,MoonWorldHomeStage:1062:693,1062,693,ShineFlag_None,MoonWorldHomeStage::start,,GroundPound,WorldPeace_Moon,MoonRockActive_Moon,primary,unrated,,"method_1(jump=Single Jump (258); cap_throw=Neutral Throw, Up Throw, Down Throw, Spin Throw; other=Ground Pound)",true,,,,,,,,,15339.500,2642.500,36449.898,ShineInfo.szs,ShineList_MoonWorldHomeStage.byml;ShinePosList.byml,1,10,-1,6,false,false,2;3,コソコソくん(月ワールドクレーター),クレーターを うごめくモノ,Use placement_stage_map_indices for StageMap availability and requirement_expr for local ability/capture needs. placement_scenario_no_values is the raw object ScenarioNo field.,casual,
MoonWorldHomeStage:1064:707,Moon Kingdom,MoonWorldHomeStage,Moon Kingdom,overworld,Moon Kingdom Regular Cup,MoonWorldHomeStage:1064:707,1064,707,ShineFlag_None,MoonWorldHomeStage::checkpoint::obj1348,,WallJump | (Vault & Dive & NeutralThrow),WorldPeace_Moon,MoonRockActive_Moon,primary,unrated,,method_1(jump=Single Jump (258); cap_throw=No Cap Throw Needed; other=Wall Jump),true,,,,,,,,,-5500.000,4730.470,-28500.000,ShineInfo.szs,ShineList_MoonWorldHomeStage.byml;ShinePosList.byml,1,13,-1,6,false,false,2;3,駆けっこ開始Npc,月の国 レギュラーカップ,Use placement_stage_map_indices for StageMap availability and requirement_expr for local ability/capture needs. placement_scenario_no_values is the raw object ScenarioNo field.,casual;advanced,
MoonWorldHomeStage:1078:714,Moon Kingdom,MoonWorldHomeStage,Moon Kingdom,overworld,Walking on the Moon: Again!,MoonWorldHomeStage:1078:714,1078,714,ShineFlag_Extra,MoonWorldHomeStage::start,,free,WorldPeace_Moon,MoonRockActive_Moon,primary,unrated,,method_1(jump=No Jump Needed; cap_throw=No Cap Throw Needed; other=None),true,,,,,,,,,9970.210,1412.240,20859.699,ShineInfo.szs,ShineList_MoonWorldHomeStage.byml;ShinePosList.byml,1,34,-1,4,false,true,3,フィギュアウォーキングNpc,もっと！ 月面で ウォーキング,Use placement_stage_map_indices for StageMap availability and requirement_expr for local ability/capture needs. placement_scenario_no_values is the raw object ScenarioNo field.,casual,
MoonWorldHomeStage:1125:798,Moon Kingdom,MoonWorldHomeStage,Moon Kingdom,overworld,Moon Kingdom Timer Challenge 2,MoonWorldHomeStage:1125:798,1125,798,ShineFlag_Extra,MoonWorldHomeStage::checkpoint::obj345,,free,WorldPeace_Moon,MoonRockActive_Moon,primary,unrated,,method_1(jump=Single Jump (258); cap_throw=No Cap Throw Needed; other=None),true,,,,,,,,,-3150.000,501.420,16450.000,ShineInfo.szs,ShineList_MoonWorldHomeStage.byml;ShinePosList.byml,1,30,-1,4,false,true,3,帽子掛け（タイマー）,月の国で チクタク・アスレチック ２,Use placement_stage_map_indices for StageMap availability and requirement_expr for local ability/capture needs. placement_scenario_no_values is the raw object ScenarioNo field.,casual,
MoonWorldHomeStage:1199:810,Moon Kingdom,MoonWorldHomeStage,Moon Kingdom,overworld,Hidden on the Side of the Cliff,MoonWorldHomeStage:1199:810,1199,810,ShineFlag_Extra,MoonWorldHomeStage::checkpoint::obj127,,free,WorldPeace_Moon,MoonRockActive_Moon,primary,unrated,,method_1(jump=No Jump Needed; cap_throw=No Cap Throw Needed; other=None),true,ShineAddByRock,C,-1,,2,-1,None,,-5700.000,900.000,-15400.000,MoonWorldHomeStageMap.szs;ShineInfo.szs,MoonWorldHomeStageMap.byml;ShineList_MoonWorldHomeStage.byml;ShinePosList.byml,1,28,-1,4,false,true,3,シャイン【月の石追加版】,絶壁の裏に こっそりと,Use placement_stage_map_indices for StageMap availability and requirement_expr for local ability/capture needs. placement_scenario_no_values is the raw object ScenarioNo field.,casual,
MoonWorldHomeStage:1216:811,Moon Kingdom,MoonWorldHomeStage,Moon Kingdom,overworld,Jumping High as a Frog,MoonWorldHomeStage:1216:811,1216,811,ShineFlag_Extra,MoonWorldHomeStage::checkpoint::obj127,,Frog,WorldPeace_Moon,MoonRockActive_Moon,primary,unrated,,captures=Frog | method_1(jump=No Jump Needed; cap_throw=No Cap Throw Needed; other=Capture),true,ShineAddByRock,C,-1,,2,-1,None,,14550.000,5000.000,3050.000,MoonWorldHomeStageMap.szs;ShineInfo.szs,MoonWorldHomeStageMap.byml;ShineList_MoonWorldHomeStage.byml;ShinePosList.byml,1,27,-1,4,false,true,3,シャイン【月の石追加版】,カエルで 大ジャンプ,Use placement_stage_map_indices for StageMap availability and requirement_expr for local ability/capture needs. placement_scenario_no_values is the raw object ScenarioNo field.,casual,
MoonWorldHome2DZone:139:828,Moon Kingdom,MoonWorldHomeStage,Moon Kingdom,overworld,Taking Notes: In Low Gravity,MoonWorldHome2DZone:139:828,139,828,ShineFlag_Extra,MoonWorldHome2DZone::start,,free,WorldPeace_Moon,MoonRockActive_Moon,primary,unrated,,method_1(jump=Single Jump (258); cap_throw=No Cap Throw Needed; other=None),true,,,,,,,,,39200.000,2200.000,29750.000,ShineInfo.szs,ShineList_MoonWorldHomeStage.byml;ShinePosList.byml,1,31,-1,4,false,true,3,音符オブジェ2D(1つ目)_2D,ふわふわ重力で 音符集め,Use placement_stage_map_indices for StageMap availability and requirement_expr for local ability/capture needs. placement_scenario_no_values is the raw object ScenarioNo field.,casual,
MoonWorldHomeStage:1280:899,Moon Kingdom,MoonWorldHomeStage,Moon Kingdom,overworld,Moon Kingdom Master Cup,MoonWorldHomeStage:1280:899,1280,899,ShineFlag_Extra,MoonWorldHomeStage::checkpoint::obj1348,,WallJump | (Vault & Dive & NeutralThrow),WorldPeace_Moon,MoonRockActive_Moon,primary,unrated,,method_1(jump=Single Jump (258); cap_throw=No Cap Throw Needed; other=Wall Jump),true,,,,,,,,,-5500.000,4730.470,-28500.000,ShineInfo.szs,ShineList_MoonWorldHomeStage.byml;ShinePosList.byml,1,35,-1,4,false,true,3,駆けっこ開始Npc,月の国 マスターカップ,Use placement_stage_map_indices for StageMap availability and requirement_expr for local ability/capture needs. placement_scenario_no_values is the raw object ScenarioNo field.,casual;advanced,
MoonWorldHomeStage:944:911,Moon Kingdom,MoonWorldHomeStage,Moon Kingdom,overworld,A Tourist in the Moon Kingdom!,MoonWorldHomeStage:944:911,944,911,ShineFlag_None,MoonWorldHomeStage::start,,(KingdomAccess_Sand & KingdomAccess_Metro & KingdomAccess_Cascade & KingdomAccess_Luncheon),WorldPeace_Moon,MoonRockActive_Moon,primary,unrated,,method_1(jump=No Jump Needed; cap_throw=No Cap Throw Needed; other=None),true,,,,,,,,,8684.160,2793.390,38842.801,ShineInfo.szs,ShineList_MoonWorldHomeStage.byml;ShinePosList.byml,1,4,-1,6,false,false,2;3,世界旅行NPC,月の国まで 来たっすな！,Use placement_stage_map_indices for StageMap availability and requirement_expr for local ability/capture needs. placement_scenario_no_values is the raw object ScenarioNo field.,casual,
MoonWorldHomeStage:1391:1000,Moon Kingdom,MoonWorldHomeStage,Moon Kingdom,overworld,"Thanks, Captain Toad!",MoonWorldHomeStage:1391:1000,1391,1000,ShineFlag_None,MoonWorldHomeStage::start,,free,WorldPeace_Moon,MoonRockActive_Moon,primary,unrated,,method_1(jump=No Jump Needed; cap_throw=No Cap Throw Needed; other=None),true,,,,,,,,,13300.000,2781.840,41200.000,ShineInfo.szs,ShineList_MoonWorldHomeStage.byml;ShinePosList.byml,1,3,-1,6,false,false,2;3,キノピオ隊長,ありがとう！ キノピオ隊長,Use placement_stage_map_indices for StageMap availability and requirement_expr for local ability/capture needs. placement_scenario_no_values is the raw object ScenarioNo field.,casual,
MoonWorldHomeStage:1399:1049,Moon Kingdom,MoonWorldHomeStage,Moon Kingdom,overworld,Mysterious Flying Object,MoonWorldHomeStage:1399:1049,1399,1049,ShineFlag_Extra,MoonWorldHomeStage::checkpoint::obj1348,,free,WorldPeace_Moon,MoonRockActive_Moon,primary,unrated,,"method_1(jump=No Jump Needed; cap_throw=Neutral Throw, Up Throw, Down Throw; other=Homing Cap) | method_2(jump=No Jump Needed; cap_throw=No Cap Throw Needed; other=None)",true,BirdMoon,C,,,2,,,,-6700.000,4936.152,-40400.000,MoonWorldHomeStageMap.szs;ShineInfo.szs,MoonWorldHomeStageMap.byml;ShineList_MoonWorldHomeStage.byml;ShinePosList.byml,1,29,-1,4,false,true,3,月の鳥,なぞの飛行物体,Use placement_stage_map_indices for StageMap availability and requirement_expr for local ability/capture needs. placement_scenario_no_values is the raw object ScenarioNo field.,casual,
MoonWorldShopRoom:21:1157,Moon Kingdom,MoonWorldShopRoom,Crazy Cap Store,subarea,Shopping in Honeylune Ridge,MoonWorldShopRoom:21:1157,21,1157,ShineFlag_None,MoonWorldShopRoom::entrance::ddd::sub_far,,free,WorldPeace_Moon,MoonRockActive_Moon,primary,unrated,,method_1(jump=No Jump Needed; cap_throw=No Cap Throw Needed; other=None),true,,,,,,,,,7480.550,3155.270,29986.600,ShineInfo.szs,ShineList_MoonWorldHomeStage.byml;ShinePosList.byml,1,16,-1,7,false,false,1;2;3,ショップ店員,ハニークレーターで お買い物,Use placement_stage_map_indices for StageMap availability and requirement_expr for local ability/capture needs. placement_scenario_no_values is the raw object ScenarioNo field.,casual,
MoonWorldWeddingRoomZone:260:1164,Moon Kingdom,MoonWorldWeddingRoomStage,Wedding Room,subarea,Doctor in the House,MoonWorldWeddingRoomZone:260:1164,260,1164,ShineFlag_None,MoonWorldWeddingRoomZone::start,,impossible,WorldPeace_Moon,MoonRockActive_Moon,primary,unrated,,method_1(jump=No Jump Needed; cap_throw=No Cap Throw Needed; other=None),true,,,,,,,,,-9300.000,5560.000,-30796.100,ShineInfo.szs,ShineList_MoonWorldHomeStage.byml;ShinePosList.byml,1,26,-1,6,false,false,2;3,雪の民,おだいじに！,Use placement_stage_map_indices for StageMap availability and requirement_expr for local ability/capture needs. placement_scenario_no_values is the raw object ScenarioNo field.,casual,
MoonWorldWeddingRoomZone:361:1165,Moon Kingdom,MoonWorldWeddingRoomStage,Wedding Room,subarea,Found with Moon Kingdom Art,MoonWorldWeddingRoomZone:361:1165,361,1165,ShineFlag_HintArt,MoonWorldWeddingRoomZone::start,,impossible,WorldPeace_Moon,MoonRockActive_Moon,primary,unrated,,method_1(jump=Single Jump (258); cap_throw=No Cap Throw Needed; other=Ground Pound),true,HintPhoto,B,,,1;2,,,,950.000,0.000,-4060.000,MoonWorldWeddingRoomZoneMap.szs;ShineInfo.szs,MoonWorldWeddingRoomZoneMap.byml;ShineList_MoonWorldHomeStage.byml;ShinePosList.byml,2,18,-1,6,false,false,2;3,ヒント写真,月の国で見つけた お宝写真,Use placement_stage_map_indices for StageMap availability and requirement_expr for local ability/capture needs. placement_scenario_no_values is the raw object ScenarioNo field.,casual,
PeachWorldHomeStage:756:605,Mushroom Kingdom,PeachWorldHomeStage,Mushroom Kingdom,overworld,"Forever Onward, Captain Toad!",PeachWorldHomeStage:756:605,756,605,ShineFlag_None,PeachWorldHomeStage::start,,free,WorldPeace_Mushroom,MoonRockActive_Mushroom,primary,unrated,,"method_1(jump=Backflip/Vault/Side Flip (496); cap_throw=Neutral Throw, Up Throw, Down Throw, Spin Throw, No Cap Throw Needed; other=Dive)",true,,,,,,,,,6175.000,990.000,625.000,ShineInfo.szs,ShineList_PeachWorldHomeStage.byml;ShinePosList.byml,1,0,-1,6,false,false,2;3,キノピオ隊長,進め！ キノピオ隊長,Use placement_stage_map_indices for StageMap availability and requirement_expr for local ability/capture needs. placement_scenario_no_values is the raw object ScenarioNo field.,casual,
PeachWorldHomeStage:794:606,Mushroom Kingdom,PeachWorldHomeStage,Mushroom Kingdom,overworld,Love at Peach's Castle,PeachWorldHomeStage:794:606,794,606,ShineFlag_None,PeachWorldHomeStage::checkpoint::obj162,,Kuribo,WorldPeace_Mushroom,MoonRockActive_Mushroom,primary,unrated,,"captures=Goomba | method_1(jump=Single Jump (258); cap_throw=Neutral Throw, Up Throw, Down Throw, Spin Throw; other=Capture)",true,,,,,,,,,-1700.000,2499.000,-15500.000,ShineInfo.szs,ShineList_PeachWorldHomeStage.byml;ShinePosList.byml,1,33,-1,7,false,false,1;2;3,ガールクリボー,ピーチ城のガールフレンド,Use placement_stage_map_indices for StageMap availability and requirement_expr for local ability/capture needs. placement_scenario_no_values is the raw object ScenarioNo field.,casual,
PeachWorldHomeStage:992:607,Mushroom Kingdom,PeachWorldHomeStage,Mushroom Kingdom,overworld,Herding Sheep at Peach's Castle,PeachWorldHomeStage:992:607,992,607,ShineFlag_None,PeachWorldHomeStage::checkpoint::obj1145,,free,WorldPeace_Mushroom,MoonRockActive_Mushroom,primary,unrated,,"method_1(jump=Long Jump; cap_throw=Neutral Throw, Up Throw, Down Throw, Spin Throw; other=None)",true,,,,,,,,,-13600.000,0.000,1400.000,ShineInfo.szs,ShineList_PeachWorldHomeStage.byml;ShinePosList.byml,1,14,-1,6,false,false,2;3,コレクトアニマル監視者,ピーチ城で ヒツジ集め,Use placement_stage_map_indices for StageMap availability and requirement_expr for local ability/capture needs. placement_scenario_no_values is the raw object ScenarioNo field.,casual,
PeachWorldHomeStage:281:608,Mushroom Kingdom,PeachWorldHomeStage,Mushroom Kingdom,overworld,Secret Path to Peach's Castle!,PeachWorldHomeStage:281:608,281,608,ShineFlag_None,PeachWorldHomeStage::checkpoint::obj1455,,WallJump | Climb | (Vault & Dive & NeutralThrow) | (Backflip & Vault & LedgeGrab & NeutralThrow) | (SideFlip & Vault & LedgeGrab & NeutralThrow) | (GroundPoundJump & Vault & NeutralThrow) | (Spin & Vault & LedgeGrab & NeutralThrow) | (TripleJump & Vault & NeutralThrow),WorldPeace_Mushroom,MoonRockActive_Mushroom,primary,unrated,,"method_1(jump=Single Jump (258); cap_throw=No Cap Throw Needed; other=Other Kingdom Trigger, Wall Jump) | method_2(jump=Single Jump (258); cap_throw=No Cap Throw Needed; other=Other Kingdom Trigger, Climb)",true,Shine,G,-1,,0;1;2,-1,WorldWarpHoleShine,,-400.000,3500.000,22700.000,PeachWorldHomeStageMap.szs;ShineInfo.szs,PeachWorldHomeStageMap.byml;ShineList_PeachWorldHomeStage.byml;ShinePosList.byml,3,42,-1,7,false,false,1;2;3,シャイン,ようこそ！ ピーチ城！,Use placement_stage_map_indices for StageMap availability and requirement_expr for local ability/capture needs. placement_scenario_no_values is the raw object ScenarioNo field.,casual;casual;advanced;advanced;advanced;advanced;advanced;advanced,
PeachWorldHomeStage:1295:613,Mushroom Kingdom,PeachWorldHomeStage,Mushroom Kingdom,overworld,Caught Hopping at Peach's Castle!,PeachWorldHomeStage:1295:613,1295,613,ShineFlag_None,PeachWorldHomeStage::start,,free,WorldPeace_Mushroom,MoonRockActive_Mushroom,primary,unrated,,method_1(jump=Long Jump; cap_throw=No Cap Throw Needed; other=Scooter) | method_2(jump=Long Jump; cap_throw=No Cap Throw Needed; other=None) | method_3(other=None),true,,,,,,,,,11200.000,2100.000,-10000.000,ShineInfo.szs,ShineList_PeachWorldHomeStage.byml;ShinePosList.byml,1,4,-1,6,false,false,2;3,ウサギ,ピーチ城で つかまえたピョン！,Use placement_stage_map_indices for StageMap availability and requirement_expr for local ability/capture needs. placement_scenario_no_values is the raw object ScenarioNo field.,casual,
PeachWorldCastleStage:71:807,Mushroom Kingdom,PeachWorldCastleStage,Peach's Castle,subarea,Light from the Ceiling,PeachWorldCastleStage:71:807,71,807,ShineFlag_None,PeachWorldCastleStage::entrance::PeachCastleGate::sub_near,,free,WorldPeace_Mushroom,MoonRockActive_Mushroom,primary,unrated,,method_1(jump=Long Jump; cap_throw=No Cap Throw Needed; other=None),true,Shine,Common,-1,,0;1;10;11;12;13;14;2;3;4;5;6;7;8;9,-1,None,,0.000,2300.000,-900.000,PeachWorldCastleStageMap.szs;ShineInfo.szs,PeachWorldCastleStageMap.byml;ShineList_PeachWorldHomeStage.byml;ShinePosList.byml,15,32,-1,6,false,false,2;3,ステージスイッチ_主観カメラの注目チェックオブジェ_主観カメラの注目チェックオブジェ,天井からの光,Use placement_stage_map_indices for StageMap availability and requirement_expr for local ability/capture needs. placement_scenario_no_values is the raw object ScenarioNo field.,casual,
PeachWorldHomeStage:1439:840,Mushroom Kingdom,PeachWorldHomeStage,Mushroom Kingdom,overworld,Found at Peach's Castle! Good Dog!,PeachWorldHomeStage:1439:840,1439,840,ShineFlag_None,PeachWorldHomeStage::start,,GroundPound,WorldPeace_Mushroom,MoonRockActive_Mushroom,primary,unrated,,method_1(jump=Long Jump; cap_throw=No Cap Throw Needed; other=None),true,,,,,,,,,6600.000,707.650,8500.000,ShineInfo.szs,ShineList_PeachWorldHomeStage.byml;ShinePosList.byml,1,17,-1,6,false,false,2;3,忠犬専用ここ掘れポイント,ピーチ城で 見つけたワン！,Use placement_stage_map_indices for StageMap availability and requirement_expr for local ability/capture needs. placement_scenario_no_values is the raw object ScenarioNo field.,casual,
PeachWorldHomeStage:1473:856,Mushroom Kingdom,PeachWorldHomeStage,Mushroom Kingdom,overworld,Gobbling Fruit with Yoshi,PeachWorldHomeStage:1473:856,1473,856,ShineFlag_None,PeachWorldHomeStage::checkpoint::obj162,,Yoshi,WorldPeace_Mushroom,MoonRockActive_Mushroom,primary,unrated,,"captures=Yoshi | method_1(jump=Single Jump (258); cap_throw=Neutral Throw, Up Throw, Down Throw, Spin Throw; other=Capture)",true,,,,,,,,,-350.000,4530.990,-13600.000,ShineInfo.szs,ShineList_PeachWorldHomeStage.byml;ShinePosList.byml,1,6,-1,6,false,false,2;3,ヨッシーフルーツ用シャイン保持,いただき！ ヨッシーフルーツ,Use placement_stage_map_indices for StageMap availability and requirement_expr for local ability/capture needs. placement_scenario_no_values is the raw object ScenarioNo field.,casual,
PeachWorldHomeStage:1495:857,Mushroom Kingdom,PeachWorldHomeStage,Mushroom Kingdom,overworld,Yoshi's Second Helping!,PeachWorldHomeStage:1495:857,1495,857,ShineFlag_None,PeachWorldHomeStage::start,,Yoshi,WorldPeace_Mushroom,MoonRockActive_Mushroom,primary,unrated,,"captures=Yoshi | method_1(jump=Single Jump (258); cap_throw=Neutral Throw, Up Throw, Down Throw, Spin Throw; other=Capture)",true,,,,,,,,,-350.000,4530.990,-13600.000,ShineInfo.szs,ShineList_PeachWorldHomeStage.byml;ShinePosList.byml,1,13,-1,6,false,false,2;3,ヨッシーフルーツ用シャイン保持,おかわり！ ヨッシーフルーツ,Use placement_stage_map_indices for StageMap availability and requirement_expr for local ability/capture needs. placement_scenario_no_values is the raw object ScenarioNo field.,casual,
PeachWorldHomeStage:1497:858,Mushroom Kingdom,PeachWorldHomeStage,Mushroom Kingdom,overworld,Yoshi's All Filled Up!,PeachWorldHomeStage:1497:858,1497,858,ShineFlag_None,PeachWorldHomeStage::checkpoint::obj162,,Yoshi,WorldPeace_Mushroom,MoonRockActive_Mushroom,primary,unrated,,"captures=Yoshi | method_1(jump=Single Jump (258); cap_throw=Neutral Throw, Up Throw, Down Throw, Spin Throw; other=Capture)",true,,,,,,,,,-350.000,4530.990,-13600.000,ShineInfo.szs,ShineList_PeachWorldHomeStage.byml;ShinePosList.byml,1,18,-1,6,false,false,2;3,ヨッシーフルーツ用シャイン保持,まんぷく！ ヨッシーフルーツ,Use placement_stage_map_indices for StageMap availability and requirement_expr for local ability/capture needs. placement_scenario_no_values is the raw object ScenarioNo field.,casual,
PeachWorldHomeStage:734:912,Mushroom Kingdom,PeachWorldHomeStage,Mushroom Kingdom,overworld,A Tourist in the Mushroom Kingdom!,PeachWorldHomeStage:734:912,734,912,ShineFlag_None,PeachWorldHomeStage::start,,free,WorldPeace_Mushroom,MoonRockActive_Mushroom,primary,unrated,,,true,,,,,,,,,4250.000,100.000,450.000,ShineInfo.szs,ShineList_PeachWorldHomeStage.byml;ShinePosList.byml,1,1,-1,6,false,false,2;3,世界旅行NPC,キノコ王国まで 来たっすな！,Use placement_stage_map_indices for StageMap availability and requirement_expr for local ability/capture needs. placement_scenario_no_values is the raw object ScenarioNo field.,casual,
PeachWorldHomeStage:1554:913,Mushroom Kingdom,PeachWorldHomeStage,Mushroom Kingdom,overworld,Jammin' in the Mushroom Kingdom,PeachWorldHomeStage:1554:913,1554,913,ShineFlag_None,PeachWorldHomeStage::start,,free,WorldPeace_Mushroom,MoonRockActive_Mushroom,primary,unrated,,method_1(jump=No Jump Needed; cap_throw=No Cap Throw Needed; other=None),true,,,,,,,,,1300.000,38.536,3350.000,ShineInfo.szs,ShineList_PeachWorldHomeStage.byml;ShinePosList.byml,1,9,-1,22,false,false,2;3;5,キノピオ,キノコ王国で ナイスミュージック,Use placement_stage_map_indices for StageMap availability and requirement_expr for local ability/capture needs. placement_scenario_no_values is the raw object ScenarioNo field.,casual,
PeachWorldShopStage:21:933,Mushroom Kingdom,PeachWorldShopStage,Crazy Cap Store,subarea,Shopping Near Peach's Castle,PeachWorldShopStage:21:933,21,933,ShineFlag_None,PeachWorldShopStage::entrance::PeachWorldShopA::sub_near,,free,WorldPeace_Mushroom,MoonRockActive_Mushroom,primary,unrated,"not ""free""",method_1(jump=No Jump Needed; cap_throw=No Cap Throw Needed; other=None),true,,,,,,,,,6175.000,125.000,625.000,ShineInfo.szs,ShineList_PeachWorldHomeStage.byml;ShinePosList.byml,1,16,-1,6,false,false,2;3,ショップ店員,ピーチ城で お買い物,Use placement_stage_map_indices for StageMap availability and requirement_expr for local ability/capture needs. placement_scenario_no_values is the raw object ScenarioNo field.,casual,
PeachWorldCostumeStage:13:934,Mushroom Kingdom,PeachWorldCostumeStage,Castle Courtyard 64,subarea,Totally Classic!,PeachWorldCostumeStage:13:934,13,934,ShineFlag_None,PeachWorldCostumeStage::entrance::CostumeEventWorldPeach::sub_near,,free,WorldPeace_Mushroom,MoonRockActive_Mushroom,primary,unrated,,"method_1(jump=Single Jump (258); cap_throw=Neutral Throw, Up Throw, Down Throw, Spin Throw; other=Outfit)",true,,,,,,,,,-1700.000,1600.000,-19050.000,ShineInfo.szs,ShineList_PeachWorldHomeStage.byml;ShinePosList.byml,1,31,-1,31,false,false,1;2;3;4;5,帽子ひっかけポイント,あのころの思い出,Use placement_stage_map_indices for StageMap availability and requirement_expr for local ability/capture needs. placement_scenario_no_values is the raw object ScenarioNo field.,casual,
PeachWorldCastleStage:101:956,Mushroom Kingdom,PeachWorldCastleStage,Peach's Castle,subarea,Loose-Tile Trackdown,PeachWorldCastleStage:101:956,101,956,ShineFlag_None,PeachWorldCastleStage::entrance::PeachCastleGate::sub_near,,GroundPound,WorldPeace_Mushroom,MoonRockActive_Mushroom,primary,unrated,,method_1(jump=Long Jump; cap_throw=No Cap Throw Needed; other=Ground Pound),true,,,,,,,,,-1700.000,3075.000,-12250.000,ShineInfo.szs,ShineList_PeachWorldHomeStage.byml;ShinePosList.byml,1,24,-1,6,false,false,2;3,ヒップドロップタイル,デコボコ床のナゾ,Use placement_stage_map_indices for StageMap availability and requirement_expr for local ability/capture needs. placement_scenario_no_values is the raw object ScenarioNo field.,casual,
PeachWorldHomeStage:1566:959,Mushroom Kingdom,PeachWorldHomeStage,Mushroom Kingdom,overworld,Grow a Flower Garden,PeachWorldHomeStage:1566:959,1566,959,ShineFlag_None,PeachWorldHomeStage::checkpoint::obj1143,,DownThrow | NeutralThrow | SpinThrow | UpThrow,WorldPeace_Mushroom,MoonRockActive_Mushroom,primary,unrated,,"method_1(jump=Long Jump; cap_throw=Neutral Throw, Spin Throw, Down Throw, Up Throw; other=None)",true,,,,,,,,,10000.000,1307.460,-16800.000,ShineInfo.szs,ShineList_PeachWorldHomeStage.byml;ShinePosList.byml,1,3,-1,31,false,false,1;2;3;4;5,帽子花グループ,咲かせて 裏庭の花,Use placement_stage_map_indices for StageMap availability and requirement_expr for local ability/capture needs. placement_scenario_no_values is the raw object ScenarioNo field.,casual;casual;casual;advanced,
PeachWorldHomeStage:1678:967,Mushroom Kingdom,PeachWorldHomeStage,Mushroom Kingdom,overworld,Mushroom Kingdom Regular Cup,PeachWorldHomeStage:1678:967,1678,967,ShineFlag_None,PeachWorldHomeStage::checkpoint::obj1145,,free,WorldPeace_Mushroom,MoonRockActive_Mushroom,primary,unrated,,"method_1(jump=No Jump Needed; cap_throw=Neutral Throw, Up Throw, Down Throw, Spin Throw; other=None)",true,,,,,,,,,-6650.000,-2293.040,10900.000,ShineInfo.szs,ShineList_PeachWorldHomeStage.byml;ShinePosList.byml,1,7,-1,6,false,false,2;3,駆けっこ開始Npc,キノコ王国 レギュラーカップ,Use placement_stage_map_indices for StageMap availability and requirement_expr for local ability/capture needs. placement_scenario_no_values is the raw object ScenarioNo field.,casual,
PeachWorldHomeStage:1679:968,Mushroom Kingdom,PeachWorldHomeStage,Mushroom Kingdom,overworld,Mushroom Kingdom Master Cup,PeachWorldHomeStage:1679:968,1679,968,ShineFlag_None,PeachWorldHomeStage::checkpoint::obj1145,,free,WorldPeace_Mushroom,MoonRockActive_Mushroom,primary,unrated,,"method_1(jump=No Jump Needed; cap_throw=Neutral Throw, Up Throw, Down Throw, Spin Throw; other=None)",true,,,,,,,,,-6650.000,-2293.040,10900.000,ShineInfo.szs,ShineList_PeachWorldHomeStage.byml;ShinePosList.byml,1,35,-1,6,false,false,2;3,駆けっこ開始Npc,キノコ王国 マスターカップ,Use placement_stage_map_indices for StageMap availability and requirement_expr for local ability/capture needs. placement_scenario_no_values is the raw object ScenarioNo field.,casual,
YoshiCloudExStage:668:974,Mushroom Kingdom,YoshiCloudExStage,Yoshi in the Sea of Clouds,subarea,Yoshi's Feast in the Sea of Clouds,YoshiCloudExStage:668:974,668,974,ShineFlag_None,YoshiCloudExStage::entrance::PeachWorldEx1a::sub_near,,Yoshi,WorldPeace_Mushroom,MoonRockActive_Mushroom,primary,unrated,,"captures=Yoshi | method_1(jump=Single Jump (258); cap_throw=Neutral Throw, Up Throw, Down Throw, Spin Throw; other=Capture)",true,,,,,,,,,6200.000,700.000,-10000.000,ShineInfo.szs,ShineList_PeachWorldHomeStage.byml;ShinePosList.byml,1,22,-1,31,false,false,1;2;3;4;5,ヨッシーフルーツ用シャイン保持,雲海のヨッシーフルーツ,Use placement_stage_map_indices for StageMap availability and requirement_expr for local ability/capture needs. placement_scenario_no_values is the raw object ScenarioNo field.,casual,
YoshiCloudExStage:903:975,Mushroom Kingdom,YoshiCloudExStage,Yoshi in the Sea of Clouds,subarea,Sunken Star in the Sea of Clouds,YoshiCloudExStage:903:975,903,975,ShineFlag_None,YoshiCloudExStage::entrance::PeachWorldEx1a::sub_near,,free,WorldPeace_Mushroom,MoonRockActive_Mushroom,primary,unrated,,"captures=Yoshi | method_1(jump=Long Jump; cap_throw=Neutral Throw, Up Throw, Down Throw, Spin Throw; other=Capture)",true,ShineAddHeight,Common,-1,,0;1;10;11;12;13;14;2;3;4;5;6;7;8;9,-1,None,,5800.000,200.000,25900.000,YoshiCloudExStageMap.szs;ShineInfo.szs,YoshiCloudExStageMap.byml;ShineList_PeachWorldHomeStage.byml;ShinePosList.byml,15,37,-1,31,false,false,1;2;3;4;5,シャイン【2m置き】,雲海に沈んだ星,Use placement_stage_map_indices for StageMap availability and requirement_expr for local ability/capture needs. placement_scenario_no_values is the raw object ScenarioNo field.,casual,
PeachWorldHomeStage:1732:977,Mushroom Kingdom,PeachWorldHomeStage,Mushroom Kingdom,overworld,Mushroom Kingdom Time Challenge,PeachWorldHomeStage:1732:977,1732,977,ShineFlag_None,PeachWorldHomeStage::checkpoint::obj1143,,free,WorldPeace_Mushroom,MoonRockActive_Mushroom,primary,unrated,,,true,,,,,,,,,7625.000,951.340,-17400.000,ShineInfo.szs,ShineList_PeachWorldHomeStage.byml;ShinePosList.byml,1,5,-1,7,false,false,1;2;3,帽子掛け（タイマー）,キノコ王国で チクタク・アスレチック,Use placement_stage_map_indices for StageMap availability and requirement_expr for local ability/capture needs. placement_scenario_no_values is the raw object ScenarioNo field.,casual,
PeachWorldHomeStage:1719:978,Mushroom Kingdom,PeachWorldHomeStage,Mushroom Kingdom,overworld,Hat-and-Seek: Mushroom Kingdom,PeachWorldHomeStage:1719:978,1719,978,ShineFlag_None,PeachWorldHomeStage::start,,impossible,WorldPeace_Mushroom,MoonRockActive_Mushroom,primary,unrated,,method_1(jump=No Jump Needed; cap_throw=No Cap Throw Needed; other=None),true,,,,,,,,,-10550.000,1050.000,-18500.000,ShineInfo.szs,ShineList_PeachWorldHomeStage.byml;ShinePosList.byml,1,41,-1,4,false,false,3,かくれんぼ帽子の民,キノコ王国の帽子で かくれんぼ,Use placement_stage_map_indices for StageMap availability and requirement_expr for local ability/capture needs. placement_scenario_no_values is the raw object ScenarioNo field.,casual,
PeachWorldHomeStage:1762:984,Mushroom Kingdom,PeachWorldHomeStage,Mushroom Kingdom,overworld,Toad Defender,PeachWorldHomeStage:1762:984,1762,984,ShineFlag_None,PeachWorldHomeStage::checkpoint::obj162,,Kuribo,WorldPeace_Mushroom,MoonRockActive_Mushroom,primary,unrated,,"captures=Goomba | method_1(jump=Single Jump (258); cap_throw=Neutral Throw, Up Throw, Down Throw, Spin Throw; other=Capture)",true,Shine,H,-1,,1;2,-1,None,,2085.965,1725.000,-16581.654,PeachWorldHomeStageMap.szs;ShineInfo.szs,PeachWorldHomeStageMap.byml;ShineList_PeachWorldHomeStage.byml;ShinePosList.byml,2,34,-1,6,false,false,2;3,シャイン,キノピオ 通せんぼ,Use placement_stage_map_indices for StageMap availability and requirement_expr for local ability/capture needs. placement_scenario_no_values is the raw object ScenarioNo field.,casual,
FukuwaraiMarioStage:116:985,Mushroom Kingdom,FukuwaraiMarioStage,Picture Match,subarea,Picture Match: Basically Mario,FukuwaraiMarioStage:116:985,116,985,ShineFlag_None,FukuwaraiMarioStage::entrance::Fukuwarai2::sub_near,,FukuwaraiFacePartsMario,WorldPeace_Mushroom,MoonRockActive_Mushroom,primary,unrated,,"captures=Locked behind Default Capture | method_1(jump=No Jump Needed; cap_throw=Neutral Throw, Up Throw, Down Throw, Spin Throw; other=Capture)",true,,,,,,,,,7000.000,1045.570,-20750.000,ShineInfo.szs,ShineList_PeachWorldHomeStage.byml;ShinePosList.byml,1,21,-1,6,false,false,2;3,福笑いNPC,似てる？ 絵あわせマリオ,Use placement_stage_map_indices for StageMap availability and requirement_expr for local ability/capture needs. placement_scenario_no_values is the raw object ScenarioNo field.,casual,
FukuwaraiMarioStage:117:986,Mushroom Kingdom,FukuwaraiMarioStage,Picture Match,subarea,Picture Match: A Stellar Mario!,FukuwaraiMarioStage:117:986,117,986,ShineFlag_None,FukuwaraiMarioStage::entrance::Fukuwarai2::sub_near,,FukuwaraiFacePartsMario,WorldPeace_Mushroom,MoonRockActive_Mushroom,primary,unrated,,"captures=Locked behind Default Capture | method_1(jump=No Jump Needed; cap_throw=Neutral Throw, Up Throw, Down Throw, Spin Throw; other=Capture)",true,,,,,,,,,7000.000,1045.570,-20750.000,ShineInfo.szs,ShineList_PeachWorldHomeStage.byml;ShinePosList.byml,1,36,-1,6,false,false,2;3,福笑いNPC,そっくり！ 絵あわせマリオ,Use placement_stage_map_indices for StageMap availability and requirement_expr for local ability/capture needs. placement_scenario_no_values is the raw object ScenarioNo field.,casual,
PeachWorldHomeStage:2102:1027,Mushroom Kingdom,PeachWorldHomeStage,Mushroom Kingdom,overworld,Pops Out of the Tail,PeachWorldHomeStage:2102:1027,2102,1027,ShineFlag_None,PeachWorldHomeStage::start,,free,WorldPeace_Mushroom,MoonRockActive_Mushroom,primary,unrated,,method_1(jump=Long Jump; cap_throw=Up Throw; other=Single Jump (258)),true,,,,,,,,,-6049.000,52.290,2700.000,ShineInfo.szs,ShineList_PeachWorldHomeStage.byml;ShinePosList.byml,1,2,-1,31,false,false,1;2;3;4;5,帽子ひっかけポイント,しっぽの先から とび出した,Use placement_stage_map_indices for StageMap availability and requirement_expr for local ability/capture needs. placement_scenario_no_values is the raw object ScenarioNo field.,casual,
DotHardExStage:690:1050,Mushroom Kingdom,DotHardExStage,8-Bit Bullet Bills,subarea,Secret 2D Treasure,DotHardExStage:690:1050,690,1050,ShineFlag_None,DotHardExStage::entrance::PeachWorldEx2a::sub_near,,free,WorldPeace_Mushroom,MoonRockActive_Mushroom,primary,unrated,,method_1(jump=Single Jump (258); cap_throw=No Cap Throw Needed; other=None),true,ShineDot,Common,,,0;1;10;11;12;13;14;2;3;4;5;6;7;8;9,,None,,-5400.000,-4050.000,-800.000,DotHardExStageMap.szs;ShineInfo.szs,DotHardExStageMap.byml;ShineList_PeachWorldHomeStage.byml;ShinePosList.byml,15,23,-1,30,false,false,2;3;4;5,シャインドット_2D,ペラペラの秘宝,Use placement_stage_map_indices for StageMap availability and requirement_expr for local ability/capture needs. placement_scenario_no_values is the raw object ScenarioNo field.,casual,
DotHardExStage:723:1051,Mushroom Kingdom,DotHardExStage,8-Bit Bullet Bills,subarea,2D Boost from Bullet Bill,DotHardExStage:723:1051,723,1051,ShineFlag_None,DotHardExStage::entrance::PeachWorldEx2a::sub_near,,free,WorldPeace_Mushroom,MoonRockActive_Mushroom,primary,unrated,,method_1(jump=Single Jump (258); cap_throw=No Cap Throw Needed; other=None),true,ShineDot,Common,,,0;1;10;11;12;13;14;2;3;4;5;6;7;8;9,,None,,3300.000,-1000.000,-800.000,DotHardExStageMap.szs;ShineInfo.szs,DotHardExStageMap.byml;ShineList_PeachWorldHomeStage.byml;ShinePosList.byml,15,38,-1,30,false,false,2;3;4;5,シャインドット_2D,ペラペラキラーを とび越えて,Use placement_stage_map_indices for StageMap availability and requirement_expr for local ability/capture needs. placement_scenario_no_values is the raw object ScenarioNo field.,casual,
PeachWorldHomeStage:1100:1108,Mushroom Kingdom,PeachWorldHomeStage,Mushroom Kingdom,overworld,Gardening for Toad: Garden Seed,PeachWorldHomeStage:1100:1108,1100,1108,ShineFlag_None,PeachWorldHomeStage::start,,free,WorldPeace_Mushroom,MoonRockActive_Mushroom,primary,unrated,,method_1(jump=Long Jump; cap_throw=No Cap Throw Needed; other=Scooter),true,,,,,,,,,6200.000,1599.620,-11200.000,ShineInfo.szs,ShineList_PeachWorldHomeStage.byml;ShinePosList.byml,1,8,-1,7,false,false,1;2;3,育つ草種,咲いた！ 庭園の種,Use placement_stage_map_indices for StageMap availability and requirement_expr for local ability/capture needs. placement_scenario_no_values is the raw object ScenarioNo field.,casual,
PeachWorldHomeStage:1101:1109,Mushroom Kingdom,PeachWorldHomeStage,Mushroom Kingdom,overworld,Gardening for Toad: Field Seed,PeachWorldHomeStage:1101:1109,1101,1109,ShineFlag_None,PeachWorldHomeStage::start,,free,WorldPeace_Mushroom,MoonRockActive_Mushroom,primary,unrated,,method_1(jump=No Jump Needed; cap_throw=No Cap Throw Needed; other=None),true,,,,,,,,,8900.000,309.891,4025.000,ShineInfo.szs,ShineList_PeachWorldHomeStage.byml;ShinePosList.byml,1,11,-1,7,false,false,1;2;3,育つ草種,咲いた！ お花畑の種,Use placement_stage_map_indices for StageMap availability and requirement_expr for local ability/capture needs. placement_scenario_no_values is the raw object ScenarioNo field.,casual,
PeachWorldHomeStage:1102:1110,Mushroom Kingdom,PeachWorldHomeStage,Mushroom Kingdom,overworld,Gardening for Toad: Lake Seed,PeachWorldHomeStage:1102:1110,1102,1110,ShineFlag_None,PeachWorldHomeStage::checkpoint::obj1145,,free,WorldPeace_Mushroom,MoonRockActive_Mushroom,primary,unrated,,method_1(jump=Long Jump; cap_throw=No Cap Throw Needed; other=None),true,,,,,,,,,-6000.000,-3501.000,6500.000,ShineInfo.szs,ShineList_PeachWorldHomeStage.byml;ShinePosList.byml,1,19,-1,7,false,false,1;2;3,育つ草種,咲いた！ キノ湖の種,Use placement_stage_map_indices for StageMap availability and requirement_expr for local ability/capture needs. placement_scenario_no_values is the raw object ScenarioNo field.,casual,
PeachWorldHomeStage:1103:1111,Mushroom Kingdom,PeachWorldHomeStage,Mushroom Kingdom,overworld,Gardening for Toad: Pasture Seed,PeachWorldHomeStage:1103:1111,1103,1111,ShineFlag_None,PeachWorldHomeStage::checkpoint::obj1145,,free,WorldPeace_Mushroom,MoonRockActive_Mushroom,primary,unrated,,method_1(jump=Long Jump; cap_throw=No Cap Throw Needed; other=None),true,,,,,,,,,-15100.000,-857.941,3125.000,ShineInfo.szs,ShineList_PeachWorldHomeStage.byml;ShinePosList.byml,1,15,-1,7,false,false,1;2;3,育つ草種,咲いた！ 牧場の種,Use placement_stage_map_indices for StageMap availability and requirement_expr for local ability/capture needs. placement_scenario_no_values is the raw object ScenarioNo field.,casual,
PeachWorldHomeStage:1507:1119,Mushroom Kingdom,PeachWorldHomeStage,Mushroom Kingdom,overworld,"Princess Peach, Home Again!",PeachWorldHomeStage:1507:1119,1507,1119,ShineFlag_None,PeachWorldHomeStage::start,,(KingdomAccess_Wooded & KingdomAccess_Snow & KingdomAccess_Sand & KingdomAccess_Seaside & KingdomAccess_Ruined & KingdomAccess_Moon & KingdomAccess_Metro & KingdomAccess_Luncheon & KingdomAccess_Lost & KingdomAccess_Lake & KingdomAccess_Cloud & KingdomAccess_Bowsers & KingdomAccess_Cap & KingdomAccess_Cascade),WorldPeace_Mushroom,MoonRockActive_Mushroom,primary,unrated,,"method_1(jump=Single Jump (258); cap_throw=Neutral Throw, Up Throw, Down Throw, Spin Throw; other=None)",true,,,,,,,,,-1555.000,3754.000,-11505.000,ShineInfo.szs,ShineList_PeachWorldHomeStage.byml;ShinePosList.byml,1,40,-1,4,false,false,3,世界旅行ピーチ,キノコ王国で ピーチ姫,Use placement_stage_map_indices for StageMap availability and requirement_expr for local ability/capture needs. placement_scenario_no_values is the raw object ScenarioNo field.,casual,
PeachWorldHomeStage:2209:1121,Mushroom Kingdom,PeachWorldHomeStage,Mushroom Kingdom,overworld,Taking Notes: Around the Well,PeachWorldHomeStage:2209:1121,2209,1121,ShineFlag_None,PeachWorldHomeStage::checkpoint::obj162,,free,WorldPeace_Mushroom,MoonRockActive_Mushroom,primary,unrated,,method_1(jump=Long Jump; cap_throw=No Cap Throw Needed; other=None),true,,,,,,,,,-12051.900,1275.000,-14033.900,ShineInfo.szs,ShineList_PeachWorldHomeStage.byml;ShinePosList.byml,1,12,-1,7,false,false,1;2;3,音符オブジェ2D(1つ目),井戸のまわりで 音符集め,Use placement_stage_map_indices for StageMap availability and requirement_expr for local ability/capture needs. placement_scenario_no_values is the raw object ScenarioNo field.,casual,
PeachWorldHomeStage:2364:1134,Mushroom Kingdom,PeachWorldHomeStage,Mushroom Kingdom,overworld,Perched on the Castle Roof,PeachWorldHomeStage:2364:1134,2364,1134,ShineFlag_None,PeachWorldHomeStage::checkpoint::obj162,,Yoshi | (NeutralThrow & Vault & WallJump & Dive & Climb) | (Climb & NeutralThrow) | (NeutralThrow & Vault & Dive),WorldPeace_Mushroom,MoonRockActive_Mushroom,primary,unrated,,"captures=Yoshi | method_1(jump=Single Jump (258); cap_throw=Spin Throw, Down Throw, Up Throw, Neutral Throw; other=Climb, Capture) | method_2(jump=Backflip/Vault/Side Flip (496); cap_throw=Spin Throw, Down Throw, Up Throw, Neutral Throw; other=Climb) | method_3(jump=Triple Jump (550); cap_throw=Neutral Throw; other=Climb)",true,ShineAddHeight,H,-1,,1;2,-1,None,,1200.000,5859.927,-14700.000,PeachWorldHomeStageMap.szs;ShineInfo.szs,PeachWorldHomeStageMap.byml;ShineList_PeachWorldHomeStage.byml;ShinePosList.byml,2,10,-1,6,false,false,2;3,シャイン【2m置き】,お城の屋根の上,Use placement_stage_map_indices for StageMap availability and requirement_expr for local ability/capture needs. placement_scenario_no_values is the raw object ScenarioNo field.,casual;casual;advanced;advanced,
RevengeMofumofuStage:54:1141,Mushroom Kingdom,RevengeMofumofuStage,Mechawiggler Boss Re-fight,subarea,Dust-Up in New Donk City: Rematch,RevengeMofumofuStage:54:1141,54,1141,ShineFlag_Multi,RevengeMofumofuStage::entrance::PictureMofumofu::sub_near,,Tank,WorldPeace_Mushroom,MoonRockActive_Mushroom,primary,unrated,,"captures=Tank | method_1(jump=Single Jump (258); cap_throw=Neutral Throw, Up Throw, Down Throw, Spin Throw; other=Capture)",true,,,,,,,,,12964.600,1400.000,-7364.640,ShineInfo.szs,ShineList_PeachWorldHomeStage.byml;ShinePosList.byml,1,27,-1,6,true,false,2;3,モフモフLV2,ニュードンク・シティの激戦 再び,Use placement_stage_map_indices for StageMap availability and requirement_expr for local ability/capture needs. placement_scenario_no_values is the raw object ScenarioNo field.,casual,
RevengeBossMagmaStage:5904:1142,Mushroom Kingdom,RevengeBossMagmaStage,Cookatiel Boss Re-fight,subarea,Blowup at Mount Volbono: Rematch,RevengeBossMagmaStage:5904:1142,5904,1142,ShineFlag_Multi,RevengeBossMagmaStage::entrance::PictureBossMagma::sub_near,,free,WorldPeace_Mushroom,MoonRockActive_Mushroom,primary,unrated,,captures=Lava Bubble | method_1(jump=Single Jump (258); cap_throw=No Cap Throw Needed; other=Capture),true,,,,,,,,,-1385.360,-2100.000,10014.600,ShineInfo.szs,ShineList_PeachWorldHomeStage.byml;ShinePosList.byml,1,29,-1,6,true,false,2;3,溶岩ボス,ボルボーノの熱戦 再び,Use placement_stage_map_indices for StageMap availability and requirement_expr for local ability/capture needs. placement_scenario_no_values is the raw object ScenarioNo field.,casual,
PeachWorldCostumeStage:35:1144,Mushroom Kingdom,PeachWorldCostumeStage,Castle Courtyard 64,subarea,Courtyard Chest Trap,PeachWorldCostumeStage:35:1144,35,1144,ShineFlag_None,PeachWorldCostumeStage::entrance::CostumeEventWorldPeach::sub_near,,free,WorldPeace_Mushroom,MoonRockActive_Mushroom,primary,unrated,,"method_1(jump=Long Jump; cap_throw=Neutral Throw, Up Throw, Down Throw, Spin Throw; other=Outfit)",true,,,,,,,,,-1700.000,1600.000,-19050.000,ShineInfo.szs,ShineList_PeachWorldHomeStage.byml;ShinePosList.byml,1,39,-1,31,false,false,1;2;3;4;5,順序宝箱,中庭にひそむ 宝箱のワナ,Use placement_stage_map_indices for StageMap availability and requirement_expr for local ability/capture needs. placement_scenario_no_values is the raw object ScenarioNo field.,casual,
RevengeBossRaidStage:30:1146,Mushroom Kingdom,RevengeBossRaidStage,Lord of Lightning Boss Re-fight,subarea,Rumble in Crumbleden: Rematch,RevengeBossRaidStage:30:1146,30,1146,ShineFlag_Multi,RevengeBossRaidStage::entrance::PictureBossRaid::sub_far,,GroundPound,WorldPeace_Mushroom,MoonRockActive_Mushroom,primary,unrated,,"method_1(jump=Single Jump (258); cap_throw=Neutral Throw, Up Throw, Down Throw, Spin Throw; other=Ground Pound)",true,,,,,,,,,300.000,1750.000,-13600.000,ShineInfo.szs,ShineList_PeachWorldHomeStage.byml;ShinePosList.byml,1,30,-1,31,true,false,1;2;3;4;5,襲撃ボスLv2,ホロビアの激突 再び,Use placement_stage_map_indices for StageMap availability and requirement_expr for local ability/capture needs. placement_scenario_no_values is the raw object ScenarioNo field.,casual,
RevengeGiantWanderBossStage:1277:1147,Mushroom Kingdom,RevengeGiantWanderBossStage,Mollusque-Lanceur Boss Re-fight,subarea,Battle in Bubblaine: Rematch,RevengeGiantWanderBossStage:1277:1147,1277,1147,ShineFlag_Multi,RevengeGiantWanderBossStage::entrance::PictureGiantWanderBoss::sub_far,,Hosui,WorldPeace_Mushroom,MoonRockActive_Mushroom,primary,unrated,,"captures=Gushen | method_1(jump=Single Jump (258); cap_throw=Neutral Throw, Up Throw, Down Throw, Spin Throw; other=Capture)",true,,,,,,,,,-8250.000,-3600.000,4845.000,ShineInfo.szs,ShineList_PeachWorldHomeStage.byml;ShinePosList.byml,1,28,-1,31,true,false,1;2;3;4;5,徘徊ボスLv2,シュワシュワーナの攻防 再び,Use placement_stage_map_indices for StageMap availability and requirement_expr for local ability/capture needs. placement_scenario_no_values is the raw object ScenarioNo field.,casual,
RevengeBossKnuckleStage:9:1148,Mushroom Kingdom,RevengeBossKnuckleStage,Knucklotec Boss Re-fight,subarea,Tussle in Tostarena: Rematch,RevengeBossKnuckleStage:9:1148,9,1148,ShineFlag_Multi,RevengeBossKnuckleStage::entrance::PictureBossKnuckle::sub_near,,BossKnuckleHand,WorldPeace_Mushroom,MoonRockActive_Mushroom,primary,unrated,,"captures=Locked behind Default Capture | method_1(jump=Single Jump (258); cap_throw=Neutral Throw, Up Throw, Down Throw, Spin Throw; other=Capture)",true,,,,,,,,,-5885.360,400.000,-3614.640,ShineInfo.szs,ShineList_PeachWorldHomeStage.byml;ShinePosList.byml,1,25,-1,6,true,false,2;3,ボスナックルLv2,アッチーニャの対決 再び,Use placement_stage_map_indices for StageMap availability and requirement_expr for local ability/capture needs. placement_scenario_no_values is the raw object ScenarioNo field.,casual,
RevengeForestBossStage:6:1149,Mushroom Kingdom,RevengeForestBossStage,Torkdrift Boss Re-fight,subarea,Struggle in Steam Gardens: Rematch,RevengeForestBossStage:6:1149,6,1149,ShineFlag_Multi,RevengeForestBossStage::entrance::PictureBossForest::sub_near,,Senobi,WorldPeace_Mushroom,MoonRockActive_Mushroom,primary,unrated,,"captures=Uproot | method_1(jump=Single Jump (258); cap_throw=Neutral Throw, Up Throw, Down Throw, Spin Throw; other=Capture)",true,,,,,,,,,-6450.000,2700.000,-21600.000,ShineInfo.szs,ShineList_PeachWorldHomeStage.byml;ShinePosList.byml,1,26,-1,6,true,false,2;3,森ボスLv2,スチームガーデンの死闘 再び,Use placement_stage_map_indices for StageMap availability and requirement_expr for local ability/capture needs. placement_scenario_no_values is the raw object ScenarioNo field.,casual,
PeachWorldCastleStage:131:1152,Mushroom Kingdom,PeachWorldCastleStage,Peach's Castle,subarea,Found with Mushroom Kingdom Art,PeachWorldCastleStage:131:1152,131,1152,ShineFlag_HintArt,PeachWorldCastleStage::entrance::PeachCastleGate::sub_near,,KingdomAccess_Cap,WorldPeace_Mushroom,MoonRockActive_Mushroom,primary,unrated,,"method_1(jump=Long Jump; cap_throw=No Cap Throw Needed; other=Other Kingdom Trigger, Ground Pound)",true,HintPhoto,H,,,1;2,,,,1250.000,70.000,-2009.000,PeachWorldCastleStageMap.szs;ShineInfo.szs,PeachWorldCastleStageMap.byml;ShineList_PeachWorldHomeStage.byml;ShinePosList.byml,2,20,-1,6,false,false,2;3,ヒント写真,キノコ王国で見つけた お宝写真,Use placement_stage_map_indices for StageMap availability and requirement_expr for local ability/capture needs. placement_scenario_no_values is the raw object ScenarioNo field.,casual,
BossRaidWorldHomeStage:256:793,Ruined Kingdom,BossRaidWorldHomeStage,Ruined Kingdom,overworld,In the Ancient Treasure Chest,BossRaidWorldHomeStage:256:793,256,793,ShineFlag_None,BossRaidWorldHomeStage::start,,free,WorldPeace_Ruined,MoonRockActive_Ruined,primary,unrated,,"method_1(jump=Single Jump (258); cap_throw=Neutral Throw, Up Throw, Down Throw, Spin Throw; other=None)",true,TreasureBox,Common,,,0;1;10;11;12;13;14;2;3;4;5;6;7;8;9,,None,,19400.000,-31200.000,43000.000,BossRaidWorldHomeStageMap.szs;ShineInfo.szs,BossRaidWorldHomeStageMap.byml;ShineList_AttackWorldHomeStage.byml;ShinePosList.byml,15,1,-1,15,false,false,1;2;3;4,宝箱,古城の宝箱,Use placement_stage_map_indices for StageMap availability and requirement_expr for local ability/capture needs. placement_scenario_no_values is the raw object ScenarioNo field.,casual,
BossRaidWorldHomeStage:30:795,Ruined Kingdom,BossRaidWorldHomeStage,Ruined Kingdom,overworld,Battle with the Lord of Lightning!,BossRaidWorldHomeStage:30:795,30,795,ShineFlag_Story | ShineFlag_Multi,BossRaidWorldHomeStage::place::new_place,,GroundPound | KingdomAccess_Ruined,WorldPeace_Ruined,MoonRockActive_Ruined,primary,unrated,,"captures=Locked behind Default Capture | method_1(jump=Single Jump (258); cap_throw=Neutral Throw, Up Throw, Down Throw, Spin Throw; other=Ground Pound, Capture)",true,,,,,,,,,0.000,0.000,-2500.000,ShineInfo.szs,ShineList_AttackWorldHomeStage.byml;ShinePosList.byml,1,0,0,1,true,false,1,襲撃ボス,決闘！ イカヅチの王,Use placement_stage_map_indices for StageMap availability and requirement_expr for local ability/capture needs. placement_scenario_no_values is the raw object ScenarioNo field.,casual,"1,2,3,4,5;2,3,4,5"
BossRaidWorldHomeStage:335:834,Ruined Kingdom,BossRaidWorldHomeStage,Ruined Kingdom,overworld,Caught on a Big Horn,BossRaidWorldHomeStage:335:834,335,834,ShineFlag_Extra,BossRaidWorldHomeStage::place::new_place,,free,WorldPeace_Ruined,MoonRockActive_Ruined,primary,unrated,,"captures=Locked behind Default Capture | method_1(jump=Single Jump (258); cap_throw=Neutral Throw, Up Throw, Down Throw, Spin Throw; other=Capture)",true,,,,,,,,,-1725.000,2010.000,-5015.000,ShineInfo.szs,ShineList_AttackWorldHomeStage.byml;ShinePosList.byml,1,7,-1,8,false,true,4,帽子ひっかけポイント,おっきなツノに ひっかけて,Use placement_stage_map_indices for StageMap availability and requirement_expr for local ability/capture needs. placement_scenario_no_values is the raw object ScenarioNo field.,casual,
BossRaidWorldHomeStage:353:835,Ruined Kingdom,BossRaidWorldHomeStage,Ruined Kingdom,overworld,Upon the Broken Arch,BossRaidWorldHomeStage:353:835,353,835,ShineFlag_Extra,BossRaidWorldHomeStage::start,,(Backflip & LedgeGrab & GroundPound) | (Dive & GroundPound) | (WallJump & GroundPound) | (GroundPoundJump & GroundPound) | (SideFlip & LedgeGrab & GroundPound) | (Spin & LedgeGrab & GroundPound) | (TripleJump & GroundPound),WorldPeace_Ruined,MoonRockActive_Ruined,primary,unrated,,method_1(jump=Backflip/Vault/Side Flip (496); cap_throw=No Cap Throw Needed; other=Ground Pound),true,,,,,,,,,19050.000,-28600.000,44182.102,ShineInfo.szs,ShineList_AttackWorldHomeStage.byml;ShinePosList.byml,1,5,-1,8,false,true,4,ここ掘れポイント,くずれた柱の上に,Use placement_stage_map_indices for StageMap availability and requirement_expr for local ability/capture needs. placement_scenario_no_values is the raw object ScenarioNo field.,casual,
DotTowerExStage:282:888,Ruined Kingdom,DotTowerExStage,Roulette Tower,subarea,Roulette Tower: Climbed,DotTowerExStage:282:888,282,888,ShineFlag_None,DotTowerExStage::entrance::BossRaidWorldEx01_Eixt::sub_near,,free,WorldPeace_Ruined,MoonRockActive_Ruined,primary,unrated,,"captures=Locked behind Default Capture | method_1(jump=Single Jump (258); cap_throw=Neutral Throw, Up Throw, Down Throw, Spin Throw; other=Capture, Ground Pound)",true,ShineAddHeight,Common,-1,,0;1;10;11;12;13;14;2;3;4;5;6;7;8;9,-1,None,,-50.000,9658.217,0.000,DotTowerExStageMap.szs;ShineInfo.szs,DotTowerExStageMap.byml;ShineList_AttackWorldHomeStage.byml;ShinePosList.byml,15,2,-1,14,false,false,2;3;4,シャイン【2m置き】,登って！ ルーレットタワー,Use placement_stage_map_indices for StageMap availability and requirement_expr for local ability/capture needs. placement_scenario_no_values is the raw object ScenarioNo field.,casual,
DotTowerExStage:371:889,Ruined Kingdom,DotTowerExStage,Roulette Tower,subarea,Roulette Tower: Stopped,DotTowerExStage:371:889,371,889,ShineFlag_None,DotTowerExStage::entrance::BossRaidWorldEx01_Eixt::sub_near,,free,WorldPeace_Ruined,MoonRockActive_Ruined,primary,unrated,,"captures=Locked behind Default Capture | method_1(jump=Single Jump (258); cap_throw=Neutral Throw, Up Throw, Down Throw, Spin Throw; other=Capture, Ground Pound)",true,ShineDot,Common,,,0;1;10;11;12;13;14;2;3;4;5;6;7;8;9,,None,,1950.000,7100.000,0.000,DotTowerExStageMap.szs;ShineInfo.szs,DotTowerExStageMap.byml;ShineList_AttackWorldHomeStage.byml;ShinePosList.byml,15,3,-1,14,false,false,2;3;4,シャインドット_2D,止めて！ ルーレットタワー,Use placement_stage_map_indices for StageMap availability and requirement_expr for local ability/capture needs. placement_scenario_no_values is the raw object ScenarioNo field.,casual,
BullRunExStage:122:890,Ruined Kingdom,BullRunExStage,Mummy Army,subarea,The Mummy Army's Curse,BullRunExStage:122:890,122,890,ShineFlag_Extra,BullRunExStage::entrance::BossRaidWorldMoonEx02_Enter::sub_near,,WallJump | Vault | (Backflip & LedgeGrab) | Climb | Dive | (GroundPoundJump & LedgeGrab) | (SideFlip & LedgeGrab) | (Spin & LedgeGrab) | TripleJump,WorldPeace_Ruined,MoonRockActive_Ruined,primary,unrated,,"method_1(jump=Backflip/Vault/Side Flip (496); cap_throw=Neutral Throw, Up Throw, Down Throw, Spin Throw; other=Ledge Grab) | method_2(jump=Single Jump (258); cap_throw=Neutral Throw, Up Throw, Down Throw, Spin Throw; other=Climb)",true,,,,,,,,,13500.000,-31688.400,49300.000,ShineInfo.szs,ShineList_AttackWorldHomeStage.byml;ShinePosList.byml,1,9,-1,8,false,false,4,ミイラ,ミイラ軍団の お守り,Use placement_stage_map_indices for StageMap availability and requirement_expr for local ability/capture needs. placement_scenario_no_values is the raw object ScenarioNo field.,casual,"1,2,3,4,5"
BullRunExStage:120:891,Ruined Kingdom,BullRunExStage,Mummy Army,subarea,Charging Through an Army,BullRunExStage:120:891,120,891,ShineFlag_Extra,BullRunExStage::entrance::BossRaidWorldMoonEx02_Exit::sub_far,,free,WorldPeace_Ruined,MoonRockActive_Ruined,primary,unrated,,"method_1(jump=Single Jump (258); cap_throw=Neutral Throw, Up Throw, Down Throw, Spin Throw; other=None)",true,ShineAddHeight,Common,-1,,0;1;10;11;12;13;14;2;3;4;5;6;7;8;9,-1,None,,0.000,300.000,-5300.000,BullRunExStageMap.szs;ShineInfo.szs,BullRunExStageMap.byml;ShineList_AttackWorldHomeStage.byml;ShinePosList.byml,15,8,-1,8,false,false,4,シャイン【2m置き】,走り抜け！ ミイラ軍団,Use placement_stage_map_indices for StageMap availability and requirement_expr for local ability/capture needs. placement_scenario_no_values is the raw object ScenarioNo field.,casual,
BossRaidWorldHomeStage:405:909,Ruined Kingdom,BossRaidWorldHomeStage,Ruined Kingdom,overworld,Rolling Rock on the Battlefield,BossRaidWorldHomeStage:405:909,405,909,ShineFlag_Extra,BossRaidWorldHomeStage::place::new_place,,free,WorldPeace_Ruined,MoonRockActive_Ruined,primary,unrated,,"captures=Locked behind Default Capture | method_1(jump=Long Jump; cap_throw=Neutral Throw, Up Throw, Down Throw, Spin Throw; other=Capture)",true,KickStone,A,,,3,,,,900.000,1.125,2950.000,BossRaidWorldHomeStageMap.szs;ShineInfo.szs,BossRaidWorldHomeStageMap.byml;ShineList_AttackWorldHomeStage.byml;ShinePosList.byml,1,6,-1,8,false,true,4,キック小石,キック！ 戦場の石コロ,Use placement_stage_map_indices for StageMap availability and requirement_expr for local ability/capture needs. placement_scenario_no_values is the raw object ScenarioNo field.,casual,
BossRaidWorldHomeStage:143:1117,Ruined Kingdom,BossRaidWorldHomeStage,Ruined Kingdom,overworld,Peach in the Ruined Kingdom,BossRaidWorldHomeStage:143:1117,143,1117,ShineFlag_None,BossRaidWorldHomeStage::place::new_place,,KingdomAccess_Mushroom,WorldPeace_Ruined,MoonRockActive_Ruined,primary,unrated,,"captures=Locked behind Default Capture | method_1(jump=Single Jump (258); cap_throw=Neutral Throw, Up Throw, Down Throw, Spin Throw; other=Capture)",true,,,,,,,,,2777.080,0.000,-1715.600,ShineInfo.szs,ShineList_AttackWorldHomeStage.byml;ShinePosList.byml,1,4,-1,12,false,false,3;4,世界旅行ピーチ,奪われし国で ピーチ姫,Use placement_stage_map_indices for StageMap availability and requirement_expr for local ability/capture needs. placement_scenario_no_values is the raw object ScenarioNo field.,casual,
WaterTubeExStage:3240:35,Sand Kingdom,WaterTubeExStage,Freezing Waterway,subarea,Through the Freezing Waterway,WaterTubeExStage:3240:35,3240,35,ShineFlag_Extra,WaterTubeExStage::entrance::EX_2DHosui_Exit::sub_far,,free,WorldPeace_Sand,MoonRockActive_Sand,primary,unrated,,"captures=Locked behind Default Capture, Gushen | method_1(jump=No Jump Needed; cap_throw=Spin Throw, Down Throw, Up Throw, Neutral Throw; other=Capture)",true,ShineAddHeight,Common,-1,,0;1;10;11;12;13;14;2;3;4;5;6;7;8;9,-1,None,,-100.000,4400.000,-19800.000,WaterTubeExStageMap.szs;ShineInfo.szs,WaterTubeExStageMap.byml;ShineList_SandWorldHomeStage.byml;ShinePosList.byml,15,85,-1,16,false,false,5,シャイン【2m置き】,凍える水路を抜けて,Use placement_stage_map_indices for StageMap availability and requirement_expr for local ability/capture needs. placement_scenario_no_values is the raw object ScenarioNo field.,casual,
WaterTubeExStage:3706:36,Sand Kingdom,WaterTubeExStage,Freezing Waterway,subarea,Freezing Waterway: Hidden Room,WaterTubeExStage:3706:36,3706,36,ShineFlag_Extra,WaterTubeExStage::entrance::EX_2DHosui::sub_near,,Hosui,WorldPeace_Sand,MoonRockActive_Sand,primary,unrated,,"captures=Locked behind Default Capture, Gushen | method_1(jump=No Jump Needed; cap_throw=Spin Throw, Down Throw, Up Throw, Neutral Throw; other=Capture)",true,ShineAddHeight,Common,-1,,0;1;10;11;12;13;14;2;3;4;5;6;7;8;9,-1,None,,-100.000,2900.000,-2100.000,WaterTubeExStageMap.szs;ShineInfo.szs,WaterTubeExStageMap.byml;ShineList_SandWorldHomeStage.byml;ShinePosList.byml,15,88,-1,16,false,false,5,シャイン【2m置き】,凍える水路の かくし部屋,Use placement_stage_map_indices for StageMap availability and requirement_expr for local ability/capture needs. placement_scenario_no_values is the raw object ScenarioNo field.,casual,
SandWorldHomeStage:3456:493,Sand Kingdom,SandWorldHomeStage,Sand Kingdom,overworld,Love in the Heart of the Desert,SandWorldHomeStage:3456:493,3456,493,ShineFlag_None,SandWorldHomeStage::checkpoint::obj98,,Kuribo,WorldPeace_Sand,MoonRockActive_Sand,primary,unrated,,"captures=Goomba, Paragoomba | method_1(jump=No Jump Needed; cap_throw=No Cap Throw Needed; other=Capture)",true,,,,,,,,,-2250.000,100.000,-20500.000,ShineInfo.szs,ShineList_SandWorldHomeStage.byml;ShinePosList.byml,1,50,-1,28,false,false,3;4;5,ガールクリボー,砂漠のガールフレンド,Use placement_stage_map_indices for StageMap availability and requirement_expr for local ability/capture needs. placement_scenario_no_values is the raw object ScenarioNo field.,casual,
SandWorldHomeStage:1432:495,Sand Kingdom,SandWorldHomeStage,Sand Kingdom,overworld,Showdown on the Inverted Pyramid,SandWorldHomeStage:1432:495,1432,495,ShineFlag_Story | ShineFlag_Multi,SandWorldHomeStage::place::new_place_2,,free,WorldPeace_Sand,MoonRockActive_Sand,primary,unrated,,"captures=Paragoomba, Glydon, Shiverian, Parabones, Yoshi, Bullet Bill, Gushen | method_1(jump=Long Jump; cap_throw=Neutral Throw, Up Throw, Down Throw, Spin Throw; other=2D jump (any jump))",true,,,,,,,,,-23450.000,5650.000,-26000.000,ShineInfo.szs,ShineList_SandWorldHomeStage.byml;ShinePosList.byml,1,2,2,1,true,false,1,ボムゲートキーパー,さかさピラミッドの対決,Use placement_stage_map_indices for StageMap availability and requirement_expr for local ability/capture needs. placement_scenario_no_values is the raw object ScenarioNo field.,casual,
SandWorldHomeStage:3735:496,Sand Kingdom,SandWorldHomeStage,Sand Kingdom,overworld,Moon Shards in the Sand,SandWorldHomeStage:3735:496,3735,496,ShineFlag_Story,SandWorldHomeStage::checkpoint::obj1511,,free,WorldPeace_Sand,MoonRockActive_Sand,primary,unrated,,"method_1(jump=Single Jump (258); cap_throw=Neutral Throw, Up Throw, Down Throw, Spin Throw; other=None)",true,,,,,,,,,-8650.000,-1400.000,4700.000,ShineInfo.szs,ShineList_SandWorldHomeStage.byml;ShinePosList.byml,1,1,1,31,false,false,1;2;3;4;5,シャインチップ全取得監視者,集めて！ 砂のムーンチップ,Use placement_stage_map_indices for StageMap availability and requirement_expr for local ability/capture needs. placement_scenario_no_values is the raw object ScenarioNo field.,casual,
SandWorldHomeStage:1599:497,Sand Kingdom,SandWorldHomeStage,Sand Kingdom,overworld,Atop the Highest Tower,SandWorldHomeStage:1599:497,1599,497,ShineFlag_Story,SandWorldHomeStage::checkpoint::obj525,,free,WorldPeace_Sand,MoonRockActive_Sand,primary,unrated,,method_1(jump=Long Jump; cap_throw=No Cap Throw Needed; other=2D Jump (any jump)),true,ShineAddHeight,F,0,,0;1;2;3;4;7;8;9,0,None,,-8500.000,4550.000,-15350.000,SandWorldHomeStageMap.szs;ShineInfo.szs,SandWorldHomeStageMap.byml;ShineList_SandWorldHomeStage.byml;ShinePosList.byml,8,0,0,31,false,false,1;2;3;4;5,シャイン【2m置き】,アッチーニャ遺跡の塔の上,Use placement_stage_map_indices for StageMap availability and requirement_expr for local ability/capture needs. placement_scenario_no_values is the raw object ScenarioNo field.,casual,
SandWorldHomeStage:1715:498,Sand Kingdom,SandWorldHomeStage,Sand Kingdom,overworld,Sand Quiz: Wonderful!,SandWorldHomeStage:1715:498,1715,498,ShineFlag_None,SandWorldHomeStage::checkpoint::obj98,,free,WorldPeace_Sand,MoonRockActive_Sand,primary,unrated,,method_1(jump=No Jump Needed; cap_throw=No Cap Throw Needed; other=None),true,,,,,,,,,-10200.000,-1700.000,-14400.000,ShineInfo.szs,ShineList_SandWorldHomeStage.byml;ShinePosList.byml,1,16,-1,31,false,false,1;2;3;4;5,スフィンクスクイズ,お見事！ 砂のクイズ大正解,Use placement_stage_map_indices for StageMap availability and requirement_expr for local ability/capture needs. placement_scenario_no_values is the raw object ScenarioNo field.,casual,
SandWorldHomeStage:5206:501,Sand Kingdom,SandWorldHomeStage,Sand Kingdom,overworld,"Welcome Back, Jaxi!",SandWorldHomeStage:5206:501,5206,501,ShineFlag_None,SandWorldHomeStage::place::new_place_2,,free,WorldPeace_Sand,MoonRockActive_Sand,primary,unrated,,method_1(jump=No Jump Needed; cap_throw=No Cap Throw Needed; other=None),true,,,,,,,,,-16780.000,11000.000,-25300.000,ShineInfo.szs,ShineList_SandWorldHomeStage.byml;ShinePosList.byml,1,60,-1,28,false,false,3;4;5,ジャガータクシーイベント,おかえり！ ライドン・バス,Use placement_stage_map_indices for StageMap availability and requirement_expr for local ability/capture needs. placement_scenario_no_values is the raw object ScenarioNo field.,casual,"3,4,5"
SandWorldHomeStage:481:502,Sand Kingdom,SandWorldHomeStage,Sand Kingdom,overworld,Fishing in the Oasis,SandWorldHomeStage:481:502,481,502,ShineFlag_None,SandWorldHomeStage::checkpoint::obj1597,,JugemFishing,WorldPeace_Sand,MoonRockActive_Sand,primary,unrated,,"captures=Locked behind Default Capture | method_1(jump=No Jump Needed; cap_throw=Neutral Throw, Up Throw, Down Throw, Spin Throw; other=Capture)",true,FishingFish,L,,,2;3;4,,,,30050.002,-836.962,-31500.000,SandWorldHomeStageMap.szs;ShineInfo.szs,SandWorldHomeStageMap.byml;ShineList_SandWorldHomeStage.byml;ShinePosList.byml,3,49,-1,28,false,false,3;4;5,魚影,オアシスで フィッシング！,Use placement_stage_map_indices for StageMap availability and requirement_expr for local ability/capture needs. placement_scenario_no_values is the raw object ScenarioNo field.,casual,"3,4,5"
SandWorldHomeStage:2047:504,Sand Kingdom,SandWorldHomeStage,Sand Kingdom,overworld,Secret of the Inverted Mural,SandWorldHomeStage:2047:504,2047,504,ShineFlag_None,SandWorldHomeStage::checkpoint::obj98,,Killer,WorldPeace_Sand,MoonRockActive_Sand,primary,unrated,,"captures=Paragoomba, Glydon, Shiverian, Parabones, Yoshi, Bullet Bill, Gushen | method_1(jump=Long Jump; cap_throw=No Cap Throw Needed; other=2D jump (any jump), Capture)",true,,,,,,,,,-24781.301,3469.880,-29450.199,ShineInfo.szs,ShineList_SandWorldHomeStage.byml;ShinePosList.byml,1,38,-1,31,false,false,1;2;3;4;5,シャインドット_2D,さかさ壁画のヒミツ,Use placement_stage_map_indices for StageMap availability and requirement_expr for local ability/capture needs. placement_scenario_no_values is the raw object ScenarioNo field.,casual,
SandWorldKillerTowerZone:42:505,Sand Kingdom,SandWorldHomeStage,Sand Kingdom,overworld,Secret of the Mural,SandWorldKillerTowerZone:42:505,42,505,ShineFlag_None,SandWorldKillerTowerZone::start,,free,WorldPeace_Sand,MoonRockActive_Sand,primary,unrated,,method_1(jump=Long Jump; cap_throw=No Cap Throw Needed; other=2D jump (any jump)),true,ShineDot,F,,,0;1;2;3;4;7;8;9,,None,,-7525.254,3704.906,-15545.408,SandWorldKillerTowerZoneMap.szs;ShineInfo.szs,SandWorldKillerTowerZoneMap.byml;ShineList_SandWorldHomeStage.byml;ShinePosList.byml,8,15,-1,31,false,false,1;2;3;4;5,シャインドット_2D,壁画に かくされたヒミツ,Use placement_stage_map_indices for StageMap availability and requirement_expr for local ability/capture needs. placement_scenario_no_values is the raw object ScenarioNo field.,casual,
SandWorldHomeStage:3999:506,Sand Kingdom,SandWorldHomeStage,Sand Kingdom,overworld,Top of a Dune,SandWorldHomeStage:3999:506,3999,506,ShineFlag_None,SandWorldHomeStage::checkpoint::obj655,,GroundPound,WorldPeace_Sand,MoonRockActive_Sand,primary,unrated,,method_1(jump=Long Jump; cap_throw=No Cap Throw Needed; other=Ground Pound),true,,,,,,,,,11946.000,640.592,1146.830,ShineInfo.szs,ShineList_SandWorldHomeStage.byml;ShinePosList.byml,1,14,-1,127,false,false,1;2;3;4;5;6;7,ここ掘れポイント,まるい砂丘の てっぺん,Use placement_stage_map_indices for StageMap availability and requirement_expr for local ability/capture needs. placement_scenario_no_values is the raw object ScenarioNo field.,casual,
SandWorldHomeStage:902:507,Sand Kingdom,SandWorldHomeStage,Sand Kingdom,overworld,From a Crate in the Ruins,SandWorldHomeStage:902:507,902,507,ShineFlag_None,SandWorldHomeStage::checkpoint::obj98,,Killer | (Vault & Dive & NeutralThrow) | KingdomAccess_Sand,WorldPeace_Sand,MoonRockActive_Sand,primary,unrated,,"method_1(jump=Single Jump (258); cap_throw=Neutral Throw, Up Throw, Down Throw, Spin Throw; other=None)",true,,,,,,,,,-5550.000,900.000,-14850.000,ShineInfo.szs,ShineList_SandWorldHomeStage.byml;ShinePosList.byml,1,8,-1,127,false,false,1;2;3;4;5;6;7,木箱,とび出た！ 砂の木箱から,Use placement_stage_map_indices for StageMap availability and requirement_expr for local ability/capture needs. placement_scenario_no_values is the raw object ScenarioNo field.,casual;casual;advanced,"1,2,3,4,5"
SandWorldHomeStage:4059:508,Sand Kingdom,SandWorldHomeStage,Sand Kingdom,overworld,Inside a Block Is a Hard Place,SandWorldHomeStage:4059:508,4059,508,ShineFlag_None,SandWorldHomeStage::checkpoint::obj98,,free,WorldPeace_Sand,MoonRockActive_Sand,primary,unrated,,method_1(jump=Single Jump (258); cap_throw=No Cap Throw Needed; other=None),true,,,,,,,,,1400.000,-500.000,-22450.000,ShineInfo.szs,ShineList_SandWorldHomeStage.byml;ShinePosList.byml,1,5,-1,127,false,false,1;2;3;4;5;6;7,砂のワールド壊れパーツ000,かたいブロックの中,Use placement_stage_map_indices for StageMap availability and requirement_expr for local ability/capture needs. placement_scenario_no_values is the raw object ScenarioNo field.,casual,
SandWorldHomeStage:4002:509,Sand Kingdom,SandWorldHomeStage,Sand Kingdom,overworld,Wandering Cactus,SandWorldHomeStage:4002:509,4002,509,ShineFlag_None,SandWorldHomeStage::checkpoint::obj98,,(Cactus & GroundPound),WorldPeace_Sand,MoonRockActive_Sand,primary,unrated,,"captures=Locked behind Default Capture | method_1(jump=No Jump Needed; cap_throw=No Cap Throw Needed; other=Ground Pound, Capture)",true,,,,,,,,,13350.000,-1450.000,-34950.000,ShineInfo.szs,ShineList_SandWorldHomeStage.byml;ShinePosList.byml,1,51,-1,127,false,false,1;2;3;4;5;6;7,ここ掘れポイント,サボテンだって歩きたい！,Use placement_stage_map_indices for StageMap availability and requirement_expr for local ability/capture needs. placement_scenario_no_values is the raw object ScenarioNo field.,casual,
SandWorldHomeStage:4001:510,Sand Kingdom,SandWorldHomeStage,Sand Kingdom,overworld,Lost in the Luggage,SandWorldHomeStage:4001:510,4001,510,ShineFlag_None,SandWorldHomeStage::checkpoint::obj98,,GroundPound,WorldPeace_Sand,MoonRockActive_Sand,primary,unrated,,method_1(jump=Long Jump; cap_throw=No Cap Throw Needed; other=Ground Pound),true,,,,,,,,,-22650.000,-1704.470,-14400.000,ShineInfo.szs,ShineList_SandWorldHomeStage.byml;ShinePosList.byml,1,6,-1,127,false,false,1;2;3;4;5;6;7,ここ掘れポイント,タクシーの荷物から,Use placement_stage_map_indices for StageMap availability and requirement_expr for local ability/capture needs. placement_scenario_no_values is the raw object ScenarioNo field.,casual,
SandWorldHomeStage:4000:511,Sand Kingdom,SandWorldHomeStage,Sand Kingdom,overworld,Where the Birds Gather,SandWorldHomeStage:4000:511,4000,511,ShineFlag_None,SandWorldHomeStage::checkpoint::obj1597,,GroundPound,WorldPeace_Sand,MoonRockActive_Sand,primary,unrated,,"method_1(jump=Long Jump; cap_throw=No Cap Throw Needed; other=Ground Pound) | method_2(jump=No Jump Needed; cap_throw=Neutral Throw, Up Throw, Down Throw, Spin Throw; other=Ground Pound)",true,,,,,,,,,27700.000,-320.000,-34500.000,ShineInfo.szs,ShineList_SandWorldHomeStage.byml;ShinePosList.byml,1,9,-1,127,false,false,1;2;3;4;5;6;7,ここ掘れポイント,小鳥たちの会議,Use placement_stage_map_indices for StageMap availability and requirement_expr for local ability/capture needs. placement_scenario_no_values is the raw object ScenarioNo field.,casual,
SandWorldHomeStage:3998:512,Sand Kingdom,SandWorldHomeStage,Sand Kingdom,overworld,Found in the Sand! Good Dog!,SandWorldHomeStage:3998:512,3998,512,ShineFlag_None,SandWorldHomeStage::checkpoint::obj655,,GroundPound,WorldPeace_Sand,MoonRockActive_Sand,primary,unrated,,"method_1(jump=Long Jump; cap_throw=No Cap Throw Needed; other=Ground Pound) | method_2(jump=No Jump Needed; cap_throw=No Cap Throw Needed; other=Roll, Ground Pound)",true,,,,,,,,,26050.000,-1727.630,-4450.000,ShineInfo.szs,ShineList_SandWorldHomeStage.byml;ShinePosList.byml,1,29,-1,28,false,false,3;4;5,忠犬専用ここ掘れポイント,砂で 見つけたワン！,Use placement_stage_map_indices for StageMap availability and requirement_expr for local ability/capture needs. placement_scenario_no_values is the raw object ScenarioNo field.,casual,
SandWorldHomeStage:4272:513,Sand Kingdom,SandWorldHomeStage,Sand Kingdom,overworld,On the Statue's Tail,SandWorldHomeStage:4272:513,4272,513,ShineFlag_None,SandWorldHomeStage::place::new_place_2,,free,WorldPeace_Sand,MoonRockActive_Sand,primary,unrated,,"method_1(jump=Long Jump; cap_throw=Neutral Throw, Up Throw, Spin Throw, Down Throw; other=None)",true,,,,,,,,,-26633.199,5536.330,-19786.500,ShineInfo.szs,ShineList_SandWorldHomeStage.byml;ShinePosList.byml,1,13,-1,127,false,false,1;2;3;4;5;6;7,帽子ひっかけポイント,ライドン石像の しっぽ,Use placement_stage_map_indices for StageMap availability and requirement_expr for local ability/capture needs. placement_scenario_no_values is the raw object ScenarioNo field.,casual,
SandWorldHomeStage:2188:515,Sand Kingdom,SandWorldHomeStage,Sand Kingdom,overworld,Taking Notes: Running Down,SandWorldHomeStage:2188:515,2188,515,ShineFlag_Extra,SandWorldHomeStage::checkpoint::obj655,,free,WorldPeace_Sand,MoonRockActive_Sand,primary,unrated,,method_1(jump=No Jump Needed; cap_throw=No Cap Throw Needed; other=Jaxi) | method_2(jump=Long Jump; cap_throw=No Cap Throw Needed; other=Roll Boost),true,,,,,,,,,23800.000,-1583.200,11467.300,ShineInfo.szs,ShineList_SandWorldHomeStage.byml;ShinePosList.byml,1,77,-1,16,false,true,5,音符オブジェ(1つ目),走ってくだって 音符集め,Use placement_stage_map_indices for StageMap availability and requirement_expr for local ability/capture needs. placement_scenario_no_values is the raw object ScenarioNo field.,casual,
SandWorldHomeStage:123:516,Sand Kingdom,SandWorldHomeStage,Sand Kingdom,overworld,On the Leaning Pillar,SandWorldHomeStage:123:516,123,516,ShineFlag_None,SandWorldHomeStage::checkpoint::obj525,,Killer | Kakku | (TripleJump & Dive) | (Vault & Dive & NeutralThrow) | (LongJump & Vault) | KingdomAccess_Sand,WorldPeace_Sand,MoonRockActive_Sand,primary,unrated,,"captures=Frog, Paragoomba, Glydon, Uproot, Shiverian, Gushen, Parabones, Bullet Bill | method_1(jump=Single Jump (258); cap_throw=No Cap Throw Needed; other=Capture) | method_2(jump=Double Jump (312); cap_throw=Neutral Throw; other=Wall Jump, Dive)",true,Shine,F,-1,,0;1;2;3;4;7;8;9,-1,None,,200.000,-500.000,-25250.000,SandWorldHomeStageMap.szs;ShineInfo.szs,SandWorldHomeStageMap.byml;ShineList_SandWorldHomeStage.byml;ShinePosList.byml,8,7,-1,31,false,false,1;2;3;4;5,シャイン,かたむいた石柱の上,Use placement_stage_map_indices for StageMap availability and requirement_expr for local ability/capture needs. placement_scenario_no_values is the raw object ScenarioNo field.,casual;casual;advanced;casual;advanced;expert,"1,2,3,4,5;3,4,5"
SandWorldHomeStage:536:517,Sand Kingdom,SandWorldHomeStage,Sand Kingdom,overworld,Overlooking the Desert Town,SandWorldHomeStage:536:517,536,517,ShineFlag_None,SandWorldHomeStage::checkpoint::obj655,,free,WorldPeace_Sand,MoonRockActive_Sand,primary,unrated,,method_1(jump=Long Jump; cap_throw=No Cap Throw Needed; other=None),true,Shine,F,-1,,0;1;2;3;4;7;8;9,-1,None,,18175.000,-340.000,-10725.000,SandWorldHomeStageMap.szs;ShineInfo.szs,SandWorldHomeStageMap.byml;ShineList_SandWorldHomeStage.byml;ShinePosList.byml,8,4,-1,31,false,false,1;2;3;4;5,シャイン,砂の町を 見はらして,Use placement_stage_map_indices for StageMap availability and requirement_expr for local ability/capture needs. placement_scenario_no_values is the raw object ScenarioNo field.,casual,
SandWorldHomeStage:576:518,Sand Kingdom,SandWorldHomeStage,Sand Kingdom,overworld,Alcove in the Ruins,SandWorldHomeStage:576:518,576,518,ShineFlag_None,SandWorldHomeStage::checkpoint::obj98,,free,WorldPeace_Sand,MoonRockActive_Sand,primary,unrated,,"captures=Bullet Bill, Paragoomba, Glydon, Parabones | method_1(jump=Long Jump; cap_throw=No Cap Throw Needed; other=Dive) | method_2(jump=No Jump Needed; cap_throw=No Cap Throw Needed; other=Capture)",true,ShineAddHeight,F,-1,,0;1;2;3;4;7;8;9,-1,None,,-4075.000,-1250.000,-15750.000,SandWorldHomeStageMap.szs;ShineInfo.szs,SandWorldHomeStageMap.byml;ShineList_SandWorldHomeStage.byml;ShinePosList.byml,8,17,-1,31,false,false,1;2;3;4;5,シャイン【2m置き】,遺跡の空洞,Use placement_stage_map_indices for StageMap availability and requirement_expr for local ability/capture needs. placement_scenario_no_values is the raw object ScenarioNo field.,casual,
SandWorldHomeStage:878:519,Sand Kingdom,SandWorldHomeStage,Sand Kingdom,overworld,Bullet Bill Breakthrough,SandWorldHomeStage:878:519,878,519,ShineFlag_None,SandWorldHomeStage::checkpoint::obj98,,free,WorldPeace_Sand,MoonRockActive_Sand,primary,unrated,,method_1(jump=Single Jump (258); cap_throw=No Cap Throw Needed; other=None),true,Shine,H,-1,,1;2;3;4;9,-1,None,,-2900.000,-700.000,-17850.000,SandWorldHomeStageMap.szs;ShineInfo.szs,SandWorldHomeStageMap.byml;ShineList_SandWorldHomeStage.byml;ShinePosList.byml,5,18,-1,30,false,false,2;3;4;5,シャイン,キラーで 体あたり！,Use placement_stage_map_indices for StageMap availability and requirement_expr for local ability/capture needs. placement_scenario_no_values is the raw object ScenarioNo field.,casual,"2,3,4,5"
SandWorldHomeStage:980:520,Sand Kingdom,SandWorldHomeStage,Sand Kingdom,overworld,On Top of the Stone Archway,SandWorldHomeStage:980:520,980,520,ShineFlag_None,SandWorldHomeStage::checkpoint::obj99,,Killer | Kakku | ElectricWire | (Vault & Dive) | (WallJump & Dive) | (GroundPound & RollBoost & TripleJump & Vault & Dive & WallJump & NeutralThrow),WorldPeace_Sand,MoonRockActive_Sand,primary,unrated,,"captures=Bullet Bill, Gushen, Parabones, Paragoomba | method_1(jump=Single Jump (258); cap_throw=Neutral Throw; other=Wall Jump, Dive) | method_2(jump=Single Jump (258); cap_throw=No Cap Throw Needed; other=Capture)",true,Shine,F,-1,,0;1;2;3;4;7;8;9,-1,None,,6050.000,900.000,-13150.000,SandWorldHomeStageMap.szs;ShineInfo.szs,SandWorldHomeStageMap.byml;ShineList_SandWorldHomeStage.byml;ShinePosList.byml,8,10,-1,31,false,false,1;2;3;4;5,シャイン,門の上で かがやく宝,Use placement_stage_map_indices for StageMap availability and requirement_expr for local ability/capture needs. placement_scenario_no_values is the raw object ScenarioNo field.,casual;casual;casual;advanced;advanced;expert,"1,2,3,4,5;3,4,5;2,3,4,5;1,2;1,2"
SandWorldHomeStage:2230:521,Sand Kingdom,SandWorldHomeStage,Sand Kingdom,overworld,Island in the Poison Swamp,SandWorldHomeStage:2230:521,2230,521,ShineFlag_Extra,SandWorldHomeStage::checkpoint::obj98,,free,WorldPeace_Sand,MoonRockActive_Sand,primary,unrated,,method_1(jump=No Jump Needed; cap_throw=No Cap Throw Needed; other=Jaxi),true,ShineAddByRockAddHeight,A,-1,,4,-1,None,,4700.000,-1670.685,-33950.000,SandWorldHomeStageMap.szs;ShineInfo.szs,SandWorldHomeStageMap.byml;ShineList_SandWorldHomeStage.byml;ShinePosList.byml,1,74,-1,16,false,true,5,シャイン【月の石追加版2m】,毒沼の小島,Use placement_stage_map_indices for StageMap availability and requirement_expr for local ability/capture needs. placement_scenario_no_values is the raw object ScenarioNo field.,casual,
SandWorldHomeStage:2888:522,Sand Kingdom,SandWorldHomeStage,Sand Kingdom,overworld,On the Lone Pillar,SandWorldHomeStage:2888:522,2888,522,ShineFlag_None,SandWorldHomeStage::place::new_place_3,,free,WorldPeace_Sand,MoonRockActive_Sand,primary,unrated,,"captures=Bullet Bill, Paragoomba, Parabones | method_1(jump=Single Jump (258); cap_throw=No Cap Throw Needed; other=Capture)",true,ShineAddHeight,F,-1,,0;1;2;3;4;7;8;9,-1,None,,-11300.000,1000.000,-28000.000,SandWorldHomeStageMap.szs;ShineInfo.szs,SandWorldHomeStageMap.byml;ShineList_SandWorldHomeStage.byml;ShinePosList.byml,8,54,-1,31,false,false,1;2;3;4;5,シャイン【2m置き】,一本柱に とび乗って,Use placement_stage_map_indices for StageMap availability and requirement_expr for local ability/capture needs. placement_scenario_no_values is the raw object ScenarioNo field.,casual,"1,2,3,4,5"
SandWorldHomeStage:3371:523,Sand Kingdom,SandWorldHomeStage,Sand Kingdom,overworld,Hidden Room in the Flowing Sands,SandWorldHomeStage:3371:523,3371,523,ShineFlag_None,SandWorldHomeStage::checkpoint::obj98,,free,WorldPeace_Sand,MoonRockActive_Sand,primary,unrated,,method_1(jump=Single Jump (258); cap_throw=No Cap Throw Needed; other=None),true,Shine,F,-1,,0;1;2;3;4;7;8;9,-1,None,,-8350.000,-1150.000,-15650.000,SandWorldHomeStageMap.szs;ShineInfo.szs,SandWorldHomeStageMap.byml;ShineList_SandWorldHomeStage.byml;ShinePosList.byml,8,61,-1,31,false,false,1;2;3;4;5,シャイン,流砂の かくし部屋,Use placement_stage_map_indices for StageMap availability and requirement_expr for local ability/capture needs. placement_scenario_no_values is the raw object ScenarioNo field.,casual,
SandWorldHomeStage:3387:524,Sand Kingdom,SandWorldHomeStage,Sand Kingdom,overworld,Secret Path to Tostarena!,SandWorldHomeStage:3387:524,3387,524,ShineFlag_None,SandWorldHomeStage::checkpoint::obj5575,,free,WorldPeace_Sand,MoonRockActive_Sand,primary,unrated,,method_1(jump=Long Jump; cap_throw=No Cap Throw Needed; other=Other Kingdom Trigger),true,ShineAddHeight,F,-1,,0;1;2;3;4;7;8;9,-1,WorldWarpHoleShine,,21300.000,5600.000,6550.000,SandWorldHomeStageMap.szs;ShineInfo.szs,SandWorldHomeStageMap.byml;ShineList_SandWorldHomeStage.byml;ShinePosList.byml,8,84,-1,31,false,false,1;2;3;4;5,シャイン【2m置き】,ようこそ！ アッチーニャ！,Use placement_stage_map_indices for StageMap availability and requirement_expr for local ability/capture needs. placement_scenario_no_values is the raw object ScenarioNo field.,casual,
SandWorldHomeStage:3782:525,Sand Kingdom,SandWorldHomeStage,Sand Kingdom,overworld,Taking Notes: Jump on the Palm,SandWorldHomeStage:3782:525,3782,525,ShineFlag_None,SandWorldHomeStage::checkpoint::obj1597,,Climb | Dive | Vault | KingdomAccess_Sand,WorldPeace_Sand,MoonRockActive_Sand,primary,unrated,,method_1(jump=Long Jump; cap_throw=No Cap Throw Needed; other=Climb),true,,,,,,,,,30950.000,826.174,-29350.000,ShineInfo.szs,ShineList_SandWorldHomeStage.byml;ShinePosList.byml,1,25,-1,31,false,false,1;2;3;4;5,音符オブジェ(1つ目),ヤシの木ジャンプで 音符集め,Use placement_stage_map_indices for StageMap availability and requirement_expr for local ability/capture needs. placement_scenario_no_values is the raw object ScenarioNo field.,casual;casual;casual;advanced,"1,2,3,4,5"
SandWorldHomeStage:2143:526,Sand Kingdom,SandWorldHomeStage,Sand Kingdom,overworld,Bird Traveling the Desert,SandWorldHomeStage:2143:526,2143,526,ShineFlag_None,SandWorldHomeStage::checkpoint::obj655,,free,WorldPeace_Sand,MoonRockActive_Sand,primary,unrated,,method_1(jump=No Jump Needed; cap_throw=No Cap Throw Needed; other=None),true,BirdEagle,F,,,0;1;2;3;4;7;8;9,,,,10650.000,900.000,2700.000,SandWorldHomeStageMap.szs;ShineInfo.szs,SandWorldHomeStageMap.byml;ShineList_SandWorldHomeStage.byml;ShinePosList.byml,8,28,-1,31,false,false,1;2;3;4;5,鳥[ワシ],砂漠の渡り鳥,Use placement_stage_map_indices for StageMap availability and requirement_expr for local ability/capture needs. placement_scenario_no_values is the raw object ScenarioNo field.,casual,
SandWorldHomeStage:3389:530,Sand Kingdom,SandWorldHomeStage,Sand Kingdom,overworld,The Treasure of Jaxi Ruins,SandWorldHomeStage:3389:530,3389,530,ShineFlag_None,SandWorldHomeStage::checkpoint::obj530,,free,WorldPeace_Sand,MoonRockActive_Sand,primary,unrated,,"method_1(jump=Single Jump (258); cap_throw=Neutral Throw, Up Throw, Down Throw, Spin Throw; other=Capture, Wall Jump, Dive) | method_2(jump=Single Jump (258); cap_throw=Neutral Throw; other=Wall Jump)",true,TreasureBox,F,,,0;1;2;3;4;7;8;9,,None,,-2600.000,200.000,-31700.000,SandWorldHomeStageMap.szs;ShineInfo.szs,SandWorldHomeStageMap.byml;ShineList_SandWorldHomeStage.byml;ShinePosList.byml,8,48,-1,31,false,false,1;2;3;4;5,宝箱,ライドン遺跡の宝箱,Use placement_stage_map_indices for StageMap availability and requirement_expr for local ability/capture needs. placement_scenario_no_values is the raw object ScenarioNo field.,casual,
SandWorldHomeStage:4632:531,Sand Kingdom,SandWorldHomeStage,Sand Kingdom,overworld,Sand Kingdom Timer Challenge 1,SandWorldHomeStage:4632:531,4632,531,ShineFlag_None,SandWorldHomeStage::place::new_place_5,,(Crouch & WallJump) | WallJump,WorldPeace_Sand,MoonRockActive_Sand,primary,unrated,,"method_1(jump=Double Jump (312); cap_throw=Neutral Throw, Up Throw, Down Throw, Spin Throw; other=Wall Jump) | method_2(jump=Single Jump (258); cap_throw=Neutral Throw, Up Throw, Down Throw, Spin Throw; other=Roll, Wall Jump)",true,,,,,,,,,-34150.000,200.000,11800.000,ShineInfo.szs,ShineList_SandWorldHomeStage.byml;ShinePosList.byml,1,21,-1,28,false,false,3;4;5,帽子掛け（タイマー）,砂の国で チクタク・アスレチック １,Use placement_stage_map_indices for StageMap availability and requirement_expr for local ability/capture needs. placement_scenario_no_values is the raw object ScenarioNo field.,casual;advanced,
SandWorldHomeStage:1841:532,Sand Kingdom,SandWorldHomeStage,Sand Kingdom,overworld,Herding Sheep in the Dunes,SandWorldHomeStage:1841:532,1841,532,ShineFlag_None,SandWorldHomeStage::checkpoint::obj98,,free,WorldPeace_Sand,MoonRockActive_Sand,primary,unrated,,method_1(jump=No Jump Needed; cap_throw=No Cap Throw Needed; other=None),true,,,,,,,,,-18350.000,-1000.000,-5550.000,ShineInfo.szs,ShineList_SandWorldHomeStage.byml;ShinePosList.byml,1,11,-1,29,false,false,1;3;4;5,コレクトアニマル監視者,砂丘で ヒツジ集め,Use placement_stage_map_indices for StageMap availability and requirement_expr for local ability/capture needs. placement_scenario_no_values is the raw object ScenarioNo field.,casual,
SandWorldHomeStage:1609:533,Sand Kingdom,SandWorldHomeStage,Sand Kingdom,overworld,Walking the Desert!,SandWorldHomeStage:1609:533,1609,533,ShineFlag_None,SandWorldHomeStage::checkpoint::obj98,,free,WorldPeace_Sand,MoonRockActive_Sand,primary,unrated,,method_1(jump=No Jump Needed; cap_throw=No Cap Throw Needed; other=None),true,,,,,,,,,10900.000,-1628.210,-26100.000,ShineInfo.szs,ShineList_SandWorldHomeStage.byml;ShinePosList.byml,1,22,-1,29,false,false,1;3;4;5,フィギュアウォーキングNpc,砂漠で ウォーキング！,Use placement_stage_map_indices for StageMap availability and requirement_expr for local ability/capture needs. placement_scenario_no_values is the raw object ScenarioNo field.,casual,
SandWorldHomeStage:4271:534,Sand Kingdom,SandWorldHomeStage,Sand Kingdom,overworld,Hang Your Hat on the Fountain,SandWorldHomeStage:4271:534,4271,534,ShineFlag_None,SandWorldHomeStage::checkpoint::obj655,,free,WorldPeace_Sand,MoonRockActive_Sand,primary,unrated,,"method_1(jump=Single Jump (258); cap_throw=Neutral Throw, Up Throw, Down Throw, Spin Throw; other=None)",true,,,,,,,,,20919.600,-1271.440,-12109.500,ShineInfo.szs,ShineList_SandWorldHomeStage.byml;ShinePosList.byml,1,12,-1,124,false,false,3;4;5;6;7,帽子ひっかけポイント,噴水に ひっかけて,Use placement_stage_map_indices for StageMap availability and requirement_expr for local ability/capture needs. placement_scenario_no_values is the raw object ScenarioNo field.,casual,
SandWorldHomeStage:4277:535,Sand Kingdom,SandWorldHomeStage,Sand Kingdom,overworld,'Round-the-World Tourist,SandWorldHomeStage:4277:535,4277,535,ShineFlag_None,SandWorldHomeStage::checkpoint::obj655,,(KingdomAccess_Metro & KingdomAccess_Cascade & KingdomAccess_Luncheon & KingdomAccess_Moon & KingdomAccess_Mushroom),WorldPeace_Sand,MoonRockActive_Sand,primary,unrated,,method_1(jump=No Jump Needed; cap_throw=No Cap Throw Needed; other=Other Kingdom Trigger),true,,,,,,,,,25450.000,-2276.140,-13550.000,ShineInfo.szs,ShineList_SandWorldHomeStage.byml;ShinePosList.byml,1,63,-1,28,false,false,3;4;5,世界旅行NPC,ただいま！ 世界一周,Use placement_stage_map_indices for StageMap availability and requirement_expr for local ability/capture needs. placement_scenario_no_values is the raw object ScenarioNo field.,casual,"3,4,5"
SandWorldHomeStage:4685:536,Sand Kingdom,SandWorldHomeStage,Sand Kingdom,overworld,Sand Kingdom Timer Challenge 2,SandWorldHomeStage:4685:536,4685,536,ShineFlag_None,SandWorldHomeStage::checkpoint::obj1511,,free,WorldPeace_Sand,MoonRockActive_Sand,primary,unrated,,method_1(jump=Long Jump; cap_throw=No Cap Throw Needed; other=None),true,,,,,,,,,-3650.000,-1675.000,10050.000,ShineInfo.szs,ShineList_SandWorldHomeStage.byml;ShinePosList.byml,1,24,-1,28,false,false,3;4;5,鍵付き宝箱,砂の国で チクタク・アスレチック ２,Use placement_stage_map_indices for StageMap availability and requirement_expr for local ability/capture needs. placement_scenario_no_values is the raw object ScenarioNo field.,casual,
SandWorldHomeStage:5267:538,Sand Kingdom,SandWorldHomeStage,Sand Kingdom,overworld,The Lurker Under the Stone,SandWorldHomeStage:5267:538,5267,538,ShineFlag_None,SandWorldHomeStage::place::new_place_2,,GroundPound,WorldPeace_Sand,MoonRockActive_Sand,primary,unrated,,method_1(jump=Long Jump; cap_throw=No Cap Throw Needed; other=Ground Pound),true,,,,,,,,,-23450.000,11300.000,-25300.000,ShineInfo.szs,ShineList_SandWorldHomeStage.byml;ShinePosList.byml,1,20,-1,28,false,false,3;4;5,コソコソくん(砂ワールド神殿),石畳を うごめくモノ,Use placement_stage_map_indices for StageMap availability and requirement_expr for local ability/capture needs. placement_scenario_no_values is the raw object ScenarioNo field.,casual,
SandWorldHomeStage:4807:539,Sand Kingdom,SandWorldHomeStage,Sand Kingdom,overworld,Sand Kingdom Timer Challenge 3,SandWorldHomeStage:4807:539,4807,539,ShineFlag_None,SandWorldHomeStage::checkpoint::obj98,,free,WorldPeace_Sand,MoonRockActive_Sand,primary,unrated,,method_1(jump=No Jump Needed; cap_throw=Neutral Throw; other=None),true,,,,,,,,,2800.000,-1068.520,-41050.000,ShineInfo.szs,ShineList_SandWorldHomeStage.byml;ShinePosList.byml,1,27,-1,28,false,false,3;4;5,帽子掛け（タイマー）,砂の国で チクタク・アスレチック ３,Use placement_stage_map_indices for StageMap availability and requirement_expr for local ability/capture needs. placement_scenario_no_values is the raw object ScenarioNo field.,casual,
SandWorldHomeStage:4187:540,Sand Kingdom,SandWorldHomeStage,Sand Kingdom,overworld,On the Eastern Pillar,SandWorldHomeStage:4187:540,4187,540,ShineFlag_Extra,SandWorldHomeStage::checkpoint::obj98,,Killer,WorldPeace_Sand,MoonRockActive_Sand,primary,unrated,,"captures=Bullet Bill, Locked behind Default Capture | method_1(jump=Long Jump; cap_throw=Neutral Throw, Up Throw, Down Throw, Spin Throw; other=Capture)",true,,,,,,,,,-7500.000,-500.000,-39400.000,ShineInfo.szs,ShineList_SandWorldHomeStage.byml;ShinePosList.byml,1,73,-1,16,false,true,5,砂のワールド壊れパーツ000,東の石柱にて,Use placement_stage_map_indices for StageMap availability and requirement_expr for local ability/capture needs. placement_scenario_no_values is the raw object ScenarioNo field.,casual,
SandWorldHomeStage:3431:542,Sand Kingdom,SandWorldHomeStage,Sand Kingdom,overworld,An Invisible Gleam,SandWorldHomeStage:3431:542,3431,542,ShineFlag_Extra,SandWorldHomeStage::checkpoint::obj1511,,GroundPound,WorldPeace_Sand,MoonRockActive_Sand,primary,unrated,,"method_1(jump=Long Jump; cap_throw=Neutral Throw, Up Throw, Down Throw, Spin Throw; other=Ground Pound)",true,,,,,,,,,-4400.000,50.000,12300.000,ShineInfo.szs,ShineList_SandWorldHomeStage.byml;ShinePosList.byml,1,71,-1,16,false,true,5,ここ掘れポイント,目には見えない かがやき,Use placement_stage_map_indices for StageMap availability and requirement_expr for local ability/capture needs. placement_scenario_no_values is the raw object ScenarioNo field.,casual,
SandWorldHomeStage:4555:544,Sand Kingdom,SandWorldHomeStage,Sand Kingdom,overworld,Peach in the Sand Kingdom,SandWorldHomeStage:4555:544,4555,544,ShineFlag_None,SandWorldHomeStage::place::new_place_2,,KingdomAccess_Mushroom,WorldPeace_Sand,MoonRockActive_Sand,primary,unrated,,"captures=Spark Pylon | method_1(jump=Single Jump (258); cap_throw=Neutral Throw, Up Throw, Down Throw, Spin Throw; other=Capture)",true,,,,,,,,,-19500.000,10881.700,-20150.000,ShineInfo.szs,ShineList_SandWorldHomeStage.byml;ShinePosList.byml,1,64,-1,24,false,false,4;5,世界旅行ピーチ,砂の国で ピーチ姫,Use placement_stage_map_indices for StageMap availability and requirement_expr for local ability/capture needs. placement_scenario_no_values is the raw object ScenarioNo field.,casual,
SandWorldHomeStage:3433:545,Sand Kingdom,SandWorldHomeStage,Sand Kingdom,overworld,Poster Cleanup,SandWorldHomeStage:3433:545,3433,545,ShineFlag_Extra,SandWorldHomeStage::place::new_place,,free,WorldPeace_Sand,MoonRockActive_Sand,primary,unrated,,"method_1(jump=Double Jump (312); cap_throw=Neutral Throw, Spin Throw; other=None) | method_2(jump=Single Jump (258); cap_throw=Up Throw; other=None)",true,ShineAddByRock,A,-1,,4,-1,None,,-35900.000,-1300.000,6600.000,SandWorldHomeStageMap.szs;ShineInfo.szs,SandWorldHomeStageMap.byml;ShineList_SandWorldHomeStage.byml;ShinePosList.byml,1,72,-1,16,false,true,5,ステージスイッチ_全滅監視,はがして いたずらポスター,Use placement_stage_map_indices for StageMap availability and requirement_expr for local ability/capture needs. placement_scenario_no_values is the raw object ScenarioNo field.,casual,
SandWorldHomeStage:3434:546,Sand Kingdom,SandWorldHomeStage,Sand Kingdom,overworld,On the North Pillar,SandWorldHomeStage:3434:546,3434,546,ShineFlag_Extra,SandWorldHomeStage::place::new_place_4,,free,WorldPeace_Sand,MoonRockActive_Sand,primary,unrated,,"captures=Locked behind Default Capture, Glydon, Gushen, Pokio, Parabones, Paragoomba | method_1(jump=No Jump Needed; cap_throw=Neutral Throw, Up Throw, Spin Throw, Down Throw; other=Capture) | method_2(jump=Long Jump; cap_throw=Neutral Throw, Up Throw, Down Throw, Spin Throw; other=Capture, None)",true,ShineAddByRock,A,-1,,4,-1,None,,-29000.000,1100.000,-9000.000,SandWorldHomeStageMap.szs;ShineInfo.szs,SandWorldHomeStageMap.byml;ShineList_SandWorldHomeStage.byml;ShinePosList.byml,1,75,-1,16,false,true,5,シャイン【月の石追加版】,北の柱に とび乗って,Use placement_stage_map_indices for StageMap availability and requirement_expr for local ability/capture needs. placement_scenario_no_values is the raw object ScenarioNo field.,casual,
SandWorldHomeStage:3437:547,Sand Kingdom,SandWorldHomeStage,Sand Kingdom,overworld,Mighty Leap from the Palm Tree!,SandWorldHomeStage:3437:547,3437,547,ShineFlag_Extra,SandWorldHomeStage::checkpoint::obj1597,,free,WorldPeace_Sand,MoonRockActive_Sand,primary,unrated,,method_1(jump=Single Jump (258); cap_throw=No Cap Throw Needed; other=Climb) | method_2(jump=Single Jump (258); cap_throw=No Cap Throw Needed; other=Dive),true,ShineAddByRock,A,-1,,4,-1,None,,26300.000,1150.000,-31900.000,SandWorldHomeStageMap.szs;ShineInfo.szs,SandWorldHomeStageMap.byml;ShineList_SandWorldHomeStage.byml;ShinePosList.byml,1,70,-1,16,false,true,5,シャイン【月の石追加版】,ヤシの木で 大ジャンプ！,Use placement_stage_map_indices for StageMap availability and requirement_expr for local ability/capture needs. placement_scenario_no_values is the raw object ScenarioNo field.,casual,
SandWorldHomeStage:3442:550,Sand Kingdom,SandWorldHomeStage,Sand Kingdom,overworld,In the Skies Above the Canyon,SandWorldHomeStage:3442:550,3442,550,ShineFlag_Extra,SandWorldHomeStage::checkpoint::obj98,,free,WorldPeace_Sand,MoonRockActive_Sand,primary,unrated,is this supposed to be In the Skies Above the Canyon?,,true,ShineAddByRockAddHeight,A,-1,,4,-1,None,,-9300.000,4450.000,-5300.000,SandWorldHomeStageMap.szs;ShineInfo.szs,SandWorldHomeStageMap.byml;ShineList_SandWorldHomeStage.byml;ShinePosList.byml,1,69,-1,16,false,true,5,シャイン【月の石追加版2m】,峡谷の上空に,Use placement_stage_map_indices for StageMap availability and requirement_expr for local ability/capture needs. placement_scenario_no_values is the raw object ScenarioNo field.,casual,
SandWorldHomeStage:4392:552,Sand Kingdom,SandWorldHomeStage,Sand Kingdom,overworld,Bird Traveling the Wastes,SandWorldHomeStage:4392:552,4392,552,ShineFlag_None,SandWorldHomeStage::checkpoint::obj98,,free,WorldPeace_Sand,MoonRockActive_Sand,primary,unrated,,method_1(jump=No Jump Needed; cap_throw=No Cap Throw Needed; other=None),true,BirdEagle,L,,,2;3;4,,,,2400.000,-1650.000,-30050.000,SandWorldHomeStageMap.szs;ShineInfo.szs,SandWorldHomeStageMap.byml;ShineList_SandWorldHomeStage.byml;ShinePosList.byml,3,19,-1,28,false,false,3;4;5,鳥[ワシ],荒野の渡り鳥,Use placement_stage_map_indices for StageMap availability and requirement_expr for local ability/capture needs. placement_scenario_no_values is the raw object ScenarioNo field.,casual,
SandWorldHomeStage:4483:553,Sand Kingdom,SandWorldHomeStage,Sand Kingdom,overworld,Caught Hopping in the Desert!,SandWorldHomeStage:4483:553,4483,553,ShineFlag_Extra,SandWorldHomeStage::checkpoint::obj655,,free,WorldPeace_Sand,MoonRockActive_Sand,primary,unrated,,method_1(jump=Long Jump; cap_throw=No Cap Throw Needed; other=None),true,,,,,,,,,19050.000,-1516.820,100.001,ShineInfo.szs,ShineList_SandWorldHomeStage.byml;ShinePosList.byml,1,76,-1,16,false,true,5,ウサギ,砂漠で つかまえたピョン！,Use placement_stage_map_indices for StageMap availability and requirement_expr for local ability/capture needs. placement_scenario_no_values is the raw object ScenarioNo field.,casual,
SandWorldKillerExStage:49:554,Sand Kingdom,SandWorldKillerExStage,Bullet Bill Maze,subarea,The Bullet Bill Maze: Side Path,SandWorldKillerExStage:49:554,49,554,ShineFlag_None,SandWorldKillerExStage::place::new_place_2,,free,WorldPeace_Sand,MoonRockActive_Sand,primary,unrated,,"captures=Frog, Paragoomba, Uproot, Shiverian, Gushen, Hammer Bro, Pokio, Parabones, Bullet Bill | method_1(jump=No Jump Needed; cap_throw=Neutral Throw, Up Throw, Down Throw, Spin Throw; other=Capture)",true,Shine,Common,-1,,0;1;10;11;12;13;14;2;3;4;5;6;7;8;9,-1,None,,850.000,400.000,-9800.000,SandWorldKillerExStageMap.szs;ShineInfo.szs,SandWorldKillerExStageMap.byml;ShineList_SandWorldHomeStage.byml;ShinePosList.byml,15,57,-1,31,false,false,1;2;3;4;5,シャイン,キラー迷路の わき道,Use placement_stage_map_indices for StageMap availability and requirement_expr for local ability/capture needs. placement_scenario_no_values is the raw object ScenarioNo field.,casual,
SandWorldKillerExStage:127:555,Sand Kingdom,SandWorldKillerExStage,Bullet Bill Maze,subarea,The Bullet Bill Maze: Break Through!,SandWorldKillerExStage:127:555,127,555,ShineFlag_None,SandWorldKillerExStage::entrance::doukutu2::sub_far,,free,WorldPeace_Sand,MoonRockActive_Sand,primary,unrated,,"captures=Frog, Paragoomba, Uproot, Shiverian, Gushen, Hammer Bro, Pokio, Parabones, Bullet Bill | method_1(jump=No Jump Needed; cap_throw=Neutral Throw, Down Throw, Up Throw, Spin Throw; other=Capture, Crouch)",true,ShineAddHeight,Common,-1,,0;1;10;11;12;13;14;2;3;4;5;6;7;8;9,-1,None,,1950.000,600.000,-18000.000,SandWorldKillerExStageMap.szs;ShineInfo.szs,SandWorldKillerExStageMap.byml;ShineList_SandWorldHomeStage.byml;ShinePosList.byml,15,44,-1,31,false,false,1;2;3;4;5,シャイン【2m置き】,キラー迷路を突破！,Use placement_stage_map_indices for StageMap availability and requirement_expr for local ability/capture needs. placement_scenario_no_values is the raw object ScenarioNo field.,casual,
SandWorldSphinxExStage:880:556,Sand Kingdom,SandWorldSphinxExStage,Jaxi Driving,subarea,Jaxi Stunt Driving,SandWorldSphinxExStage:880:556,880,556,ShineFlag_None,SandWorldSphinxExStage::entrance::aaa::sub_near,,free,WorldPeace_Sand,MoonRockActive_Sand,primary,unrated,,method_1(jump=No Jump Needed; cap_throw=No Cap Throw Needed; other=Jaxi),true,,,,,,,,,-2950.000,-2450.000,-29300.000,ShineInfo.szs,ShineList_SandWorldHomeStage.byml;ShinePosList.byml,1,58,-1,127,false,false,1;2;3;4;5;6;7,音符オブジェ(1つ目),ライドン・ターン！,Use placement_stage_map_indices for StageMap availability and requirement_expr for local ability/capture needs. placement_scenario_no_values is the raw object ScenarioNo field.,casual,
SandWorldSphinxExStage:334:557,Sand Kingdom,SandWorldSphinxExStage,Jaxi Driving,subarea,Jaxi Driver,SandWorldSphinxExStage:334:557,334,557,ShineFlag_None,SandWorldSphinxExStage::entrance::aaa::sub_near,,free,WorldPeace_Sand,MoonRockActive_Sand,primary,unrated,,method_1(jump=Long Jump; cap_throw=No Cap Throw Needed; other=Jaxi),true,ShineAddHeight,Common,-1,,0;1;10;11;12;13;14;2;3;4;5;6;7;8;9,-1,None,,15425.000,1140.002,-42250.000,SandWorldSphinxExStageMap.szs;ShineInfo.szs,SandWorldSphinxExStageMap.byml;ShineList_SandWorldHomeStage.byml;ShinePosList.byml,15,45,-1,127,false,false,1;2;3;4;5;6;7,シャイン【2m置き】,ライドン・ドライブ！,Use placement_stage_map_indices for StageMap availability and requirement_expr for local ability/capture needs. placement_scenario_no_values is the raw object ScenarioNo field.,casual,
SandWorldUnderground000Stage:352:558,Sand Kingdom,SandWorldUnderground000Stage,Underground Ruins,subarea,Goomba Tower Assembly,SandWorldUnderground000Stage:352:558,352,558,ShineFlag_None,SandWorldUnderground000Stage::place::new_place,,Kuribo,WorldPeace_Sand,MoonRockActive_Sand,primary,unrated,,"captures=Frog, Uproot, Gushen, Pokio, Goomba | method_1(jump=No Jump Needed; cap_throw=Neutral Throw; other=Capture) | method_2(jump=Long Jump; cap_throw=Neutral Throw, Up Throw, Down Throw, Spin Throw; other=Capture)",true,Shine,Common,-1,,0;1;10;11;12;13;14;2;3;4;5;6;7;8;9,-1,None,,3600.000,2200.000,-12600.000,SandWorldUnderground000StageMap.szs;ShineInfo.szs,SandWorldUnderground000StageMap.byml;ShineList_SandWorldHomeStage.byml;ShinePosList.byml,15,40,-1,126,false,false,2;3;4;5;6;7,シャイン,参上！ タワークリボー,Use placement_stage_map_indices for StageMap availability and requirement_expr for local ability/capture needs. placement_scenario_no_values is the raw object ScenarioNo field.,casual,
SandWorldUnderground001Stage:9:560,Sand Kingdom,SandWorldUnderground001Stage,Deepest Underground,subarea,The Hole in the Desert,SandWorldUnderground001Stage:9:560,9,560,ShineFlag_Story | ShineFlag_Multi,SandWorldUnderground001Stage::place::new_place,,(BossKnuckleHand & Killer) | Killer,WorldPeace_Sand,MoonRockActive_Sand,primary,unrated,,"captures=Locked behind Default Capture, Paragoomba, Glydon, Gushen, Parabones | method_1(jump=Single Jump (258); cap_throw=Neutral Throw, Up Throw, Down Throw, Spin Throw; other=None)",true,,,,,,,,,-23450.000,-11250.000,-25200.000,ShineInfo.szs,ShineList_SandWorldHomeStage.byml;ShinePosList.byml,1,3,3,2,true,false,2;3;4;5;6;7,ボスナックル,砂漠にあいた 大きな穴,Use placement_stage_map_indices for StageMap availability and requirement_expr for local ability/capture needs. placement_scenario_no_values is the raw object ScenarioNo field.,casual,"1,2,3,4,5;3,4,5"
SandWorldMeganeExStage:253:561,Sand Kingdom,SandWorldMeganeExStage,Transparent Lifts,subarea,Skull Sign in the Transparent Maze,SandWorldMeganeExStage:253:561,253,561,ShineFlag_None,SandWorldMeganeExStage::entrance::wall::sub_near,,free,WorldPeace_Sand,MoonRockActive_Sand,primary,unrated,,"method_1(jump=Long Jump; cap_throw=Neutral Throw, Up Throw, Down Throw, Spin Throw; other=None)",true,,,,,,,,,-16150.000,-2848.000,250.000,ShineInfo.szs,ShineList_SandWorldHomeStage.byml;ShinePosList.byml,1,56,-1,31,false,false,1;2;3;4;5,ドクロ看板,とうめいラビリンスの ドクロ看板,Use placement_stage_map_indices for StageMap availability and requirement_expr for local ability/capture needs. placement_scenario_no_values is the raw object ScenarioNo field.,casual,
SandWorldMeganeExStage:119:562,Sand Kingdom,SandWorldMeganeExStage,Transparent Lifts,subarea,The Invisible Maze,SandWorldMeganeExStage:119:562,119,562,ShineFlag_None,SandWorldMeganeExStage::entrance::wall::sub_far,,free,WorldPeace_Sand,MoonRockActive_Sand,primary,unrated,,"method_1(jump=Long Jump; cap_throw=No Cap Throw Needed, Neutral Throw, Up Throw, Down Throw, Spin Throw; other=None)",true,Shine,Common,-1,,0;1;10;11;12;13;14;2;3;4;5;6;7;8;9,-1,None,,-6650.000,150.000,500.000,SandWorldMeganeExStageMap.szs;ShineInfo.szs,SandWorldMeganeExStageMap.byml;ShineList_SandWorldHomeStage.byml;ShinePosList.byml,15,43,-1,31,false,false,1;2;3;4;5,シャイン,とうめいラビリンスを たどって,Use placement_stage_map_indices for StageMap availability and requirement_expr for local ability/capture needs. placement_scenario_no_values is the raw object ScenarioNo field.,casual,
SandWorldPyramid001Stage:265:563,Sand Kingdom,SandWorldPyramid001Stage,Inverted Pyramid: Upper Interior,subarea,Hidden Room in the Inverted Pyramid,SandWorldPyramid001Stage:265:563,265,563,ShineFlag_None,SandWorldPyramid001Stage::place::new_place,,Killer | (Vault & Dive & NeutralThrow) | (TripleJump & WallJump & Dive & NeutralThrow) | (LongJump & WallJump & Dive & NeutralThrow),WorldPeace_Sand,MoonRockActive_Sand,primary,unrated,,,true,TreasureBox,Common,,,0;1;10;11;12;13;14;2;3;4;5;6;7;8;9,,None,,2450.000,650.000,-18850.000,SandWorldPyramid001StageMap.szs;ShineInfo.szs,SandWorldPyramid001StageMap.byml;ShineList_SandWorldHomeStage.byml;ShinePosList.byml,15,62,-1,127,false,false,1;2;3;4;5;6;7,宝箱,さかさピラミッドの かくし部屋,Use placement_stage_map_indices for StageMap availability and requirement_expr for local ability/capture needs. placement_scenario_no_values is the raw object ScenarioNo field.,casual;advanced;casual;casual,"1,2,3,4,5"
SandWorldShopStage:9:564,Sand Kingdom,SandWorldShopStage,Crazy Cap Store,subarea,Employees Only,SandWorldShopStage:9:564,9,564,ShineFlag_None,SandWorldShopStage::entrance::bar2::sub_near,,free,WorldPeace_Sand,MoonRockActive_Sand,primary,unrated,,method_1(jump=No Jump Needed; cap_throw=No Cap Throw Needed; other=Crouch),true,Shine,Common,-1,,0;1;10;11;12;13;14;2;3;4;5;6;7;8;9,-1,None,,350.000,0.000,-1350.000,SandWorldShopStageMap.szs;ShineInfo.szs,SandWorldShopStageMap.byml;ShineList_SandWorldHomeStage.byml;ShinePosList.byml,15,31,-1,127,false,false,0;1;2;3;4;5;6;7,シャイン,お店の中まで おじゃまします,Use placement_stage_map_indices for StageMap availability and requirement_expr for local ability/capture needs. placement_scenario_no_values is the raw object ScenarioNo field.,casual,
SandWorldShopStage:21:565,Sand Kingdom,SandWorldShopStage,Crazy Cap Store,subarea,Shopping in Tostarena,SandWorldShopStage:21:565,21,565,ShineFlag_None,SandWorldShopStage::entrance::bar1::sub_near,,free,WorldPeace_Sand,MoonRockActive_Sand,primary,unrated,,method_1(jump=No Jump Needed; cap_throw=No Cap Throw Needed; other=None),true,,,,,,,,,21567.699,-2600.000,-10216.500,ShineInfo.szs,ShineList_SandWorldHomeStage.byml;ShinePosList.byml,1,26,-1,127,false,false,1;2;3;4;5;6;7,ショップ店員,アッチーニャで お買い物,Use placement_stage_map_indices for StageMap availability and requirement_expr for local ability/capture needs. placement_scenario_no_values is the raw object ScenarioNo field.,casual,
SandWorldSecretStage:92:566,Sand Kingdom,SandWorldSecretStage,Sphynx Treasure Vault,subarea,Sphynx's Treasure Vault,SandWorldSecretStage:92:566,92,566,ShineFlag_None,SandWorldSecretStage::entrance::hide::sub_near,,free,WorldPeace_Sand,MoonRockActive_Sand,primary,unrated,,"method_1(jump=Single Jump (258); cap_throw=Neutral Throw, Down Throw, Spin Throw, Up Throw)",true,TreasureBox,Common,,,0;1;10;11;12;13;14;2;3;4;5;6;7;8;9,,None,,0.000,150.000,-850.000,SandWorldSecretStageMap.szs;ShineInfo.szs,SandWorldSecretStageMap.byml;ShineList_SandWorldHomeStage.byml;ShinePosList.byml,15,34,-1,31,false,false,1;2;3;4;5,宝箱,スフィン・クイズの宝物庫,Use placement_stage_map_indices for StageMap availability and requirement_expr for local ability/capture needs. placement_scenario_no_values is the raw object ScenarioNo field.,casual,
SandWorldPressExStage:87:567,Sand Kingdom,SandWorldPressExStage,Ice Cave,subarea,Ice Cave Treasure,SandWorldPressExStage:87:567,87,567,ShineFlag_None,SandWorldPressExStage::entrance::arijigoku2::sub_far,,WallJump,WorldPeace_Sand,MoonRockActive_Sand,primary,unrated,,"method_1(jump=Single Jump (258); cap_throw=Neutral Throw, Up Throw, Down Throw, Spin Throw; other=Ledge Grab, Wall Jump) | method_2(jump=Single Jump (258); cap_throw=Neutral Throw, Up Throw, Down Throw, Spin Throw; other=Wall Jump, Dive) | method_3(jump=Ground Pound Jump (514); cap_throw=No Cap Throw Needed; other=Wall Jump, Ledge Grab) | method_4(jump=Ground Pound Jump (514); cap_throw=No Cap Throw Needed; other=Wall Jump, Dive)",true,ShineAddHeight,Common,-1,,0;1;10;11;12;13;14;2;3;4;5;6;7;8;9,-1,None,,-3994.129,4200.000,-10876.943,SandWorldPressExStageMap.szs;ShineInfo.szs,SandWorldPressExStageMap.byml;ShineList_SandWorldHomeStage.byml;ShinePosList.byml,15,35,-1,127,false,false,1;2;3;4;5;6;7,シャイン【2m置き】,氷の洞くつの宝,Use placement_stage_map_indices for StageMap availability and requirement_expr for local ability/capture needs. placement_scenario_no_values is the raw object ScenarioNo field.,casual,
SandWorldCostumeStage:19:569,Sand Kingdom,SandWorldCostumeStage,Costume Room,subarea,Dancing with New Friends,SandWorldCostumeStage:19:569,19,569,ShineFlag_None,SandWorldCostumeStage::entrance::abc::sub_near,,free,WorldPeace_Sand,MoonRockActive_Sand,primary,unrated,,method_1(jump=Long Jump; cap_throw=No Cap Throw Needed; other=None),true,ShineAddHeight,Common,-1,,0;1;10;11;12;13;14;2;3;4;5;6;7;8;9,-1,CostumeShine,,500.000,100.000,-200.000,SandWorldCostumeStageMap.szs;ShineInfo.szs,SandWorldCostumeStageMap.byml;ShineList_SandWorldHomeStage.byml;ShinePosList.byml,15,47,-1,127,false,false,1;2;3;4;5;6;7,ステージスイッチ_プレイヤーアニメ再生エリア,ノリノリ おどりまショー！,Use placement_stage_map_indices for StageMap availability and requirement_expr for local ability/capture needs. placement_scenario_no_values is the raw object ScenarioNo field.,casual,
SandWorldRotateExStage:20:570,Sand Kingdom,SandWorldRotateExStage,Strange Neighborhood,subarea,Strange Neighborhood,SandWorldRotateExStage:20:570,20,570,ShineFlag_None,SandWorldRotateExStage::place::new_place,,free,WorldPeace_Sand,MoonRockActive_Sand,primary,unrated,,"method_1(jump=Single Jump (258); cap_throw=Neutral Throw, Up Throw, Down Throw, Spin Throw; other=None, Capture)",true,Shine,Common,-1,,0;1;10;11;12;13;14;2;3;4;5;6;7;8;9,-1,None,,-9600.000,1500.000,-700.000,SandWorldRotateExStageMap.szs;ShineInfo.szs,SandWorldRotateExStageMap.byml;ShineList_SandWorldHomeStage.byml;ShinePosList.byml,15,46,-1,28,false,false,3;4;5,シャイン,ローリングハウスを 越えて,Use placement_stage_map_indices for StageMap availability and requirement_expr for local ability/capture needs. placement_scenario_no_values is the raw object ScenarioNo field.,casual,
SandWorldRotateExStage:206:571,Sand Kingdom,SandWorldRotateExStage,Strange Neighborhood,subarea,Above a Strange Neighborhood,SandWorldRotateExStage:206:571,206,571,ShineFlag_None,SandWorldRotateExStage::place::new_place,,free,WorldPeace_Sand,MoonRockActive_Sand,primary,unrated,,"method_1(jump=Backflip/Vault/Side Flip (496); cap_throw=Neutral Throw, Up Throw, Down Throw, Spin Throw; other=None, Capture)",true,Shine,Common,-1,,0;1;10;11;12;13;14;2;3;4;5;6;7;8;9,-1,None,,-9600.000,2450.000,-8300.000,SandWorldRotateExStageMap.szs;ShineInfo.szs,SandWorldRotateExStageMap.byml;ShineList_SandWorldHomeStage.byml;ShinePosList.byml,15,59,-1,28,false,false,3;4;5,シャイン,ローリングハウスを 見下ろして,Use placement_stage_map_indices for StageMap availability and requirement_expr for local ability/capture needs. placement_scenario_no_values is the raw object ScenarioNo field.,casual,
MeganeLiftExStage:217:572,Sand Kingdom,MeganeLiftExStage,The Invisible Maze,subarea,Where the Transparent Platforms End,MeganeLiftExStage:217:572,217,572,ShineFlag_Extra,MeganeLiftExStage::entrance::meganelift02::sub_far,,free,WorldPeace_Sand,MoonRockActive_Sand,primary,unrated,,"method_1(jump=No Jump Needed; cap_throw=Neutral Throw, Up Throw, Down Throw, Spin Throw; other=Dive) | method_2(jump=Long Jump; cap_throw=Neutral Throw, Up Throw, Down Throw, Spin Throw; other=None) | method_3(jump=Single Jump (258); cap_throw=No Cap Throw Needed; other=None) | method_4(jump=No Jump Needed; cap_throw=No Cap Throw Needed; other=Ledge Grab, Wall Jump, Dive) | method_5(jump=No Jump Needed; cap_throw=Neutral Throw, Up Throw, Down Throw, Spin Throw; other=Jaxi, Capture)",true,ShineAddHeight,Common,-1,,0;1;10;11;12;13;14;2;3;4;5;6;7;8;9,-1,None,,-800.000,200.000,-17200.000,MeganeLiftExStageMap.szs;ShineInfo.szs,MeganeLiftExStageMap.byml;ShineList_SandWorldHomeStage.byml;ShinePosList.byml,15,80,-1,16,false,false,5,シャイン【2m置き】,とうめいリフトの終点,Use placement_stage_map_indices for StageMap availability and requirement_expr for local ability/capture needs. placement_scenario_no_values is the raw object ScenarioNo field.,casual,
MeganeLiftExStage:315:573,Sand Kingdom,MeganeLiftExStage,The Invisible Maze,subarea,Jump Onto the Transparent Lift,MeganeLiftExStage:315:573,315,573,ShineFlag_Extra,MeganeLiftExStage::entrance::meganelift01::sub_near,,free,WorldPeace_Sand,MoonRockActive_Sand,primary,unrated,,"method_1(jump=No Jump Needed; cap_throw=Neutral Throw, Up Throw, Down Throw, Spin Throw; other=Dive) | method_2(jump=Long Jump; cap_throw=No Cap Throw Needed; other=None) | method_3(jump=No Jump Needed; cap_throw=No Cap Throw Needed; other=Ledge Grab, Wall Jump, Dive) | method_4(jump=No Jump Needed; cap_throw=Neutral Throw, Up Throw, Down Throw, Spin Throw; other=Jaxi)",true,,,,,,,,,27250.000,-1678.230,-11050.000,ShineInfo.szs,ShineList_SandWorldHomeStage.byml;ShinePosList.byml,1,86,-1,16,false,false,5,鍵付き宝箱,とうめいリフトに とび乗って,Use placement_stage_map_indices for StageMap availability and requirement_expr for local ability/capture needs. placement_scenario_no_values is the raw object ScenarioNo field.,casual,
RocketFlowerExStage:302:574,Sand Kingdom,RocketFlowerExStage,Colossal Ruins,subarea,Sinking Colossal Ruins: Hurry!,RocketFlowerExStage:302:574,302,574,ShineFlag_Extra,RocketFlowerExStage::entrance::rocket::sub_near,,ElectricWire,WorldPeace_Sand,MoonRockActive_Sand,primary,unrated,,"captures=Locked behind Default Capture | method_1(jump=Single Jump (258); cap_throw=Neutral Throw, Up Throw, Down Throw, Spin Throw; other=None, Capture)",true,,,,,,,,,3200.000,-1020.430,-11900.000,ShineInfo.szs,ShineList_SandWorldHomeStage.byml;ShinePosList.byml,1,83,-1,16,false,false,5,鍵付き宝箱,急げ！ 沈む巨大遺跡,Use placement_stage_map_indices for StageMap availability and requirement_expr for local ability/capture needs. placement_scenario_no_values is the raw object ScenarioNo field.,casual,
RocketFlowerExStage:232:575,Sand Kingdom,RocketFlowerExStage,Colossal Ruins,subarea,Colossal Ruins: Dash! Jump!,RocketFlowerExStage:232:575,232,575,ShineFlag_Extra,RocketFlowerExStage::entrance::rocket::sub_near,,ElectricWire | (GroundPound & RollBoost & Vault & Dive & NeutralThrow),WorldPeace_Sand,MoonRockActive_Sand,primary,unrated,,"captures=Paragoomba, Glydon, Shiverian, Gushen, Dino, Parabones | method_1(jump=Single Jump (258); cap_throw=Neutral Throw, Up Throw, Down Throw, Spin Throw; other=None, Capture) | method_2(jump=No Jump Needed; cap_throw=Neutral Throw, Up Throw, Down Throw, Spin Throw; other=Capture)",true,ShineAddHeight,Common,-1,,0;1;10;11;12;13;14;2;3;4;5;6;7;8;9,-1,None,,13900.000,-600.000,-3600.000,RocketFlowerExStageMap.szs;ShineInfo.szs,RocketFlowerExStageMap.byml;ShineList_SandWorldHomeStage.byml;ShinePosList.byml,15,87,-1,16,false,false,5,シャイン【2m置き】,ダッシュ！ ジャンプ！ 巨大遺跡,Use placement_stage_map_indices for StageMap availability and requirement_expr for local ability/capture needs. placement_scenario_no_values is the raw object ScenarioNo field.,casual;expert,
SandWorldHomeStage:5320:692,Sand Kingdom,SandWorldHomeStage,Sand Kingdom,overworld,"You're Quite a Catch, Captain Toad!",SandWorldHomeStage:5320:692,5320,692,ShineFlag_None,SandWorldHomeStage::checkpoint::obj1597,,JugemFishing,WorldPeace_Sand,MoonRockActive_Sand,primary,unrated,,"captures=Locked behind Default Capture | method_1(jump=No Jump Needed; cap_throw=Neutral Throw, Up Throw, Down Throw, Spin Throw; other=Capture)",true,,,,,,,,,21460.000,150.000,-31900.000,ShineInfo.szs,ShineList_SandWorldHomeStage.byml;ShinePosList.byml,1,52,-1,28,false,false,3;4;5,魚影_キノピオ隊長,釣れた！ キノピオ隊長,Use placement_stage_map_indices for StageMap availability and requirement_expr for local ability/capture needs. placement_scenario_no_values is the raw object ScenarioNo field.,casual,"3,4,5"
SandWorldHomeStage:5335:712,Sand Kingdom,SandWorldHomeStage,Sand Kingdom,overworld,More Walking in the Desert!,SandWorldHomeStage:5335:712,5335,712,ShineFlag_Extra,SandWorldHomeStage::checkpoint::obj98,,free,WorldPeace_Sand,MoonRockActive_Sand,primary,unrated,,method_1(jump=No Jump Needed; cap_throw=No Cap Throw Needed; other=None),true,,,,,,,,,10900.000,-1628.210,-26100.000,ShineInfo.szs,ShineList_SandWorldHomeStage.byml;ShinePosList.byml,1,81,-1,16,false,true,5,フィギュアウォーキングNpc,もっと！ 砂漠で ウォーキング,Use placement_stage_map_indices for StageMap availability and requirement_expr for local ability/capture needs. placement_scenario_no_values is the raw object ScenarioNo field.,casual,
SandWorldKillerTowerZone:210:783,Sand Kingdom,SandWorldHomeStage,Sand Kingdom,overworld,Taking Notes: In the Wall Painting,SandWorldKillerTowerZone:210:783,210,783,ShineFlag_Extra,SandWorldKillerTowerZone::start,,free,WorldPeace_Sand,MoonRockActive_Sand,primary,unrated,,method_1(jump=Long Jump; cap_throw=No Cap Throw Needed; other=2D jump (any jump)),true,,,,,,,,,-15123.532,5000.000,-517.426,ShineInfo.szs,ShineList_SandWorldHomeStage.byml;ShinePosList.byml,1,78,-1,16,false,true,5,音符オブジェ2D(1つ目)_2D,壁画の中で 音符集め,Use placement_stage_map_indices for StageMap availability and requirement_expr for local ability/capture needs. placement_scenario_no_values is the raw object ScenarioNo field.,casual,
SandWorldHomeStage:5364:799,Sand Kingdom,SandWorldHomeStage,Sand Kingdom,overworld,Into the Flowing Sands,SandWorldHomeStage:5364:799,5364,799,ShineFlag_Extra,SandWorldHomeStage::checkpoint::obj98,,free,WorldPeace_Sand,MoonRockActive_Sand,primary,unrated,,method_1(jump=Long Jump; cap_throw=No Cap Throw Needed; other=None),true,ShineAddByRock,A,-1,,4,-1,None,,-6250.000,-377.143,-12850.000,SandWorldHomeStageMap.szs;ShineInfo.szs,SandWorldHomeStageMap.byml;ShineList_SandWorldHomeStage.byml;ShinePosList.byml,1,68,-1,16,false,true,5,シャイン【月の石追加版】,流砂に とびこんで,Use placement_stage_map_indices for StageMap availability and requirement_expr for local ability/capture needs. placement_scenario_no_values is the raw object ScenarioNo field.,casual,
SandWorldUnderground001Stage:244:887,Sand Kingdom,SandWorldUnderground001Stage,Deepest Underground,subarea,Binding Band Returned,SandWorldUnderground001Stage:244:887,244,887,ShineFlag_None,SandWorldUnderground001Stage::place::new_place,,GroundPound,WorldPeace_Sand,MoonRockActive_Sand,primary,unrated,,"method_1(jump=Single Jump (258); cap_throw=Neutral Throw, Up Throw, Down Throw, Spin Throw; other=Ground Pound)",true,,,,,,,,,-26150.000,-2700.000,-12850.000,ShineInfo.szs,ShineList_SandWorldHomeStage.byml;ShinePosList.byml,1,67,-1,120,false,false,0;1;2;3;4;5;6;7,ここ掘れポイント,かえってきた 結婚指輪,Use placement_stage_map_indices for StageMap availability and requirement_expr for local ability/capture needs. placement_scenario_no_values is the raw object ScenarioNo field.,casual,5
SandWorldHomeStage:5989:893,Sand Kingdom,SandWorldHomeStage,Sand Kingdom,overworld,Among the Five Cactuses,SandWorldHomeStage:5989:893,5989,893,ShineFlag_None,SandWorldHomeStage::place::new_place_6,,free,WorldPeace_Sand,MoonRockActive_Sand,primary,unrated,,method_1(jump=No Jump Needed; cap_throw=Neutral Throw; other=None),true,,,,,,,,,-34550.000,-800.000,-11650.000,ShineInfo.szs,ShineList_SandWorldHomeStage.byml;ShinePosList.byml,1,53,-1,127,false,false,1;2;3;4;5;6;7,サボテン,サボテン５本の真ん中に,Use placement_stage_map_indices for StageMap availability and requirement_expr for local ability/capture needs. placement_scenario_no_values is the raw object ScenarioNo field.,casual,
SandWorldHomeStage:6057:910,Sand Kingdom,SandWorldHomeStage,Sand Kingdom,overworld,Jammin' in the Sand Kingdom,SandWorldHomeStage:6057:910,6057,910,ShineFlag_None,SandWorldHomeStage::checkpoint::obj655,,free,WorldPeace_Sand,MoonRockActive_Sand,primary,unrated,,"method_1(jump=Long Jump; cap_throw=No Cap Throw Needed; other=None) | method_2(jump=No Jump Needed; cap_throw=Neutral Throw, Up Throw, Down Throw, Spin Throw; other=None)",true,,,,,,,,,21800.000,-750.000,-14300.000,ShineInfo.szs,ShineList_SandWorldHomeStage.byml;ShinePosList.byml,1,66,-1,24,false,false,4;5,キノピオ,砂の国で ナイスミュージック,Use placement_stage_map_indices for StageMap availability and requirement_expr for local ability/capture needs. placement_scenario_no_values is the raw object ScenarioNo field.,casual,
SandWorldHomeStage:6059:924,Sand Kingdom,SandWorldHomeStage,Sand Kingdom,overworld,Hat-and-Seek: In the Sand,SandWorldHomeStage:6059:924,6059,924,ShineFlag_None,SandWorldHomeStage::checkpoint::obj655,,free,WorldPeace_Sand,MoonRockActive_Sand,primary,unrated,,method_1(jump=No Jump Needed; cap_throw=No Cap Throw Needed; other=None),true,,,,,,,,,23650.000,-2420.730,-10300.000,ShineInfo.szs,ShineList_SandWorldHomeStage.byml;ShinePosList.byml,1,65,-1,24,false,false,4;5,かくれんぼ帽子の民,砂の帽子で かくれんぼ,Use placement_stage_map_indices for StageMap availability and requirement_expr for local ability/capture needs. placement_scenario_no_values is the raw object ScenarioNo field.,casual,
SandWorldUnderground000Stage:463:953,Sand Kingdom,SandWorldUnderground000Stage,Underground Ruins,subarea,Underground Treasure Chest,SandWorldUnderground000Stage:463:953,463,953,ShineFlag_None,SandWorldUnderground000Stage::place::new_place,,(Killer & Dive) | (Killer & LedgeGrab) | (Killer & Backflip) | (Killer & GroundPoundJump) | (Killer & SideFlip) | (Killer & Spin) | (Killer & TripleJump) | (Killer & WallJump) | (Killer & Vault),WorldPeace_Sand,MoonRockActive_Sand,primary,unrated,,"captures=Paragoomba, Glydon, Parabones, Yoshi, Bullet Bill, Gushen | method_1(jump=Long Jump; cap_throw=Neutral Throw, Up Throw, Down Throw, Spin Throw; other=Capture, 2D jump (any jump))",true,TreasureBox,Common,,,0;1;10;11;12;13;14;2;3;4;5;6;7;8;9,,None,,28700.000,4350.000,-7825.000,SandWorldUnderground000StageMap.szs;ShineInfo.szs,SandWorldUnderground000StageMap.byml;ShineList_SandWorldHomeStage.byml;ShinePosList.byml,15,39,-1,126,false,false,2;3;4;5;6;7,宝箱,地下神殿の宝箱,Use placement_stage_map_indices for StageMap availability and requirement_expr for local ability/capture needs. placement_scenario_no_values is the raw object ScenarioNo field.,casual,
SandWorldHomeStage:6126:965,Sand Kingdom,SandWorldHomeStage,Sand Kingdom,overworld,Love at the Edge of the Desert,SandWorldHomeStage:6126:965,6126,965,ShineFlag_Extra,SandWorldHomeStage::checkpoint::obj98,,Kuribo,WorldPeace_Sand,MoonRockActive_Sand,primary,unrated,,"captures=Goomba, Paragoomba | method_1(jump=No Jump Needed; cap_throw=Neutral Throw, Up Throw, Down Throw, Spin Throw; other=Capture)",true,,,,,,,,,-38500.000,-789.310,200.001,ShineInfo.szs,ShineList_SandWorldHomeStage.byml;ShinePosList.byml,1,79,-1,16,false,true,5,ガールクリボー,砂漠の果てのガールフレンド,Use placement_stage_map_indices for StageMap availability and requirement_expr for local ability/capture needs. placement_scenario_no_values is the raw object ScenarioNo field.,casual,
SandWorldUnderground001Stage:321:995,Sand Kingdom,SandWorldUnderground001Stage,Deepest Underground,subarea,Under the Mummy's Curse,SandWorldUnderground001Stage:321:995,321,995,ShineFlag_None,SandWorldUnderground001Stage::entrance::Out::sub_near,,free,WorldPeace_Sand,MoonRockActive_Sand,primary,unrated,,method_1(jump=Long Jump; cap_throw=No Cap Throw Needed; other=None),true,,,,,,,,,-26150.000,-2700.000,-12850.000,ShineInfo.szs,ShineList_SandWorldHomeStage.byml;ShinePosList.byml,1,41,-1,124,false,false,0;1;2;3;4;5;6;7,ミイラ,ミイラの お守り,Use placement_stage_map_indices for StageMap availability and requirement_expr for local ability/capture needs. placement_scenario_no_values is the raw object ScenarioNo field.,casual,5
SandWorldHomeStage:6208:1045,Sand Kingdom,SandWorldHomeStage,Sand Kingdom,overworld,Sand Kingdom Regular Cup,SandWorldHomeStage:6208:1045,6208,1045,ShineFlag_None,SandWorldHomeStage::checkpoint::obj1595,,free,WorldPeace_Sand,MoonRockActive_Sand,primary,unrated,,"method_1(jump=No Jump Needed; cap_throw=Neutral Throw, Up Throw, Down Throw, Spin Throw; other=Capture) | method_2(jump=Single Jump (258); cap_throw=No Cap Throw Needed; other=Jaxi) | method_3(jump=Long Jump; cap_throw=Neutral Throw, Up Throw, Down Throw, Spin Throw; other=Jaxi)",true,,,,,,,,,-31250.000,-1487.380,10700.000,ShineInfo.szs,ShineList_SandWorldHomeStage.byml;ShinePosList.byml,1,23,-1,24,false,false,4;5,駆けっこ開始Npc,砂の国 レギュラーカップ,Use placement_stage_map_indices for StageMap availability and requirement_expr for local ability/capture needs. placement_scenario_no_values is the raw object ScenarioNo field.,casual,
SandWorldHomeStage:6209:1046,Sand Kingdom,SandWorldHomeStage,Sand Kingdom,overworld,Sand Kingdom Master Cup,SandWorldHomeStage:6209:1046,6209,1046,ShineFlag_Extra,SandWorldHomeStage::checkpoint::obj1595,,free,WorldPeace_Sand,MoonRockActive_Sand,primary,unrated,,"method_1(jump=No Jump Needed; cap_throw=Neutral Throw, Up Throw, Down Throw, Spin Throw; other=Capture) | method_2(jump=Single Jump (258); cap_throw=No Cap Throw Needed; other=Jaxi) | method_3(jump=Long Jump; cap_throw=Neutral Throw, Up Throw, Down Throw, Spin Throw; other=Jaxi)",true,,,,,,,,,-31250.000,-1487.380,10700.000,ShineInfo.szs,ShineList_SandWorldHomeStage.byml;ShinePosList.byml,1,82,-1,16,false,true,5,駆けっこ開始Npc,砂の国 マスターカップ,Use placement_stage_map_indices for StageMap availability and requirement_expr for local ability/capture needs. placement_scenario_no_values is the raw object ScenarioNo field.,casual,
SandWorldSlotStage:34:1047,Sand Kingdom,SandWorldSlotStage,Tostarena Slots,subarea,Sand Kingdom Slots,SandWorldSlotStage:34:1047,34,1047,ShineFlag_None,SandWorldSlotStage::entrance::town::sub_near,,free,WorldPeace_Sand,MoonRockActive_Sand,primary,unrated,,"method_1(jump=No Jump Needed; cap_throw=Neutral Throw, Up Throw, Down Throw, Spin Throw; other=None)",true,,,,,,,,,21005.000,-1925.000,-14095.000,ShineInfo.szs,ShineList_SandWorldHomeStage.byml;ShinePosList.byml,1,42,-1,127,false,false,1;2;3;4;5;6;7,帽子スロット台座,砂の国で スロットやろっと,Use placement_stage_map_indices for StageMap availability and requirement_expr for local ability/capture needs. placement_scenario_no_values is the raw object ScenarioNo field.,casual,
SandWorldHomeStage:6270:1059,Sand Kingdom,SandWorldHomeStage,Sand Kingdom,overworld,Jaxi Reunion!,SandWorldHomeStage:6270:1059,6270,1059,ShineFlag_None,SandWorldHomeStage::checkpoint::obj1597,,free,WorldPeace_Sand,MoonRockActive_Sand,primary,unrated,,method_1(jump=No Jump Needed; cap_throw=No Cap Throw Needed; other=None),true,,,,,,,,,23750.000,-650.000,-38850.000,ShineInfo.szs,ShineList_SandWorldHomeStage.byml;ShinePosList.byml,1,55,-1,28,false,false,3;4;5,ジャガータクシーイベント,再会！ ライドン・バス,Use placement_stage_map_indices for StageMap availability and requirement_expr for local ability/capture needs. placement_scenario_no_values is the raw object ScenarioNo field.,casual,
SandWorldHomeStage:6244:1096,Sand Kingdom,SandWorldHomeStage,Sand Kingdom,overworld,Found with Sand Kingdom Art,SandWorldHomeStage:6244:1096,6244,1096,ShineFlag_HintArt,SandWorldHomeStage::checkpoint::obj655,,(KingdomAccess_Bowsers & GroundPound),WorldPeace_Sand,MoonRockActive_Sand,primary,unrated,,"captures=Locked behind Default Capture | method_1(jump=Long Jump; cap_throw=Neutral Throw, Up Throw, Down Throw, Spin Throw; other=Capture, Ground Pound)",true,HintPhoto,O,,,3;4,,,,20400.000,-2372.759,-15567.502,SandWorldHomeStageMap.szs;ShineInfo.szs,SandWorldHomeStageMap.byml;ShineList_SandWorldHomeStage.byml;ShinePosList.byml,2,37,-1,24,false,false,4;5,ヒント写真,砂の国で見つけた お宝写真,Use placement_stage_map_indices for StageMap availability and requirement_expr for local ability/capture needs. placement_scenario_no_values is the raw object ScenarioNo field.,casual,
SandWorldHomeStage:2874:1112,Sand Kingdom,SandWorldHomeStage,Sand Kingdom,overworld,Desert Gardening: Plaza Seed,SandWorldHomeStage:2874:1112,2874,1112,ShineFlag_None,SandWorldHomeStage::checkpoint::obj655,,free,WorldPeace_Sand,MoonRockActive_Sand,primary,unrated,,"method_1(jump=Long Jump; cap_throw=No Cap Throw Needed; other=None) | method_2(jump=No Jump Needed; cap_throw=Neutral Throw, Up Throw, Down Throw, Spin Throw; other=None) | method_3(jump=No Jump Needed; cap_throw=No Cap Throw Needed; other=Roll)",true,,,,,,,,,20500.000,-1986.410,-10150.000,ShineInfo.szs,ShineList_SandWorldHomeStage.byml;ShinePosList.byml,1,30,-1,31,false,false,1;2;3;4;5,育つ草種,咲いた！ 広場の種,Use placement_stage_map_indices for StageMap availability and requirement_expr for local ability/capture needs. placement_scenario_no_values is the raw object ScenarioNo field.,casual,
SandWorldHomeStage:2875:1113,Sand Kingdom,SandWorldHomeStage,Sand Kingdom,overworld,Desert Gardening: Ruins Seed,SandWorldHomeStage:2875:1113,2875,1113,ShineFlag_None,SandWorldHomeStage::checkpoint::obj655,,free,WorldPeace_Sand,MoonRockActive_Sand,primary,unrated,,"method_1(jump=Long Jump; cap_throw=No Cap Throw Needed; other=None) | method_2(jump=No Jump Needed; cap_throw=Neutral Throw, Up Throw, Down Throw, Spin Throw; other=None) | method_3(jump=No Jump Needed; cap_throw=No Cap Throw Needed; other=Roll)",true,,,,,,,,,-3750.000,-1660.000,-22350.000,ShineInfo.szs,ShineList_SandWorldHomeStage.byml;ShinePosList.byml,1,33,-1,31,false,false,1;2;3;4;5,育つ草種,咲いた！ アッチーニャ遺跡の種,Use placement_stage_map_indices for StageMap availability and requirement_expr for local ability/capture needs. placement_scenario_no_values is the raw object ScenarioNo field.,casual,
SandWorldHomeStage:2876:1114,Sand Kingdom,SandWorldHomeStage,Sand Kingdom,overworld,Desert Gardening: Seed on the Cliff,SandWorldHomeStage:2876:1114,2876,1114,ShineFlag_None,SandWorldHomeStage::checkpoint::obj655,,free,WorldPeace_Sand,MoonRockActive_Sand,primary,unrated,,"method_1(jump=Long Jump; cap_throw=No Cap Throw Needed; other=Wall Jump) | method_2(jump=No Jump Needed; cap_throw=Neutral Throw, Up Throw, Down Throw, Spin Throw; other=None) | method_3(jump=No Jump Needed; cap_throw=No Cap Throw Needed; other=Roll)",true,,,,,,,,,9295.000,-1400.000,14450.000,ShineInfo.szs,ShineList_SandWorldHomeStage.byml;ShinePosList.byml,1,36,-1,31,false,false,1;2;3;4;5,育つ草種,咲いた！ ガケ下の種,Use placement_stage_map_indices for StageMap availability and requirement_expr for local ability/capture needs. placement_scenario_no_values is the raw object ScenarioNo field.,casual,
SandWorldVibrationStage:15:1136,Sand Kingdom,SandWorldVibrationStage,Rumbling Floor House,subarea,A Rumble from the Sandy Floor,SandWorldVibrationStage:15:1136,15,1136,ShineFlag_None,SandWorldVibrationStage::entrance::shindo::sub_near,,GroundPound,WorldPeace_Sand,MoonRockActive_Sand,primary,unrated,,"method_1(jump=Single Jump (258); cap_throw=No Cap Throw Needed; other=Ground Pound) | method_2(jump=Long Jump; cap_throw=Neutral Throw, Up Throw, Down Throw, Spin Throw; other=Ground Pound)",true,,,,,,,,,19150.000,-1240.000,-10600.000,ShineInfo.szs,ShineList_SandWorldHomeStage.byml;ShinePosList.byml,1,32,-1,127,false,false,1;2;3;4;5;6;7,ここ掘れポイント,ブルブル！ 砂の ふるえる床,Use placement_stage_map_indices for StageMap availability and requirement_expr for local ability/capture needs. placement_scenario_no_values is the raw object ScenarioNo field.,casual,
SeaWorldHomeStage:1277:437,Seaside Kingdom,SeaWorldHomeStage,Seaside Kingdom,overworld,The Glass Is Half Full!,SeaWorldHomeStage:1277:437,1277,437,ShineFlag_Story | ShineFlag_Multi,SeaWorldHomeStage::start,,Hosui | KingdomAccess_Seaside,WorldPeace_Seaside,MoonRockActive_Seaside,primary,unrated,,"captures=Gushen | method_1(jump=No Jump Needed; cap_throw=Neutral Throw, Up Throw, Down Throw, Spin Throw; other=Ground Pound, Capture)",true,,,,,,,,,0.000,6950.000,-20700.000,ShineInfo.szs,ShineList_SeaWorldHomeStage.byml;ShinePosList.byml,1,4,1,1,true,false,1,巨大徘徊ボス,誓いの水を とりもどせ！,Use placement_stage_map_indices for StageMap availability and requirement_expr for local ability/capture needs. placement_scenario_no_values is the raw object ScenarioNo field.,casual,"1,2,3,4,5;2,3,4,5"
SeaWorldHomeStage:382:438,Seaside Kingdom,SeaWorldHomeStage,Seaside Kingdom,overworld,The Stone Pillar Seal,SeaWorldHomeStage:382:438,382,438,ShineFlag_Story,SeaWorldHomeStage::checkpoint::obj1524,,Hosui,WorldPeace_Seaside,MoonRockActive_Seaside,primary,unrated,,"captures=Frog, Gushen | method_1(jump=No Jump Needed; cap_throw=Neutral Throw, Up Throw, Down Throw, Spin Throw; other=Capture) | method_2(jump=Triple Jump (550); cap_throw=Neutral Throw; other=Dive, Wall Jump)",true,ShineAddHeight,L,-1,,1;2;3,0,None,,-9000.000,2800.000,-12300.000,SeaWorldHomeStageMap.szs;ShineInfo.szs,SeaWorldHomeStageMap.byml;ShineList_SeaWorldHomeStage.byml;ShinePosList.byml,3,0,0,15,false,false,1;2;3;4,ケージ(シャイン)_シャイン【2m置き】,岩柱の封印,Use placement_stage_map_indices for StageMap availability and requirement_expr for local ability/capture needs. placement_scenario_no_values is the raw object ScenarioNo field.,casual,
SeaWorldDamageBallZone:60:439,Seaside Kingdom,SeaWorldHomeStage,Seaside Kingdom,overworld,The Seal Above the Canyon,SeaWorldDamageBallZone:60:439,60,439,ShineFlag_Story,SeaWorldDamageBallZone::checkpoint::obj59,,free,WorldPeace_Seaside,MoonRockActive_Seaside,primary,unrated,,"method_1(jump=Long Jump; cap_throw=Neutral Throw, Up Throw, Down Throw, Spin Throw; other=None)",true,ShineAddHeight,L,-1,,1;2;3,0,None,,10205.025,3900.139,-167.767,SeaWorldDamageBallZoneMap.szs;ShineInfo.szs,SeaWorldDamageBallZoneMap.byml;ShineList_SeaWorldHomeStage.byml;ShinePosList.byml,3,3,0,15,false,false,1;2;3;4,ケージ(シャイン)_シャイン【2m置き】,峡谷の封印,Use placement_stage_map_indices for StageMap availability and requirement_expr for local ability/capture needs. placement_scenario_no_values is the raw object ScenarioNo field.,casual,
SeaWorldLavaZone:168:440,Seaside Kingdom,SeaWorldHomeStage,Seaside Kingdom,overworld,The Hot Spring Seal,SeaWorldLavaZone:168:440,168,440,ShineFlag_Story,SeaWorldLavaZone::checkpoint::obj182,,Hosui,WorldPeace_Seaside,MoonRockActive_Seaside,primary,unrated,,"captures=Gushen | method_1(jump=No Jump Needed; cap_throw=Neutral Throw, Up Throw, Down Throw, Spin Throw; other=Capture)",true,ShineAddHeight,Common,-1,,1;10;11;12;13;14;2;3;4;5;6;7;8;9,0,None,,13606.497,1100.000,-25575.736,SeaWorldLavaZoneMap.szs;ShineInfo.szs,SeaWorldLavaZoneMap.byml;ShineList_SeaWorldHomeStage.byml;ShinePosList.byml,14,2,0,63,false,false,1;2;3;4;5;6,ケージ(シャイン)_シャイン【2m置き】,温泉の封印,Use placement_stage_map_indices for StageMap availability and requirement_expr for local ability/capture needs. placement_scenario_no_values is the raw object ScenarioNo field.,casual,
SeaWorldLighthouseZone:16:441,Seaside Kingdom,SeaWorldHomeStage,Seaside Kingdom,overworld,The Lighthouse Seal,SeaWorldLighthouseZone:16:441,16,441,ShineFlag_Story,SeaWorldLighthouseZone::checkpoint::obj212,,free,WorldPeace_Seaside,MoonRockActive_Seaside,primary,unrated,,method_1(jump=Long Jump; cap_throw=No Cap Throw Needed; other=None),true,ShineAddHeight,L,-1,,1;2;3,0,None,,-17650.000,4550.139,-20450.000,SeaWorldLighthouseZoneMap.szs;ShineInfo.szs,SeaWorldLighthouseZoneMap.byml;ShineList_SeaWorldHomeStage.byml;ShinePosList.byml,3,1,0,15,false,false,1;2;3;4,ケージ(シャイン)_シャイン【2m置き】,灯台の封印,Use placement_stage_map_indices for StageMap availability and requirement_expr for local ability/capture needs. placement_scenario_no_values is the raw object ScenarioNo field.,casual,
SeaWorldHomeStage:1593:442,Seaside Kingdom,SeaWorldHomeStage,Seaside Kingdom,overworld,Taking Notes: Ocean Surface Dash,SeaWorldHomeStage:1593:442,1593,442,ShineFlag_None,SeaWorldHomeStage::checkpoint::obj1524,,free,WorldPeace_Seaside,MoonRockActive_Seaside,primary,unrated,,"captures=Gushen | method_1(jump=Long Jump; cap_throw=Neutral Throw, Up Throw, Down Throw, Spin Throw; other=None) | method_2(jump=No Jump Needed; cap_throw=Neutral Throw, Up Throw, Down Throw, Spin Throw; other=Capture)",true,,,,,,,,,-15000.000,663.622,-7200.000,ShineInfo.szs,ShineList_SeaWorldHomeStage.byml;ShinePosList.byml,1,23,-1,15,false,false,1;2;3;4,音符オブジェ(1つ目),海面ダッシュで 音符集め,Use placement_stage_map_indices for StageMap availability and requirement_expr for local ability/capture needs. placement_scenario_no_values is the raw object ScenarioNo field.,casual,
SeaWorldHomeStage:1863:443,Seaside Kingdom,SeaWorldHomeStage,Seaside Kingdom,overworld,"Good Job, Captain Toad!",SeaWorldHomeStage:1863:443,1863,443,ShineFlag_None,SeaWorldHomeStage::checkpoint::obj1866,,Hosui | (Vault & WallJump & NeutralThrow & Dive) | (Kuribo & Dive) | (Kuribo & WallJump & Vault & NeutralThrow) | (Kuribo & LedgeGrab) | Kuribo,WorldPeace_Seaside,MoonRockActive_Seaside,primary,unrated,,"captures=Gushen | method_1(jump=No Jump Needed; cap_throw=Neutral Throw, Up Throw, Down Throw, Spin Throw; other=Capture) | method_2(jump=Single Jump (258); cap_throw=Neutral Throw; other=Dive, Wall Jump)",true,,,,,,,,,8650.000,5450.000,1600.000,ShineInfo.szs,ShineList_SeaWorldHomeStage.byml;ShinePosList.byml,1,15,-1,15,false,false,1;2;3;4,キノピオ隊長,おつかれさま！ キノピオ隊長,Use placement_stage_map_indices for StageMap availability and requirement_expr for local ability/capture needs. placement_scenario_no_values is the raw object ScenarioNo field.,casual;advanced;advanced;advanced;advanced;expert,"1,2,3,4,5"
SeaWorldHomeStage:2079:444,Seaside Kingdom,SeaWorldHomeStage,Seaside Kingdom,overworld,The Back Canyon: Excavate!,SeaWorldHomeStage:2079:444,2079,444,ShineFlag_None,SeaWorldHomeStage::checkpoint::obj1866,,GroundPound,WorldPeace_Seaside,MoonRockActive_Seaside,primary,unrated,,"captures=Uproot | method_1(jump=Single Jump (258); cap_throw=No Cap Throw Needed; other=Ground Pound) | method_2(jump=Long Jump; cap_throw=Neutral Throw, Up Throw, Down Throw, Spin Throw; other=Ground Pound) | method_3(jump=No Jump Needed; cap_throw=Neutral Throw, Up Throw, Down Throw, Spin Throw; other=Capture)",true,,,,,,,,,20223.301,2250.000,-1838.480,ShineInfo.szs,ShineList_SeaWorldHomeStage.byml;ShinePosList.byml,1,18,-1,63,false,false,1;2;3;4;5;6,ここ掘れポイント,発掘！ 峡谷の裏,Use placement_stage_map_indices for StageMap availability and requirement_expr for local ability/capture needs. placement_scenario_no_values is the raw object ScenarioNo field.,casual,
SeaWorldHomeStage:2394:445,Seaside Kingdom,SeaWorldHomeStage,Seaside Kingdom,overworld,Under a Dangerous Ceiling,SeaWorldHomeStage:2394:445,2394,445,ShineFlag_None,SeaWorldHomeStage::checkpoint::obj2266,,GroundPound | Pukupuku,WorldPeace_Seaside,MoonRockActive_Seaside,primary,unrated,,"method_1(jump=No Jump Needed; cap_throw=No Cap Throw Needed; other=None, Ground Pound)",true,,,,,,,,,6600.000,-1050.000,-29000.000,ShineInfo.szs,ShineList_SeaWorldHomeStage.byml;ShinePosList.byml,1,14,-1,63,false,false,1;2;3;4;5;6,ここ掘れポイント,危ない天井の下で,Use placement_stage_map_indices for StageMap availability and requirement_expr for local ability/capture needs. placement_scenario_no_values is the raw object ScenarioNo field.,casual,
SeaWorldDamageBallZone:144:446,Seaside Kingdom,SeaWorldHomeStage,Seaside Kingdom,overworld,Love by the Seaside,SeaWorldDamageBallZone:144:446,144,446,ShineFlag_None,SeaWorldDamageBallZone::checkpoint::obj59,,Kuribo,WorldPeace_Seaside,MoonRockActive_Seaside,primary,unrated,,"captures=Goomba, Paragoomba | method_1(jump=No Jump Needed; cap_throw=Neutral Throw, Up Throw, Down Throw, Spin Throw; other=Capture)",true,,,,,,,,,-7447.449,3124.360,8484.705,ShineInfo.szs,ShineList_SeaWorldHomeStage.byml;ShinePosList.byml,1,38,-1,15,false,false,1;2;3;4,ガールクリボー,海辺のガールフレンド,Use placement_stage_map_indices for StageMap availability and requirement_expr for local ability/capture needs. placement_scenario_no_values is the raw object ScenarioNo field.,casual,
SeaWorldLongReefZone:238:447,Seaside Kingdom,SeaWorldHomeStage,Seaside Kingdom,overworld,What the Waves Left Behind,SeaWorldLongReefZone:238:447,238,447,ShineFlag_None,SeaWorldLongReefZone::start,,GroundPound,WorldPeace_Seaside,MoonRockActive_Seaside,primary,unrated,,"method_1(jump=Single Jump (258); cap_throw=No Cap Throw Needed; other=Ground Pound) | method_2(jump=Long Jump; cap_throw=Neutral Throw, Up Throw, Down Throw, Spin Throw; other=Ground Pound)",true,,,,,,,,,28100.000,900.000,-27500.000,ShineInfo.szs,ShineList_SeaWorldHomeStage.byml;ShinePosList.byml,1,25,-1,63,false,false,1;2;3;4;5;6,ここ掘れポイント,波の忘れもの,Use placement_stage_map_indices for StageMap availability and requirement_expr for local ability/capture needs. placement_scenario_no_values is the raw object ScenarioNo field.,casual,"1,2,3,4,5"
SeaWorldCoveCaveZone:76:448,Seaside Kingdom,SeaWorldHomeStage,Seaside Kingdom,overworld,Treasure Trap Hidden in the Inlet,SeaWorldCoveCaveZone:76:448,76,448,ShineFlag_None,SeaWorldCoveCaveZone::start,,free,WorldPeace_Seaside,MoonRockActive_Seaside,primary,unrated,,"method_1(jump=Long Jump; cap_throw=Neutral Throw, Up Throw, Down Throw, Spin Throw; other=None) | method_2(jump=Single Jump (258); cap_throw=No Cap Throw Needed; other=Ground Pound)",true,,,,,,,,,-18000.000,400.000,3900.000,ShineInfo.szs,ShineList_SeaWorldHomeStage.byml;ShinePosList.byml,1,19,-1,15,false,false,1;2;3;4,順序宝箱,入り江にひそむ 宝箱のワナ,Use placement_stage_map_indices for StageMap availability and requirement_expr for local ability/capture needs. placement_scenario_no_values is the raw object ScenarioNo field.,casual,
SeaWorldHomeStage:1558:449,Seaside Kingdom,SeaWorldHomeStage,Seaside Kingdom,overworld,On the Cliff Overlooking the Beach,SeaWorldHomeStage:1558:449,1558,449,ShineFlag_None,SeaWorldHomeStage::place::new_place_4,,free,WorldPeace_Seaside,MoonRockActive_Seaside,primary,unrated,,"captures=Frog, Gushen, Uproot | method_1(jump=No Jump Needed; cap_throw=Neutral Throw, Up Throw, Down Throw, Spin Throw; other=Capture) | method_2(jump=Cap Return Jump (400); cap_throw=Neutral Throw; other=Dive, Wall Jump)",true,ShineAddHeight,L,-1,,0;1;2;3,-1,None,,650.000,3750.000,3500.000,SeaWorldHomeStageMap.szs;ShineInfo.szs,SeaWorldHomeStageMap.byml;ShineList_SeaWorldHomeStage.byml;ShinePosList.byml,4,11,-1,15,false,false,1;2;3;4,シャイン【2m置き】,浜辺を臨む ガケの上,Use placement_stage_map_indices for StageMap availability and requirement_expr for local ability/capture needs. placement_scenario_no_values is the raw object ScenarioNo field.,casual,
SeaWorldHomeStage:2097:450,Seaside Kingdom,SeaWorldHomeStage,Seaside Kingdom,overworld,Underwater Highway Tunnel,SeaWorldHomeStage:2097:450,2097,450,ShineFlag_None,SeaWorldHomeStage::checkpoint::obj2264,,DownThrow | GroundPound | Pukupuku | NeutralThrow,WorldPeace_Seaside,MoonRockActive_Seaside,primary,unrated,,"method_1(jump=No Jump Needed; cap_throw=No Cap Throw Needed; other=Ground Pound, None) | method_2(jump=No Jump Needed; cap_throw=Neutral Throw, Up Throw, Down Throw, Spin Throw; other=None)",true,Shine,L,-1,,0;1;2;3,-1,None,,-20950.000,-3850.000,-24450.000,SeaWorldHomeStageMap.szs;ShineInfo.szs,SeaWorldHomeStageMap.byml;ShineList_SeaWorldHomeStage.byml;ShinePosList.byml,4,6,-1,15,false,false,1;2;3;4,シャイン,水中ハイウェイのトンネル,Use placement_stage_map_indices for StageMap availability and requirement_expr for local ability/capture needs. placement_scenario_no_values is the raw object ScenarioNo field.,casual,
SeaWorldHomeStage:2112:451,Seaside Kingdom,SeaWorldHomeStage,Seaside Kingdom,overworld,Shh! It's a Shortcut!,SeaWorldHomeStage:2112:451,2112,451,ShineFlag_None,SeaWorldHomeStage::checkpoint::obj2266,,free,WorldPeace_Seaside,MoonRockActive_Seaside,primary,unrated,,method_1(jump=No Jump Needed; cap_throw=No Cap Throw Needed; other=None),true,Shine,L,-1,,0;1;2;3,-1,None,,7100.000,-1741.731,-26200.000,SeaWorldHomeStageMap.szs;ShineInfo.szs,SeaWorldHomeStageMap.byml;ShineList_SeaWorldHomeStage.byml;ShinePosList.byml,4,69,-1,15,false,false,1;2;3;4,シャイン,抜け道を泳げば,Use placement_stage_map_indices for StageMap availability and requirement_expr for local ability/capture needs. placement_scenario_no_values is the raw object ScenarioNo field.,casual,
SeaWorldHomeStage:2248:452,Seaside Kingdom,SeaWorldHomeStage,Seaside Kingdom,overworld,"Bonjour, Dorrie!",SeaWorldHomeStage:2248:452,2248,452,ShineFlag_None,SeaWorldHomeStage::place::new_place_3,,Hosui,WorldPeace_Seaside,MoonRockActive_Seaside,primary,unrated,,"captures=Gushen | method_1(jump=No Jump Needed; cap_throw=Neutral Throw, Up Throw, Down Throw, Spin Throw; other=Capture)",true,Shine,J,-1,,1;2;3,-1,None,,-20950.000,2700.000,-21400.000,SeaWorldHomeStageMap.szs;ShineInfo.szs,SeaWorldHomeStageMap.byml;ShineList_SeaWorldHomeStage.byml;ShinePosList.byml,3,42,-1,14,false,false,2;3;4,シャイン,ボンジュール ドッシー,Use placement_stage_map_indices for StageMap availability and requirement_expr for local ability/capture needs. placement_scenario_no_values is the raw object ScenarioNo field.,casual,
SeaWorldHomeStage:2268:453,Seaside Kingdom,SeaWorldHomeStage,Seaside Kingdom,overworld,"Merci, Dorrie!",SeaWorldHomeStage:2268:453,2268,453,ShineFlag_None,SeaWorldHomeStage::checkpoint::obj2266,,free,WorldPeace_Seaside,MoonRockActive_Seaside,primary,unrated,,method_1(jump=No Jump Needed; cap_throw=No Cap Throw Needed; other=None),true,Shine,L,-1,,0;1;2;3,-1,None,,13400.000,-175.000,-31950.000,SeaWorldHomeStageMap.szs;ShineInfo.szs,SeaWorldHomeStageMap.byml;ShineList_SeaWorldHomeStage.byml;ShinePosList.byml,4,5,-1,15,false,false,1;2;3;4,シャイン,メルシー ドッシー,Use placement_stage_map_indices for StageMap availability and requirement_expr for local ability/capture needs. placement_scenario_no_values is the raw object ScenarioNo field.,casual,
SeaWorldBottomHollowZone:38:454,Seaside Kingdom,SeaWorldHomeStage,Seaside Kingdom,overworld,Moon Shards in the Sea,SeaWorldBottomHollowZone:38:454,38,454,ShineFlag_None,SeaWorldBottomHollowZone::start,,free,WorldPeace_Seaside,MoonRockActive_Seaside,primary,unrated,,"method_1(jump=No Jump Needed; cap_throw=Neutral Throw, Up Throw, Down Throw, Spin Throw; other=None)",true,,,,,,,,,10566.195,-11650.000,11946.786,ShineInfo.szs,ShineList_SeaWorldHomeStage.byml;ShinePosList.byml,1,20,-1,15,false,false,1;2;3;4,シャインチップ全取得監視者,集めて！ 海のムーンチップ,Use placement_stage_map_indices for StageMap availability and requirement_expr for local ability/capture needs. placement_scenario_no_values is the raw object ScenarioNo field.,casual,
SeaWorldWallCaveCenterZone:4:455,Seaside Kingdom,SeaWorldHomeStage,Seaside Kingdom,overworld,Ride the Jetstream,SeaWorldWallCaveCenterZone:4:455,4,455,ShineFlag_None,SeaWorldWallCaveCenterZone::start,,Hosui | (WallJump & NeutralThrow & Dive) | (WallJump & Dive & UpThrow) | (Backflip & WallJump & Vault & NeutralThrow) | (DoubleJump & WallJump & Vault & NeutralThrow) | (GroundPoundJump & WallJump & Vault & NeutralThrow) | (SideFlip & WallJump & Vault & NeutralThrow) | (Spin & Vault & WallJump & NeutralThrow) | (TripleJump & Vault & Dive & NeutralThrow),WorldPeace_Seaside,MoonRockActive_Seaside,primary,unrated,,"captures=Frog, Uproot, Gushen | method_1(jump=No Jump Needed; cap_throw=Neutral Throw, Up Throw, Down Throw, Spin Throw; other=Capture) | method_2(jump=Single Jump (258); cap_throw=Neutral Throw; other=Wall Jump) | method_3(jump=Double Jump (312); cap_throw=Neutral Throw, Up Throw; other=Wall Jump)",true,Shine,L,-1,,0;1;2;3,-1,None,,-7500.000,2850.000,400.000,SeaWorldWallCaveCenterZoneMap.szs;ShineInfo.szs,SeaWorldWallCaveCenterZoneMap.byml;ShineList_SeaWorldHomeStage.byml;ShinePosList.byml,4,12,-1,15,false,false,1;2;3;4,シャイン,風穴を上がって,Use placement_stage_map_indices for StageMap availability and requirement_expr for local ability/capture needs. placement_scenario_no_values is the raw object ScenarioNo field.,casual,"1,2,3,4,5"
SeaWorldSphinxQuizZone:11:457,Seaside Kingdom,SeaWorldHomeStage,Seaside Kingdom,overworld,Ocean Quiz: Good!,SeaWorldSphinxQuizZone:11:457,11,457,ShineFlag_None,SeaWorldSphinxQuizZone::start,,free,WorldPeace_Seaside,MoonRockActive_Seaside,primary,unrated,,method_1(jump=No Jump Needed; cap_throw=No Cap Throw Needed; other=None),true,,,,,,,,,1200.000,-13300.000,-64300.000,ShineInfo.szs,ShineList_SeaWorldHomeStage.byml;ShinePosList.byml,1,16,-1,47,false,false,1;2;3;4;6,スフィンクスクイズ,でかした！ 海のクイズ大正解,Use placement_stage_map_indices for StageMap availability and requirement_expr for local ability/capture needs. placement_scenario_no_values is the raw object ScenarioNo field.,casual,
SeaWorldSphinxQuizZone:81:458,Seaside Kingdom,SeaWorldHomeStage,Seaside Kingdom,overworld,Gap in the Ocean Trench,SeaWorldSphinxQuizZone:81:458,81,458,ShineFlag_None,SeaWorldSphinxQuizZone::start,,free,WorldPeace_Seaside,MoonRockActive_Seaside,primary,unrated,,method_1(jump=No Jump Needed; cap_throw=No Cap Throw Needed; other=None),true,ShineAddHeight,L,-1,,0;1;2;3,-1,None,,1350.000,-6550.000,-34450.000,SeaWorldSphinxQuizZoneMap.szs;ShineInfo.szs,SeaWorldSphinxQuizZoneMap.byml;ShineList_SeaWorldHomeStage.byml;ShinePosList.byml,4,8,-1,15,false,false,1;2;3;4,シャイン【2m置き】,大海溝のスキマ,Use placement_stage_map_indices for StageMap availability and requirement_expr for local ability/capture needs. placement_scenario_no_values is the raw object ScenarioNo field.,casual,
SeaWorldUtsuboDenZone:68:459,Seaside Kingdom,SeaWorldHomeStage,Seaside Kingdom,overworld,Slip Through the Nesting Spot,SeaWorldUtsuboDenZone:68:459,68,459,ShineFlag_None,SeaWorldUtsuboDenZone::start,,free,WorldPeace_Seaside,MoonRockActive_Seaside,primary,unrated,,method_1(jump=No Jump Needed; cap_throw=No Cap Throw Needed; other=None),true,ShineAddHeight,L,-1,,0;1;2;3,-1,None,,19155.635,-1900.000,-32675.736,SeaWorldUtsuboDenZoneMap.szs;ShineInfo.szs,SeaWorldUtsuboDenZoneMap.byml;ShineList_SeaWorldHomeStage.byml;ShinePosList.byml,4,9,-1,15,false,false,1;2;3;4,シャイン【2m置き】,ねぐらを すり抜けて,Use placement_stage_map_indices for StageMap availability and requirement_expr for local ability/capture needs. placement_scenario_no_values is the raw object ScenarioNo field.,casual,
SeaWorldHomeStage:1622:460,Seaside Kingdom,SeaWorldHomeStage,Seaside Kingdom,overworld,Shopping in Bubblaine,SeaWorldHomeStage:1622:460,1622,460,ShineFlag_None,SeaWorldHomeStage::checkpoint::obj1524,,free,WorldPeace_Seaside,MoonRockActive_Seaside,primary,unrated,,method_1(jump=No Jump Needed; cap_throw=No Cap Throw Needed; other=None),true,Shine,Common,-1,,10;11;12;13;14;6;7;8;9,-1,None,,-20050.000,875.000,-1750.000,SeaWorldHomeStageMap.szs;ShineInfo.szs,SeaWorldHomeStageMap.byml;ShineList_SeaWorldHomeStage.byml;ShinePosList.byml,9,24,-1,63,false,false,1;2;3;4;5;6,ショップ店員,シュワシュワーナで お買い物,Use placement_stage_map_indices for StageMap availability and requirement_expr for local ability/capture needs. placement_scenario_no_values is the raw object ScenarioNo field.,casual,
SeaWorldHomeStage:1955:464,Seaside Kingdom,SeaWorldHomeStage,Seaside Kingdom,overworld,Secret Path to Bubblaine!,SeaWorldHomeStage:1955:464,1955,464,ShineFlag_None,SeaWorldHomeStage::checkpoint::obj2621,,free,WorldPeace_Seaside,MoonRockActive_Seaside,primary,unrated,,"method_1(jump=Long Jump; cap_throw=Neutral Throw, Up Throw, Down Throw, Spin Throw; other=Other Kingdom Trigger)",true,TreasureBox,L,,,0;1;2;3,,WorldWarpHoleShine,,-21250.000,4950.000,-1550.000,SeaWorldHomeStageMap.szs;ShineInfo.szs,SeaWorldHomeStageMap.byml;ShineList_SeaWorldHomeStage.byml;ShinePosList.byml,4,70,-1,15,false,false,1;2;3;4,宝箱,ようこそ！ シュワシュワーナ！,Use placement_stage_map_indices for StageMap availability and requirement_expr for local ability/capture needs. placement_scenario_no_values is the raw object ScenarioNo field.,casual,
SeaWorld2DLargeZone:13:466,Seaside Kingdom,SeaWorldHomeStage,Seaside Kingdom,overworld,Ocean-Bottom Maze: Treasure,SeaWorld2DLargeZone:13:466,13,466,ShineFlag_None,SeaWorld2DLargeZone::start,,free,WorldPeace_Seaside,MoonRockActive_Seaside,primary,unrated,,method_1(jump=Long Jump; cap_throw=No Cap Throw Needed; other=2D jump (any jump)),true,ShineDot,L,,,0;1;2;3,,None,,-7600.000,-1000.000,-19200.000,SeaWorld2DLargeZoneMap.szs;ShineInfo.szs,SeaWorld2DLargeZoneMap.byml;ShineList_SeaWorldHomeStage.byml;ShinePosList.byml,4,7,-1,15,false,false,1;2;3;4,シャインドット_2D,海底迷宮の宝,Use placement_stage_map_indices for StageMap availability and requirement_expr for local ability/capture needs. placement_scenario_no_values is the raw object ScenarioNo field.,casual,
SeaWorld2DLargeZone:365:467,Seaside Kingdom,SeaWorldHomeStage,Seaside Kingdom,overworld,Ocean-Bottom Maze: Hidden Room,SeaWorld2DLargeZone:365:467,365,467,ShineFlag_None,SeaWorld2DLargeZone::start,,Crouch,WorldPeace_Seaside,MoonRockActive_Seaside,primary,unrated,,"method_1(jump=Long Jump; cap_throw=No Cap Throw Needed; other=2D jump (any jump), Crouch)",true,ShineDot,L,,,0;1;2;3,,None,,-6400.000,-1000.000,-18500.000,SeaWorld2DLargeZoneMap.szs;ShineInfo.szs,SeaWorld2DLargeZoneMap.byml;ShineList_SeaWorldHomeStage.byml;ShinePosList.byml,4,10,-1,15,false,false,1;2;3;4,シャインドット_2D,海底迷宮の かくし部屋,Use placement_stage_map_indices for StageMap availability and requirement_expr for local ability/capture needs. placement_scenario_no_values is the raw object ScenarioNo field.,casual,
SeaWorld2DSmallZone:18:468,Seaside Kingdom,SeaWorldHomeStage,Seaside Kingdom,overworld,Seaside Kingdom Time Challenge 1,SeaWorld2DSmallZone:18:468,18,468,ShineFlag_None,SeaWorld2DSmallZone::start,,GroundPound,WorldPeace_Seaside,MoonRockActive_Seaside,primary,unrated,,,true,ShineDot,L,,,0;1;2;3,,TimerAthleticShine,,15750.000,-3350.000,-21100.000,SeaWorld2DSmallZoneMap.szs;ShineInfo.szs,SeaWorld2DSmallZoneMap.byml;ShineList_SeaWorldHomeStage.byml;ShinePosList.byml,4,17,-1,15,false,false,1;2;3;4,シャインドット_2D,海の国で チクタク・アスレチック １,Use placement_stage_map_indices for StageMap availability and requirement_expr for local ability/capture needs. placement_scenario_no_values is the raw object ScenarioNo field.,casual,
SeaWorldHomeStage:2255:471,Seaside Kingdom,SeaWorldHomeStage,Seaside Kingdom,overworld,Found on the Beach! Good Dog!,SeaWorldHomeStage:2255:471,2255,471,ShineFlag_None,SeaWorldHomeStage::checkpoint::obj1524,,GroundPound,WorldPeace_Seaside,MoonRockActive_Seaside,primary,unrated,,"captures=Uproot | method_1(jump=Single Jump (258); cap_throw=No Cap Throw Needed; other=Ground Pound) | method_2(jump=Long Jump; cap_throw=Neutral Throw, Up Throw, Down Throw, Spin Throw; other=Ground Pound) | method_3(jump=No Jump Needed; cap_throw=Neutral Throw, Up Throw, Down Throw, Spin Throw; other=Capture)",true,,,,,,,,,-7000.000,593.769,-2350.000,ShineInfo.szs,ShineList_SeaWorldHomeStage.byml;ShinePosList.byml,1,45,-1,14,false,false,2;3;4,忠犬専用ここ掘れポイント,ビーチで 見つけたワン！,Use placement_stage_map_indices for StageMap availability and requirement_expr for local ability/capture needs. placement_scenario_no_values is the raw object ScenarioNo field.,casual,
SeaWorldBeachVolleyBallZone:357:472,Seaside Kingdom,SeaWorldHomeStage,Seaside Kingdom,overworld,Beach Volleyball: Champ,SeaWorldBeachVolleyBallZone:357:472,357,472,ShineFlag_None,SeaWorldBeachVolleyBallZone::start,,free,WorldPeace_Seaside,MoonRockActive_Seaside,primary,unrated,,,true,,,,,,,,,-7696.929,1325.000,11785.658,ShineInfo.szs,ShineList_SeaWorldHomeStage.byml;ShinePosList.byml,1,44,-1,14,false,false,2;3;4,バレーボールＮＰＣ,モーレツ！ ビーチバレー,Use placement_stage_map_indices for StageMap availability and requirement_expr for local ability/capture needs. placement_scenario_no_values is the raw object ScenarioNo field.,casual,
SeaWorldBeachVolleyBallZone:385:473,Seaside Kingdom,SeaWorldHomeStage,Seaside Kingdom,overworld,Beach Volleyball: Hero of the Beach!,SeaWorldBeachVolleyBallZone:385:473,385,473,ShineFlag_None,SeaWorldBeachVolleyBallZone::start,,free,WorldPeace_Seaside,MoonRockActive_Seaside,primary,unrated,,,true,,,,,,,,,-7696.929,1325.000,11785.658,ShineInfo.szs,ShineList_SeaWorldHomeStage.byml;ShinePosList.byml,1,47,-1,14,false,false,2;3;4,バレーボールＮＰＣ,ゲキレツ！ ビーチバレー,Use placement_stage_map_indices for StageMap availability and requirement_expr for local ability/capture needs. placement_scenario_no_values is the raw object ScenarioNo field.,casual,
SeaWorldUnderGlassZone:345:474,Seaside Kingdom,SeaWorldHomeStage,Seaside Kingdom,overworld,Lighthouse Leaper,SeaWorldUnderGlassZone:345:474,345,474,ShineFlag_None,SeaWorldUnderGlassZone::checkpoint::obj153,,Kakku,WorldPeace_Seaside,MoonRockActive_Seaside,primary,unrated,,"captures=Glydon | method_1(jump=Long Jump; cap_throw=Neutral Throw, Up Throw, Down Throw, Spin Throw; other=Capture)",true,,,,,,,,,-2000.000,1162.176,-40650.000,ShineInfo.szs,ShineList_SeaWorldHomeStage.byml;ShinePosList.byml,1,46,-1,46,false,false,2;3;4;6,海の民,シュワシュワーナの空を舞う！,Use placement_stage_map_indices for StageMap availability and requirement_expr for local ability/capture needs. placement_scenario_no_values is the raw object ScenarioNo field.,casual,
SeaWorldUnderGlassZone:384:475,Seaside Kingdom,SeaWorldHomeStage,Seaside Kingdom,overworld,Caught Hopping at Glass Palace,SeaWorldUnderGlassZone:384:475,384,475,ShineFlag_Extra,SeaWorldUnderGlassZone::checkpoint::obj153,,free,WorldPeace_Seaside,MoonRockActive_Seaside,primary,unrated,,,true,,,,,,,,,0.000,1201.905,-42950.000,ShineInfo.szs,ShineList_SeaWorldHomeStage.byml;ShinePosList.byml,1,61,-1,8,false,true,4,ウサギ,グラス宮殿で つかまえたピョン！,Use placement_stage_map_indices for StageMap availability and requirement_expr for local ability/capture needs. placement_scenario_no_values is the raw object ScenarioNo field.,casual,
SeaWorldHomeStage:1665:476,Seaside Kingdom,SeaWorldHomeStage,Seaside Kingdom,overworld,Underwater Highway West: Explore!,SeaWorldHomeStage:1665:476,1665,476,ShineFlag_Extra,SeaWorldHomeStage::checkpoint::obj2264,,free,WorldPeace_Seaside,MoonRockActive_Seaside,primary,unrated,,method_1(jump=No Jump Needed; cap_throw=No Cap Throw Needed; other=None),true,ShineAddByRockAddHeight,D,-1,,3,-1,None,,-17700.000,-1550.000,-27900.000,SeaWorldHomeStageMap.szs;ShineInfo.szs,SeaWorldHomeStageMap.byml;ShineList_SeaWorldHomeStage.byml;ShinePosList.byml,1,52,-1,8,false,true,4,シャイン【月の石追加版2m】,探検！ 水中ハイウェイ 西,Use placement_stage_map_indices for StageMap availability and requirement_expr for local ability/capture needs. placement_scenario_no_values is the raw object ScenarioNo field.,casual,
SeaWorldHomeStage:2558:477,Seaside Kingdom,SeaWorldHomeStage,Seaside Kingdom,overworld,Peach in the Seaside Kingdom,SeaWorldHomeStage:2558:477,2558,477,ShineFlag_None,SeaWorldHomeStage::start,,KingdomAccess_Mushroom,WorldPeace_Seaside,MoonRockActive_Seaside,primary,unrated,,method_1(jump=Single Jump (258); cap_throw=No Cap Throw Needed; other=Other Kingdom Trigger),true,,,,,,,,,150.000,6825.210,-20550.000,ShineInfo.szs,ShineList_SeaWorldHomeStage.byml;ShinePosList.byml,1,48,-1,12,false,false,3;4,世界旅行ピーチ,海の国で ピーチ姫,Use placement_stage_map_indices for StageMap availability and requirement_expr for local ability/capture needs. placement_scenario_no_values is the raw object ScenarioNo field.,casual,
WaterValleyExStage:800:478,Seaside Kingdom,WaterValleyExStage,Flying Through the Narrow Valley,subarea,Fly Through the Narrow Valley,WaterValleyExStage:800:478,800,478,ShineFlag_None,WaterValleyExStage::entrance::SeaWorldEX1b::sub_far,,free,WorldPeace_Seaside,MoonRockActive_Seaside,primary,unrated,,captures=Gushen | method_1(jump=No Jump Needed; cap_throw=No Cap Throw Needed; other=Capture),true,ShineAddHeight,Common,-1,,0;1;10;11;12;13;14;2;3;4;5;6;7;8;9,-1,None,,850.000,-8500.000,-40550.000,WaterValleyExStageMap.szs;ShineInfo.szs,WaterValleyExStageMap.byml;ShineList_SeaWorldHomeStage.byml;ShinePosList.byml,15,34,-1,15,false,false,1;2;3;4,シャイン【2m置き】,毒の谷を とび越えて,Use placement_stage_map_indices for StageMap availability and requirement_expr for local ability/capture needs. placement_scenario_no_values is the raw object ScenarioNo field.,casual,
WaterValleyExStage:1125:479,Seaside Kingdom,WaterValleyExStage,Flying Through the Narrow Valley,subarea,Treasure Chest in the Narrow Valley,WaterValleyExStage:1125:479,1125,479,ShineFlag_None,WaterValleyExStage::entrance::SeaWorldEX1a::sub_near,,Hosui,WorldPeace_Seaside,MoonRockActive_Seaside,primary,unrated,,captures=Gushen | method_1(jump=No Jump Needed; cap_throw=No Cap Throw Needed; other=Capture),true,TreasureBox,Common,,,0;1;10;11;12;13;14;2;3;4;5;6;7;8;9,,None,,900.000,1400.000,-40000.000,WaterValleyExStageMap.szs;ShineInfo.szs,WaterValleyExStageMap.byml;ShineList_SeaWorldHomeStage.byml;ShinePosList.byml,15,40,-1,15,false,false,1;2;3;4,宝箱,毒の谷の宝箱,Use placement_stage_map_indices for StageMap availability and requirement_expr for local ability/capture needs. placement_scenario_no_values is the raw object ScenarioNo field.,casual,
SenobiTowerExStage:131:481,Seaside Kingdom,SenobiTowerExStage,Stretching Up the Sinking Island,subarea,Stretch on the Side Path,SenobiTowerExStage:131:481,131,481,ShineFlag_None,SenobiTowerExStage::entrance::SeaWorldEX3a::sub_near,,Senobi | (WallJump & Dive & NeutralThrow) | (WallJump & Dive & UpThrow) | (Vault & Dive & NeutralThrow) | (Backflip & WallJump & LedgeGrab),WorldPeace_Seaside,MoonRockActive_Seaside,primary,unrated,,"method_1(jump=Backflip/Vault/Side Flip (496); cap_throw=Neutral Throw; other=Dive) | method_2(jump=Backflip/Vault/Side Flip (496); cap_throw=No Cap Throw Needed; other=Wall Jump, Dive)",true,Shine,Scenario1,-1,,0,-1,None,,-5600.000,7500.000,-8950.000,SenobiTowerExStageMap.szs;ShineInfo.szs,SenobiTowerExStageMap.byml;ShineList_SeaWorldHomeStage.byml;ShinePosList.byml,1,41,-1,15,false,false,1;2;3;4,シャイン,わき道を 背のびして,Use placement_stage_map_indices for StageMap availability and requirement_expr for local ability/capture needs. placement_scenario_no_values is the raw object ScenarioNo field.,casual,
SenobiTowerExStage:162:482,Seaside Kingdom,SenobiTowerExStage,Stretching Up the Sinking Island,subarea,Hurry and Stretch,SenobiTowerExStage:162:482,162,482,ShineFlag_None,SenobiTowerExStage::entrance::SeaWorldEX3a::sub_near,,Senobi | (WallJump & Dive & NeutralThrow) | (WallJump & Dive & UpThrow) | (Vault & Dive & NeutralThrow) | (Backflip & WallJump & LedgeGrab),WorldPeace_Seaside,MoonRockActive_Seaside,primary,unrated,,"method_1(jump=Backflip/Vault/Side Flip (496); cap_throw=Neutral Throw; other=Dive) | method_2(jump=Backflip/Vault/Side Flip (496); cap_throw=No Cap Throw Needed; other=Wall Jump, Dive)",true,Shine,Scenario1,-1,,0,-1,None,,-8850.000,8500.000,-11350.000,SenobiTowerExStageMap.szs;ShineInfo.szs,SenobiTowerExStageMap.byml;ShineList_SeaWorldHomeStage.byml;ShinePosList.byml,1,35,-1,15,false,false,1;2;3;4,シャイン,いそいで 背のびして,Use placement_stage_map_indices for StageMap availability and requirement_expr for local ability/capture needs. placement_scenario_no_values is the raw object ScenarioNo field.,casual,
SeaWorldSecretStage:13:483,Seaside Kingdom,SeaWorldSecretStage,Sphynx Treasure Vault,subarea,The Sphynx's Underwater Vault,SeaWorldSecretStage:13:483,13,483,ShineFlag_None,SeaWorldSecretStage::entrance::TreasureEventWorldSea::sub_near,,free,WorldPeace_Seaside,MoonRockActive_Seaside,primary,unrated,,method_1(jump=No Jump Needed; cap_throw=No Cap Throw Needed; other=None),true,TreasureBox,Common,,,0;1;10;11;12;13;14;2;3;4;5;6;7;8;9,,None,,0.000,125.000,-200.000,SeaWorldSecretStageMap.szs;ShineInfo.szs,SeaWorldSecretStageMap.byml;ShineList_SeaWorldHomeStage.byml;ShinePosList.byml,15,29,-1,15,false,false,1;2;3;4,宝箱,スフィン・クイズの水没倉庫,Use placement_stage_map_indices for StageMap availability and requirement_expr for local ability/capture needs. placement_scenario_no_values is the raw object ScenarioNo field.,casual,
SeaWorldCostumeStage:21:484,Seaside Kingdom,SeaWorldCostumeStage,Costume Room,subarea,A Relaxing Dance,SeaWorldCostumeStage:21:484,21,484,ShineFlag_None,SeaWorldCostumeStage::entrance::CostumeEventSeaWorld::sub_near,,free,WorldPeace_Seaside,MoonRockActive_Seaside,primary,unrated,,method_1(jump=Long Jump; other=Outfit),true,ShineAddHeight,Common,-1,,0;1;10;11;12;13;14;2;3;4;5;6;7;8;9,-1,CostumeShine,,-450.000,100.000,-200.000,SeaWorldCostumeStageMap.szs;ShineInfo.szs,SeaWorldCostumeStageMap.byml;ShineList_SeaWorldHomeStage.byml;ShinePosList.byml,15,36,-1,63,false,false,1;2;3;4;5;6,ステージスイッチ_プレイヤーアニメ再生エリア,クネクネ おどりまショー！,Use placement_stage_map_indices for StageMap availability and requirement_expr for local ability/capture needs. placement_scenario_no_values is the raw object ScenarioNo field.,casual,
CloudExStage:310:485,Seaside Kingdom,CloudExStage,A Sea of Clouds,subarea,Wading in the Cloud Sea,CloudExStage:310:485,310,485,ShineFlag_None,CloudExStage::place::new_place,,free,WorldPeace_Seaside,MoonRockActive_Seaside,primary,unrated,,captures=Locked behind Default Capture | method_1(jump=Single Jump (258); cap_throw=No Cap Throw Needed; other=Capture),true,ShineAddHeight,Common,-1,,0;1;10;11;12;13;14;2;3;4;5;6;7;8;9,-1,None,,-24700.000,550.000,3500.000,CloudExStageMap.szs;ShineInfo.szs,CloudExStageMap.byml;ShineList_SeaWorldHomeStage.byml;ShinePosList.byml,15,33,-1,15,false,false,1;2;3;4,シャイン【2m置き】,雲海を かきわけて,Use placement_stage_map_indices for StageMap availability and requirement_expr for local ability/capture needs. placement_scenario_no_values is the raw object ScenarioNo field.,casual,
CloudExStage:2512:486,Seaside Kingdom,CloudExStage,A Sea of Clouds,subarea,Sunken Treasure in the Cloud Sea,CloudExStage:2512:486,2512,486,ShineFlag_None,CloudExStage::place::new_place,,free,WorldPeace_Seaside,MoonRockActive_Seaside,primary,unrated,,captures=Locked behind Default Capture | method_1(jump=Single Jump (258); cap_throw=No Cap Throw Needed; other=Capture),true,TreasureBox,Common,,,0;1;10;11;12;13;14;2;3;4;5;6;7;8;9,,None,,-15400.000,-450.000,8000.000,CloudExStageMap.szs;ShineInfo.szs,CloudExStageMap.byml;ShineList_SeaWorldHomeStage.byml;ShinePosList.byml,15,39,-1,15,false,false,1;2;3;4,宝箱,雲海に沈む宝箱,Use placement_stage_map_indices for StageMap availability and requirement_expr for local ability/capture needs. placement_scenario_no_values is the raw object ScenarioNo field.,casual,
ReflectBombExStage:2157:487,Seaside Kingdom,ReflectBombExStage,"Stop, Poke, and Roll",subarea,Poke! Roll!,ReflectBombExStage:2157:487,2157,487,ShineFlag_Extra,ReflectBombExStage::entrance::SeaWorldMoonEX1a::sub_near,,Tsukkun | SingleJump,WorldPeace_Seaside,MoonRockActive_Seaside,primary,unrated,,"captures=Pokio | method_1(jump=Single Jump (258); cap_throw=Neutral Throw, Up Throw, Down Throw, Spin Throw; other=Capture)",true,,,,,,,,,15500.000,-1035.000,-12300.000,ShineInfo.szs,ShineList_SeaWorldHomeStage.byml;ShinePosList.byml,1,68,-1,8,false,false,4,EX用壊れモデル,突いて！ 転がして！,Use placement_stage_map_indices for StageMap availability and requirement_expr for local ability/capture needs. placement_scenario_no_values is the raw object ScenarioNo field.,casual;advanced,"1,2,3,4,5"
ReflectBombExStage:2083:488,Seaside Kingdom,ReflectBombExStage,"Stop, Poke, and Roll",subarea,Aim! Poke!,ReflectBombExStage:2083:488,2083,488,ShineFlag_Extra,ReflectBombExStage::entrance::SeaWorldMoonEX1b::sub_far,,free,WorldPeace_Seaside,MoonRockActive_Seaside,primary,unrated,,"captures=Pokio | method_1(jump=Single Jump (258); cap_throw=Neutral Throw, Up Throw, Down Throw, Spin Throw; other=Capture)",true,ShineAddHeight,Common,-1,,0;1;10;11;12;13;14;2;3;4;5;6;7;8;9,-1,None,,-14850.000,1050.000,-2300.000,ReflectBombExStageMap.szs;ShineInfo.szs,ReflectBombExStageMap.byml;ShineList_SeaWorldHomeStage.byml;ShinePosList.byml,15,65,-1,8,false,false,4,シャイン【2m置き】,突いて！ ねらって！,Use placement_stage_map_indices for StageMap availability and requirement_expr for local ability/capture needs. placement_scenario_no_values is the raw object ScenarioNo field.,casual,
TogezoRotateExStage:465:489,Seaside Kingdom,TogezoRotateExStage,Spinning Maze,subarea,The Spinning Maze: Search!,TogezoRotateExStage:465:489,465,489,ShineFlag_Extra,TogezoRotateExStage::entrance::SeaWorldMoonEX2::sub_near,,free,WorldPeace_Seaside,MoonRockActive_Seaside,primary,unrated,,"method_1(jump=Long Jump; cap_throw=Down Throw, Spin Throw, Neutral Throw; other=None)",true,,,,,,,,,-20950.000,-750.000,-24450.000,ShineInfo.szs,ShineList_SeaWorldHomeStage.byml;ShinePosList.byml,1,64,-1,8,false,false,4,シャインチップ全取得監視者,探して！ まわる迷路,Use placement_stage_map_indices for StageMap availability and requirement_expr for local ability/capture needs. placement_scenario_no_values is the raw object ScenarioNo field.,casual,
TogezoRotateExStage:958:490,Seaside Kingdom,TogezoRotateExStage,Spinning Maze,subarea,The Spinning Maze: Open!,TogezoRotateExStage:958:490,958,490,ShineFlag_Extra,TogezoRotateExStage::entrance::SeaWorldMoonEX2::sub_near,,free,WorldPeace_Seaside,MoonRockActive_Seaside,primary,unrated,,"method_1(jump=Long Jump; cap_throw=Down Throw, Spin Throw, Neutral Throw; other=None)",true,TreasureBox,Common,,,0;1;10;11;12;13;14;2;3;4;5;6;7;8;9,,None,,-26100.000,-2150.000,-500.000,TogezoRotateExStageMap.szs;ShineInfo.szs,TogezoRotateExStageMap.byml;ShineList_SeaWorldHomeStage.byml;ShinePosList.byml,15,67,-1,8,false,false,4,宝箱,開け！ まわる迷路,Use placement_stage_map_indices for StageMap availability and requirement_expr for local ability/capture needs. placement_scenario_no_values is the raw object ScenarioNo field.,casual,
SeaWorldHomeStage:2578:773,Seaside Kingdom,SeaWorldHomeStage,Seaside Kingdom,overworld,Underwater Highway East: Explore!,SeaWorldHomeStage:2578:773,2578,773,ShineFlag_Extra,SeaWorldHomeStage::checkpoint::obj2266,,free,WorldPeace_Seaside,MoonRockActive_Seaside,primary,unrated,,method_1(jump=No Jump Needed; cap_throw=No Cap Throw Needed; other=None),true,ShineAddByRockAddHeight,D,-1,,3,-1,None,,21050.000,-1450.022,-23900.000,SeaWorldHomeStageMap.szs;ShineInfo.szs,SeaWorldHomeStageMap.byml;ShineList_SeaWorldHomeStage.byml;ShinePosList.byml,1,53,-1,8,false,true,4,シャイン【月の石追加版2m】,探索！ 水中ハイウェイ 東,Use placement_stage_map_indices for StageMap availability and requirement_expr for local ability/capture needs. placement_scenario_no_values is the raw object ScenarioNo field.,casual,
SeaWorldLighthouseZone:406:775,Seaside Kingdom,SeaWorldHomeStage,Seaside Kingdom,overworld,At the Base of the Lighthouse,SeaWorldLighthouseZone:406:775,406,775,ShineFlag_Extra,SeaWorldLighthouseZone::checkpoint::obj212,,GroundPound | Pukupuku,WorldPeace_Seaside,MoonRockActive_Seaside,primary,unrated,,"method_1(jump=No Jump Needed; cap_throw=No Cap Throw Needed; other=None, Ground Pound)",true,,,,,,,,,-33200.000,450.000,-44600.000,ShineInfo.szs,ShineList_SeaWorldHomeStage.byml;ShinePosList.byml,1,58,-1,8,false,true,4,ここ掘れポイント,灯台もと暗し,Use placement_stage_map_indices for StageMap availability and requirement_expr for local ability/capture needs. placement_scenario_no_values is the raw object ScenarioNo field.,casual,
SeaWorldLighthouseZone:407:776,Seaside Kingdom,SeaWorldHomeStage,Seaside Kingdom,overworld,A Light Next to the Lighthouse,SeaWorldLighthouseZone:407:776,407,776,ShineFlag_Extra,SeaWorldLighthouseZone::checkpoint::obj212,,free,WorldPeace_Seaside,MoonRockActive_Seaside,primary,unrated,,"captures=Gushen | method_1(jump=Long Jump; cap_throw=Neutral Throw, Up Throw, Down Throw, Spin Throw; other=Climb) | method_2(jump=No Jump Needed; cap_throw=Neutral Throw, Up Throw, Down Throw, Spin Throw; other=Capture)",true,,,,,,,,,-33150.000,5390.000,-41400.000,ShineInfo.szs,ShineList_SeaWorldHomeStage.byml;ShinePosList.byml,1,56,-1,8,false,true,4,帽子ひっかけポイント,灯台に ならぶ光,Use placement_stage_map_indices for StageMap availability and requirement_expr for local ability/capture needs. placement_scenario_no_values is the raw object ScenarioNo field.,casual,
SeaWorldSphinxQuizZone:106:778,Seaside Kingdom,SeaWorldHomeStage,Seaside Kingdom,overworld,The Tall Rock Shelf in the Deep Ocean,SeaWorldSphinxQuizZone:106:778,106,778,ShineFlag_Extra,SeaWorldSphinxQuizZone::start,,free,WorldPeace_Seaside,MoonRockActive_Seaside,primary,unrated,,"method_1(jump=No Jump Needed; cap_throw=Neutral Throw, Up Throw, Down Throw, Spin Throw; other=None)",true,,,,,,,,,5750.000,-10599.130,-64050.000,ShineInfo.szs,ShineList_SeaWorldHomeStage.byml;ShinePosList.byml,1,57,-1,8,false,true,4,海のワールドホーム帽子ひっかけポイント000,深海の岩だな,Use placement_stage_map_indices for StageMap availability and requirement_expr for local ability/capture needs. placement_scenario_no_values is the raw object ScenarioNo field.,casual,
SeaWorldHomeStage:2580:779,Seaside Kingdom,SeaWorldHomeStage,Seaside Kingdom,overworld,What Shines Inside the Glass,SeaWorldHomeStage:2580:779,2580,779,ShineFlag_Extra,SeaWorldHomeStage::start,,free,WorldPeace_Seaside,MoonRockActive_Seaside,primary,unrated,,method_1(jump=Single Jump (258); cap_throw=No Cap Throw Needed; other=None),true,ShineAddByRock,D,-1,,3,-1,None,,750.000,3500.000,-20700.000,SeaWorldHomeStageMap.szs;ShineInfo.szs,SeaWorldHomeStageMap.byml;ShineList_SeaWorldHomeStage.byml;ShinePosList.byml,1,51,-1,8,false,true,4,シャイン【月の石追加版】,グラスの中で 光るもの,Use placement_stage_map_indices for StageMap availability and requirement_expr for local ability/capture needs. placement_scenario_no_values is the raw object ScenarioNo field.,casual,
SeaWorldHomeStage:2581:780,Seaside Kingdom,SeaWorldHomeStage,Seaside Kingdom,overworld,Above the Parasol: Catch!,SeaWorldHomeStage:2581:780,2581,780,ShineFlag_Extra,SeaWorldHomeStage::checkpoint::obj1524,,free,WorldPeace_Seaside,MoonRockActive_Seaside,primary,unrated,,method_1(jump=Single Jump (258); cap_throw=No Cap Throw Needed; other=None),true,ShineAddByRock,D,-1,,3,-1,None,,-13500.000,2200.000,-1400.000,SeaWorldHomeStageMap.szs;ShineInfo.szs,SeaWorldHomeStageMap.byml;ShineList_SeaWorldHomeStage.byml;ShinePosList.byml,1,50,-1,8,false,true,4,シャイン【月の石追加版】,キャッチ！ パラソルの上,Use placement_stage_map_indices for StageMap availability and requirement_expr for local ability/capture needs. placement_scenario_no_values is the raw object ScenarioNo field.,casual,
SeaWorld2DLargeZone:559:790,Seaside Kingdom,SeaWorldHomeStage,Seaside Kingdom,overworld,Taking Notes: Ocean-Bottom Maze,SeaWorld2DLargeZone:559:790,559,790,ShineFlag_Extra,SeaWorld2DLargeZone::start,,free,WorldPeace_Seaside,MoonRockActive_Seaside,primary,unrated,,method_1(jump=Single Jump (258); cap_throw=No Cap Throw Needed; other=None),true,,,,,,,,,-14450.000,-1950.000,-38300.000,ShineInfo.szs,ShineList_SeaWorldHomeStage.byml;ShinePosList.byml,1,60,-1,8,false,true,4,音符オブジェ2D(1つ目)_2D,海底迷宮で 音符集め,Use placement_stage_map_indices for StageMap availability and requirement_expr for local ability/capture needs. placement_scenario_no_values is the raw object ScenarioNo field.,casual,
SeaWorldHomeStage:2645:863,Seaside Kingdom,SeaWorldHomeStage,Seaside Kingdom,overworld,Seaside Kingdom Time Challenge 2,SeaWorldHomeStage:2645:863,2645,863,ShineFlag_None,SeaWorldHomeStage::checkpoint::obj2266,,free,WorldPeace_Seaside,MoonRockActive_Seaside,primary,unrated,,,true,,,,,,,,,2800.000,-1050.000,-26050.000,ShineInfo.szs,ShineList_SeaWorldHomeStage.byml;ShinePosList.byml,1,43,-1,14,false,false,2;3;4,帽子掛け（タイマー）,海の国で チクタク・アスレチック ２,Use placement_stage_map_indices for StageMap availability and requirement_expr for local ability/capture needs. placement_scenario_no_values is the raw object ScenarioNo field.,casual,
SeaWorldHomeStage:2652:864,Seaside Kingdom,SeaWorldHomeStage,Seaside Kingdom,overworld,Seaside Kingdom Timer Challenge 3,SeaWorldHomeStage:2652:864,2652,864,ShineFlag_Extra,SeaWorldHomeStage::place::new_place,,free,WorldPeace_Seaside,MoonRockActive_Seaside,primary,unrated,,"method_1(jump=No Jump Needed; cap_throw=Neutral Throw, Up Throw, Down Throw, Spin Throw; other=None)",true,,,,,,,,,-17750.000,4450.000,-21550.000,ShineInfo.szs,ShineList_SeaWorldHomeStage.byml;ShinePosList.byml,1,62,-1,8,false,true,4,帽子掛け（タイマー）,海の国で チクタク・アスレチック ３,Use placement_stage_map_indices for StageMap availability and requirement_expr for local ability/capture needs. placement_scenario_no_values is the raw object ScenarioNo field.,casual,
SeaWorldHomeStage:2689:920,Seaside Kingdom,SeaWorldHomeStage,Seaside Kingdom,overworld,A Fine Detail on the Glass,SeaWorldHomeStage:2689:920,2689,920,ShineFlag_Extra,SeaWorldHomeStage::start,,free,WorldPeace_Seaside,MoonRockActive_Seaside,primary,unrated,,"captures=Gushen | method_1(jump=Single Jump (258); cap_throw=No Cap Throw Needed; other=Ledge Grab) | method_2(jump=No Jump Needed; cap_throw=Neutral Throw, Up Throw, Down Throw, Spin Throw; other=Capture)",true,ShineAddByRock,D,-1,,3,-1,None,,1025.000,3270.961,-20700.000,SeaWorldHomeStageMap.szs;ShineInfo.szs,SeaWorldHomeStageMap.byml;ShineList_SeaWorldHomeStage.byml;ShinePosList.byml,1,54,-1,8,false,true,4,シャイン【月の石追加版】,グラスのワンポイント,Use placement_stage_map_indices for StageMap availability and requirement_expr for local ability/capture needs. placement_scenario_no_values is the raw object ScenarioNo field.,casual,"1,2,3,4,5"
SeaWorldSneakingManStage:21:1024,Seaside Kingdom,SeaWorldSneakingManStage,Wriggling Power Moon,subarea,Wriggling on the Sandy Bottom,SeaWorldSneakingManStage:21:1024,21,1024,ShineFlag_None,SeaWorldSneakingManStage::entrance::RoomEventWorldSea::sub_near,,GroundPound,WorldPeace_Seaside,MoonRockActive_Seaside,primary,unrated,,"method_1(jump=No Jump Needed; cap_throw=Neutral Throw, Up Throw, Down Throw, Spin Throw; other=None, Ground Pound)",true,,,,,,,,,-18200.000,-1750.000,-24300.000,ShineInfo.szs,ShineList_SeaWorldHomeStage.byml;ShinePosList.byml,1,30,-1,15,false,false,1;2;3;4,コソコソくん(海ワールド),砂底を うごめくモノ,Use placement_stage_map_indices for StageMap availability and requirement_expr for local ability/capture needs. placement_scenario_no_values is the raw object ScenarioNo field.,casual,
SeaWorldHomeStage:2802:1028,Seaside Kingdom,SeaWorldHomeStage,Seaside Kingdom,overworld,Seaside Kingdom Regular Cup,SeaWorldHomeStage:2802:1028,2802,1028,ShineFlag_None,SeaWorldHomeStage::checkpoint::obj2266,,free,WorldPeace_Seaside,MoonRockActive_Seaside,primary,unrated,,"captures=Gushen | method_1(jump=Single Jump (258); cap_throw=Neutral Throw, Down Throw, Spin Throw; other=None) | method_2(jump=No Jump Needed; cap_throw=Neutral Throw, Up Throw, Down Throw, Spin Throw; other=Capture)",true,,,,,,,,,7350.000,550.000,-29200.000,ShineInfo.szs,ShineList_SeaWorldHomeStage.byml;ShinePosList.byml,1,49,-1,12,false,false,3;4,駆けっこ開始Npc,海の国 レギュラーカップ,Use placement_stage_map_indices for StageMap availability and requirement_expr for local ability/capture needs. placement_scenario_no_values is the raw object ScenarioNo field.,casual,
SeaWorldHomeStage:2803:1029,Seaside Kingdom,SeaWorldHomeStage,Seaside Kingdom,overworld,Seaside Kingdom Master Cup,SeaWorldHomeStage:2803:1029,2803,1029,ShineFlag_Extra,SeaWorldHomeStage::checkpoint::obj2266,,free,WorldPeace_Seaside,MoonRockActive_Seaside,primary,unrated,,"captures=Gushen | method_1(jump=Single Jump (258); cap_throw=Neutral Throw, Down Throw, Spin Throw; other=None) | method_2(jump=No Jump Needed; cap_throw=Neutral Throw, Up Throw, Down Throw, Spin Throw; other=Capture)",true,,,,,,,,,7350.000,550.000,-29200.000,ShineInfo.szs,ShineList_SeaWorldHomeStage.byml;ShinePosList.byml,1,66,-1,8,false,true,4,駆けっこ開始Npc,海の国 マスターカップ,Use placement_stage_map_indices for StageMap availability and requirement_expr for local ability/capture needs. placement_scenario_no_values is the raw object ScenarioNo field.,casual,
SeaWorldLavaZone:606:1043,Seaside Kingdom,SeaWorldHomeStage,Seaside Kingdom,overworld,Rapid Ascent on Hot Springs Island,SeaWorldLavaZone:606:1043,606,1043,ShineFlag_Extra,SeaWorldLavaZone::checkpoint::obj182,,Hosui | (NeutralThrow & Vault & Dive),WorldPeace_Seaside,MoonRockActive_Seaside,primary,unrated,,,true,ShineAddByRock,D,-1,,3,-1,None,,14525.736,4050.000,-25575.736,SeaWorldLavaZoneMap.szs;ShineInfo.szs,SeaWorldLavaZoneMap.byml;ShineList_SeaWorldHomeStage.byml;ShinePosList.byml,1,55,-1,8,false,true,4,シャイン【月の石追加版】,温泉島で急上昇,Use placement_stage_map_indices for StageMap availability and requirement_expr for local ability/capture needs. placement_scenario_no_values is the raw object ScenarioNo field.,casual;advanced,
SeaWorldUnderGlassZone:400:1057,Seaside Kingdom,SeaWorldHomeStage,Seaside Kingdom,overworld,Glass Palace Treasure Chest,SeaWorldUnderGlassZone:400:1057,400,1057,ShineFlag_None,SeaWorldUnderGlassZone::checkpoint::obj153,,free,WorldPeace_Seaside,MoonRockActive_Seaside,primary,unrated,,"method_1(jump=No Jump Needed; cap_throw=Neutral Throw, Up Throw, Down Throw, Spin Throw; other=None) | method_2(jump=No Jump Needed; cap_throw=No Cap Throw Needed; other=Ground Pound, None)",true,TreasureBox,L,,,0;1;2;3,,None,,1800.000,-900.000,-21000.000,SeaWorldUnderGlassZoneMap.szs;ShineInfo.szs,SeaWorldUnderGlassZoneMap.byml;ShineList_SeaWorldHomeStage.byml;ShinePosList.byml,4,13,-1,15,false,false,1;2;3;4,宝箱,グラス宮殿の宝箱,Use placement_stage_map_indices for StageMap availability and requirement_expr for local ability/capture needs. placement_scenario_no_values is the raw object ScenarioNo field.,casual,
SeaWorldHomeStage:3052:1095,Seaside Kingdom,SeaWorldHomeStage,Seaside Kingdom,overworld,Found with Seaside Kingdom Art,SeaWorldHomeStage:3052:1095,3052,1095,ShineFlag_HintArt,SeaWorldHomeStage::checkpoint::obj1524,,(GroundPound & KingdomAccess_Metro),WorldPeace_Seaside,MoonRockActive_Seaside,primary,unrated,,"method_1(jump=Single Jump (258); cap_throw=No Cap Throw Needed; other=Other Kingdom Trigger, Ground Pound)",true,HintPhoto,L,,,0;1;2;3,,,,-9051.990,1150.000,-205.195,SeaWorldHomeStageMap.szs;ShineInfo.szs,SeaWorldHomeStageMap.byml;ShineList_SeaWorldHomeStage.byml;ShinePosList.byml,4,27,-1,15,false,false,1;2;3;4,ヒント写真,海の国で見つけた お宝写真,Use placement_stage_map_indices for StageMap availability and requirement_expr for local ability/capture needs. placement_scenario_no_values is the raw object ScenarioNo field.,casual,
SeaWorldHomeStage:1831:1103,Seaside Kingdom,SeaWorldHomeStage,Seaside Kingdom,overworld,Sea Gardening: Inlet Seed,SeaWorldHomeStage:1831:1103,1831,1103,ShineFlag_None,SeaWorldHomeStage::place::new_place_5,,free,WorldPeace_Seaside,MoonRockActive_Seaside,primary,unrated,,method_1(jump=Long Jump; cap_throw=No Cap Throw Needed; other=None),true,,,,,,,,,-9000.000,-75.000,-6500.000,ShineInfo.szs,ShineList_SeaWorldHomeStage.byml;ShinePosList.byml,1,22,-1,15,false,false,1;2;3;4,育つ草種,咲いた！ 入り江の種,Use placement_stage_map_indices for StageMap availability and requirement_expr for local ability/capture needs. placement_scenario_no_values is the raw object ScenarioNo field.,casual,
SeaWorldHomeStage:1973:1104,Seaside Kingdom,SeaWorldHomeStage,Seaside Kingdom,overworld,Sea Gardening: Canyon Seed,SeaWorldHomeStage:1973:1104,1973,1104,ShineFlag_None,SeaWorldHomeStage::place::new_place_5,,free,WorldPeace_Seaside,MoonRockActive_Seaside,primary,unrated,,method_1(jump=Single Jump (258); cap_throw=No Cap Throw Needed; other=None),true,,,,,,,,,18250.000,2750.000,-3750.000,ShineInfo.szs,ShineList_SeaWorldHomeStage.byml;ShinePosList.byml,1,26,-1,15,false,false,1;2;3;4,育つ草種,咲いた！ 峡谷裏の種,Use placement_stage_map_indices for StageMap availability and requirement_expr for local ability/capture needs. placement_scenario_no_values is the raw object ScenarioNo field.,casual,
SeaWorldHomeStage:2225:1105,Seaside Kingdom,SeaWorldHomeStage,Seaside Kingdom,overworld,Sea Gardening: Ocean Trench Seed,SeaWorldHomeStage:2225:1105,2225,1105,ShineFlag_None,SeaWorldHomeStage::place::new_place_5,,free,WorldPeace_Seaside,MoonRockActive_Seaside,primary,unrated,,method_1(jump=Long Jump; cap_throw=No Cap Throw Needed; other=None),true,,,,,,,,,2350.000,-6200.000,-32950.000,ShineInfo.szs,ShineList_SeaWorldHomeStage.byml;ShinePosList.byml,1,37,-1,15,false,false,1;2;3;4,育つ草種,咲いた！ 大海溝の種,Use placement_stage_map_indices for StageMap availability and requirement_expr for local ability/capture needs. placement_scenario_no_values is the raw object ScenarioNo field.,casual,
SeaWorldHomeStage:3104:1106,Seaside Kingdom,SeaWorldHomeStage,Seaside Kingdom,overworld,Sea Gardening: Hot-Spring Seed,SeaWorldHomeStage:3104:1106,3104,1106,ShineFlag_None,SeaWorldHomeStage::place::new_place_5,,free,WorldPeace_Seaside,MoonRockActive_Seaside,primary,unrated,,method_1(jump=Long Jump; cap_throw=No Cap Throw Needed; other=None),true,,,,,,,,,17919.801,499.000,-29677.000,ShineInfo.szs,ShineList_SeaWorldHomeStage.byml;ShinePosList.byml,1,32,-1,15,false,false,1;2;3;4,育つ草種,咲いた！ 温泉島の種,Use placement_stage_map_indices for StageMap availability and requirement_expr for local ability/capture needs. placement_scenario_no_values is the raw object ScenarioNo field.,casual,
SeaWorldUtsuboCaveStage:681:1107,Seaside Kingdom,SeaWorldUtsuboCaveStage,Underwater Tunnel,subarea,Looking Back in the Dark Waterway,SeaWorldUtsuboCaveStage:681:1107,681,1107,ShineFlag_None,SeaWorldUtsuboCaveStage::entrance::PukupukuCaveStart::sub_near,,free,WorldPeace_Seaside,MoonRockActive_Seaside,primary,unrated,,method_1(jump=Long Jump; cap_throw=No Cap Throw Needed; other=None),true,ShineAddHeight,Common,-1,,0;1;10;11;12;13;14;2;3;4;5;6;7;8;9,-1,None,,1025.000,100.000,-6775.000,SeaWorldUtsuboCaveStageMap.szs;ShineInfo.szs,SeaWorldUtsuboCaveStageMap.byml;ShineList_SeaWorldHomeStage.byml;ShinePosList.byml,15,31,-1,63,false,false,1;2;3;4;5;6,シャイン【2m置き】,暗い水路を ふりむけば,Use placement_stage_map_indices for StageMap availability and requirement_expr for local ability/capture needs. placement_scenario_no_values is the raw object ScenarioNo field.,casual,
SeaWorldHomeStage:3153:1120,Seaside Kingdom,SeaWorldHomeStage,Seaside Kingdom,overworld,Bird Traveling Over the Ocean,SeaWorldHomeStage:3153:1120,3153,1120,ShineFlag_Extra,SeaWorldHomeStage::checkpoint::obj1524,,free,WorldPeace_Seaside,MoonRockActive_Seaside,primary,unrated,,"captures=Gushen | method_1(jump=No Jump Needed; cap_throw=Neutral Throw, Up Throw, Down Throw, Spin Throw; other=Capture) | method_2(jump=Single Jump (258); cap_throw=Up Throw, Neutral Throw; other=Dive)",true,BirdGull,D,,,3,,,,-15400.000,650.000,-9500.000,SeaWorldHomeStageMap.szs;ShineInfo.szs,SeaWorldHomeStageMap.byml;ShineList_SeaWorldHomeStage.byml;ShinePosList.byml,1,59,-1,8,false,true,4,鳥[カモメ],海の渡り鳥,Use placement_stage_map_indices for StageMap availability and requirement_expr for local ability/capture needs. placement_scenario_no_values is the raw object ScenarioNo field.,casual,
SeaWorldVibrationStage:15:1135,Seaside Kingdom,SeaWorldVibrationStage,Rumbling Floor Cave,subarea,A Rumble on the Seaside Floor,SeaWorldVibrationStage:15:1135,15,1135,ShineFlag_None,SeaWorldVibrationStage::entrance::shindo_Lv2::sub_near,,GroundPound,WorldPeace_Seaside,MoonRockActive_Seaside,primary,unrated,,"method_1(jump=Single Jump (258); cap_throw=No Cap Throw Needed; other=Ground Pound) | method_2(jump=Long Jump; cap_throw=Spin Throw, Down Throw, Up Throw, Neutral Throw; other=Ground Pound)",true,,,,,,,,,-3000.000,975.000,1100.000,ShineInfo.szs,ShineList_SeaWorldHomeStage.byml;ShinePosList.byml,1,28,-1,63,false,false,1;2;3;4;5;6,ここ掘れポイント,ブルブル！ 海の ふるえる床,Use placement_stage_map_indices for StageMap availability and requirement_expr for local ability/capture needs. placement_scenario_no_values is the raw object ScenarioNo field.,casual,
SeaWorldHomeStage:3622:1151,Seaside Kingdom,SeaWorldHomeStage,Seaside Kingdom,overworld,Bubblaine Northern Reaches,SeaWorldHomeStage:3622:1151,3622,1151,ShineFlag_None,SeaWorldHomeStage::checkpoint::obj2266,,GroundPound | Pukupuku,WorldPeace_Seaside,MoonRockActive_Seaside,primary,unrated,,"method_1(jump=No Jump Needed; cap_throw=No Cap Throw Needed; other=None, Ground Pound)",true,,,,,,,,,600.000,-453.154,-35550.000,ShineInfo.szs,ShineList_SeaWorldHomeStage.byml;ShinePosList.byml,1,21,-1,63,false,false,1;2;3;4;5;6,ここ掘れポイント,シュワシュワーナ 北の果て,Use placement_stage_map_indices for StageMap availability and requirement_expr for local ability/capture needs. placement_scenario_no_values is the raw object ScenarioNo field.,casual,
SeaWorldHomeStage:4391:1163,Seaside Kingdom,SeaWorldHomeStage,Seaside Kingdom,overworld,Taking Notes in the Sea,SeaWorldHomeStage:4391:1163,4391,1163,ShineFlag_Extra,SeaWorldHomeStage::checkpoint::obj2266,,Pukupuku | (KingdomAccess_Seaside & NeutralThrow) | (GroundPound & Dive),WorldPeace_Seaside,MoonRockActive_Seaside,primary,unrated,,"captures=Cheep-Cheep | method_1(jump=No Jump Needed; cap_throw=Neutral Throw, Up Throw, Down Throw, Spin Throw; other=Capture)",true,,,,,,,,,6200.000,-150.052,-18600.000,ShineInfo.szs,ShineList_SeaWorldHomeStage.byml;ShinePosList.byml,1,63,-1,8,false,true,4,音符オブジェ(1つ目),海中で 音符集め,Use placement_stage_map_indices for StageMap availability and requirement_expr for local ability/capture needs. placement_scenario_no_values is the raw object ScenarioNo field.,casual;advanced;casual,
SnowWorldHomeStage:769:2,Snow Kingdom,SnowWorldHomeStage,Snow Kingdom,overworld,Moon Shards in the Snow,SnowWorldHomeStage:769:2,769,2,ShineFlag_None,SnowWorldHomeStage::checkpoint::obj1066,,free,WorldPeace_Snow,MoonRockActive_Snow,primary,unrated,,"method_1(jump=Cap Return Jump (400); cap_throw=Neutral Throw, Up Throw, Down Throw, Spin Throw; other=None) | method_2(jump=Long Jump; cap_throw=Up Throw; other=None)",true,,,,,,,,,-1400.000,1750.000,7850.000,ShineInfo.szs,ShineList_SnowWorldHomeStage.byml;ShinePosList.byml,1,2,-1,14,false,false,2;3;4,シャインチップ全取得監視者,集めて！ 雪のムーンチップ,Use placement_stage_map_indices for StageMap availability and requirement_expr for local ability/capture needs. placement_scenario_no_values is the raw object ScenarioNo field.,casual,
SnowWorldHomeStage:1049:3,Snow Kingdom,SnowWorldHomeStage,Snow Kingdom,overworld,Taking Notes: Snow Path Dash,SnowWorldHomeStage:1049:3,1049,3,ShineFlag_None,SnowWorldHomeStage::checkpoint::obj1066,,free,WorldPeace_Snow,MoonRockActive_Snow,primary,unrated,,method_1(jump=Long Jump; cap_throw=No Cap Throw Needed; other=None) | method_2(jump=No Jump Needed; cap_throw=No Cap Throw Needed; other=Roll Boost),true,,,,,,,,,-4150.000,1350.000,-4750.000,ShineInfo.szs,ShineList_SnowWorldHomeStage.byml;ShinePosList.byml,1,3,-1,14,false,false,2;3;4,音符オブジェ(1つ目),雪道ダッシュで 音符集め,Use placement_stage_map_indices for StageMap availability and requirement_expr for local ability/capture needs. placement_scenario_no_values is the raw object ScenarioNo field.,casual,
SnowWorldHomeStage:1086:4,Snow Kingdom,SnowWorldHomeStage,Snow Kingdom,overworld,Fishing in the Glacier!,SnowWorldHomeStage:1086:4,1086,4,ShineFlag_None,SnowWorldHomeStage::checkpoint::obj1066,,JugemFishing,WorldPeace_Snow,MoonRockActive_Snow,primary,unrated,,"captures=Locked behind Default Capture | method_1(jump=No Jump Needed; cap_throw=Neutral Throw, Up Throw, Down Throw, Spin Throw)",true,FishingFish,D,,,1;2;3,,,,11900.000,950.000,9950.000,SnowWorldHomeStageMap.szs;ShineInfo.szs,SnowWorldHomeStageMap.byml;ShineList_SnowWorldHomeStage.byml;ShinePosList.byml,3,5,-1,14,false,false,2;3;4,魚影,氷河で フィッシング！,Use placement_stage_map_indices for StageMap availability and requirement_expr for local ability/capture needs. placement_scenario_no_values is the raw object ScenarioNo field.,casual,
SnowWorldHomeStage:1116:6,Snow Kingdom,SnowWorldHomeStage,Snow Kingdom,overworld,Above the Freezing Fishing Pond,SnowWorldHomeStage:1116:6,1116,6,ShineFlag_Extra,SnowWorldHomeStage::checkpoint::obj1066,,free,WorldPeace_Snow,MoonRockActive_Snow,primary,unrated,,method_1(jump=No Jump Needed; cap_throw=No Cap Throw Needed; other=None),true,ShineAddByRockAddHeight,B,-1,,3,-1,None,,12400.000,3700.000,10750.000,SnowWorldHomeStageMap.szs;ShineInfo.szs,SnowWorldHomeStageMap.byml;ShineList_SnowWorldHomeStage.byml;ShinePosList.byml,1,25,-1,8,false,true,4,シャイン【月の石追加版2m】,凍てつく釣り堀の上に,Use placement_stage_map_indices for StageMap availability and requirement_expr for local ability/capture needs. placement_scenario_no_values is the raw object ScenarioNo field.,casual,
SnowWorldHomeStage:581:7,Snow Kingdom,SnowWorldHomeStage,Snow Kingdom,overworld,Ice Floe Swimming,SnowWorldHomeStage:581:7,581,7,ShineFlag_Extra,SnowWorldHomeStage::checkpoint::obj1066,,free,WorldPeace_Snow,MoonRockActive_Snow,primary,unrated,,method_1(jump=No Jump Needed; cap_throw=No Cap Throw Needed; other=None),true,ShineAddByRock,B,-1,,3,-1,None,,11900.000,650.000,3100.000,SnowWorldHomeStageMap.szs;ShineInfo.szs,SnowWorldHomeStageMap.byml;ShineList_SnowWorldHomeStage.byml;ShinePosList.byml,1,30,-1,8,false,true,4,シャイン【月の石追加版】,流氷スイミング,Use placement_stage_map_indices for StageMap availability and requirement_expr for local ability/capture needs. placement_scenario_no_values is the raw object ScenarioNo field.,casual,
SnowWorldHomeStage:1113:8,Snow Kingdom,SnowWorldHomeStage,Snow Kingdom,overworld,Shining on High,SnowWorldHomeStage:1113:8,1113,8,ShineFlag_Extra,SnowWorldHomeStage::checkpoint::obj1066,,free,WorldPeace_Snow,MoonRockActive_Snow,primary,unrated,,"captures=Locked behind Default Capture, Frog, Paragoomba, Glydon, Uproot, Shiverian, Gushen, Parabones, Yoshi, Dino | method_1(jump=Triple Jump (550); cap_throw=No Cap Throw Needed; other=None) | method_2(jump=No Jump Needed; cap_throw=Neutral Throw, Down Throw, Up Throw, Spin Throw; other=Capture)",true,ShineAddByRock,B,-1,,3,-1,None,,-2600.000,5700.000,8050.000,SnowWorldHomeStageMap.szs;ShineInfo.szs,SnowWorldHomeStageMap.byml;ShineList_SnowWorldHomeStage.byml;ShinePosList.byml,1,26,-1,8,false,true,4,シャイン【月の石追加版】,高台の上で かがやいて,Use placement_stage_map_indices for StageMap availability and requirement_expr for local ability/capture needs. placement_scenario_no_values is the raw object ScenarioNo field.,casual,
SnowWorldHomeStage:1115:9,Snow Kingdom,SnowWorldHomeStage,Snow Kingdom,overworld,"Deep in the Cold, Cold Water",SnowWorldHomeStage:1115:9,1115,9,ShineFlag_Extra,SnowWorldHomeStage::checkpoint::obj1066,,GroundPound | PukupukuSnow,WorldPeace_Snow,MoonRockActive_Snow,primary,unrated,,method_1(jump=No Jump Needed; cap_throw=No Cap Throw Needed; other=Ground Pound),true,,,,,,,,,4900.000,550.000,-5050.000,ShineInfo.szs,ShineList_SnowWorldHomeStage.byml;ShinePosList.byml,1,28,-1,8,false,true,4,ここ掘れポイント,冷たい冷たい 水の底から,Use placement_stage_map_indices for StageMap availability and requirement_expr for local ability/capture needs. placement_scenario_no_values is the raw object ScenarioNo field.,casual,
SnowWorldHomeStage:1117:10,Snow Kingdom,SnowWorldHomeStage,Snow Kingdom,overworld,It Popped Out of the Ice,SnowWorldHomeStage:1117:10,1117,10,ShineFlag_Extra,SnowWorldHomeStage::checkpoint::obj1066,,(Byugo & GroundPound) | (WallJump & GroundPound) | (Vault & GroundPound & NeutralThrow) | (Dive & GroundPound) | (Backflip & LedgeGrab & GroundPound) | (GroundPound & GroundPoundJump & LedgeGrab) | (SideFlip & LedgeGrab & GroundPound) | (Spin & LedgeGrab & GroundPound) | (TripleJump & GroundPound),WorldPeace_Snow,MoonRockActive_Snow,primary,unrated,,"method_1(jump=Backflip/Vault/Side Flip (496); cap_throw=No Cap Throw Needed; other=Ledge Grab, Ground Pound)",true,,,,,,,,,550.000,3500.000,450.000,ShineInfo.szs,ShineList_SnowWorldHomeStage.byml;ShinePosList.byml,1,27,-1,8,false,true,4,ここ掘れポイント,氷の中から とび出した,Use placement_stage_map_indices for StageMap availability and requirement_expr for local ability/capture needs. placement_scenario_no_values is the raw object ScenarioNo field.,casual,
IceWaterDashExStage:81:12,Snow Kingdom,IceWaterDashExStage,Dashing Over Cold Water,subarea,Dashing Over Cold Water!,IceWaterDashExStage:81:12,81,12,ShineFlag_None,IceWaterDashExStage::entrance::EX_IceWaterDash_Exit::sub_far,,free,WorldPeace_Snow,MoonRockActive_Snow,primary,unrated,,"method_1(jump=Single Jump (258); cap_throw=Neutral Throw, Up Throw, Down Throw, Spin Throw; other=None)",true,Shine,Common,-1,,0;1;10;11;12;13;14;2;3;4;5;6;7;8;9,-1,None,,-26450.000,8650.000,22600.000,IceWaterDashExStageMap.szs;ShineInfo.szs,IceWaterDashExStageMap.byml;ShineList_SnowWorldHomeStage.byml;ShinePosList.byml,15,8,-1,15,false,false,1;2;3;4,シャイン,ダッシュ！ ダッシュ！ 冷たい水,Use placement_stage_map_indices for StageMap availability and requirement_expr for local ability/capture needs. placement_scenario_no_values is the raw object ScenarioNo field.,casual,
IceWaterDashExStage:262:13,Snow Kingdom,IceWaterDashExStage,Dashing Over Cold Water,subarea,Dashing Above and Beyond!,IceWaterDashExStage:262:13,262,13,ShineFlag_None,IceWaterDashExStage::entrance::EX_IceWaterDash_Exit::sub_far,,free,WorldPeace_Snow,MoonRockActive_Snow,primary,unrated,,"method_1(jump=Single Jump (258); cap_throw=Neutral Throw, Up Throw, Down Throw, Spin Throw; other=None)",true,ShineAddHeight,Common,-1,,0;1;10;11;12;13;14;2;3;4;5;6;7;8;9,-1,None,,-26450.000,16700.000,33800.000,IceWaterDashExStageMap.szs;ShineInfo.szs,IceWaterDashExStageMap.byml;ShineList_SnowWorldHomeStage.byml;ShinePosList.byml,15,41,-1,15,false,false,1;2;3;4,シャイン【2m置き】,ダッシュ！ ダッシュ！ 急こう配,Use placement_stage_map_indices for StageMap availability and requirement_expr for local ability/capture needs. placement_scenario_no_values is the raw object ScenarioNo field.,casual,
IceWaterBlockExStage:170:14,Snow Kingdom,IceWaterBlockExStage,Freezing Water,subarea,Jump 'n' Swim in the Freezing Water,IceWaterBlockExStage:170:14,170,14,ShineFlag_None,IceWaterBlockExStage::entrance::EX_IceWater_Exit::sub_far,,free,WorldPeace_Snow,MoonRockActive_Snow,primary,unrated,,"method_1(jump=Single Jump (258); cap_throw=Neutral Throw, Up Throw, Down Throw, Spin Throw; other=Damage Boost)",true,ShineAddHeight,Common,-1,,0;1;10;11;12;13;14;2;3;4;5;6;7;8;9,-1,None,,4000.000,2400.000,-2400.000,IceWaterBlockExStageMap.szs;ShineInfo.szs,IceWaterBlockExStageMap.byml;ShineList_SnowWorldHomeStage.byml;ShinePosList.byml,15,7,-1,63,false,false,1;2;3;4;5;6,シャイン【2m置き】,とんで 泳いで 凍える水,Use placement_stage_map_indices for StageMap availability and requirement_expr for local ability/capture needs. placement_scenario_no_values is the raw object ScenarioNo field.,casual,
IceWaterBlockExStage:363:15,Snow Kingdom,IceWaterBlockExStage,Freezing Water,subarea,Freezing Water Near the Ceiling,IceWaterBlockExStage:363:15,363,15,ShineFlag_None,IceWaterBlockExStage::entrance::EX_IceWater_Exit::sub_far,,Climb,WorldPeace_Snow,MoonRockActive_Snow,primary,unrated,,"method_1(jump=Single Jump (258); cap_throw=Neutral Throw, Up Throw, Down Throw, Spin Throw; other=Damage Boost)",true,Shine,Common,-1,,0;1;10;11;12;13;14;2;3;4;5;6;7;8;9,-1,None,,2400.000,7350.000,-3200.000,IceWaterBlockExStageMap.szs;ShineInfo.szs,IceWaterBlockExStageMap.byml;ShineList_SnowWorldHomeStage.byml;ShinePosList.byml,15,42,-1,63,false,false,1;2;3;4;5;6,シャイン,天井裏の 凍える水,Use placement_stage_map_indices for StageMap availability and requirement_expr for local ability/capture needs. placement_scenario_no_values is the raw object ScenarioNo field.,casual,
KillerRailCollisionExStage:2902:31,Snow Kingdom,KillerRailCollisionExStage,Wintery Flower Road,subarea,Running the Flower Road,KillerRailCollisionExStage:2902:31,2902,31,ShineFlag_Extra,KillerRailCollisionExStage::entrance::EX_RailCol2_Exit::sub_far,,free,WorldPeace_Snow,MoonRockActive_Snow,primary,unrated,,"method_1(jump=Single Jump (258); cap_throw=Neutral Throw, Up Throw, Down Throw, Spin Throw; other=None)",true,ShineAddByRockAddHeight,Common,-1,,0;1;10;11;12;13;14;2;3;4;5;6;7;8;9,-1,None,,-21750.000,3200.000,-2600.000,KillerRailCollisionExStageMap.szs;ShineInfo.szs,KillerRailCollisionExStageMap.byml;ShineList_SnowWorldHomeStage.byml;ShinePosList.byml,15,33,-1,8,false,false,4,シャイン【月の石追加版2m】,走って逃げて フラワーロード,Use placement_stage_map_indices for StageMap availability and requirement_expr for local ability/capture needs. placement_scenario_no_values is the raw object ScenarioNo field.,casual,
KillerRailCollisionExStage:4422:32,Snow Kingdom,KillerRailCollisionExStage,Wintery Flower Road,subarea,Looking Back on the Flower Road,KillerRailCollisionExStage:4422:32,4422,32,ShineFlag_Extra,KillerRailCollisionExStage::entrance::EX_RailCol2::sub_near,,free,WorldPeace_Snow,MoonRockActive_Snow,primary,unrated,,"method_1(jump=Single Jump (258); cap_throw=Neutral Throw, Up Throw, Down Throw, Spin Throw; other=None)",true,ShineAddHeight,Common,-1,,0;1;10;11;12;13;14;2;3;4;5;6;7;8;9,-1,None,,-4950.000,2600.000,-1900.000,KillerRailCollisionExStageMap.szs;ShineInfo.szs,KillerRailCollisionExStageMap.byml;ShineList_SnowWorldHomeStage.byml;ShinePosList.byml,15,46,-1,8,false,false,4,シャイン【2m置き】,フラワーロードで ふり返って,Use placement_stage_map_indices for StageMap availability and requirement_expr for local ability/capture needs. placement_scenario_no_values is the raw object ScenarioNo field.,casual,
ByugoPuzzleExStage:69:33,Snow Kingdom,ByugoPuzzleExStage,Ty-Foo Sliding Puzzle,subarea,Blowing and Sliding,ByugoPuzzleExStage:69:33,69,33,ShineFlag_None,ByugoPuzzleExStage::entrance::ByugoPuzzle::sub_near,,Byugo,WorldPeace_Snow,MoonRockActive_Snow,primary,unrated,,"method_1(jump=Single Jump (258); cap_throw=Neutral Throw, Up Throw, Down Throw, Spin Throw; other=None)",true,Shine,Common,-1,,0;1;10;11;12;13;14;2;3;4;5;6;7;8;9,-1,None,,0.000,1700.000,-2300.000,ByugoPuzzleExStageMap.szs;ShineInfo.szs,ByugoPuzzleExStageMap.byml;ShineList_SnowWorldHomeStage.byml;ShinePosList.byml,15,11,-1,15,false,false,1;2;3;4,シャイン,吹いて滑って,Use placement_stage_map_indices for StageMap availability and requirement_expr for local ability/capture needs. placement_scenario_no_values is the raw object ScenarioNo field.,casual,
SnowWorldHomeStage:1309:678,Snow Kingdom,SnowWorldHomeStage,Snow Kingdom,overworld,Snow Kingdom Timer Challenge 1,SnowWorldHomeStage:1309:678,1309,678,ShineFlag_None,SnowWorldHomeStage::checkpoint::obj1066,,free,WorldPeace_Snow,MoonRockActive_Snow,primary,unrated,,"method_1(jump=Single Jump (258); cap_throw=Neutral Throw, Up Throw, Down Throw, Spin Throw; other=None)",true,,,,,,,,,10350.000,2187.960,-700.000,ShineInfo.szs,ShineList_SnowWorldHomeStage.byml;ShinePosList.byml,1,1,-1,14,false,false,2;3;4,帽子掛け（タイマー）,雪の国で チクタク・アスレチック １,Use placement_stage_map_indices for StageMap availability and requirement_expr for local ability/capture needs. placement_scenario_no_values is the raw object ScenarioNo field.,casual,
SnowWorldHomeStage:1321:686,Snow Kingdom,SnowWorldHomeStage,Snow Kingdom,overworld,Snow Kingdom Timer Challenge 2,SnowWorldHomeStage:1321:686,1321,686,ShineFlag_None,SnowWorldHomeStage::checkpoint::obj1066,,Climb | Dive | LongJump | TripleJump,WorldPeace_Snow,MoonRockActive_Snow,primary,unrated,,"method_1(jump=Single Jump (258); cap_throw=Neutral Throw, Up Throw, Down Throw, Spin Throw; other=Climb)",true,,,,,,,,,750.000,1483.920,6950.000,ShineInfo.szs,ShineList_SnowWorldHomeStage.byml;ShinePosList.byml,1,4,-1,14,false,false,2;3;4,帽子掛け（タイマー）,雪の国で チクタク・アスレチック ２,Use placement_stage_map_indices for StageMap availability and requirement_expr for local ability/capture needs. placement_scenario_no_values is the raw object ScenarioNo field.,casual,
SnowWorldHomeStage:1338:694,Snow Kingdom,SnowWorldHomeStage,Snow Kingdom,overworld,Captain Toad is Chilly!,SnowWorldHomeStage:1338:694,1338,694,ShineFlag_None,SnowWorldHomeStage::checkpoint::obj1066,,free,WorldPeace_Snow,MoonRockActive_Snow,primary,unrated,,method_1(jump=No Jump Needed; cap_throw=No Cap Throw Needed; other=None),true,,,,,,,,,3300.000,3600.000,-8750.000,ShineInfo.szs,ShineList_SnowWorldHomeStage.byml;ShinePosList.byml,1,6,-1,15,false,false,1;2;3;4,キノピオ隊長,さむい！ キノピオ隊長,Use placement_stage_map_indices for StageMap availability and requirement_expr for local ability/capture needs. placement_scenario_no_values is the raw object ScenarioNo field.,casual,
SnowWorldHomeStage:1359:695,Snow Kingdom,SnowWorldHomeStage,Snow Kingdom,overworld,Snow Kingdom Regular Cup,SnowWorldHomeStage:1359:695,1359,695,ShineFlag_None,SnowWorldHomeStage::checkpoint::obj1066,,free,WorldPeace_Snow,MoonRockActive_Snow,primary,unrated,,"method_1(jump=No Jump Needed; cap_throw=Up Throw, Neutral Throw, Down Throw, Spin Throw; other=Damage Boost) | method_2(jump=Single Jump (258); cap_throw=No Cap Throw Needed; other=Ground Pound, Damage Boost)",true,,,,,,,,,-7424.620,3070.000,-5091.170,ShineInfo.szs,ShineList_SnowWorldHomeStage.byml;ShinePosList.byml,1,23,-1,12,false,false,3;4,駆けっこ開始Npc,雪の国 レギュラーカップ,Use placement_stage_map_indices for StageMap availability and requirement_expr for local ability/capture needs. placement_scenario_no_values is the raw object ScenarioNo field.,casual,
SnowWorldCloudBonusExStage:5375:830,Snow Kingdom,SnowWorldCloudBonusExStage,Spinning Above the Clouds,subarea,Spinning Above the Clouds,SnowWorldCloudBonusExStage:5375:830,5375,830,ShineFlag_None,SnowWorldCloudBonusExStage::entrance::EX_SkyBonus::sub_near,,free,WorldPeace_Snow,MoonRockActive_Snow,primary,unrated,,"method_1(jump=Single Jump (258); cap_throw=Neutral Throw, Up Throw, Down Throw, Spin Throw; other=None) | method_2(jump=Single Jump (258); cap_throw=No Cap Throw Needed; other=Ground Pound)",true,Shine,Common,-1,,0;1;10;11;12;13;14;2;3;4;5;6;7;8;9,-1,None,,-2450.000,9900.000,-3500.000,SnowWorldCloudBonusExStageMap.szs;ShineInfo.szs,SnowWorldCloudBonusExStageMap.byml;ShineList_SnowWorldHomeStage.byml;ShinePosList.byml,15,9,-1,14,false,false,2;3;4,シャイン,くるくる雲の上,Use placement_stage_map_indices for StageMap availability and requirement_expr for local ability/capture needs. placement_scenario_no_values is the raw object ScenarioNo field.,casual,
SnowWorldCloudBonusExStage:5760:831,Snow Kingdom,SnowWorldCloudBonusExStage,Spinning Above the Clouds,subarea,High-Altitude Spinning,SnowWorldCloudBonusExStage:5760:831,5760,831,ShineFlag_None,SnowWorldCloudBonusExStage::entrance::EX_SkyBonus::sub_near,,free,WorldPeace_Snow,MoonRockActive_Snow,primary,unrated,,"method_1(jump=Single Jump (258); cap_throw=Neutral Throw, Up Throw, Down Throw, Spin Throw; other=None) | method_2(jump=Single Jump (258); cap_throw=No Cap Throw Needed; other=Ground Pound)",true,Shine,Common,-1,,0;1;10;11;12;13;14;2;3;4;5;6;7;8;9,-1,None,,-2450.000,13700.000,2600.000,SnowWorldCloudBonusExStageMap.szs;ShineInfo.szs,SnowWorldCloudBonusExStageMap.byml;ShineList_SnowWorldHomeStage.byml;ShinePosList.byml,15,43,-1,14,false,false,2;3;4,シャイン,くるくる上昇気流,Use placement_stage_map_indices for StageMap availability and requirement_expr for local ability/capture needs. placement_scenario_no_values is the raw object ScenarioNo field.,casual,
SnowWorldLobby000Stage:684:843,Snow Kingdom,SnowWorldLobby000Stage,Class A Lobby,subarea,Forgotten in the Holding Room,SnowWorldLobby000Stage:684:843,684,843,ShineFlag_Extra,SnowWorldLobby000Stage::place::new_place,,free,WorldPeace_Snow,MoonRockActive_Snow,primary,unrated,,"method_1(jump=Single Jump (258); cap_throw=Neutral Throw, Down Throw, Up Throw, Spin Throw; other=None) | method_2(jump=Single Jump (258); cap_throw=No Cap Throw Needed; other=Roll)",true,,,,,,,,,-950.000,1500.000,150.000,ShineInfo.szs,ShineList_SnowWorldHomeStage.byml;ShinePosList.byml,1,39,-1,8,false,true,1;2;3;4;5;6,木箱,控え室の置き忘れ,Use placement_stage_map_indices for StageMap availability and requirement_expr for local ability/capture needs. placement_scenario_no_values is the raw object ScenarioNo field.,casual,"2,3,4,5"
SnowWorldShopStage:24:868,Snow Kingdom,SnowWorldShopStage,Crazy Cap Store,subarea,Shopping in Shiveria,SnowWorldShopStage:24:868,24,868,ShineFlag_None,SnowWorldShopStage::entrance::ShopDoor::sub_near,,free,WorldPeace_Snow,MoonRockActive_Snow,primary,unrated,"not ""free""",method_1(jump=Long Jump; cap_throw=No Cap Throw Needed; other=None),true,,,,,,,,,-950.000,1500.000,150.000,ShineInfo.szs,ShineList_SnowWorldHomeStage.byml;ShinePosList.byml,1,16,-1,63,false,false,1;2;3;4;5;6,ショップ店員,パウダーボウルで お買い物,Use placement_stage_map_indices for StageMap availability and requirement_expr for local ability/capture needs. placement_scenario_no_values is the raw object ScenarioNo field.,casual,
IceWalkerExStage:18:877,Snow Kingdom,IceWalkerExStage,Koopa Walking in Snow,subarea,Walking on Ice!,IceWalkerExStage:18:877,18,877,ShineFlag_None,IceWalkerExStage::entrance::FigureWalker::sub_near,,free,WorldPeace_Snow,MoonRockActive_Snow,primary,unrated,,"method_1(jump=No Jump Needed; cap_throw=Neutral Throw, Up Throw, Down Throw, Spin Throw; other=None)",true,,,,,,,,,6752.870,1500.000,-2580.940,ShineInfo.szs,ShineList_SnowWorldHomeStage.byml;ShinePosList.byml,1,10,-1,14,false,false,2;3;4,フィギュアウォーキングNpc,氷で ウォーキング！,Use placement_stage_map_indices for StageMap availability and requirement_expr for local ability/capture needs. placement_scenario_no_values is the raw object ScenarioNo field.,casual,
IceWalkerExStage:19:878,Snow Kingdom,IceWalkerExStage,Koopa Walking in Snow,subarea,Even More Walking on Ice!,IceWalkerExStage:19:878,19,878,ShineFlag_Extra,IceWalkerExStage::entrance::FigureWalker::sub_near,,free,WorldPeace_Snow,MoonRockActive_Snow,primary,unrated,,"method_1(jump=No Jump Needed; cap_throw=Neutral Throw, Up Throw, Down Throw, Spin Throw; other=None)",true,,,,,,,,,6752.870,1500.000,-2580.940,ShineInfo.szs,ShineList_SnowWorldHomeStage.byml;ShinePosList.byml,1,44,-1,14,false,true,2;3;4,フィギュアウォーキングNpc,もっと！ 氷で ウォーキング,Use placement_stage_map_indices for StageMap availability and requirement_expr for local ability/capture needs. placement_scenario_no_values is the raw object ScenarioNo field.,casual,
SnowWorldLobby000Stage:943:879,Snow Kingdom,SnowWorldLobby000Stage,Class A Lobby,subarea,Snowline Circuit Class S,SnowWorldLobby000Stage:943:879,943,879,ShineFlag_None,SnowWorldLobby000Stage::place::new_place,,Yukimaru,WorldPeace_Snow,MoonRockActive_Snow,primary,unrated,,"captures=Locked behind Default Capture | method_1(jump=Single Jump (258); cap_throw=Neutral Throw, Up Throw, Down Throw, Spin Throw; other=Capture)",true,,,,,,,,,-950.000,1500.000,150.000,ShineInfo.szs,ShineList_SnowWorldHomeStage.byml;ShinePosList.byml,1,22,-1,62,false,false,1;2;3;4;5;6,雪のレース開始NPC,スノーライン・サーキット クラスＳ,Use placement_stage_map_indices for StageMap availability and requirement_expr for local ability/capture needs. placement_scenario_no_values is the raw object ScenarioNo field.,casual,
SnowWorldHomeStage:1423:900,Snow Kingdom,SnowWorldHomeStage,Snow Kingdom,overworld,Snow Kingdom Master Cup,SnowWorldHomeStage:1423:900,1423,900,ShineFlag_Extra,SnowWorldHomeStage::checkpoint::obj1066,,free,WorldPeace_Snow,MoonRockActive_Snow,primary,unrated,,"method_1(jump=No Jump Needed; cap_throw=Up Throw, Neutral Throw, Down Throw, Spin Throw; other=Damage Boost) | method_2(jump=Single Jump (258); cap_throw=No Cap Throw Needed; other=Ground Pound, Damage Boost)",true,,,,,,,,,-7424.620,3070.000,-5091.170,ShineInfo.szs,ShineList_SnowWorldHomeStage.byml;ShinePosList.byml,1,29,-1,8,false,true,4,駆けっこ開始Npc,雪の国 マスターカップ,Use placement_stage_map_indices for StageMap availability and requirement_expr for local ability/capture needs. placement_scenario_no_values is the raw object ScenarioNo field.,casual,
SnowWorldLobby000Stage:951:903,Snow Kingdom,SnowWorldLobby000Stage,Class A Lobby,subarea,Hat-and-Seek in the Snow,SnowWorldLobby000Stage:951:903,951,903,ShineFlag_None,SnowWorldLobby000Stage::place::new_place,,free,WorldPeace_Snow,MoonRockActive_Snow,primary,unrated,,method_1(jump=Long Jump; cap_throw=No Cap Throw Needed; other=None),true,,,,,,,,,-950.000,1500.000,150.000,ShineInfo.szs,ShineList_SnowWorldHomeStage.byml;ShinePosList.byml,1,40,-1,12,false,false,1;2;3;4;5;6,かくれんぼ帽子の民,雪の帽子で かくれんぼ,Use placement_stage_map_indices for StageMap availability and requirement_expr for local ability/capture needs. placement_scenario_no_values is the raw object ScenarioNo field.,casual,"2,3,4,5"
SnowWorldHomeStage:1431:937,Snow Kingdom,SnowWorldHomeStage,Snow Kingdom,overworld,Secret Path to Shiveria!,SnowWorldHomeStage:1431:937,1431,937,ShineFlag_None,SnowWorldHomeStage::checkpoint::obj1387,,free,WorldPeace_Snow,MoonRockActive_Snow,primary,unrated,,"method_1(jump=Long Jump; cap_throw=No Cap Throw Needed; other=Other Kingdom Trigger, Ground Pound) | method_2(jump=Long Jump; cap_throw=Neutral Throw, Down Throw, Up Throw, Spin Throw; other=Other Kingdom Trigger, Ground Pound)",true,TreasureBox,C,,,0;1;2;3,,WorldWarpHoleShine,,-7500.000,6360.001,13000.000,SnowWorldHomeStageMap.szs;ShineInfo.szs,SnowWorldHomeStageMap.byml;ShineList_SnowWorldHomeStage.byml;ShinePosList.byml,4,49,-1,15,false,false,1;2;3;4,宝箱,ようこそ！ パウダーボウル！,Use placement_stage_map_indices for StageMap availability and requirement_expr for local ability/capture needs. placement_scenario_no_values is the raw object ScenarioNo field.,casual,
SnowWorldHomeStage:1459:973,Snow Kingdom,SnowWorldHomeStage,Snow Kingdom,overworld,I Met a Snow Cheep Cheep!,SnowWorldHomeStage:1459:973,1459,973,ShineFlag_Extra,SnowWorldHomeStage::checkpoint::obj1066,,PukupukuSnow,WorldPeace_Snow,MoonRockActive_Snow,primary,unrated,,"captures=Locked behind Default Capture, Cheep-Cheep | method_1(jump=No Jump Needed; cap_throw=Neutral Throw, Up Throw, Down Throw, Spin Throw; other=None)",true,,,,,,,,,-8600.000,2900.000,-850.000,ShineInfo.szs,ShineList_SnowWorldHomeStage.byml;ShinePosList.byml,1,31,-1,8,false,true,4,帽子の民,雪国のプクプクに 出会った！,Use placement_stage_map_indices for StageMap availability and requirement_expr for local ability/capture needs. placement_scenario_no_values is the raw object ScenarioNo field.,casual,
SnowWorldLobbyExStage:950:997,Snow Kingdom,SnowWorldLobbyExStage,Class S Lobby,subarea,Iceburn Circuit Class S,SnowWorldLobbyExStage:950:997,950,997,ShineFlag_Extra,SnowWorldLobbyExStage::entrance::MoonRace::sub_near,,Yukimaru,WorldPeace_Snow,MoonRockActive_Snow,primary,unrated,,"captures=Locked behind Default Capture, Shiverian | method_1(jump=No Jump Needed; cap_throw=Neutral Throw, Up Throw, Spin Throw, Down Throw; other=Capture)",true,,,,,,,,,10308.600,2050.000,-6167.000,ShineInfo.szs,ShineList_SnowWorldHomeStage.byml;ShinePosList.byml,1,47,-1,8,false,false,4,雪のレース開始NPC,アイスバーン・サーキット クラスＳ,Use placement_stage_map_indices for StageMap availability and requirement_expr for local ability/capture needs. placement_scenario_no_values is the raw object ScenarioNo field.,casual,
SnowWorldLobbyExStage:340:998,Snow Kingdom,SnowWorldLobbyExStage,Class S Lobby,subarea,Iceburn Circuit Class A,SnowWorldLobbyExStage:340:998,340,998,ShineFlag_Extra,SnowWorldLobbyExStage::entrance::MoonRace::sub_near,,Yukimaru,WorldPeace_Snow,MoonRockActive_Snow,primary,unrated,,"captures=Locked behind Default Capture, Shiverian | method_1(jump=No Jump Needed; cap_throw=Neutral Throw, Up Throw, Spin Throw, Down Throw; other=Capture)",true,,,,,,,,,10308.600,2050.000,-6167.000,ShineInfo.szs,ShineList_SnowWorldHomeStage.byml;ShinePosList.byml,1,34,-1,8,false,false,4,雪のレース開始NPC,アイスバーン・サーキット クラスＡ,Use placement_stage_map_indices for StageMap availability and requirement_expr for local ability/capture needs. placement_scenario_no_values is the raw object ScenarioNo field.,casual,
SnowWorldHomeStage:1491:1002,Snow Kingdom,SnowWorldHomeStage,Snow Kingdom,overworld,Caught Hopping in the Snow!,SnowWorldHomeStage:1491:1002,1491,1002,ShineFlag_None,SnowWorldHomeStage::checkpoint::obj1066,,free,WorldPeace_Snow,MoonRockActive_Snow,primary,unrated,,method_1(jump=No Jump Needed; cap_throw=No Cap Throw Needed; other=None),true,,,,,,,,,3700.000,2092.820,12600.000,ShineInfo.szs,ShineList_SnowWorldHomeStage.byml;ShinePosList.byml,1,0,-1,14,false,false,2;3;4,ウサギ,雪の国で つかまえたピョン！,Use placement_stage_map_indices for StageMap availability and requirement_expr for local ability/capture needs. placement_scenario_no_values is the raw object ScenarioNo field.,casual,
SnowWorldHomeStage:1507:1003,Snow Kingdom,SnowWorldHomeStage,Snow Kingdom,overworld,Snow Kingdom Timer Challenge 3,SnowWorldHomeStage:1507:1003,1507,1003,ShineFlag_Extra,SnowWorldHomeStage::checkpoint::obj1066,,free,WorldPeace_Snow,MoonRockActive_Snow,primary,unrated,,method_1(jump=Single Jump (258); cap_throw=No Cap Throw Needed; other=None),true,,,,,,,,,5600.000,950.000,-1300.000,ShineInfo.szs,ShineList_SnowWorldHomeStage.byml;ShinePosList.byml,1,32,-1,8,false,true,4,踏みスイッチ（タイマー）,雪の国で チクタク・アスレチック ３,Use placement_stage_map_indices for StageMap availability and requirement_expr for local ability/capture needs. placement_scenario_no_values is the raw object ScenarioNo field.,casual,
SnowWorldLobby001Stage:331:1020,Snow Kingdom,SnowWorldLobby001Stage,SnowWorldLobby001Stage,subarea,The Bound Bowl Grand Prix,SnowWorldLobby001Stage:331:1020,331,1020,ShineFlag_Story | ShineFlag_Multi,SnowWorldLobby001Stage::place::new_place,,Yukimaru | KingdomAccess_Snow,WorldPeace_Snow,MoonRockActive_Snow,primary,unrated,,"captures=Locked behind Default Capture | method_1(jump=Single Jump (258); cap_throw=Neutral Throw, Up Throw, Down Throw, Spin Throw; other=Capture)",true,,,,,,,,,-950.000,1500.000,150.000,ShineInfo.szs,ShineList_SnowWorldHomeStage.byml;ShinePosList.byml,1,54,1,1,true,false,1;2;3;4;5;6,雪のレース開始NPC,再開！ バウンドボウルGP,Use placement_stage_map_indices for StageMap availability and requirement_expr for local ability/capture needs. placement_scenario_no_values is the raw object ScenarioNo field.,casual,"1,2,3,4,5;2,3,4,5"
SnowWorldCostumeStage:450:1030,Snow Kingdom,SnowWorldCostumeStage,Cold Room,subarea,Moon Shards in the Cold Room,SnowWorldCostumeStage:450:1030,450,1030,ShineFlag_None,SnowWorldCostumeStage::entrance::SnowCostumeEx::sub_near,,free,WorldPeace_Snow,MoonRockActive_Snow,primary,unrated,,"method_1(jump=Single Jump (258); cap_throw=No Cap Throw Needed; other=Outfit, 2D jump (any jump))",true,,,,,,,,,-950.000,1500.000,150.000,ShineInfo.szs,ShineList_SnowWorldHomeStage.byml;ShinePosList.byml,1,17,-1,63,false,false,1;2;3;4;5;6,シャインチップ全取得監視者,冷たい部屋のムーンチップ,Use placement_stage_map_indices for StageMap availability and requirement_expr for local ability/capture needs. placement_scenario_no_values is the raw object ScenarioNo field.,casual,
SnowWorldCostumeStage:733:1031,Snow Kingdom,SnowWorldCostumeStage,Cold Room,subarea,Slip Behind the Ice,SnowWorldCostumeStage:733:1031,733,1031,ShineFlag_None,SnowWorldCostumeStage::entrance::SnowCostumeEx::sub_near,,free,WorldPeace_Snow,MoonRockActive_Snow,primary,unrated,,"method_1(jump=Single Jump (258); cap_throw=No Cap Throw Needed; other=Outfit, 2D jump (any jump))",true,ShineDot,Common,,,0;1;10;11;12;13;14;2;3;4;5;6;7;8;9,,CostumeShine,,-1124.742,2350.000,875.258,SnowWorldCostumeStageMap.szs;ShineInfo.szs,SnowWorldCostumeStageMap.byml;ShineList_SnowWorldHomeStage.byml;ShinePosList.byml,15,45,-1,63,false,false,1;2;3;4;5;6,シャインドット_2D,氷の裏を すり抜けて,Use placement_stage_map_indices for StageMap availability and requirement_expr for local ability/capture needs. placement_scenario_no_values is the raw object ScenarioNo field.,casual,
SnowWorldByugoZone:276:16,Snow Kingdom,SnowWorldTownStage,Shiveria Town,subarea,Atop a Blustery Arch,SnowWorldByugoZone:276:16,276,16,ShineFlag_None,SnowWorldByugoZone::start,,GroundPound,WorldPeace_Snow,MoonRockActive_Snow,primary,unrated,,method_1(jump=Triple Jump (550); cap_throw=No Cap Throw Needed; other=Ground Pound),true,,,,,,,,,39300.000,-23050.000,-11100.000,ShineInfo.szs,ShineList_SnowWorldHomeStage.byml;ShinePosList.byml,1,20,-1,63,false,false,1;2;3;4;5;6,ここ掘れポイント,吹きすさぶアーチの上,Use placement_stage_map_indices for StageMap availability and requirement_expr for local ability/capture needs. placement_scenario_no_values is the raw object ScenarioNo field.,casual,
SnowWorldTownStage:531:17,Snow Kingdom,SnowWorldTownStage,Shiveria Town,subarea,The Icicle Barrier,SnowWorldTownStage:531:17,531,17,ShineFlag_Story,SnowWorldIcicleZone::start,,free,WorldPeace_Snow,MoonRockActive_Snow,primary,unrated,,method_1(jump=Single Jump (258); cap_throw=No Cap Throw Needed; other=None),true,ShineAddHeight,Common,-1,,0;1;10;11;12;13;14;2;3;4;5;6;7;8;9,0,None,,-38850.000,-2550.000,-10700.000,SnowWorldTownStageMap.szs;ShineInfo.szs,SnowWorldTownStageMap.byml;ShineList_SnowWorldHomeStage.byml;ShinePosList.byml,15,50,0,63,false,false,1;2;3;4;5;6,シャイン【2m置き】,ツララの関門,Use placement_stage_map_indices for StageMap availability and requirement_expr for local ability/capture needs. placement_scenario_no_values is the raw object ScenarioNo field.,casual,
SnowWorldTownStage:532:18,Snow Kingdom,SnowWorldTownStage,Shiveria Town,subarea,The Gusty Barrier,SnowWorldTownStage:532:18,532,18,ShineFlag_Story,SnowWorldByugoZone::start,,Byugo | (Vault & NeutralThrow) | Dive | TripleJump,WorldPeace_Snow,MoonRockActive_Snow,primary,unrated,,"captures=Glydon, Frog, Shiverian, Gushen, Parabones, Paragoomba, Dino, Yoshi | method_1(jump=Triple Jump (550); cap_throw=Neutral Throw, Up Throw, Down Throw, Spin Throw; other=Capture)",true,ShineAddHeight,Common,-1,,0;1;10;11;12;13;14;2;3;4;5;6;7;8;9,0,None,,44550.000,-23700.000,-16050.000,SnowWorldTownStageMap.szs;ShineInfo.szs,SnowWorldTownStageMap.byml;ShineList_SnowWorldHomeStage.byml;ShinePosList.byml,15,52,0,63,false,false,1;2;3;4;5;6,ステージスイッチ_全滅監視_全滅監視_全滅監視_全滅監視_全滅監視_全滅監視,突風の関門,Use placement_stage_map_indices for StageMap availability and requirement_expr for local ability/capture needs. placement_scenario_no_values is the raw object ScenarioNo field.,casual;advanced;advanced;advanced,
SnowWorldTownStage:1101:19,Snow Kingdom,SnowWorldTownStage,Shiveria Town,subarea,Peach in the Snow Kingdom,SnowWorldTownStage:1101:19,1101,19,ShineFlag_None,SnowWorldTownStage::entrance::SnowUGExit::sub_near,,KingdomAccess_Mushroom,WorldPeace_Snow,MoonRockActive_Snow,primary,unrated,,method_1(jump=Long Jump; cap_throw=No Cap Throw Needed; other=None),true,,,,,,,,,-950.000,1500.000,150.000,ShineInfo.szs,ShineList_SnowWorldHomeStage.byml;ShinePosList.byml,1,24,-1,12,false,false,1;2;3;4;5;6,世界旅行ピーチ,雪の国で ピーチ姫,Use placement_stage_map_indices for StageMap availability and requirement_expr for local ability/capture needs. placement_scenario_no_values is the raw object ScenarioNo field.,casual,"2,3,4,5"
SnowWorldIcicleZone:206:20,Snow Kingdom,SnowWorldTownStage,Shiveria Town,subarea,Ice-Dodging Goomba Stack,SnowWorldIcicleZone:206:20,206,20,ShineFlag_None,SnowWorldIcicleZone::start,,Kuribo,WorldPeace_Snow,MoonRockActive_Snow,primary,unrated,,"captures=Goomba, Locked behind Default Capture | method_1(jump=Long Jump; cap_throw=Neutral Throw, Up Throw, Down Throw, Spin Throw; other=Capture)",true,Shine,Common,-1,,0;1;10;11;12;13;14;2;3;4;5;6;7;8;9,-1,None,,-44550.000,-2350.000,-16150.000,SnowWorldIcicleZoneMap.szs;ShineInfo.szs,SnowWorldIcicleZoneMap.byml;ShineList_SnowWorldHomeStage.byml;ShinePosList.byml,15,21,-1,63,false,false,1;2;3;4;5;6,シャイン,ツララをよけて 積み上がれ！,Use placement_stage_map_indices for StageMap availability and requirement_expr for local ability/capture needs. placement_scenario_no_values is the raw object ScenarioNo field.,casual,
SnowWorldBalconyZone:89:21,Snow Kingdom,SnowWorldTownStage,Shiveria Town,subarea,Behind Snowy Mountain,SnowWorldBalconyZone:89:21,89,21,ShineFlag_None,SnowWorldBalconyZone::start,,free,WorldPeace_Snow,MoonRockActive_Snow,primary,unrated,,"method_1(jump=Long Jump; cap_throw=Neutral Throw, Up Throw, Down Throw, Spin Throw; other=None) | method_2(jump=Single Jump (258); cap_throw=No Cap Throw Needed; other=Ground Pound)",true,Shine,Common,-1,,0;1;10;11;12;13;14;2;3;4;5;6;7;8;9,-1,None,,39670.000,-3200.000,42770.000,SnowWorldBalconyZoneMap.szs;ShineInfo.szs,SnowWorldBalconyZoneMap.byml;ShineList_SnowWorldHomeStage.byml;ShinePosList.byml,15,19,-1,63,false,false,1;2;3;4;5;6,シャイン,氷の塔の裏に,Use placement_stage_map_indices for StageMap availability and requirement_expr for local ability/capture needs. placement_scenario_no_values is the raw object ScenarioNo field.,casual,
SnowWorldTownStage:918:22,Snow Kingdom,SnowWorldTownStage,Shiveria Town,subarea,The Ice Wall Barrier,SnowWorldTownStage:918:22,918,22,ShineFlag_Story,SnowWorldGabuzouZone::start,,free,WorldPeace_Snow,MoonRockActive_Snow,primary,unrated,,method_1(jump=Long Jump; cap_throw=No Cap Throw Needed; other=None),true,ShineWithAppearCameraAddHeight,Common,,,1;10;11;12;13;14;2;3;4;5;6;7;8;9,0,None,,-36500.000,-4600.000,41400.000,SnowWorldTownStageMap.szs;ShineInfo.szs,SnowWorldTownStageMap.byml;ShineList_SnowWorldHomeStage.byml;ShinePosList.byml,14,51,0,63,false,false,1;2;3;4;5;6,シャイン【出現カメラあり】【2m置き】_シャインチップ全取得監視者,氷壁の関門,Use placement_stage_map_indices for StageMap availability and requirement_expr for local ability/capture needs. placement_scenario_no_values is the raw object ScenarioNo field.,casual,
SnowWorldTownStage:987:23,Snow Kingdom,SnowWorldTownStage,Shiveria Town,subarea,The Shiverian Treasure Chest,SnowWorldTownStage:987:23,987,23,ShineFlag_None,SnowWorldTownStage::entrance::SnowUGExit::sub_near,,(Vault & Dive & NeutralThrow) | Climb | (WallJump & NeutralThrow) | (WallJump & DownThrow) | (WallJump & UpThrow) | (WallJump & Dive & SpinThrow),WorldPeace_Snow,MoonRockActive_Snow,primary,unrated,,"method_1(jump=Long Jump; cap_throw=Neutral Throw, Up Throw, Down Throw, Spin Throw; other=None) | method_2(jump=Long Jump; cap_throw=No Cap Throw Needed; other=Ground Pound)",true,TreasureBox,Common,,,0;1;10;11;12;13;14;2;3;4;5;6;7;8;9,,None,,-2150.000,-2225.000,4100.000,SnowWorldTownStageMap.szs;ShineInfo.szs,SnowWorldTownStageMap.byml;ShineList_SnowWorldHomeStage.byml;ShinePosList.byml,15,13,-1,63,false,false,1;2;3;4;5;6,宝箱,パウダーボウルの宝箱,Use placement_stage_map_indices for StageMap availability and requirement_expr for local ability/capture needs. placement_scenario_no_values is the raw object ScenarioNo field.,advanced;casual;advanced;advanced;advanced;advanced,
SnowWorldGabuzouZone:235:24,Snow Kingdom,SnowWorldTownStage,Shiveria Town,subarea,Treasure in the Ice Wall,SnowWorldGabuzouZone:235:24,235,24,ShineFlag_None,SnowWorldGabuzouZone::start,,LedgeGrab | (Vault & Dive),WorldPeace_Snow,MoonRockActive_Snow,primary,unrated,,"method_1(jump=Single Jump (258); cap_throw=No Cap Throw Needed; other=Ledge Grab) | method_2(jump=Long Jump; cap_throw=Neutral Throw, Up Throw, Down Throw, Spin Throw; other=Ledge Grab)",true,TreasureBox,Common,,,0;1;10;11;12;13;14;2;3;4;5;6;7;8;9,,None,,-40800.000,-3150.000,41900.000,SnowWorldGabuzouZoneMap.szs;ShineInfo.szs,SnowWorldGabuzouZoneMap.byml;ShineList_SnowWorldHomeStage.byml;ShinePosList.byml,15,18,-1,63,false,false,1;2;3;4;5;6,宝箱,氷壁の宝箱,Use placement_stage_map_indices for StageMap availability and requirement_expr for local ability/capture needs. placement_scenario_no_values is the raw object ScenarioNo field.,casual,
SnowWorldTownStage:536:25,Snow Kingdom,SnowWorldTownStage,Shiveria Town,subarea,The Snowy Mountain Barrier,SnowWorldTownStage:536:25,536,25,ShineFlag_Story,SnowWorldBalconyZone::start,,free,WorldPeace_Snow,MoonRockActive_Snow,primary,unrated,,"method_1(jump=Long Jump; cap_throw=Neutral Throw, Up Throw, Down Throw, Spin Throw; other=None)",true,ShineAddHeight,Common,-1,,1;10;11;12;13;14;2;3;4;5;6;7;8;9,0,None,,41966.785,-2000.000,42108.207,SnowWorldTownStageMap.szs;ShineInfo.szs,SnowWorldTownStageMap.byml;ShineList_SnowWorldHomeStage.byml;ShinePosList.byml,14,53,0,63,false,false,1;2;3;4;5;6,シャイン【2m置き】_キャップスロワー,雪山の関門,Use placement_stage_map_indices for StageMap availability and requirement_expr for local ability/capture needs. placement_scenario_no_values is the raw object ScenarioNo field.,casual,
SnowWorldIcicleZone:412:699,Snow Kingdom,SnowWorldTownStage,Shiveria Town,subarea,Stacked-Up Ice Climb,SnowWorldIcicleZone:412:699,412,699,ShineFlag_Extra,SnowWorldIcicleZone::start,,Kuribo,WorldPeace_Snow,MoonRockActive_Snow,primary,unrated,,"captures=Locked behind Default Capture, Goomba | method_1(jump=Long Jump; cap_throw=Neutral Throw, Down Throw, Up Throw, Spin Throw; other=Capture)",true,ShineAddByRockAddHeight,B,-1,,3,-1,None,,-41550.000,500.000,-9050.000,SnowWorldIcicleZoneMap.szs;ShineInfo.szs,SnowWorldIcicleZoneMap.byml;ShineList_SnowWorldHomeStage.byml;ShinePosList.byml,1,38,-1,8,false,false,1;2;3;4;5;6,ステージスイッチ,ツララを眺める高台,Use placement_stage_map_indices for StageMap availability and requirement_expr for local ability/capture needs. placement_scenario_no_values is the raw object ScenarioNo field.,casual,"4,5"
SnowWorldGabuzouZone:280:701,Snow Kingdom,SnowWorldTownStage,Shiveria Town,subarea,Water Pooling in the Crevasse,SnowWorldGabuzouZone:280:701,280,701,ShineFlag_Extra,SnowWorldGabuzouZone::start,,GroundPound,WorldPeace_Snow,MoonRockActive_Snow,primary,unrated,,method_1(jump=Long Jump; cap_throw=No Cap Throw Needed; other=Ground Pound),true,,,,,,,,,-37050.000,-6750.000,42350.000,ShineInfo.szs,ShineList_SnowWorldHomeStage.byml;ShinePosList.byml,1,36,-1,8,false,false,1;2;3;4;5;6,ここ掘れポイント,クレバスの水たまりで,Use placement_stage_map_indices for StageMap availability and requirement_expr for local ability/capture needs. placement_scenario_no_values is the raw object ScenarioNo field.,casual,"4,5"
SnowWorldByugoZone:272:703,Snow Kingdom,SnowWorldTownStage,Shiveria Town,subarea,Icy Jump Challenge,SnowWorldByugoZone:272:703,272,703,ShineFlag_Extra,SnowWorldByugoZone::start,,free,WorldPeace_Snow,MoonRockActive_Snow,primary,unrated,,"method_1(jump=Double Jump (312); cap_throw=Neutral Throw, Up Throw, Down Throw, Spin Throw; other=None)",true,ShineAddByRock,B,-1,,3,-1,None,,36600.000,-23350.000,-12050.000,SnowWorldByugoZoneMap.szs;ShineInfo.szs,SnowWorldByugoZoneMap.byml;ShineList_SnowWorldHomeStage.byml;ShinePosList.byml,1,35,-1,8,false,false,1;2;3;4;5;6,シャイン【月の石追加版】,氷上のジャンプチャレンジ,Use placement_stage_map_indices for StageMap availability and requirement_expr for local ability/capture needs. placement_scenario_no_values is the raw object ScenarioNo field.,casual,"4,5"
SnowWorldBalconyZone:281:704,Snow Kingdom,SnowWorldTownStage,Shiveria Town,subarea,Squirming Under Ice,SnowWorldBalconyZone:281:704,281,704,ShineFlag_Extra,SnowWorldBalconyZone::start,,GroundPound,WorldPeace_Snow,MoonRockActive_Snow,primary,unrated,,method_1(jump=Single Jump (258); cap_throw=No Cap Throw Needed; other=Ground Pound),true,,,,,,,,,39800.000,-4150.000,41200.000,ShineInfo.szs,ShineList_SnowWorldHomeStage.byml;ShinePosList.byml,1,37,-1,8,false,false,1;2;3;4;5;6,コソコソくん（雪ワールド）,氷の下を うごめくモノ,Use placement_stage_map_indices for StageMap availability and requirement_expr for local ability/capture needs. placement_scenario_no_values is the raw object ScenarioNo field.,casual,"4,5"
SnowWorldTownStage:1134:873,Snow Kingdom,SnowWorldTownStage,Shiveria Town,subarea,I'm not Cold!,SnowWorldTownStage:1134:873,1134,873,ShineFlag_None,SnowWorldTownStage::entrance::SnowUGExit::sub_near,,free,WorldPeace_Snow,MoonRockActive_Snow,primary,unrated,,,true,,,,,,,,,-950.000,1500.000,150.000,ShineInfo.szs,ShineList_SnowWorldHomeStage.byml;ShinePosList.byml,1,15,-1,62,false,false,1;2;3;4;5;6,雪の民,寒くないもん！,Use placement_stage_map_indices for StageMap availability and requirement_expr for local ability/capture needs. placement_scenario_no_values is the raw object ScenarioNo field.,casual,"2,3,4,5"
SnowWorldTownStage:1185:1080,Snow Kingdom,SnowWorldTownStage,Shiveria Town,subarea,Shining in the Snow in Town,SnowWorldTownStage:1185:1080,1185,1080,ShineFlag_None,SnowWorldTownStage::entrance::SnowUGExit::sub_near,,(Vault & Dive & NeutralThrow & GroundPound) | (Climb & GroundPound) | (WallJump & GroundPound & NeutralThrow) | (WallJump & GroundPound & DownThrow) | (WallJump & GroundPound & UpThrow) | (WallJump & GroundPound & Dive & SpinThrow),WorldPeace_Snow,MoonRockActive_Snow,primary,unrated,,"method_1(jump=Long Jump; cap_throw=No Cap Throw Needed; other=Ground Pound, Climb)",true,,,,,,,,,-950.000,1500.000,150.000,ShineInfo.szs,ShineList_SnowWorldHomeStage.byml;ShinePosList.byml,1,14,-1,63,false,false,1;2;3;4;5;6,ここ掘れポイント,町の雪の中で 光るもの,Use placement_stage_map_indices for StageMap availability and requirement_expr for local ability/capture needs. placement_scenario_no_values is the raw object ScenarioNo field.,casual;casual;advanced;advanced;advanced;advanced,
SnowWorldTownStage:1183:1081,Snow Kingdom,SnowWorldTownStage,Shiveria Town,subarea,Entrance to Shiveria,SnowWorldTownStage:1183:1081,1183,1081,ShineFlag_None,SnowWorldTownStage::entrance::SnowUGExit::sub_near,,DownThrow | NeutralThrow | UpThrow | WallJump,WorldPeace_Snow,MoonRockActive_Snow,primary,unrated,,method_1(jump=Backflip/Vault/Side Flip (496); cap_throw=No Cap Throw Needed; other=None) | method_2(jump=Single Jump (258); cap_throw=Neutral Throw; other=None),true,Shine,Common,-1,,0;1;10;11;12;13;14;2;3;4;5;6;7;8;9,-1,None,,-2300.000,-2200.000,-2000.000,SnowWorldTownStageMap.szs;ShineInfo.szs,SnowWorldTownStageMap.byml;ShineList_SnowWorldHomeStage.byml;ShinePosList.byml,15,12,-1,63,false,false,1;2;3;4;5;6,シャイン,パウダーボウルの玄関口,Use placement_stage_map_indices for StageMap availability and requirement_expr for local ability/capture needs. placement_scenario_no_values is the raw object ScenarioNo field.,casual,
SnowWorldTownStage:1187:1087,Snow Kingdom,SnowWorldTownStage,Shiveria Town,subarea,Found with Snow Kingdom Art,SnowWorldTownStage:1187:1087,1187,1087,ShineFlag_HintArt,SnowWorldTownStage::entrance::SnowUGExit::sub_near,,(KingdomAccess_Lost & GroundPound),WorldPeace_Snow,MoonRockActive_Snow,primary,unrated,,method_1(jump=Single Jump (258); cap_throw=No Cap Throw Needed; other=Other Kingdom Trigger),true,HintPhoto,Common,,,0;1;10;11;12;13;14;2;3;4;5;6;7;8;9,,,,650.000,-3862.200,0.000,SnowWorldTownStageMap.szs;ShineInfo.szs,SnowWorldTownStageMap.byml;ShineList_SnowWorldHomeStage.byml;ShinePosList.byml,15,48,-1,63,false,false,1;2;3;4;5;6,ヒント写真,雪の国で見つけた お宝写真,Use placement_stage_map_indices for StageMap availability and requirement_expr for local ability/capture needs. placement_scenario_no_values is the raw object ScenarioNo field.,casual,
ForestWorldHomeStage:1064:129,Wooded Kingdom,ForestWorldHomeStage,Wooded Kingdom,overworld,Road to Sky Garden,ForestWorldHomeStage:1064:129,1064,129,ShineFlag_Story,ForestWorldHomeStage::checkpoint::obj447,,free,WorldPeace_Wooded,MoonRockActive_Wooded,primary,unrated,,"captures=Uproot, Frog, Gushen, Pokio, Paragoomba, Parabones, Glydon | method_1(jump=Long Jump; cap_throw=Neutral Throw, Up Throw, Down Throw, Spin Throw; other=Capture) | method_2(jump=Long Jump; cap_throw=Neutral Throw; other=Dive)",true,ShineAddHeight,C,-1,,1;2;3;4,0,None,,2250.000,3150.000,-21250.000,ForestWorldHomeStageMap.szs;ShineInfo.szs,ForestWorldHomeStageMap.byml;ShineList_ForestWorldHomeStage.byml;ShinePosList.byml,4,72,0,31,false,false,1;2;3;4;5,ケージ(シャイン)_シャイン【2m置き】,空中庭園への道,Use placement_stage_map_indices for StageMap availability and requirement_expr for local ability/capture needs. placement_scenario_no_values is the raw object ScenarioNo field.,casual,
ForestWorldHomeStage:424:130,Wooded Kingdom,ForestWorldHomeStage,Wooded Kingdom,overworld,Flower Thieves of Sky Garden,ForestWorldHomeStage:424:130,424,130,ShineFlag_Story | ShineFlag_Multi,ForestWorldHomeStage::checkpoint::obj3734,,free,WorldPeace_Wooded,MoonRockActive_Wooded,primary,unrated,,"captures=Uproot, Frog, Gushen, Pokio, Paragoomba, Parabones, Glydon | method_1(jump=Single Jump (258); cap_throw=Neutral Throw, Up Throw, Down Throw, Spin Throw; other=Capture) | method_2(jump=Single Jump (258); cap_throw=Neutral Throw; other=Dive)",true,,,,,,,,,-4350.000,6750.000,-20900.000,ShineInfo.szs,ShineList_ForestWorldHomeStage.byml;ShinePosList.byml,1,73,1,1,true,false,1,火吹きボス,空中庭園の 花ドロボウ,Use placement_stage_map_indices for StageMap availability and requirement_expr for local ability/capture needs. placement_scenario_no_values is the raw object ScenarioNo field.,casual,
ForestWorldHomeStage:3942:131,Wooded Kingdom,ForestWorldHomeStage,Wooded Kingdom,overworld,Love in the Forest Ruins,ForestWorldHomeStage:3942:131,3942,131,ShineFlag_None,ForestWorldHomeStage::checkpoint::obj5216,,Kuribo,WorldPeace_Wooded,MoonRockActive_Wooded,primary,unrated,,"captures=Goomba | method_1(jump=Long Jump; cap_throw=Neutral Throw, Up Throw, Down Throw, Spin Throw; other=Climb)",true,,,,,,,,,-7850.000,3546.600,1450.000,ShineInfo.szs,ShineList_ForestWorldHomeStage.byml;ShinePosList.byml,1,24,-1,30,false,false,2;3;4;5,ガールクリボー,森のガールフレンド,Use placement_stage_map_indices for StageMap availability and requirement_expr for local ability/capture needs. placement_scenario_no_values is the raw object ScenarioNo field.,casual,
ForestWorldHomeStage:5180:133,Wooded Kingdom,ForestWorldHomeStage,Wooded Kingdom,overworld,"Hey Out There, Captain Toad!",ForestWorldHomeStage:5180:133,5180,133,ShineFlag_None,ForestWorldHomeStage::place::new_place_5,,free,WorldPeace_Wooded,MoonRockActive_Wooded,primary,unrated,,captures=Glydon | method_1(jump=Single Jump (258); cap_throw=Neutral Throw; other=Capture),true,,,,,,,,,20200.000,3750.000,-8200.000,ShineInfo.szs,ShineList_ForestWorldHomeStage.byml;ShinePosList.byml,1,12,-1,28,false,false,3;4;5,キノピオ隊長,ヤッホー！ キノピオ隊長,Use placement_stage_map_indices for StageMap availability and requirement_expr for local ability/capture needs. placement_scenario_no_values is the raw object ScenarioNo field.,casual,
ForestWorldHomeStage:2309:134,Wooded Kingdom,ForestWorldHomeStage,Wooded Kingdom,overworld,Behind the Rock Wall,ForestWorldHomeStage:2309:134,2309,134,ShineFlag_None,ForestWorldHomeStage::checkpoint::obj5216,,Tank | KingdomAccess_Wooded,WorldPeace_Wooded,MoonRockActive_Wooded,primary,unrated,,"captures=Tank, Coin Coffer, Hammer Bro | method_1(jump=Long Jump; cap_throw=Neutral Throw, Up Throw, Down Throw, Spin Throw; other=Capture, Climb)",true,Shine,C,-1,,0;1;2;3;4;7,-1,None,,2150.000,4900.000,-950.000,ForestWorldHomeStageMap.szs;ShineInfo.szs,ForestWorldHomeStageMap.byml;ShineList_ForestWorldHomeStage.byml;ShinePosList.byml,6,8,-1,31,false,false,1;2;3;4;5,シャイン,発見！ 岩壁の中,Use placement_stage_map_indices for StageMap availability and requirement_expr for local ability/capture needs. placement_scenario_no_values is the raw object ScenarioNo field.,casual;expert,
ForestWorldHomeStage:4052:135,Wooded Kingdom,ForestWorldHomeStage,Wooded Kingdom,overworld,Thanks for the Charge!,ForestWorldHomeStage:4052:135,4052,135,ShineFlag_None,ForestWorldHomeStage::checkpoint::obj5216,,GroundPound | Senobi,WorldPeace_Wooded,MoonRockActive_Wooded,primary,unrated,,"method_1(jump=Long Jump; cap_throw=Neutral Throw; other=Ground Pound, Climb)",true,,,,,,,,,-7300.000,3525.000,-6650.000,ShineInfo.szs,ShineList_ForestWorldHomeStage.byml;ShinePosList.byml,1,5,-1,126,false,false,2;3;4;5;6;7,ここ掘れポイント,ホキュー サンキュー,Use placement_stage_map_indices for StageMap availability and requirement_expr for local ability/capture needs. placement_scenario_no_values is the raw object ScenarioNo field.,casual;advanced,
ForestWorldHomeStage:5574:136,Wooded Kingdom,ForestWorldHomeStage,Wooded Kingdom,overworld,Fire in the Cave,ForestWorldHomeStage:5574:136,5574,136,ShineFlag_None,ForestWorldHomeStage::checkpoint::obj3708,,free,WorldPeace_Wooded,MoonRockActive_Wooded,primary,unrated,,"method_1(jump=Long Jump; cap_throw=Neutral Throw, Up Throw, Down Throw, Spin Throw; other=None)",true,,,,,,,,,5000.000,349.983,-13600.000,ShineInfo.szs,ShineList_ForestWorldHomeStage.byml;ShinePosList.byml,1,4,-1,31,false,false,1;2;3;4;5,シャイン用全滅監視,洞くつの主,Use placement_stage_map_indices for StageMap availability and requirement_expr for local ability/capture needs. placement_scenario_no_values is the raw object ScenarioNo field.,casual,
ForestWorldHomeStage:6078:137,Wooded Kingdom,ForestWorldHomeStage,Wooded Kingdom,overworld,Secret Path to the Steam Gardens!,ForestWorldHomeStage:6078:137,6078,137,ShineFlag_None,ForestWorldHomeStage::checkpoint::obj6865,,free,WorldPeace_Wooded,MoonRockActive_Wooded,primary,unrated,,method_1(jump=Single Jump (258); other=Other Kingdom Trigger),true,ShineAddHeight,C,-1,,0;1;2;3;4;7,-1,WorldWarpHoleShine,,-3200.000,10550.000,-3400.000,ForestWorldHomeStageMap.szs;ShineInfo.szs,ForestWorldHomeStageMap.byml;ShineList_ForestWorldHomeStage.byml;ShinePosList.byml,6,71,-1,31,false,false,1;2;3;4;5,シャイン【2m置き】,ようこそ！ スチームガーデン！,Use placement_stage_map_indices for StageMap availability and requirement_expr for local ability/capture needs. placement_scenario_no_values is the raw object ScenarioNo field.,casual,
ForestWorldHomeStage:5142:138,Wooded Kingdom,ForestWorldHomeStage,Wooded Kingdom,overworld,Shopping in Steam Gardens,ForestWorldHomeStage:5142:138,5142,138,ShineFlag_None,ForestWorldHomeStage::checkpoint::obj3708,,free,WorldPeace_Wooded,MoonRockActive_Wooded,primary,unrated,,method_1(jump=No Jump Needed; cap_throw=No Cap Throw Needed; other=None),true,,,,,,,,,-2700.000,-500.082,5500.000,ShineInfo.szs,ShineList_ForestWorldHomeStage.byml;ShinePosList.byml,1,13,-1,127,false,false,1;2;3;4;5;6;7,ショップ店員,スチームガーデンで お買い物,Use placement_stage_map_indices for StageMap availability and requirement_expr for local ability/capture needs. placement_scenario_no_values is the raw object ScenarioNo field.,casual,
ForestWorldHomeStage:3577:139,Wooded Kingdom,ForestWorldHomeStage,Wooded Kingdom,overworld,Atop the Tall Tree,ForestWorldHomeStage:3577:139,3577,139,ShineFlag_None,ForestWorldHomeStage::checkpoint::obj3708,,Senobi | (Vault & WallJump & Dive & NeutralThrow),WorldPeace_Wooded,MoonRockActive_Wooded,primary,unrated,,"captures=Uproot | method_1(jump=Long Jump; cap_throw=Neutral Throw, Up Throw, Down Throw, Spin Throw; other=Capture) | method_2(jump=Long Jump; cap_throw=Neutral Throw; other=Dive, Wall Jump) | method_3(jump=Backflip/Vault/Side Flip (496); cap_throw=Neutral Throw; other=Dive)",true,TreasureBox,C,,,0;1;2;3;4;7,,None,,6600.000,6400.000,8766.352,ForestWorldHomeStageMap.szs;ShineInfo.szs,ForestWorldHomeStageMap.byml;ShineList_ForestWorldHomeStage.byml;ShinePosList.byml,6,2,-1,31,false,false,1;2;3;4;5,木の実,のっぽな木の上に,Use placement_stage_map_indices for StageMap availability and requirement_expr for local ability/capture needs. placement_scenario_no_values is the raw object ScenarioNo field.,casual;advanced,
ForestWorldHomeStage:3694:140,Wooded Kingdom,ForestWorldHomeStage,Wooded Kingdom,overworld,Climb the Cliff to Get the Nut,ForestWorldHomeStage:3694:140,3694,140,ShineFlag_None,ForestWorldHomeStage::place::new_place_2,,free,WorldPeace_Wooded,MoonRockActive_Wooded,primary,unrated,,"captures=Hammer Bro, Fire Bro, Uproot | method_1(jump=Long Jump; cap_throw=Neutral Throw; other=Dive) | method_2(jump=Long Jump; cap_throw=Neutral Throw; other=Wall Jump) | method_3(jump=Long Jump; cap_throw=Neutral Throw, Down Throw, Up Throw, Spin Throw; other=Capture) | method_4(jump=Single Jump (258); cap_throw=No Cap Throw Needed; other=Wall Jump, Dive)",true,TreasureBox,C,,,0;1;2;3;4;7,,None,,400.000,4000.000,-7500.000,ForestWorldHomeStageMap.szs;ShineInfo.szs,ForestWorldHomeStageMap.byml;ShineList_ForestWorldHomeStage.byml;ShinePosList.byml,6,26,-1,31,false,false,1;2;3;4;5,木の実,岩壁を登れば木の実,Use placement_stage_map_indices for StageMap availability and requirement_expr for local ability/capture needs. placement_scenario_no_values is the raw object ScenarioNo field.,casual,
ForestWorldHomeStage:3772:141,Wooded Kingdom,ForestWorldHomeStage,Wooded Kingdom,overworld,The Nut in the Red Maze,ForestWorldHomeStage:3772:141,3772,141,ShineFlag_None,ForestWorldHomeStage::place::new_place_3,,free,WorldPeace_Wooded,MoonRockActive_Wooded,primary,unrated,,"captures=Uproot | method_1(jump=Long Jump; cap_throw=Neutral Throw, Up Throw, Down Throw, Spin Throw; other=Capture) | method_2(jump=Long Jump; cap_throw=Neutral Throw; other=Ground Pound, Dive, Wall Jump)",true,TreasureBox,C,,,0;1;2;3;4;7,,None,,1835.000,6950.000,-13600.000,ForestWorldHomeStageMap.szs;ShineInfo.szs,ForestWorldHomeStageMap.byml;ShineList_ForestWorldHomeStage.byml;ShinePosList.byml,6,6,-1,31,false,false,1;2;3;4;5,木の実,赤い迷路の木の実,Use placement_stage_map_indices for StageMap availability and requirement_expr for local ability/capture needs. placement_scenario_no_values is the raw object ScenarioNo field.,casual,
ForestWorldHomeStage:4127:142,Wooded Kingdom,ForestWorldHomeStage,Wooded Kingdom,overworld,The Nut at the Dead End,ForestWorldHomeStage:4127:142,4127,142,ShineFlag_None,ForestWorldHomeStage::checkpoint::obj447,,Senobi | WallJump | Vault | Dive,WorldPeace_Wooded,MoonRockActive_Wooded,primary,unrated,,"captures=Frog, Uproot | method_1(jump=Long Jump; cap_throw=Neutral Throw, Up Throw, Down Throw, Spin Throw; other=Capture)",true,TreasureBox,C,,,0;1;2;3;4;7,,None,,6100.000,3850.000,-16925.000,ForestWorldHomeStageMap.szs;ShineInfo.szs,ForestWorldHomeStageMap.byml;ShineList_ForestWorldHomeStage.byml;ShinePosList.byml,6,21,-1,31,false,false,1;2;3;4;5,木の実,突き当たりの木の実,Use placement_stage_map_indices for StageMap availability and requirement_expr for local ability/capture needs. placement_scenario_no_values is the raw object ScenarioNo field.,casual;advanced;advanced;advanced,
ForestWorldHomeStage:4352:143,Wooded Kingdom,ForestWorldHomeStage,Wooded Kingdom,overworld,Tucked Away Inside the Tunnel,ForestWorldHomeStage:4352:143,4352,143,ShineFlag_None,ForestWorldHomeStage::checkpoint::obj3708,,FireBros | (WallJump & Dive) | (Vault & WallJump & NeutralThrow) | (Vault & Dive & NeutralThrow) | Senobi,WorldPeace_Wooded,MoonRockActive_Wooded,primary,unrated,,"captures=Hammer Bro, Fire Bro, Uproot | method_1(jump=Long Jump; cap_throw=Neutral Throw, Up Throw, Down Throw, Spin Throw; other=Capture) | method_2(jump=Long Jump; cap_throw=Neutral Throw; other=Dive, Wall Jump) | method_3(jump=Single Jump (258); cap_throw=Neutral Throw; other=Dive)",true,TreasureBox,C,,,0;1;2;3;4;7,,None,,3642.680,3300.000,-1804.387,ForestWorldHomeStageMap.szs;ShineInfo.szs,ForestWorldHomeStageMap.byml;ShineList_ForestWorldHomeStage.byml;ShinePosList.byml,6,48,-1,31,false,false,1;2;3;4;5,木の実,トンネル内に ひっそりと,Use placement_stage_map_indices for StageMap availability and requirement_expr for local ability/capture needs. placement_scenario_no_values is the raw object ScenarioNo field.,casual;advanced;advanced;advanced;casual,
ForestWorldHomeStage:4503:144,Wooded Kingdom,ForestWorldHomeStage,Wooded Kingdom,overworld,Cracked Nut on a Crumbling Tower,ForestWorldHomeStage:4503:144,4503,144,ShineFlag_None,ForestWorldHomeStage::checkpoint::obj447,,free,WorldPeace_Wooded,MoonRockActive_Wooded,primary,unrated,,"captures=Frog, Uproot | method_1(jump=Long Jump; cap_throw=Neutral Throw, Up Throw, Down Throw, Spin Throw; other=Capture)",true,TreasureBox,C,,,0;1;2;3;4;7,,None,,-3150.000,5350.000,-29900.000,ForestWorldHomeStageMap.szs;ShineInfo.szs,ForestWorldHomeStageMap.byml;ShineList_ForestWorldHomeStage.byml;ShinePosList.byml,6,10,-1,31,false,false,1;2;3;4;5,木の実,朽ちた鉄塔の木の実,Use placement_stage_map_indices for StageMap availability and requirement_expr for local ability/capture needs. placement_scenario_no_values is the raw object ScenarioNo field.,casual,
ForestWorldHomeStage:4508:145,Wooded Kingdom,ForestWorldHomeStage,Wooded Kingdom,overworld,The Nut 'Round the Corner,ForestWorldHomeStage:4508:145,4508,145,ShineFlag_None,ForestWorldHomeStage::place::new_place,,free,WorldPeace_Wooded,MoonRockActive_Wooded,primary,unrated,,"captures=Uproot, Fire Bro, Hammer Bro | method_1(jump=Long Jump; cap_throw=Neutral Throw; other=Dive, Wall Jump) | method_2(jump=Long Jump; cap_throw=Neutral Throw; other=Capture) | method_3(jump=Double Jump (312); cap_throw=Neutral Throw; other=Dive)",true,TreasureBox,C,,,0;1;2;3;4;7,,None,,-10455.000,2000.000,-5250.000,ForestWorldHomeStageMap.szs;ShineInfo.szs,ForestWorldHomeStageMap.byml;ShineList_ForestWorldHomeStage.byml;ShinePosList.byml,6,3,-1,31,false,false,1;2;3;4;5,木の実,曲がり角の木の実,Use placement_stage_map_indices for StageMap availability and requirement_expr for local ability/capture needs. placement_scenario_no_values is the raw object ScenarioNo field.,casual,
ForestWorldHomeStage:4570:146,Wooded Kingdom,ForestWorldHomeStage,Wooded Kingdom,overworld,Over the Cliff's Edge,ForestWorldHomeStage:4570:146,4570,146,ShineFlag_None,ForestWorldHomeStage::checkpoint::obj1841,,free,WorldPeace_Wooded,MoonRockActive_Wooded,primary,unrated,,"captures=Tank | method_1(jump=Backflip/Vault/Side Flip (496); cap_throw=Up Throw, Down Throw; other=Rainbow Spin) | method_2(jump=Single Jump (258); cap_throw=Neutral Throw; other=Climb, Capture, Wall Jump, Dive, Ledge Grab)",true,TreasureBox,C,,,0;1;2;3;4;7,,None,,6250.000,2350.000,-6700.000,ForestWorldHomeStageMap.szs;ShineInfo.szs,ForestWorldHomeStageMap.byml;ShineList_ForestWorldHomeStage.byml;ShinePosList.byml,6,69,-1,31,false,false,1;2;3;4;5,木の実,ガケっぷちを とび越えて,Use placement_stage_map_indices for StageMap availability and requirement_expr for local ability/capture needs. placement_scenario_no_values is the raw object ScenarioNo field.,casual,
ForestWorldHomeStage:5652:147,Wooded Kingdom,ForestWorldHomeStage,Wooded Kingdom,overworld,The Nut that Grew on the Tall Fence,ForestWorldHomeStage:5652:147,5652,147,ShineFlag_None,ForestWorldHomeStage::place::new_place_4,,free,WorldPeace_Wooded,MoonRockActive_Wooded,primary,unrated,,"captures=Uproot | method_1(jump=Single Jump (258); cap_throw=Neutral Throw, Up Throw, Down Throw, Spin Throw; other=Climb) | method_2(jump=Single Jump (258); cap_throw=Neutral Throw; other=Dive) | method_3(jump=Long Jump; cap_throw=Neutral Throw, Up Throw, Down Throw, Spin Throw; other=Capture)",true,TreasureBox,C,,,0;1;2;3;4;7,,None,,-318.898,8600.000,-2850.000,ForestWorldHomeStageMap.szs;ShineInfo.szs,ForestWorldHomeStageMap.byml;ShineList_ForestWorldHomeStage.byml;ShinePosList.byml,6,22,-1,31,false,false,1;2;3;4;5,木の実,高い塀に ついた木の実,Use placement_stage_map_indices for StageMap availability and requirement_expr for local ability/capture needs. placement_scenario_no_values is the raw object ScenarioNo field.,casual,
ForestWorldHomeStage:6164:148,Wooded Kingdom,ForestWorldHomeStage,Wooded Kingdom,overworld,Caught Hopping in the Forest!,ForestWorldHomeStage:6164:148,6164,148,ShineFlag_None,ForestWorldHomeStage::checkpoint::obj3708,,free,WorldPeace_Wooded,MoonRockActive_Wooded,primary,unrated,,"method_1(jump=Long Jump; cap_throw=No Cap Throw Needed; other=None) | method_2(jump=No Jump Needed; cap_throw=Neutral Throw, Up Throw, Down Throw, Spin Throw; other=None) | method_3(jump=No Jump Needed; cap_throw=No Cap Throw Needed; other=Roll) | method_4(jump=No Jump Needed; cap_throw=No Cap Throw Needed; other=Dive)",true,,,,,,,,,-7100.000,-100.418,4400.000,ShineInfo.szs,ShineList_ForestWorldHomeStage.byml;ShinePosList.byml,1,1,-1,31,false,false,1;2;3;4;5,ウサギ,森で つかまえたピョン！,Use placement_stage_map_indices for StageMap availability and requirement_expr for local ability/capture needs. placement_scenario_no_values is the raw object ScenarioNo field.,casual,
ForestWorldHomeStage:6177:149,Wooded Kingdom,ForestWorldHomeStage,Wooded Kingdom,overworld,Rolling Rock in the Woods,ForestWorldHomeStage:6177:149,6177,149,ShineFlag_None,ForestWorldHomeStage::checkpoint::obj3708,,free,WorldPeace_Wooded,MoonRockActive_Wooded,primary,unrated,,method_1(jump=No Jump Needed; cap_throw=No Cap Throw Needed),true,KickStone,Common,,,0;1;10;11;12;13;14;2;3;4;5;6;7;8;9,,,,-7506.953,-12.961,2530.641,ForestWorldHomeStageMap.szs;ShineInfo.szs,ForestWorldHomeStageMap.byml;ShineList_ForestWorldHomeStage.byml;ShinePosList.byml,15,0,-1,127,false,false,1;2;3;4;5;6;7,キック小石,キック！ 森の石コロ,Use placement_stage_map_indices for StageMap availability and requirement_expr for local ability/capture needs. placement_scenario_no_values is the raw object ScenarioNo field.,casual,
ForestWorld2DRoadZone:61:150,Wooded Kingdom,ForestWorldHomeStage,Wooded Kingdom,overworld,Back Way Up the Mountain,ForestWorld2DRoadZone:61:150,61,150,ShineFlag_None,ForestWorld2DRoadZone::start,,free,WorldPeace_Wooded,MoonRockActive_Wooded,primary,low,,"captures=Uproot | method_1(jump=Single Jump (258); cap_throw=Neutral Throw, Up Throw, Down Throw, Spin Throw; other=2D jump (any jump), Climb) | method_2(jump=Single Jump (258); cap_throw=Neutral Throw; other=2D jump (any jump), Dive) | method_3(jump=Long Jump; cap_throw=Neutral Throw, Up Throw, Down Throw, Spin Throw; other=2D jump (any jump), Capture)",true,ShineDot,C,,,0;1;2;3;4;7,,None,,7540.000,11950.000,-14575.030,ForestWorld2DRoadZoneMap.szs;ShineInfo.szs,ForestWorld2DRoadZoneMap.byml;ShineList_ForestWorldHomeStage.byml;ShinePosList.byml,6,11,-1,31,false,false,1;2;3;4;5,シャインドット_2D,山の上の裏道,Use placement_stage_map_indices for StageMap availability and requirement_expr for local ability/capture needs. placement_scenario_no_values is the raw object ScenarioNo field.,casual,
ForestWorldHomeStage:5309:151,Wooded Kingdom,ForestWorldHomeStage,Wooded Kingdom,overworld,Taking Notes: Stretching,ForestWorldHomeStage:5309:151,5309,151,ShineFlag_Extra,ForestWorldHomeStage::checkpoint::obj7333,,Senobi | FireBros | UpThrow | WallJump | Vault,WorldPeace_Wooded,MoonRockActive_Wooded,primary,unrated,,"captures=Uproot, Fire Bro | method_1(jump=Backflip/Vault/Side Flip (496); cap_throw=No Cap Throw Needed; other=Dive, Capture) | method_2(jump=Triple Jump (550); cap_throw=No Cap Throw Needed; other=Capture, Ledge Grab)",true,,,,,,,,,-3750.000,3500.000,-3200.000,ShineInfo.szs,ShineList_ForestWorldHomeStage.byml;ShinePosList.byml,1,41,-1,16,false,true,5,音符オブジェ(1つ目),のびのび 音符集め,Use placement_stage_map_indices for StageMap availability and requirement_expr for local ability/capture needs. placement_scenario_no_values is the raw object ScenarioNo field.,casual;casual;advanced;advanced;advanced,"2,3,4,5,6,7;1,2,3,4,5,6,7;1,2,3,4,5,6,7;1,2,3,4,5,6,7;1,2,3,4,5,6,7"
ForestWorldHomeStage:5621:152,Wooded Kingdom,ForestWorldHomeStage,Wooded Kingdom,overworld,Moon Shards in the Forest,ForestWorldHomeStage:5621:152,5621,152,ShineFlag_Extra,ForestWorldHomeStage::place::new_place_10,,free,WorldPeace_Wooded,MoonRockActive_Wooded,primary,unrated,,captures=Uproot | method_1(jump=Single Jump (258); cap_throw=No Cap Throw Needed; other=Capture),true,,,,,,,,,1650.000,5100.000,-14050.000,ShineInfo.szs,ShineList_ForestWorldHomeStage.byml;ShinePosList.byml,1,40,-1,16,false,true,5,シャインチップ全取得監視者,集めて！ 森のムーンチップ,Use placement_stage_map_indices for StageMap availability and requirement_expr for local ability/capture needs. placement_scenario_no_values is the raw object ScenarioNo field.,casual,
ForestWorldHomeStage:6241:153,Wooded Kingdom,ForestWorldHomeStage,Wooded Kingdom,overworld,Wooded Kingdom Regular Cup,ForestWorldHomeStage:6241:153,6241,153,ShineFlag_None,ForestWorldHomeStage::checkpoint::obj5216,,Senobi | (Vault & Dive & NeutralThrow) | (TripleJump & Dive & NeutralThrow) | (WallJump & Dive & NeutralThrow) | (Vault & WallJump & NeutralThrow) | (FireBros & Dive) | Climb,WorldPeace_Wooded,MoonRockActive_Wooded,primary,unrated,,"captures=Uproot | method_1(jump=Backflip/Vault/Side Flip (496); cap_throw=No Cap Throw Needed; other=Ledge Grab, Capture) | method_2(jump=Backflip/Vault/Side Flip (496); cap_throw=No Cap Throw Needed; other=Dive)",true,,,,,,,,,-9900.000,3497.230,-4050.000,ShineInfo.szs,ShineList_ForestWorldHomeStage.byml;ShinePosList.byml,1,27,-1,24,false,false,4;5,駆けっこ開始Npc,森の国 レギュラーカップ,Use placement_stage_map_indices for StageMap availability and requirement_expr for local ability/capture needs. placement_scenario_no_values is the raw object ScenarioNo field.,casual;advanced;advanced;advanced;advanced;expert;expert,"1,2,3,4,5"
ForestWorldHomeStage:6343:155,Wooded Kingdom,ForestWorldHomeStage,Wooded Kingdom,overworld,Peach in the Wooded Kingdom,ForestWorldHomeStage:6343:155,6343,155,ShineFlag_None,ForestWorldHomeStage::checkpoint::obj3835,,KingdomAccess_Mushroom,WorldPeace_Wooded,MoonRockActive_Wooded,primary,unrated,,"captures=Tank | method_1(jump=Single Jump (258); cap_throw=No Cap Throw Needed; other=Climb, Capture, Wall Jump, Dive)",true,,,,,,,,,5275.000,14162.200,-7400.000,ShineInfo.szs,ShineList_ForestWorldHomeStage.byml;ShinePosList.byml,1,29,-1,24,false,false,4;5,世界旅行ピーチ,森の国で ピーチ姫,Use placement_stage_map_indices for StageMap availability and requirement_expr for local ability/capture needs. placement_scenario_no_values is the raw object ScenarioNo field.,casual,
ForestWorldHomeStage:5161:156,Wooded Kingdom,ForestWorldHomeStage,Wooded Kingdom,overworld,Invader in the Sky Garden,ForestWorldHomeStage:5161:156,5161,156,ShineFlag_Extra,ForestWorldHomeStage::place::new_place_9,,free,WorldPeace_Wooded,MoonRockActive_Wooded,primary,unrated,,"captures=Goomba, Uproot | method_1(jump=Single Jump (258); cap_throw=No Cap Throw Needed; other=Capture) | method_2(jump=Ground Pound Jump (514); cap_throw=No Cap Throw Needed; other=Dive)",true,,,,,,,,,-4350.000,6700.000,-21700.000,ShineInfo.szs,ShineList_ForestWorldHomeStage.byml;ShinePosList.byml,1,52,-1,16,false,true,5,ジョークー,空中庭園のやっかい者,Use placement_stage_map_indices for StageMap availability and requirement_expr for local ability/capture needs. placement_scenario_no_values is the raw object ScenarioNo field.,casual,
ForestWorldHomeStage:6371:157,Wooded Kingdom,ForestWorldHomeStage,Wooded Kingdom,overworld,Wooded Kingdom Timer Challenge 1,ForestWorldHomeStage:6371:157,6371,157,ShineFlag_None,ForestWorldHomeStage::checkpoint::obj447,,Swing,WorldPeace_Wooded,MoonRockActive_Wooded,primary,unrated,,method_1(jump=Single Jump (258); cap_throw=Neutral Throw; other=Climb),true,,,,,,,,,1350.000,3100.000,-17750.000,ShineInfo.szs,ShineList_ForestWorldHomeStage.byml;ShinePosList.byml,1,7,-1,28,false,false,3;4;5,帽子掛け（タイマー）,森の国で チクタク・アスレチック １,Use placement_stage_map_indices for StageMap availability and requirement_expr for local ability/capture needs. placement_scenario_no_values is the raw object ScenarioNo field.,casual,
ForestWorldHomeStage:1667:159,Wooded Kingdom,ForestWorldHomeStage,Wooded Kingdom,overworld,Path to the Secret Flower Field,ForestWorldHomeStage:1667:159,1667,159,ShineFlag_Story,ForestWorldHomeStage::checkpoint::obj7333,,Tank,WorldPeace_Wooded,MoonRockActive_Wooded,primary,unrated,,"captures=Tank, Frog, Gushen, Pokio | method_1(jump=Single Jump (258); cap_throw=Neutral Throw, Up Throw, Down Throw, Spin Throw; other=Capture) | method_2(jump=Single Jump (258); cap_throw=Neutral Throw, Up Throw, Down Throw, Spin Throw; other=Capture, Climb) | method_3(jump=Single Jump (258); cap_throw=Neutral Throw; other=Capture, Dive)",true,ShineAddHeight,I,-1,,1;2;3;4,2,None,,3630.000,11500.000,-17500.000,ForestWorldHomeStageMap.szs;ShineInfo.szs,ForestWorldHomeStageMap.byml;ShineList_ForestWorldHomeStage.byml;ShinePosList.byml,4,74,2,30,false,false,2;3;4;5,シャイン【2m置き】_ステージスイッチ_森のワールドホーム回転的_固定コリジョン,目指せ！ ヒミツの花バタケ,Use placement_stage_map_indices for StageMap availability and requirement_expr for local ability/capture needs. placement_scenario_no_values is the raw object ScenarioNo field.,casual,
ForestWorldHomeStage:493:160,Wooded Kingdom,ForestWorldHomeStage,Wooded Kingdom,overworld,Looking Down on the Goombas,ForestWorldHomeStage:493:160,493,160,ShineFlag_Extra,ForestWorldHomeStage::checkpoint::obj3835,,(Vault & NeutralThrow & Dive) | Kakku | KingdomAccess_Wooded,WorldPeace_Wooded,MoonRockActive_Wooded,primary,unrated,,"captures=Glydon, Tank | method_1(jump=Single Jump (258); cap_throw=No Cap Throw Needed; other=Capture, Climb, Wall Jump, Dive) | method_2(jump=Long Jump; cap_throw=No Cap Throw Needed; other=Dive)",true,TreasureBox,B,,,4,,None,,-5450.000,6350.000,1300.000,ForestWorldHomeStageMap.szs;ShineInfo.szs,ForestWorldHomeStageMap.byml;ShineList_ForestWorldHomeStage.byml;ShinePosList.byml,1,35,-1,16,false,true,5,木の実,クリボーたちを 見下ろして,Use placement_stage_map_indices for StageMap availability and requirement_expr for local ability/capture needs. placement_scenario_no_values is the raw object ScenarioNo field.,casual;casual;expert,
ForestWorldHomeStage:5184:161,Wooded Kingdom,ForestWorldHomeStage,Wooded Kingdom,overworld,Above the Iron Mountain Path,ForestWorldHomeStage:5184:161,5184,161,ShineFlag_Extra,ForestWorldHomeStage::checkpoint::obj7333,,free,WorldPeace_Wooded,MoonRockActive_Wooded,primary,unrated,,method_1(jump=Long Jump; cap_throw=No Cap Throw Needed; other=Dive) | method_2(jump=Single Jump (258); cap_throw=No Cap Throw Needed; other=None),true,ShineAddByRockAddHeight,B,-1,,4,-1,None,,-2750.000,6950.000,-11800.000,ForestWorldHomeStageMap.szs;ShineInfo.szs,ForestWorldHomeStageMap.byml;ShineList_ForestWorldHomeStage.byml;ShinePosList.byml,1,33,-1,16,false,true,5,シャイン【月の石追加版2m】,鉄の山道の上空で,Use placement_stage_map_indices for StageMap availability and requirement_expr for local ability/capture needs. placement_scenario_no_values is the raw object ScenarioNo field.,casual,
ForestWorldHomeStage:5190:163,Wooded Kingdom,ForestWorldHomeStage,Wooded Kingdom,overworld,"Hot, Hot, Hot from the Campfire",ForestWorldHomeStage:5190:163,5190,163,ShineFlag_Extra,ForestWorldHomeStage::checkpoint::obj3708,,FireBros,WorldPeace_Wooded,MoonRockActive_Wooded,primary,unrated,,captures=Fire Bro | method_1(jump=Single Jump (258); cap_throw=No Cap Throw Needed; other=Capture),true,ShineAddByRock,B,-1,,4,-1,None,,-8150.000,-700.000,-12050.000,ForestWorldHomeStageMap.szs;ShineInfo.szs,ForestWorldHomeStageMap.byml;ShineList_ForestWorldHomeStage.byml;ShinePosList.byml,1,49,-1,16,false,true,5,ステージスイッチ_焚き木,たき火の中から アッチッチ,Use placement_stage_map_indices for StageMap availability and requirement_expr for local ability/capture needs. placement_scenario_no_values is the raw object ScenarioNo field.,casual,
ForestWorldHomeStage:6560:166,Wooded Kingdom,ForestWorldHomeStage,Wooded Kingdom,overworld,Bird Traveling the Forest,ForestWorldHomeStage:6560:166,6560,166,ShineFlag_Extra,ForestWorldHomeStage::checkpoint::obj447,,free,WorldPeace_Wooded,MoonRockActive_Wooded,primary,unrated,,method_1(jump=Triple Jump (550); cap_throw=Up Throw),true,BirdForest,B,,,4,,,,1250.000,7500.000,-17000.000,ForestWorldHomeStageMap.szs;ShineInfo.szs,ForestWorldHomeStageMap.byml;ShineList_ForestWorldHomeStage.byml;ShinePosList.byml,1,37,-1,16,false,true,5,森の鳥,森の渡り鳥,Use placement_stage_map_indices for StageMap availability and requirement_expr for local ability/capture needs. placement_scenario_no_values is the raw object ScenarioNo field.,casual,
ForestWorldHomeStage:1840:168,Wooded Kingdom,ForestWorldHomeStage,Wooded Kingdom,overworld,High Up in the Cave,ForestWorldHomeStage:1840:168,1840,168,ShineFlag_Extra,ForestWorldHomeStage::checkpoint::obj7333,,(Vault & NeutralThrow) | (Vault & UpThrow) | Backflip | Dive | GroundPoundJump | SideFlip | Spin | TripleJump | WallJump | Kuribo | Senobi | FireBros | KingdomAccess_Wooded,WorldPeace_Wooded,MoonRockActive_Wooded,primary,unrated,,method_1(jump=Cap Return Jump (400); cap_throw=No Cap Throw Needed; other=Dive),true,ShineAddByRock,B,-1,,4,-1,None,,-3750.000,950.000,-2450.000,ForestWorldHomeStageMap.szs;ShineInfo.szs,ForestWorldHomeStageMap.byml;ShineList_ForestWorldHomeStage.byml;ShinePosList.byml,1,31,-1,16,false,true,5,シャイン【月の石追加版】,ほら穴を あおぎ見て,Use placement_stage_map_indices for StageMap availability and requirement_expr for local ability/capture needs. placement_scenario_no_values is the raw object ScenarioNo field.,advanced;advanced;advanced;advanced;advanced;advanced;advanced;advanced;advanced;advanced;casual;advanced;expert,
ForestWorldHomeStage:5183:169,Wooded Kingdom,ForestWorldHomeStage,Wooded Kingdom,overworld,The Nut in the Robot Storeroom,ForestWorldHomeStage:5183:169,5183,169,ShineFlag_Extra,ForestWorldHomeStage::place::new_place_8,,free,WorldPeace_Wooded,MoonRockActive_Wooded,primary,unrated,,"captures=Uproot | method_1(jump=Single Jump (258); cap_throw=No Cap Throw Needed; other=Capture) | method_2(jump=Backflip/Vault/Side Flip (496); cap_throw=Up Throw; other=None) | method_3(jump=Single Jump (258); cap_throw=Neutral Throw; other=Climb, Dive)",true,TreasureBox,B,,,4,,None,,-7647.656,650.000,-6300.000,ForestWorldHomeStageMap.szs;ShineInfo.szs,ForestWorldHomeStageMap.byml;ShineList_ForestWorldHomeStage.byml;ShinePosList.byml,1,32,-1,16,false,true,5,木の実,ロボット倉庫の木の実,Use placement_stage_map_indices for StageMap availability and requirement_expr for local ability/capture needs. placement_scenario_no_values is the raw object ScenarioNo field.,casual,
ForestWorldHomeStage:5185:170,Wooded Kingdom,ForestWorldHomeStage,Wooded Kingdom,overworld,Taking Notes: On Top of the Wall,ForestWorldHomeStage:5185:170,5185,170,ShineFlag_Extra,ForestWorldHomeStage::checkpoint::obj3708,,free,WorldPeace_Wooded,MoonRockActive_Wooded,primary,unrated,,method_1(jump=Single Jump (258); cap_throw=No Cap Throw Needed; other=Roll),true,,,,,,,,,-2300.000,5200.000,14000.000,ShineInfo.szs,ShineList_ForestWorldHomeStage.byml;ShinePosList.byml,1,39,-1,16,false,true,5,音符オブジェ(1つ目),壁の上で 音符集め,Use placement_stage_map_indices for StageMap availability and requirement_expr for local ability/capture needs. placement_scenario_no_values is the raw object ScenarioNo field.,casual,
ForestWorldHomeStage:5887:174,Wooded Kingdom,ForestWorldHomeStage,Wooded Kingdom,overworld,The Nut Under the Observation Deck,ForestWorldHomeStage:5887:174,5887,174,ShineFlag_Extra,ForestWorldHomeStage::checkpoint::obj3835,,free,WorldPeace_Wooded,MoonRockActive_Wooded,primary,unrated,,"captures=Tank | method_1(jump=Triple Jump (550); cap_throw=No Cap Throw Needed; other=Wall Jump, Dive) | method_2(jump=Single Jump (258); cap_throw=Neutral Throw, Up Throw, Spin Throw; other=Capture, Dive, Wall Jump, Climb)",true,TreasureBox,B,,,4,,None,,7100.000,13000.000,-6183.273,ForestWorldHomeStageMap.szs;ShineInfo.szs,ForestWorldHomeStageMap.byml;ShineList_ForestWorldHomeStage.byml;ShinePosList.byml,1,36,-1,16,false,true,5,木の実,見はらし台に ついた木の実,Use placement_stage_map_indices for StageMap availability and requirement_expr for local ability/capture needs. placement_scenario_no_values is the raw object ScenarioNo field.,casual,
ForestWorldHomeStage:6110:177,Wooded Kingdom,ForestWorldHomeStage,Wooded Kingdom,overworld,High Up on a Rock Wall,ForestWorldHomeStage:6110:177,6110,177,ShineFlag_Extra,ForestWorldHomeStage::checkpoint::obj7333,,free,WorldPeace_Wooded,MoonRockActive_Wooded,primary,unrated,,"captures=Uproot | method_1(jump=Single Jump (258); cap_throw=Up Throw, Down Throw, Spin Throw, Neutral Throw; other=None) | method_2(jump=Single Jump (258); cap_throw=No Cap Throw Needed; other=Capture)",true,TreasureBox,B,,,4,,None,,1850.000,5700.000,-12050.000,ForestWorldHomeStageMap.szs;ShineInfo.szs,ForestWorldHomeStageMap.byml;ShineList_ForestWorldHomeStage.byml;ShinePosList.byml,1,34,-1,16,false,true,5,木の実,石の壁の真ん中に,Use placement_stage_map_indices for StageMap availability and requirement_expr for local ability/capture needs. placement_scenario_no_values is the raw object ScenarioNo field.,casual,
ForestWorldTowerStage:220:179,Wooded Kingdom,ForestWorldTowerStage,Sky Garden Tower,subarea,Stretching Your Legs,ForestWorldTowerStage:220:179,220,179,ShineFlag_None,ForestWorldTowerStage::entrance::Tower002::sub_far,,Senobi | (NeutralThrow & TripleJump & Dive) | (UpThrow & TripleJump & Dive),WorldPeace_Wooded,MoonRockActive_Wooded,primary,unrated,,"captures=Uproot | method_1(jump=No Jump Needed; cap_throw=Neutral Throw, Up Throw, Down Throw, Spin Throw; other=Capture)",true,Shine,Common,-1,,0;1;10;11;12;13;14;2;3;4;5;6;7;8;9,-1,None,,0.000,6500.000,0.000,ForestWorldTowerStageMap.szs;ShineInfo.szs,ForestWorldTowerStageMap.byml;ShineList_ForestWorldHomeStage.byml;ShinePosList.byml,15,23,-1,127,false,false,1;2;3;4;5;6;7,シャイン,もっと上まで 背のびして,Use placement_stage_map_indices for StageMap availability and requirement_expr for local ability/capture needs. placement_scenario_no_values is the raw object ScenarioNo field.,casual;expert;expert,"1,2,3,4,5"
ForestWorldTowerStage:161:180,Wooded Kingdom,ForestWorldTowerStage,Sky Garden Tower,subarea,Nut Planted in the Tower,ForestWorldTowerStage:161:180,161,180,ShineFlag_None,ForestWorldTowerStage::entrance::Tower002::sub_near,,free,WorldPeace_Wooded,MoonRockActive_Wooded,primary,unrated,,"captures=Uproot | method_1(jump=Single Jump (258); cap_throw=No Cap Throw Needed; other=Wall Jump) | method_2(jump=No Jump Needed; cap_throw=Neutral Throw, Up Throw, Down Throw, Spin Throw; other=Capture)",true,TreasureBox,Common,,,0;1;10;11;12;13;14;2;3;4;5;6;7;8;9,,None,,0.000,3950.000,500.000,ForestWorldTowerStageMap.szs;ShineInfo.szs,ForestWorldTowerStageMap.byml;ShineList_ForestWorldHomeStage.byml;ShinePosList.byml,15,14,-1,127,false,false,1;2;3;4;5;6;7,木の実,くぼみに ついた木の実,Use placement_stage_map_indices for StageMap availability and requirement_expr for local ability/capture needs. placement_scenario_no_values is the raw object ScenarioNo field.,casual,
ForestWorldBossStage:6:181,Wooded Kingdom,ForestWorldBossStage,Secret Flower Field,subarea,Defend the Secret Flower Field!,ForestWorldBossStage:6:181,6,181,ShineFlag_Story | ShineFlag_Multi,ForestWorldBossStage::entrance::boss001::sub_near,,Senobi | KingdomAccess_Wooded,WorldPeace_Wooded,MoonRockActive_Wooded,primary,unrated,,"captures=Tank, Uproot, Frog, Gushen, Pokio | method_1(jump=Single Jump (258); cap_throw=Neutral Throw, Up Throw, Down Throw, Spin Throw; other=Capture) | method_2(jump=Single Jump (258); cap_throw=Neutral Throw, Up Throw, Down Throw, Spin Throw; other=Climb, Capture) | method_3(jump=Single Jump (258); cap_throw=Neutral Throw; other=Dive, Capture)",true,,,,,,,,,3650.000,8600.000,-22500.000,ShineInfo.szs,ShineList_ForestWorldHomeStage.byml;ShinePosList.byml,1,75,3,2,true,false,1;2;3;4;5;6;7,森ボス,守れ！ ヒミツの花バタケ,Use placement_stage_map_indices for StageMap availability and requirement_expr for local ability/capture needs. placement_scenario_no_values is the raw object ScenarioNo field.,casual,"1,2,3,4,5;3,4,5"
ForestWorldBossStage:488:182,Wooded Kingdom,ForestWorldBossStage,Secret Flower Field,subarea,Make the Secret Flower Field Bloom,ForestWorldBossStage:488:182,488,182,ShineFlag_None,ForestWorldBossStage::entrance::boss001::sub_near,,free,WorldPeace_Wooded,MoonRockActive_Wooded,primary,unrated,,"method_1(jump=Long Jump; cap_throw=Neutral Throw, Up Throw, Down Throw, Spin Throw; other=None)",true,,,,,,,,,3650.000,8600.000,-22500.000,ShineInfo.szs,ShineList_ForestWorldHomeStage.byml;ShinePosList.byml,1,15,-1,28,false,false,1;2;3;4;5;6;7,森ボス地形お花畑コントロール,咲かせて ヒミツの花バタケ,Use placement_stage_map_indices for StageMap availability and requirement_expr for local ability/capture needs. placement_scenario_no_values is the raw object ScenarioNo field.,casual,"5,3,4"
ForestWorldWoodsStage:220:183,Wooded Kingdom,ForestWorldWoodsStage,Deep Woods,subarea,Rolling Rock in the Deep Woods,ForestWorldWoodsStage:220:183,220,183,ShineFlag_None,ForestWorldWoodsStage::place::new_place,,free,WorldPeace_Wooded,MoonRockActive_Wooded,primary,unrated,,method_1(jump=Long Jump; cap_throw=No Cap Throw Needed; other=None),true,KickStone,Common,,,0;1;10;11;12;13;14;2;3;4;5;6;7;8;9,,,,3600.000,-2396.508,-3150.000,ForestWorldWoodsStageMap.szs;ShineInfo.szs,ForestWorldWoodsStageMap.byml;ShineList_ForestWorldHomeStage.byml;ShinePosList.byml,15,30,-1,127,false,false,1;2;3;4;5;6;7,キック小石,キック！ 樹海の石コロ,Use placement_stage_map_indices for StageMap availability and requirement_expr for local ability/capture needs. placement_scenario_no_values is the raw object ScenarioNo field.,casual,
ForestWorldWoodsStage:222:184,Wooded Kingdom,ForestWorldWoodsStage,Deep Woods,subarea,Beneath the Roots of the Moving Tree,ForestWorldWoodsStage:222:184,222,184,ShineFlag_None,ForestWorldWoodsStage::place::new_place,,(Tree & GroundPound),WorldPeace_Wooded,MoonRockActive_Wooded,primary,unrated,,captures=Locked behind Default Capture | method_1(jump=Single Jump (258); cap_throw=No Cap Throw Needed; other=Capture),true,,,,,,,,,-16000.000,-4000.000,2700.000,ShineInfo.szs,ShineList_ForestWorldHomeStage.byml;ShinePosList.byml,1,38,-1,127,false,false,1;2;3;4;5;6;7,ここ掘れポイント,動く木の根元,Use placement_stage_map_indices for StageMap availability and requirement_expr for local ability/capture needs. placement_scenario_no_values is the raw object ScenarioNo field.,casual,
ForestWorldWoodsStage:186:185,Wooded Kingdom,ForestWorldWoodsStage,Deep Woods,subarea,By the Babbling Brook in Deep Woods,ForestWorldWoodsStage:186:185,186,185,ShineFlag_None,ForestWorldWoodsStage::place::new_place,,GroundPound,WorldPeace_Wooded,MoonRockActive_Wooded,primary,unrated,,"captures=Tank, Coin Coffer, Hammer Bro, Dino, Bullet Bill | method_1(jump=Single Jump (258); cap_throw=No Cap Throw Needed; other=Ground Pound, Capture)",true,,,,,,,,,-16000.000,-4000.000,2700.000,ShineInfo.szs,ShineList_ForestWorldHomeStage.byml;ShinePosList.byml,1,63,-1,127,false,false,1;2;3;4;5;6;7,ここ掘れポイント,樹海の せせらぎ,Use placement_stage_map_indices for StageMap availability and requirement_expr for local ability/capture needs. placement_scenario_no_values is the raw object ScenarioNo field.,casual,
ForestWorldWoodsStage:206:186,Wooded Kingdom,ForestWorldWoodsStage,Deep Woods,subarea,The Hard Rock in Deep Woods,ForestWorldWoodsStage:206:186,206,186,ShineFlag_None,ForestWorldWoodsStage::place::new_place,,GroundPound,WorldPeace_Wooded,MoonRockActive_Wooded,primary,unrated,,"captures=Tank, Coin Coffer, Hammer Bro, Dino, Bullet Bill | method_1(jump=Single Jump (258); cap_throw=No Cap Throw Needed; other=Ground Pound, Capture)",true,,,,,,,,,-16000.000,-4000.000,2700.000,ShineInfo.szs,ShineList_ForestWorldHomeStage.byml;ShinePosList.byml,1,67,-1,127,false,false,1;2;3;4;5;6;7,ここ掘れポイント,樹海の かたい岩,Use placement_stage_map_indices for StageMap availability and requirement_expr for local ability/capture needs. placement_scenario_no_values is the raw object ScenarioNo field.,casual,
ForestWorldWoodsCostumeStage:14:187,Wooded Kingdom,ForestWorldWoodsCostumeStage,Costume Room,subarea,Exploring for Treasure,ForestWorldWoodsCostumeStage:14:187,14,187,ShineFlag_None,ForestWorldWoodsCostumeStage::start,,free,WorldPeace_Wooded,MoonRockActive_Wooded,primary,unrated,,"method_1(jump=Long Jump; cap_throw=Neutral Throw, Up Throw, Down Throw, Spin Throw; other=None) | method_2(jump=Single Jump (258); cap_throw=No Cap Throw Needed; other=Ground Pound)",true,TreasureBox,Common,,,0;1;10;11;12;13;14;2;3;4;5;6;7;8;9,,CostumeShine,,-0.000,100.000,-0.000,ForestWorldWoodsCostumeStageMap.szs;ShineInfo.szs,ForestWorldWoodsCostumeStageMap.byml;ShineList_ForestWorldHomeStage.byml;ShinePosList.byml,15,55,-1,127,false,false,1;2;3;4;5;6;7,宝箱,探検家の見つけた宝箱,Use placement_stage_map_indices for StageMap availability and requirement_expr for local ability/capture needs. placement_scenario_no_values is the raw object ScenarioNo field.,casual,
ForestWorldWoodsTreasureStage:8:188,Wooded Kingdom,ForestWorldWoodsTreasureStage,Deep Woods Treasure Vault,subarea,Deep Woods Treasure Trap,ForestWorldWoodsTreasureStage:8:188,8,188,ShineFlag_None,ForestWorldWoodsTreasureStage::entrance::TreasureTree::sub_near,,free,WorldPeace_Wooded,MoonRockActive_Wooded,primary,unrated,,"method_1(jump=Long Jump; cap_throw=Neutral Throw, Up Throw, Down Throw, Spin Throw; other=None) | method_2(jump=Single Jump (258); cap_throw=No Cap Throw Needed; other=Ground Pound)",true,,,,,,,,,-16000.000,-4000.000,2700.000,ShineInfo.szs,ShineList_ForestWorldHomeStage.byml;ShinePosList.byml,1,47,-1,127,false,false,1;2;3;4;5;6;7,順序宝箱,樹海にひそむ 宝箱のワナ,Use placement_stage_map_indices for StageMap availability and requirement_expr for local ability/capture needs. placement_scenario_no_values is the raw object ScenarioNo field.,casual,
ShootingElevatorExStage:160:189,Wooded Kingdom,ShootingElevatorExStage,Crowded Elevator,subarea,Elevator Blind Spot,ShootingElevatorExStage:160:189,160,189,ShineFlag_None,ShootingElevatorExStage::entrance::EX_Tankuro::sub_near,,Tank,WorldPeace_Wooded,MoonRockActive_Wooded,primary,unrated,,"captures=Tank | method_1(jump=Long Jump; cap_throw=Neutral Throw, Up Throw, Down Throw, Spin Throw; other=Capture)",true,,,,,,,,,6794.180,11210.000,-4884.010,ShineInfo.szs,ShineList_ForestWorldHomeStage.byml;ShinePosList.byml,1,60,-1,31,false,false,1;2;3;4;5,マーチングキューブブロックパーツ,砲撃の死角,Use placement_stage_map_indices for StageMap availability and requirement_expr for local ability/capture needs. placement_scenario_no_values is the raw object ScenarioNo field.,casual,
ShootingElevatorExStage:105:190,Wooded Kingdom,ShootingElevatorExStage,Crowded Elevator,subarea,Elevator Escalation,ShootingElevatorExStage:105:190,105,190,ShineFlag_None,ShootingElevatorExStage::entrance::EX_Tankuro_Exit::sub_far,,free,WorldPeace_Wooded,MoonRockActive_Wooded,primary,unrated,,"captures=Tank | method_1(cap_throw=Neutral Throw, Up Throw, Down Throw, Spin Throw; other=Capture)",true,Shine,Common,-1,,0;1;10;11;12;13;14;2;3;4;5;6;7;8;9,-1,None,,50.000,850.000,-12000.000,ShootingElevatorExStageMap.szs;ShineInfo.szs,ShootingElevatorExStageMap.byml;ShineList_ForestWorldHomeStage.byml;ShinePosList.byml,15,19,-1,31,false,false,1;2;3;4;5,シャイン,砲撃の末に,Use placement_stage_map_indices for StageMap availability and requirement_expr for local ability/capture needs. placement_scenario_no_values is the raw object ScenarioNo field.,casual,
RailCollisionExStage:171:191,Wooded Kingdom,RailCollisionExStage,Flower Road,subarea,Flower Road Run,RailCollisionExStage:171:191,171,191,ShineFlag_None,RailCollisionExStage::entrance::EX_RailCollision_Exit::sub_far,,free,WorldPeace_Wooded,MoonRockActive_Wooded,primary,unrated,,method_1(jump=Single Jump (258); other=Wall Jump),true,Shine,Scenario1,-1,,0,-1,None,,10700.000,3150.000,-19250.000,RailCollisionExStageMap.szs;ShineInfo.szs,RailCollisionExStageMap.byml;ShineList_ForestWorldHomeStage.byml;ShinePosList.byml,1,18,-1,31,false,false,1;2;3;4;5,シャイン,走れ！ フラワーロード,Use placement_stage_map_indices for StageMap availability and requirement_expr for local ability/capture needs. placement_scenario_no_values is the raw object ScenarioNo field.,casual,
RailCollisionExStage:216:192,Wooded Kingdom,RailCollisionExStage,Flower Road,subarea,Flower Road Reach,RailCollisionExStage:216:192,216,192,ShineFlag_None,RailCollisionExStage::entrance::EX_RailCollision::sub_near,,(WallJump & Dive) | (Backflip & WallJump & LedgeGrab) | (GroundPoundJump & WallJump & LedgeGrab) | (SideFlip & WallJump & LedgeGrab) | (TripleJump & WallJump & LedgeGrab) | (Vault & WallJump) | (Backflip & Vault) | (SideFlip & Vault) | (GroundPoundJump & Vault) | (Spin & Vault) | (TripleJump & Vault) | Kuribo,WorldPeace_Wooded,MoonRockActive_Wooded,primary,unrated,,"captures=Goomba | method_1(jump=Long Jump; cap_throw=Neutral Throw, Up Throw, Down Throw, Spin Throw; other=Capture) | method_2(jump=Long Jump; cap_throw=Neutral Throw; other=Dive, Wall Jump) | method_3(jump=Single Jump (258); cap_throw=Neutral Throw; other=Dive)",true,Shine,Scenario1,-1,,0,-1,None,,-600.000,1850.000,-7550.000,RailCollisionExStageMap.szs;ShineInfo.szs,RailCollisionExStageMap.byml;ShineList_ForestWorldHomeStage.byml;ShinePosList.byml,1,59,-1,31,false,false,1;2;3;4;5,シャイン,フラワーロードの高台に,Use placement_stage_map_indices for StageMap availability and requirement_expr for local ability/capture needs. placement_scenario_no_values is the raw object ScenarioNo field.,advanced;advanced;advanced;advanced;advanced;advanced;advanced;advanced;advanced;advanced;advanced;casual,
FogMountainExStage:92:193,Wooded Kingdom,FogMountainExStage,Shards in the Fog,subarea,Wandering in the Fog,FogMountainExStage:92:193,92,193,ShineFlag_None,FogMountainExStage::place::new_place,,free,WorldPeace_Wooded,MoonRockActive_Wooded,primary,unrated,,"captures=Paragoomba | method_1(jump=Ground Pound Jump (514); cap_throw=Neutral Throw; other=Ledge Grab, Capture)",true,,,,,,,,,-10600.000,4550.000,-7700.000,ShineInfo.szs,ShineList_ForestWorldHomeStage.byml;ShinePosList.byml,1,17,-1,30,false,false,2;3;4;5,シャインチップ全取得監視者,さまよって 霧の中,Use placement_stage_map_indices for StageMap availability and requirement_expr for local ability/capture needs. placement_scenario_no_values is the raw object ScenarioNo field.,casual,
FogMountainExStage:249:194,Wooded Kingdom,FogMountainExStage,Shards in the Fog,subarea,Nut Hidden in the Fog,FogMountainExStage:249:194,249,194,ShineFlag_None,FogMountainExStage::place::new_place,,free,WorldPeace_Wooded,MoonRockActive_Wooded,primary,unrated,,"captures=Paragoomba | method_1(jump=Ground Pound Jump (514); cap_throw=Neutral Throw; other=Ledge Grab, Capture)",true,TreasureBox,Common,,,0;1;10;11;12;13;14;2;3;4;5;6;7;8;9,,None,,-2650.000,-200.000,-2400.000,FogMountainExStageMap.szs;ShineInfo.szs,FogMountainExStageMap.byml;ShineList_ForestWorldHomeStage.byml;ShinePosList.byml,15,57,-1,30,false,false,2;3;4;5,木の実,霧の中に かくれた木の実,Use placement_stage_map_indices for StageMap availability and requirement_expr for local ability/capture needs. placement_scenario_no_values is the raw object ScenarioNo field.,casual,
ForestWorldBonusStage:91:195,Wooded Kingdom,ForestWorldBonusStage,Spinning-Platforms Treasure Vault,subarea,Spinning-Platforms Treasure,ForestWorldBonusStage:91:195,91,195,ShineFlag_None,ForestWorldBonusStage::entrance::bonus::sub_near,,free,WorldPeace_Wooded,MoonRockActive_Wooded,primary,unrated,,"method_1(jump=Long Jump; cap_throw=Neutral Throw, Up Throw, Down Throw, Spin Throw; other=None)",true,TreasureBox,Common,,,0;1;10;11;12;13;14;2;3;4;5;6;7;8;9,,None,,0.000,75.898,-350.000,ForestWorldBonusStageMap.szs;ShineInfo.szs,ForestWorldBonusStageMap.byml;ShineList_ForestWorldHomeStage.byml;ShinePosList.byml,15,62,-1,126,false,false,2;3;4;5;6;7,木の実,ぐるぐる足場の宝部屋,Use placement_stage_map_indices for StageMap availability and requirement_expr for local ability/capture needs. placement_scenario_no_values is the raw object ScenarioNo field.,casual,
ForestWorldWaterExStage:52:196,Wooded Kingdom,ForestWorldWaterExStage,Flooding Pipeway,subarea,Flooding Pipeway,ForestWorldWaterExStage:52:196,52,196,ShineFlag_None,ForestWorldWaterExStage::entrance::EX_Water_Exit::sub_far,,free,WorldPeace_Wooded,MoonRockActive_Wooded,primary,unrated,,method_1(jump=Single Jump (258); cap_throw=No Cap Throw Needed),true,ShineAddHeight,Common,-1,,0;1;10;11;12;13;14;2;3;4;5;6;7;8;9,-1,None,,-300.000,1430.000,-1300.000,ForestWorldWaterExStageMap.szs;ShineInfo.szs,ForestWorldWaterExStageMap.byml;ShineList_ForestWorldHomeStage.byml;ShinePosList.byml,15,16,-1,127,false,false,1;2;3;4;5;6;7,シャイン【2m置き】,泳げ！ 上下水道,Use placement_stage_map_indices for StageMap availability and requirement_expr for local ability/capture needs. placement_scenario_no_values is the raw object ScenarioNo field.,casual,
ForestWorldWaterExStage:138:197,Wooded Kingdom,ForestWorldWaterExStage,Flooding Pipeway,subarea,Flooding Pipeway Ceiling Secret,ForestWorldWaterExStage:138:197,138,197,ShineFlag_None,ForestWorldWaterExStage::entrance::EX_Water::sub_near,,WallJump,WorldPeace_Wooded,MoonRockActive_Wooded,primary,unrated,,"method_1(jump=Single Jump (258); cap_throw=Neutral Throw; other=Wall Jump, Dive) | method_2(jump=Cap Return Jump (400); cap_throw=No Cap Throw Needed; other=Wall Jump) | method_3(jump=Cap Return Jump (400); cap_throw=Neutral Throw; other=Dive)",true,ShineAddHeight,Common,-1,,0;1;10;11;12;13;14;2;3;4;5;6;7;8;9,-1,None,,-300.000,2300.000,750.000,ForestWorldWaterExStageMap.szs;ShineInfo.szs,ForestWorldWaterExStageMap.byml;ShineList_ForestWorldHomeStage.byml;ShinePosList.byml,15,56,-1,127,false,false,1;2;3;4;5;6;7,シャイン【2m置き】,上下水道の天井うら,Use placement_stage_map_indices for StageMap availability and requirement_expr for local ability/capture needs. placement_scenario_no_values is the raw object ScenarioNo field.,casual,
ForestWorldCloudBonusExStage:11:198,Wooded Kingdom,ForestWorldCloudBonusExStage,Walking on Clouds,subarea,Walking on Clouds,ForestWorldCloudBonusExStage:11:198,11,198,ShineFlag_None,ForestWorldCloudBonusExStage::entrance::EXCloud::sub_near,,Senobi | (Backflip & Dive & Vault & NeutralThrow) | (GroundPoundJump & Vault & Dive & NeutralThrow) | (SideFlip & Vault & Dive & NeutralThrow) | (TripleJump & Dive & Vault & NeutralThrow),WorldPeace_Wooded,MoonRockActive_Wooded,primary,unrated,,"captures=Uproot | method_1(jump=No Jump Needed; cap_throw=Neutral Throw, Up Throw, Down Throw, Spin Throw; other=Capture)",true,Shine,Common,-1,,0;1;10;11;12;13;14;2;3;4;5;6;7;8;9,-1,None,,-650.000,2500.000,-11500.000,ForestWorldCloudBonusExStageMap.szs;ShineInfo.szs,ForestWorldCloudBonusExStageMap.byml;ShineList_ForestWorldHomeStage.byml;ShinePosList.byml,15,20,-1,28,false,false,3;4;5,シャイン,雲の上で 散歩,Use placement_stage_map_indices for StageMap availability and requirement_expr for local ability/capture needs. placement_scenario_no_values is the raw object ScenarioNo field.,casual;advanced;advanced;advanced;advanced,
ForestWorldCloudBonusExStage:1556:199,Wooded Kingdom,ForestWorldCloudBonusExStage,Walking on Clouds,subarea,Above the Clouds,ForestWorldCloudBonusExStage:1556:199,1556,199,ShineFlag_None,ForestWorldCloudBonusExStage::entrance::EXCloud::sub_near,,Senobi | (TripleJump & Vault & Dive & NeutralThrow),WorldPeace_Wooded,MoonRockActive_Wooded,primary,unrated,,"captures=Uproot | method_1(jump=No Jump Needed; cap_throw=Neutral Throw, Up Throw, Down Throw, Spin Throw; other=Capture)",true,Shine,Common,-1,,0;1;10;11;12;13;14;2;3;4;5;6;7;8;9,-1,None,,-1250.000,4300.000,-9050.000,ForestWorldCloudBonusExStageMap.szs;ShineInfo.szs,ForestWorldCloudBonusExStageMap.byml;ShineList_ForestWorldHomeStage.byml;ShinePosList.byml,15,61,-1,28,false,false,3;4;5,シャイン,背のびして 雲の上,Use placement_stage_map_indices for StageMap availability and requirement_expr for local ability/capture needs. placement_scenario_no_values is the raw object ScenarioNo field.,casual;advanced,
AnimalChaseExStage:552:200,Wooded Kingdom,AnimalChaseExStage,Herding Sheep,subarea,Herding Sheep Above the Forest Fog,AnimalChaseExStage:552:200,552,200,ShineFlag_Extra,AnimalChaseExStage::entrance::EX_AnimalChase::sub_near,,Climb | (Backflip & LedgeGrab) | (GroundPoundJump & LedgeGrab) | (SideFlip & LedgeGrab) | (Spin & LedgeGrab) | TripleJump | WallJump | Vault | Dive,WorldPeace_Wooded,MoonRockActive_Wooded,primary,unrated,,"method_1(jump=Backflip/Vault/Side Flip (496); cap_throw=Neutral Throw, Down Throw; other=Dive) | method_2(jump=Single Jump (258); cap_throw=No Cap Throw Needed; other=Ground Pound, Climb) | method_3(jump=Backflip/Vault/Side Flip (496); cap_throw=Neutral Throw, Down Throw; other=Ledge Grab)",true,,,,,,,,,-6650.000,2900.000,-50.000,ShineInfo.szs,ShineList_ForestWorldHomeStage.byml;ShinePosList.byml,1,45,-1,16,false,false,5,コレクトアニマル監視者,森で ヒツジ追い,Use placement_stage_map_indices for StageMap availability and requirement_expr for local ability/capture needs. placement_scenario_no_values is the raw object ScenarioNo field.,casual;advanced;advanced;advanced;advanced;advanced;advanced;advanced;advanced,
AnimalChaseExStage:1383:201,Wooded Kingdom,AnimalChaseExStage,Herding Sheep,subarea,Herding Sheep on the Iron Bridge,AnimalChaseExStage:1383:201,1383,201,ShineFlag_Extra,AnimalChaseExStage::entrance::EX_AnimalChase::sub_near,,Climb | (Backflip & LedgeGrab) | (GroundPoundJump & LedgeGrab) | (SideFlip & LedgeGrab) | (Spin & LedgeGrab) | TripleJump | WallJump | Vault | Dive,WorldPeace_Wooded,MoonRockActive_Wooded,primary,unrated,,"method_1(jump=Backflip/Vault/Side Flip (496); cap_throw=Neutral Throw, Down Throw; other=Dive) | method_2(jump=Single Jump (258); cap_throw=Neutral Throw, Down Throw; other=Climb) | method_3(jump=Backflip/Vault/Side Flip (496); cap_throw=Neutral Throw, Down Throw; other=Ledge Grab)",true,,,,,,,,,-6650.000,2900.000,-50.000,ShineInfo.szs,ShineList_ForestWorldHomeStage.byml;ShinePosList.byml,1,65,-1,16,false,false,5,コレクトアニマル監視者,鉄橋で ヒツジ追い,Use placement_stage_map_indices for StageMap availability and requirement_expr for local ability/capture needs. placement_scenario_no_values is the raw object ScenarioNo field.,casual;advanced;advanced;advanced;advanced;advanced;advanced;advanced;advanced,
PackunPoisonExStage:112:202,Wooded Kingdom,PackunPoisonExStage,Invisible Road,subarea,Invisible Road: Danger!,PackunPoisonExStage:112:202,112,202,ShineFlag_Extra,PackunPoisonExStage::entrance::PoisonEx::sub_near,,free,WorldPeace_Wooded,MoonRockActive_Wooded,primary,unrated,,method_1(jump=Single Jump (258); cap_throw=No Cap Throw Needed; other=Damage Boost) | method_2(jump=Single Jump (258); cap_throw=No Cap Throw Needed; other=None),true,ShineAddHeight,Scenario1,-1,,0,-1,None,,2750.000,800.000,2300.000,PackunPoisonExStageMap.szs;ShineInfo.szs,PackunPoisonExStageMap.byml;ShineList_ForestWorldHomeStage.byml;ShinePosList.byml,1,46,-1,16,false,false,5,シャイン【2m置き】,危険！ とうめいロード,Use placement_stage_map_indices for StageMap availability and requirement_expr for local ability/capture needs. placement_scenario_no_values is the raw object ScenarioNo field.,casual,
PackunPoisonExStage:328:203,Wooded Kingdom,PackunPoisonExStage,Invisible Road,subarea,Invisible Road: Hidden Room,PackunPoisonExStage:328:203,328,203,ShineFlag_Extra,PackunPoisonExStage::entrance::PoisonEx_Exit::sub_far,,free,WorldPeace_Wooded,MoonRockActive_Wooded,primary,unrated,,"method_1(jump=Single Jump (258); cap_throw=Neutral Throw, Up Throw, Down Throw, Spin Throw; other=Damage Boost)",true,TreasureBox,Scenario1,,,0,,None,,6650.000,600.000,-4100.000,PackunPoisonExStageMap.szs;ShineInfo.szs,PackunPoisonExStageMap.byml;ShineList_ForestWorldHomeStage.byml;ShinePosList.byml,1,66,-1,16,false,false,5,宝箱,とうめいロードの かくし部屋,Use placement_stage_map_indices for StageMap availability and requirement_expr for local ability/capture needs. placement_scenario_no_values is the raw object ScenarioNo field.,casual,
ForestWorldTimerAthletic001Zone:41:676,Wooded Kingdom,ForestWorldHomeStage,Wooded Kingdom,overworld,Wooded Kingdom Timer Challenge 2,ForestWorldTimerAthletic001Zone:41:676,41,676,ShineFlag_None,ForestWorldTimerAthletic001Zone::start,,free,WorldPeace_Wooded,MoonRockActive_Wooded,primary,unrated,,"method_1(jump=Ground Pound Jump (514); cap_throw=Down Throw; other=Ledge Grab, Dive)",true,,,,,,,,,-14600.000,7030.000,-15700.000,ShineInfo.szs,ShineList_ForestWorldHomeStage.byml;ShinePosList.byml,1,9,-1,28,false,false,3;4;5,帽子掛け（タイマー）,森の国で チクタク・アスレチック ２,Use placement_stage_map_indices for StageMap availability and requirement_expr for local ability/capture needs. placement_scenario_no_values is the raw object ScenarioNo field.,casual,
KillerRoadExStage:1667:882,Wooded Kingdom,KillerRoadExStage,Breakdown Road,subarea,Down and Back Breakdown Road,KillerRoadExStage:1667:882,1667,882,ShineFlag_Extra,KillerRoadExStage::entrance::KillerRoad::sub_near,,free,WorldPeace_Wooded,MoonRockActive_Wooded,primary,unrated,,"captures=Bullet Bill | method_1(jump=Single Jump (258); cap_throw=No Cap Throw Needed; other=None) | method_2(jump=Single Jump (258); cap_throw=Neutral Throw, Down Throw, Spin Throw; other=Capture)",true,,,,,,,,,-373.890,450.000,-11687.600,ShineInfo.szs,ShineList_ForestWorldHomeStage.byml;ShinePosList.byml,1,44,-1,16,false,false,5,鍵付き宝箱,行ってもどって くずれ道,Use placement_stage_map_indices for StageMap availability and requirement_expr for local ability/capture needs. placement_scenario_no_values is the raw object ScenarioNo field.,casual,
KillerRoadExStage:3539:883,Wooded Kingdom,KillerRoadExStage,Breakdown Road,subarea,Below Breakdown Road,KillerRoadExStage:3539:883,3539,883,ShineFlag_Extra,KillerRoadExStage::entrance::KillerRoad::sub_near,,KillerMagnum,WorldPeace_Wooded,MoonRockActive_Wooded,primary,unrated,,captures=Banzai Bill | method_1(jump=Single Jump (258); cap_throw=No Cap Throw Needed; other=Capture),true,Shine,Scenario1,-1,,0,-1,None,,0.000,150.000,-1050.000,KillerRoadExStageMap.szs;ShineInfo.szs,KillerRoadExStageMap.byml;ShineList_ForestWorldHomeStage.byml;ShinePosList.byml,1,64,-1,16,false,false,5,シャイン,下をくぐって くずれ道,Use placement_stage_map_indices for StageMap availability and requirement_expr for local ability/capture needs. placement_scenario_no_values is the raw object ScenarioNo field.,casual,
ForestWorldHomeStage:6962:892,Wooded Kingdom,ForestWorldHomeStage,Wooded Kingdom,overworld,Lost in the Tall Trees,ForestWorldHomeStage:6962:892,6962,892,ShineFlag_Extra,ForestWorldHomeStage::place::new_place_7,,free,WorldPeace_Wooded,MoonRockActive_Wooded,primary,unrated,,"captures=Tank, Glydon | method_1(jump=Single Jump (258); cap_throw=No Cap Throw Needed; other=Capture, Climb, Wall Jump, Dive)",true,,,,,,,,,-2040.000,6750.000,5690.000,ShineInfo.szs,ShineList_ForestWorldHomeStage.byml;ShinePosList.byml,1,51,-1,16,false,true,5,木箱,高い木々に まぎれて,Use placement_stage_map_indices for StageMap availability and requirement_expr for local ability/capture needs. placement_scenario_no_values is the raw object ScenarioNo field.,casual,
ForestWorldHomeStage:6968:901,Wooded Kingdom,ForestWorldHomeStage,Wooded Kingdom,overworld,Wooded Kingdom Master Cup,ForestWorldHomeStage:6968:901,6968,901,ShineFlag_Extra,ForestWorldHomeStage::checkpoint::obj5216,,(Vault & Dive & NeutralThrow) | (TripleJump & Dive & NeutralThrow) | (WallJump & Dive & NeutralThrow) | (Vault & WallJump & NeutralThrow) | (Senobi & Dive) | (FireBros & Dive) | Climb,WorldPeace_Wooded,MoonRockActive_Wooded,primary,unrated,,"captures=Uproot | method_1(jump=Backflip/Vault/Side Flip (496); cap_throw=No Cap Throw Needed; other=Capture, Ledge Grab) | method_2(jump=Backflip/Vault/Side Flip (496); cap_throw=No Cap Throw Needed; other=Ledge Grab, Dive)",true,,,,,,,,,-9900.000,3497.230,-4050.000,ShineInfo.szs,ShineList_ForestWorldHomeStage.byml;ShinePosList.byml,1,53,-1,16,false,true,5,駆けっこ開始Npc,森の国 マスターカップ,Use placement_stage_map_indices for StageMap availability and requirement_expr for local ability/capture needs. placement_scenario_no_values is the raw object ScenarioNo field.,casual;casual;casual;casual;casual;casual;expert,"1,2,3,4,5"
ForestWorldHomeStage:6970:905,Wooded Kingdom,ForestWorldHomeStage,Wooded Kingdom,overworld,Jammin' in the Wooded Kingdom,ForestWorldHomeStage:6970:905,6970,905,ShineFlag_None,ForestWorldHomeStage::start,,free,WorldPeace_Wooded,MoonRockActive_Wooded,primary,unrated,,method_1(jump=Single Jump (258); cap_throw=No Cap Throw Needed; other=Climb) | method_2(jump=Single Jump (258); cap_throw=No Cap Throw Needed; other=None),true,,,,,,,,,3000.000,1250.000,1850.000,ShineInfo.szs,ShineList_ForestWorldHomeStage.byml;ShinePosList.byml,1,28,-1,56,false,false,4;5;6,キノピオ,森の国で ナイスミュージック,Use placement_stage_map_indices for StageMap availability and requirement_expr for local ability/capture needs. placement_scenario_no_values is the raw object ScenarioNo field.,casual,
ForestWorldHomeStage:7205:1001,Wooded Kingdom,ForestWorldHomeStage,Wooded Kingdom,overworld,I Met an Uproot!,ForestWorldHomeStage:7205:1001,7205,1001,ShineFlag_Extra,ForestWorldHomeStage::checkpoint::obj447,,Senobi,WorldPeace_Wooded,MoonRockActive_Wooded,primary,unrated,,captures=Uproot | method_1(jump=Backflip/Vault/Side Flip (496); cap_throw=No Cap Throw Needed; other=Capture),true,,,,,,,,,-2700.000,4400.000,-30900.000,ShineInfo.szs,ShineList_ForestWorldHomeStage.byml;ShinePosList.byml,1,50,-1,16,false,true,5,帽子の民,セノビーに 出会った！,Use placement_stage_map_indices for StageMap availability and requirement_expr for local ability/capture needs. placement_scenario_no_values is the raw object ScenarioNo field.,casual,"2,3,4,5,6,7"
ForestWorldHomeStage:7299:1010,Wooded Kingdom,ForestWorldHomeStage,Wooded Kingdom,overworld,Wooded Kingdom Timer Challenge 3,ForestWorldHomeStage:7299:1010,7299,1010,ShineFlag_Extra,ForestWorldHomeStage::checkpoint::obj7333,,Climb | (TripleJump & Dive) | (Backflip & WallJump & Dive) | (GroundPoundJump & Dive) | (TripleJump & LedgeGrab) | (Spin & LedgeGrab) | (Spin & WallJump & Dive),WorldPeace_Wooded,MoonRockActive_Wooded,primary,unrated,,"method_1(jump=Single Jump (258); cap_throw=Neutral Throw, Up Throw, Down Throw, Spin Throw; other=None)",true,,,,,,,,,1650.000,7586.020,-3250.000,ShineInfo.szs,ShineList_ForestWorldHomeStage.byml;ShinePosList.byml,1,42,-1,16,false,true,5,帽子掛け（タイマー）,森の国で チクタク・アスレチック ３,Use placement_stage_map_indices for StageMap availability and requirement_expr for local ability/capture needs. placement_scenario_no_values is the raw object ScenarioNo field.,casual;advanced;casual;casual;casual;casual;casual,
ForestWorldHomeStage:7285:1011,Wooded Kingdom,ForestWorldHomeStage,Wooded Kingdom,overworld,Swing Around Secret Flower Field,ForestWorldHomeStage:7285:1011,7285,1011,ShineFlag_None,ForestWorldHomeStage::checkpoint::obj2821,,Climb | (Vault & Dive & NeutralThrow) | KingdomAccess_Wooded | Kakku,WorldPeace_Wooded,MoonRockActive_Wooded,primary,unrated,,method_1(jump=Cap Return Jump (400); cap_throw=No Cap Throw Needed; other=Climb),true,,,,,,,,,3783.020,9550.000,-23970.900,ShineInfo.szs,ShineList_ForestWorldHomeStage.byml;ShinePosList.byml,1,54,-1,24,false,false,4;5,鍵付き宝箱,ヒミツの花バタケ ぐるり回って,Use placement_stage_map_indices for StageMap availability and requirement_expr for local ability/capture needs. placement_scenario_no_values is the raw object ScenarioNo field.,casual;advanced;expert;casual,"1,2,3,4,5"
ForestWorldHomeStage:7360:1026,Wooded Kingdom,ForestWorldHomeStage,Wooded Kingdom,overworld,Inside a Rock in the Forest,ForestWorldHomeStage:7360:1026,7360,1026,ShineFlag_None,ForestWorldHomeStage::place::new_place_6,,free,WorldPeace_Wooded,MoonRockActive_Wooded,primary,unrated,,captures=Tank | method_1(jump=No Jump Needed; cap_throw=No Cap Throw Needed; other=Capture),true,ShineAddHeight,Scenario3,-1,,2;3;4;5;6,-1,None,,-13300.000,100.000,7550.000,ForestWorldHomeStageMap.szs;ShineInfo.szs,ForestWorldHomeStageMap.byml;ShineList_ForestWorldHomeStage.byml;ShinePosList.byml,5,25,-1,124,false,false,3;4;5;6;7,ステージスイッチ_マーチングキューブブロック_マーチングキューブブロック_マーチングキューブブロック_マーチングキューブブロック_マーチングキューブブロック,森の岩の中から,Use placement_stage_map_indices for StageMap availability and requirement_expr for local ability/capture needs. placement_scenario_no_values is the raw object ScenarioNo field.,casual,
ForestWorldHomeStage:7463:1089,Wooded Kingdom,ForestWorldHomeStage,Wooded Kingdom,overworld,Found with Wooded Kingdom Art,ForestWorldHomeStage:7463:1089,7463,1089,ShineFlag_HintArt,ForestWorldHomeStage::checkpoint::obj3708,,(KingdomAccess_Sand & GroundPound),WorldPeace_Wooded,MoonRockActive_Wooded,primary,unrated,,"method_1(jump=Single Jump (258); cap_throw=No Cap Throw Needed; other=Ground Pound, Other Kingdom Trigger)",true,HintPhoto,C,,,0;1;2;3;4;7,,,,-11785.452,100.145,13930.996,ForestWorldHomeStageMap.szs;ShineInfo.szs,ForestWorldHomeStageMap.byml;ShineList_ForestWorldHomeStage.byml;ShinePosList.byml,6,68,-1,31,false,false,1;2;3;4;5,ヒント写真,森の国で見つけた お宝写真,Use placement_stage_map_indices for StageMap availability and requirement_expr for local ability/capture needs. placement_scenario_no_values is the raw object ScenarioNo field.,casual,
ForestWorldWoodsStage:343:1137,Wooded Kingdom,ForestWorldWoodsStage,Deep Woods,subarea,Glowing in the Deep Woods,ForestWorldWoodsStage:343:1137,343,1137,ShineFlag_None,ForestWorldWoodsStage::place::new_place,,free,WorldPeace_Wooded,MoonRockActive_Wooded,primary,unrated,,"method_1(jump=Long Jump; cap_throw=Neutral Throw, Up Throw, Down Throw, Spin Throw)",true,,,,,,,,,-16000.000,-4000.000,2700.000,ShineInfo.szs,ShineList_ForestWorldHomeStage.byml;ShinePosList.byml,1,43,-1,127,false,false,1;2;3;4;5;6;7,帽子掛け（タイマー）,つかの間に光る 樹海の奥,Use placement_stage_map_indices for StageMap availability and requirement_expr for local ability/capture needs. placement_scenario_no_values is the raw object ScenarioNo field.,casual,
ForestWorldWoodsStage:392:1153,Wooded Kingdom,ForestWorldWoodsStage,Deep Woods,subarea,A Treasure Made from Coins,ForestWorldWoodsStage:392:1153,392,1153,ShineFlag_None,ForestWorldWoodsStage::place::new_place,,(Gamane & Climb) | (Gamane & Vault & Dive & NeutralThrow) | (Gamane & TRex) | (Gamane & TripleJump & Dive & WallJump) | (Gamane & Vault & WallJump & NeutralThrow),WorldPeace_Wooded,MoonRockActive_Wooded,primary,unrated,,captures=Coin Coffer | method_1(jump=Long Jump; cap_throw=No Cap Throw Needed; other=Capture),true,GrowFlowerCoin,Common,,,0;1;10;11;12;13;14;2;3;4;5;6;7;8;9,,,,-7100.000,-1544.820,-14500.000,ForestWorldWoodsStageMap.szs;ShineInfo.szs,ForestWorldWoodsStageMap.byml;ShineList_ForestWorldHomeStage.byml;ShinePosList.byml,15,70,-1,127,false,false,1;2;3;4;5;6;7,コインで育つ草,コインで育った お宝の実,Use placement_stage_map_indices for StageMap availability and requirement_expr for local ability/capture needs. placement_scenario_no_values is the raw object ScenarioNo field.,casual;advanced;casual;expert;expert,
ForestWorldWoodsStage:415:1159,Wooded Kingdom,ForestWorldWoodsStage,Deep Woods,subarea,Past the Peculiar Pipes,ForestWorldWoodsStage:415:1159,415,1159,ShineFlag_None,ForestWorldWoodsStage::place::new_place,,free,WorldPeace_Wooded,MoonRockActive_Wooded,primary,unrated,,method_1(jump=Long Jump; cap_throw=No Cap Throw Needed; other=None),true,,,,,,,,,-16000.000,-4000.000,2700.000,ShineInfo.szs,ShineList_ForestWorldHomeStage.byml;ShinePosList.byml,1,58,-1,127,false,false,1;2;3;4;5;6;7,土管迷路管理者,ふしぎな土管を 抜けた先,Use placement_stage_map_indices for StageMap availability and requirement_expr for local ability/capture needs. placement_scenario_no_values is the raw object ScenarioNo field.,casual,
