edge_id,kingdom,area_scope,from_node_id,to_node_id,requirement_expr,requirement_notes,edge_type,difficulty,bidirectional,source,notes,option_scenarios,status
edge_user_0096,Bowser's Kingdom,subarea,JizoSwitchExStage::entrance::jizo01::sub_near,JizoSwitchExStage::entrance::jizo02::sub_far,(Statue & WallJump) | (Statue & Vault & Dive & NeutralThrow) | (Statue & Vault & LedgeGrab & NeutralThrow),,human_route,casual;advanced;advanced,false,editor,Created in graph editor.,,
edge_user_0097,Bowser's Kingdom,subarea,JizoSwitchExStage::entrance::jizo02::sub_far,JizoSwitchExStage::entrance::jizo01::sub_near,free,,human_route,casual,false,editor,Reverse of edge_user_0096.,,
edge_user_0098,Bowser's Kingdom,subarea,TsukkunRotateExStage::entrance::tukkun000_enter::sub_near,TsukkunRotateExStage::entrance::tukkun000_exit::sub_far,Tsukkun | (GroundPound & Roll & RollBoost & TripleJump & Vault & Dive & WallJump & NeutralThrow),,human_route,casual;expert,false,editor,Created in graph editor.,,
edge_user_0099,Bowser's Kingdom,subarea,TsukkunRotateExStage::entrance::tukkun000_exit::sub_far,TsukkunRotateExStage::entrance::tukkun000_enter::sub_near,free,,human_route,casual,false,editor,Reverse of edge_user_0098.,,
edge_user_0100,Bowser's Kingdom,subarea,TsukkunClimbExStage::entrance::tukkun001_enter::sub_near,TsukkunClimbExStage::entrance::tukkun001_exit::sub_far,Tsukkun | (Backflip & Vault & Dive & WallJump & NeutralThrow),,human_route,casual;expert,false,editor,Created in graph editor.,,
edge_user_0101,Bowser's Kingdom,subarea,TsukkunClimbExStage::entrance::tukkun001_exit::sub_far,TsukkunClimbExStage::entrance::tukkun001_enter::sub_near,free,,human_route,casual,false,editor,Reverse of edge_user_0100.,,
edge_user_0295,Bowser's Kingdom,overworld,SkyWorldHomeStage::stage_change::Come::raw,SkyWorldHomeStage::checkpoint::obj2697,free,,human_route,casual,true,editor,Created in graph editor.,,
edge_user_0300,Bowser's Kingdom,overworld,SkyWorldHomeStage::checkpoint::obj1626,SkyWorldHomeStage::place::new_place_3,(Tsukkun & Vault & Dive & NeutralThrow) | GroundPound | (Vault & WallJump & NeutralThrow & Tsukkun) | (Tsukkun & WallJump & Dive & NeutralThrow),,human_route,advanced;casual;advanced;advanced,false,editor,Created in graph editor.,,
edge_user_0303,Bowser's Kingdom,overworld,SkyWorldHomeStage::place::new_place_3,SkyWorldHomeStage::checkpoint::obj1626,free,,human_route,casual,false,editor,Reverse of edge_user_0300.,,
edge_user_0299,Bowser's Kingdom,overworld,SkyWorldHomeStage::place::new_place_3,SkyWorldWallZone::checkpoint::obj545,ElectricWire,,human_route,casual,true,editor,Created in graph editor.,,
edge_user_0095,Bowser's Kingdom,overworld,SkyWorldWallZone::start,SkyWorldWallZone::checkpoint::obj545,free,,human_route,casual,true,editor,Created in graph editor.,,
edge_user_0294,Bowser's Kingdom,overworld,SkyWorldWallZone::checkpoint::obj545,SkyWorldHomeStage::checkpoint::obj2028,ElectricWire,,human_route,casual,true,editor,Created in graph editor.,,
edge_user_0298,Bowser's Kingdom,overworld,SkyWorldHomeStage::checkpoint::obj2028,SkyWorldHomeStage::entrance::byoubu::home_in,free,,human_route,casual,true,editor,Created in graph editor.,,
edge_user_0301,Bowser's Kingdom,overworld,SkyWorldHomeStage::checkpoint::obj2028,SkyWorldHomeStage::entrance::shop::home_in,free,,human_route,casual,true,editor,Created in graph editor.,,
edge_user_0290,Bowser's Kingdom,overworld,SkyWorldCastleZone::checkpoint::obj1392,SkyWorldHomeStage::event::MoonRockActive_Bowsers,free,,human_route,casual,true,editor,Created in graph editor.,,
edge_user_0388,Bowser's Kingdom,overworld,SkyWorldCastleZone::checkpoint::obj1392,SkyWorldHomeStage::entrance::tukkun001_enter::home_in,free,,human_route,casual,false,editor,Created in graph editor.,5,
edge_user_0391,Bowser's Kingdom,overworld,SkyWorldCastleZone::checkpoint::obj1890,SkyWorldCastleZone::checkpoint::obj2134,Tsukkun,,human_route,casual,false,editor,Created in graph editor.,,
edge_user_0392,Bowser's Kingdom,overworld,SkyWorldCastleZone::checkpoint::obj2134,SkyWorldCastleZone::checkpoint::obj1891,Tsukkun,,human_route,casual,false,editor,Created in graph editor.,"1,2,3,4,5",
edge_user_0393,Bowser's Kingdom,overworld,SkyWorldCastleZone::checkpoint::obj1891,SkyWorldCastleZone::checkpoint::obj6423,ElectricWire,,human_route,casual,false,editor,Created in graph editor.,"1,2,3,4,5",
edge_user_0396,Bowser's Kingdom,overworld,SkyWorldCastleZone::checkpoint::obj6423,SkyWorldHomeStage::entrance::jizo01::home_in,free,,human_route,casual,true,editor,Created in graph editor.,,
edge_user_0407,Bowser's Kingdom,subarea,SkyWorldTreasureStage::entrance::shop_dress::sub_near,SkyWorldTreasureStage::entrance::shop_dress::sub_far,free,,human_route,casual,true,editor,Created in graph editor.,,
edge_user_0408,Bowser's Kingdom,subarea,SkyWorldShopStage::entrance::shop::sub_near,SkyWorldShopStage::entrance::shop::sub_far,free,,human_route,casual,true,editor,Created in graph editor.,,
edge_user_0409,Bowser's Kingdom,subarea,SkyWorldCloudBonusExStage::entrance::sora001::sub_near,SkyWorldCloudBonusExStage::entrance::sora001::sub_far,free,,human_route,casual,false,editor,Created in graph editor.,,
edge_user_0410,Bowser's Kingdom,subarea,SkyWorldCloudBonusExStage::entrance::sora001::sub_far,SkyWorldCloudBonusExStage::entrance::sora001::sub_near,impossible,,human_route,casual,false,editor,Reverse of edge_user_0409.,,
edge_user_0411,Bowser's Kingdom,subarea,KaronWingTowerStage::entrance::Patakaron02::sub_near,KaronWingTowerStage::entrance::Patakaron02::sub_far,free,,human_route,casual,true,editor,Created in graph editor.,,
edge_user_0412,Bowser's Kingdom,subarea,SkyWorldCostumeStage::entrance::byoubu::sub_near,SkyWorldCostumeStage::entrance::byoubu::sub_far,free,,human_route,casual,true,editor,Created in graph editor.,,
edge_user_0267,Bowser's Kingdom,overworld,SkyWorldHomeStage::checkpoint::obj2697,SkyWorldHomeStage::checkpoint::obj1626,SideFlip,,human_route,expert,false,editor,Created in graph editor.,,
edge_user_0268,Bowser's Kingdom,overworld,SkyWorldHomeStage::checkpoint::obj2028,SkyWorldCastleZone::checkpoint::obj1888,ElectricWire,,human_route,casual,true,editor,Created in graph editor.,,
edge_user_0269,Bowser's Kingdom,overworld,SkyWorldCastleZone::checkpoint::obj1888,SkyWorldHomeStage::stage_change::Go::raw,free,,human_route,casual,true,editor,Created in graph editor.,,
edge_user_0270,Bowser's Kingdom,overworld,SkyWorldCastleZone::checkpoint::obj1888,SkyWorldCastleZone::checkpoint::obj1392,Tsukkun | GroundPound,,human_route,casual,false,editor,Created in graph editor.,,
edge_user_0271,Bowser's Kingdom,overworld,SkyWorldCastleZone::checkpoint::obj1392,SkyWorldCastleZone::checkpoint::obj1888,(Vault & WallJump & Dive & NeutralThrow),,human_route,expert,false,editor,Reverse of edge_user_0270.,"1,2,3,4,5",
edge_user_0274,Bowser's Kingdom,overworld,SkyWorldCastleZone::checkpoint::obj1392,SkyWorldHomeStage::entrance::Patakaron02::home_in,free,,human_route,casual,false,editor,Created in graph editor.,5,
edge_user_0293,Bowser's Kingdom,overworld,SkyWorldHomeStage::place::new_place,SkyWorldHomeStage::entrance::tukkun000_enter::home_in,GroundPound,,human_route,casual,false,editor,Created in graph editor.,,
edge_user_0296,Bowser's Kingdom,overworld,SkyWorldHomeStage::entrance::tukkun000_enter::home_in,SkyWorldHomeStage::place::new_place,free,,human_route,casual,false,editor,Reverse of edge_user_0293.,,
edge_user_0297,Bowser's Kingdom,overworld,SkyWorldHomeStage::place::new_place,SkyWorldHomeStage::entrance::sora001::home_in,Climb,,human_route,casual,false,editor,Created in graph editor.,,
edge_user_0302,Bowser's Kingdom,overworld,SkyWorldHomeStage::entrance::sora001::home_in,SkyWorldHomeStage::place::new_place,Dive | (Vault & WallJump & NeutralThrow) | (Vault & LedgeGrab & NeutralThrow) | (TripleJump & Vault & NeutralThrow),,human_route,advanced;advanced;advanced;expert,false,editor,Reverse of edge_user_0297.,,
edge_user_0304,Bowser's Kingdom,overworld,SkyWorldCastleZone::checkpoint::obj2134,SkyWorldHomeStage::place::new_place,(Vault & Dive & NeutralThrow) | (TripleJump & Vault & WallJump & NeutralThrow) | (TripleJump & Vault & LedgeGrab & NeutralThrow),,human_route,advanced;expert;expert,false,editor,Created in graph editor.,,
edge_user_0291,Bowser's Kingdom,overworld,SkyWorldHomeStage::place::new_place,SkyWorldCastleZone::checkpoint::obj2134,free,,human_route,advanced,false,editor,Reverse of edge_user_0304.,,
edge_user_0292,Bowser's Kingdom,overworld,SkyWorldCastleZone::checkpoint::obj2134,SkyWorldHomeStage::place::new_place_4,free,,human_route,casual,false,editor,Created in graph editor.,,
edge_user_0305,Bowser's Kingdom,overworld,SkyWorldHomeStage::place::new_place_4,SkyWorldCastleZone::checkpoint::obj2134,Dive | (Vault & WallJump & NeutralThrow) | (Vault & LedgeGrab & NeutralThrow) | (TripleJump & Vault & NeutralThrow),,human_route,advanced;advanced;advanced;expert,false,editor,Reverse of edge_user_0292.,,
edge_user_0306,Bowser's Kingdom,overworld,SkyWorldHomeStage::place::new_place_4,SkyWorldHomeStage::entrance::sora001::home_in,Climb,,human_route,casual,false,editor,Created in graph editor.,,
edge_user_0307,Bowser's Kingdom,overworld,SkyWorldHomeStage::place::new_place,SkyWorldCastleZone::checkpoint::obj1891,(Vault & WallJump & Dive & NeutralThrow),,human_route,advanced,false,editor,Created in graph editor.,,
edge_user_0308,Bowser's Kingdom,overworld,SkyWorldCastleZone::checkpoint::obj1891,SkyWorldHomeStage::place::new_place,free,,human_route,advanced,false,editor,Reverse of edge_user_0307.,,
edge_user_0309,Bowser's Kingdom,overworld,SkyWorldCastleZone::checkpoint::obj1891,SkyWorldHomeStage::place::new_place_4,free,,human_route,casual,false,editor,Created in graph editor.,,
edge_user_0310,Bowser's Kingdom,overworld,SkyWorldHomeStage::place::new_place_4,SkyWorldCastleZone::checkpoint::obj1891,impossible,,human_route,casual,false,editor,Reverse of edge_user_0309.,,
edge_user_0311,Bowser's Kingdom,overworld,SkyWorldCastleZone::checkpoint::obj1891,SkyWorldCastleZone::checkpoint::obj2134,free,,human_route,casual,false,editor,Reverse of edge_user_0392.,"1,2,3,4,5",
edge_user_0312,Bowser's Kingdom,overworld,SkyWorldCastleZone::checkpoint::obj2134,SkyWorldCastleZone::checkpoint::obj1890,free,,human_route,casual,false,editor,Reverse of edge_user_0391.,,
edge_user_0316,Bowser's Kingdom,overworld,SkyWorldCastleZone::checkpoint::obj6423,SkyWorldCastleZone::checkpoint::obj1891,free,,human_route,casual,false,editor,Reverse of edge_user_0393.,"2,3,4,5",
edge_user_0340,Bowser's Kingdom,overworld,SkyWorldHomeStage::checkpoint::obj1726,SkyWorldHomeStage::place::new_place_5,Tsukkun | (WallJump & LedgeGrab) | (Vault & NeutralThrow) | Dive,,human_route,casual;advanced;advanced;advanced,true,editor,Created in graph editor.,,
edge_user_0341,Bowser's Kingdom,overworld,SkyWorldHomeStage::place::new_place_5,SkyWorldHomeStage::checkpoint::obj1626,ElectricWire,,human_route,casual,true,editor,Created in graph editor.,,
edge_user_0342,Bowser's Kingdom,overworld,SkyWorldCastleZone::checkpoint::obj1891,SkyWorldHomeStage::place::new_place_6,JugemFishing | KingdomAccess_Bowsers | ElectricWire,,human_route,casual;expert;advanced,false,editor,The free method requires a life up heart,"2,3,4,5",
edge_user_0343,Bowser's Kingdom,overworld,SkyWorldCastleZone::checkpoint::obj6423,SkyWorldHomeStage::place::new_place_6,free,,human_route,advanced,true,editor,Created in graph editor.,"2,3,4,5",
edge_user_0344,Bowser's Kingdom,overworld,SkyWorldHomeStage::place::new_place_6,SkyWorldCastleZone::checkpoint::obj1891,free,,human_route,casual,false,editor,Reverse of edge_user_0342.,,
edge_user_0417,Bowser's Kingdom,overworld,SkyWorldHomeStage::start,SkyWorldHomeStage::place::new_place_8,KingdomAccess_Bowsers | Vault | Dive | WallJump | (Backflip & LedgeGrab) | (GroundPoundJump & LedgeGrab) | (SideFlip & LedgeGrab) | (Spin & LedgeGrab) | (TripleJump & LedgeGrab) | TripleJump | (WallJump & Dive),,human_route,casual;advanced;advanced;advanced;advanced;advanced;advanced;advanced;advanced;expert;advanced,true,editor,Created in graph editor.,"1;2,3,4,5;2,3,4,5;2,3,4,5;2,3,4,5;2,3,4,5;2,3,4,5;2,3,4,5;2,3,4,5;2,3,4,5;2,3,4",
edge_user_0418,Bowser's Kingdom,overworld,SkyWorldHomeStage::place::new_place_8,SkyWorldHomeStage::place::new_place_7,Kuribo | NeutralThrow | (KingdomAccess_Bowsers & LedgeGrab) | Backflip | Dive | GroundPoundJump | SideFlip | Spin | TripleJump | Vault | WallJump,,human_route,casual;expert;advanced;advanced;advanced;casual;casual;advanced;advanced;advanced;advanced,true,editor,Created in graph editor.,"1,2,3,4,5;2,3,4,5",
edge_user_0416,Bowser's Kingdom,overworld,SkyWorldHomeStage::place::new_place_8,SkyWorldHomeStage::checkpoint::obj1726,ElectricWire,,human_route,casual,true,editor,Created in graph editor.,,
edge_user_0419,Bowser's Kingdom,overworld,SkyWorldHomeStage::checkpoint::obj1626,SkyWorldHomeStage::checkpoint::obj2697,impossible,,human_route,expert,false,editor,Reverse of edge_user_0267.,,
edge_user_0420,Bowser's Kingdom,overworld,SkyWorldHomeStage::checkpoint::obj2697,SkyWorldHomeStage::place::new_place_9,free,,human_route,casual,false,editor,Created in graph editor.,,
edge_user_0421,Bowser's Kingdom,overworld,SkyWorldCastleZone::checkpoint::obj1888,SkyWorldHomeStage::place::new_place_9,ElectricWire,,human_route,casual,true,editor,Created in graph editor.,,
edge_user_0422,Bowser's Kingdom,overworld,SkyWorldHomeStage::place::new_place_9,SkyWorldHomeStage::checkpoint::obj2697,impossible,,human_route,casual,false,editor,Reverse of edge_user_0420.,,
edge_user_0423,Bowser's Kingdom,overworld,SkyWorldCastleZone::checkpoint::obj1392,SkyWorldHomeStage::place::new_place_10,Tsukkun | (WallJump & Dive & NeutralThrow) | (Vault & NeutralThrow & Dive) | (Vault & WallJump & NeutralThrow) | (Vault & LedgeGrab & NeutralThrow) | (WallJump & LedgeGrab) | (Dive & NeutralThrow),,human_route,casual;advanced;advanced;advanced;advanced;expert;expert,false,editor,Created in graph editor.,,
edge_user_0424,Bowser's Kingdom,overworld,SkyWorldHomeStage::place::new_place_10,SkyWorldCastleZone::checkpoint::obj1890,free,,human_route,casual,true,editor,Created in graph editor.,,
edge_user_0425,Bowser's Kingdom,overworld,SkyWorldHomeStage::place::new_place_10,SkyWorldCastleZone::checkpoint::obj1392,free,,human_route,casual,false,editor,Reverse of edge_user_0423.,,
edge_user_0426,Bowser's Kingdom,overworld,SkyWorldCastleZone::checkpoint::obj1891,SkyWorldHomeStage::place::new_place_11,ElectricWire,,human_route,casual,true,editor,Created in graph editor.,,
edge_user_0437,Bowser's Kingdom,overworld,SkyWorldCastleZone::checkpoint::obj1392,SkyWorldCastleZone::start,free,,human_route,casual,true,editor,Created in graph editor.,,
edge_user_0484,Bowser's Kingdom,overworld,SkyWorldHomeStage::place::new_place_4,SkyWorldHomeStage::place::new_place_12,Tsukkun,,human_route,casual,false,editor,Created in graph editor.,"2,3,4,5",
edge_user_0598,Bowser's Kingdom,overworld,SkyWorldHomeStage::place::new_place_12,SkyWorldHomeStage::place::new_place_4,free,,human_route,casual,false,editor,Reverse of edge_user_0484.,"1,2,3,4,5",
edge_user_0600,Bowser's Kingdom,overworld,SkyWorldHomeStage::place::new_place_12,SkyWorldHomeStage::entrance::shop_dress::home_in,free,,human_route,casual,true,editor,Created in graph editor.,"2,3,4,5",
edge_user_0601,Bowser's Kingdom,overworld,SkyWorldHomeStage::place::new_place_12,SkyWorldCastleZone::checkpoint::obj1891,Tsukkun | (Vault & WallJump & Dive & NeutralThrow),,human_route,casual;advanced,false,editor,Created in graph editor.,,
edge_user_0602,Bowser's Kingdom,overworld,SkyWorldCastleZone::checkpoint::obj1891,SkyWorldHomeStage::place::new_place_12,free,,human_route,casual,false,editor,Reverse of edge_user_0601.,,
edge_user_0603,Bowser's Kingdom,overworld,SkyWorldHomeStage::place::new_place_12,SkyWorldCastleZone::checkpoint::obj2134,KingdomAccess_Bowsers | (WallJump & NeutralThrow) | (DownThrow & WallJump),,human_route,casual;advanced;advanced,false,editor,Created in graph editor.,"2,3,4,5;1,2,3,4,5",
edge_user_0604,Bowser's Kingdom,overworld,SkyWorldCastleZone::checkpoint::obj2134,SkyWorldHomeStage::place::new_place_12,impossible,,human_route,casual,false,editor,Reverse of edge_user_0603.,,
edge_user_0605,Bowser's Kingdom,overworld,SkyWorldCastleZone::checkpoint::obj1891,SkyWorldHomeStage::place::new_place_13,(Vault & WallJump & Dive & NeutralThrow) | (Backflip & Vault & Dive & NeutralThrow) | (GroundPoundJump & Vault & Dive & NeutralThrow) | (SideFlip & Vault & Dive & NeutralThrow) | (TripleJump & Vault & Dive & NeutralThrow),,human_route,advanced,true,editor,Created in graph editor.,,
edge_user_0612,Bowser's Kingdom,overworld,SkyWorldHomeStage::place::new_place_6,SkyWorldHomeStage::place::new_place_13,free,,human_route,casual,true,editor,Created in graph editor.,"2,3,4,5",
edge_user_0236,Bowser's Kingdom,overworld,SkyWorldHomeStage::checkpoint::obj2028,SkyWorldWallZone::place::new_place,free,,human_route,casual,false,editor,Created in graph editor.,,
edge_user_0620,Bowser's Kingdom,overworld,SkyWorldWallZone::place::new_place,SkyWorldHomeStage::checkpoint::obj2028,impossible,,human_route,casual,false,editor,Reverse of edge_user_0236.,,
edge_user_0621,Bowser's Kingdom,overworld,SkyWorldHomeStage::checkpoint::obj1626,SkyWorldWallZone::place::new_place_2,free,,human_route,casual,false,editor,Created in graph editor.,,
edge_user_0622,Bowser's Kingdom,overworld,SkyWorldWallZone::place::new_place_2,SkyWorldHomeStage::checkpoint::obj1626,impossible,,human_route,casual,false,editor,Reverse of edge_user_0621.,,
edge_user_0623,Bowser's Kingdom,overworld,SkyWorldWallZone::checkpoint::obj545,SkyWorldHomeStage::place::new_place_2,free,,human_route,casual,false,editor,Created in graph editor.,,
edge_user_0624,Bowser's Kingdom,overworld,SkyWorldHomeStage::place::new_place_2,SkyWorldWallZone::checkpoint::obj545,impossible,,human_route,casual,false,editor,Reverse of edge_user_0623.,,
edge_user_0709,Bowser's Kingdom,overworld,SkyWorldHomeStage::entrance::Patakaron02::home_in,SkyWorldCastleZone::checkpoint::obj1392,free,,human_route,casual,false,editor,Reverse of edge_user_0274.,"1,2,3,4,5",
edge_user_0710,Bowser's Kingdom,overworld,SkyWorldHomeStage::entrance::tukkun001_enter::home_in,SkyWorldCastleZone::checkpoint::obj1392,free,,human_route,casual,false,editor,Reverse of edge_user_0388.,"1,2,3,4,5",
edge_user_0728,Bowser's Kingdom,overworld,SkyWorldHomeStage::entrance::sora001::home_in,SkyWorldHomeStage::place::new_place_4,free,,human_route,casual,false,editor,Reverse of edge_user_0306.,,
edge_user_0729,Bowser's Kingdom,overworld,SkyWorldHomeStage::entrance::sora001::home_in,SkyWorldCastleZone::checkpoint::obj1890,free,,human_route,casual,false,editor,Created in graph editor.,,
edge_user_0730,Bowser's Kingdom,overworld,SkyWorldCastleZone::checkpoint::obj1890,SkyWorldHomeStage::entrance::sora001::home_in,impossible,,human_route,casual,false,editor,Reverse of edge_user_0729.,,
edge_user_0086,Cap Kingdom,subarea,PoisonWaveExStage::entrance::PoisonWaveExEnt::sub_near,PoisonWaveExStage::entrance::PoisonWaveExExit::sub_far,KuriboWing,,human_route,casual,true,editor,Created in graph editor.,,
edge_user_0087,Cap Kingdom,subarea,RollingExStage::entrance::rollingstart::sub_near,RollingExStage::entrance::rollinggoal::sub_far,free,,human_route,casual,false,editor,Created in graph editor.,,
edge_user_0088,Cap Kingdom,subarea,RollingExStage::entrance::rollinggoal::sub_far,RollingExStage::entrance::rollingstart::sub_near,impossible,,human_route,casual,false,editor,Reverse of edge_user_0087.,,
edge_user_0089,Cap Kingdom,subarea,PushBlockExStage::entrance::PushBlockExStageEnt::sub_near,PushBlockExStage::entrance::PushBlockExStageEntDokan::sub_far,ElectricWire,,human_route,casual,false,editor,Created in graph editor.,,
edge_user_0090,Cap Kingdom,subarea,PushBlockExStage::entrance::PushBlockExStageEntDokan::sub_far,PushBlockExStage::entrance::PushBlockExStageEnt::sub_near,ElectricWire | SingleJump,,human_route,casual;advanced,false,editor,Reverse of edge_user_0089.,,
edge_user_0091,Cap Kingdom,overworld,CapWorldHomeStage::checkpoint::obj2497,CapWorldHomeStage::entrance::rollingstart::home_in,free,,human_route,casual,true,editor,Created in graph editor.,,
edge_user_0092,Cap Kingdom,overworld,CapWorldHomeStage::checkpoint::obj2497,CapWorldHomeStage::entrance::FrogSearchExStageEnt::home_in,free,,human_route,casual,true,editor,Created in graph editor.,,
edge_user_0111,Cap Kingdom,overworld,CapWorldHomeStage::checkpoint::obj381,CapWorldHomeStage::entrance::PoisonWaveExEnt::home_in,free,,human_route,casual,false,editor,Created in graph editor.,,
edge_user_0112,Cap Kingdom,overworld,CapWorldHomeStage::checkpoint::obj381,CapWorldHomeStage::entrance::PushBlockExStageEnt::home_in,free,,human_route,casual,true,editor,Created in graph editor.,,
edge_user_0113,Cap Kingdom,overworld,CapWorldHomeStage::checkpoint::obj381,CapWorldHomeStage::entrance::PushBlockExStageEntDokan::home_out,impossible,,human_route,casual,false,editor,Created in graph editor.,,
edge_user_0114,Cap Kingdom,overworld,CapWorldHomeStage::entrance::PushBlockExStageEntDokan::home_out,CapWorldHomeStage::checkpoint::obj381,free,,human_route,casual,false,editor,Reverse of edge_user_0113.,,
edge_user_0115,Cap Kingdom,overworld,CapWorldHomeStage::checkpoint::obj381,CapWorldHomeStage::place::new_place,Dive,,human_route,advanced,false,editor,Created in graph editor.,,
edge_user_0116,Cap Kingdom,overworld,CapWorldHomeStage::checkpoint::obj2497,CapWorldHomeStage::place::new_place,KuriboWing | Frog,,human_route,casual;glitched,false,editor,Created in graph editor.,,
edge_user_0117,Cap Kingdom,overworld,CapWorldHomeStage::start,CapWorldHomeStage::checkpoint::obj2497,free,,human_route,casual,true,editor,Created in graph editor.,,
edge_user_0118,Cap Kingdom,overworld,CapWorldHomeStage::checkpoint::obj2497,CapWorldHomeStage::place::new_place_2,KuriboWing | (Dive & Vault) | Frog,,human_route,casual;advanced;glitched,true,editor,Created in graph editor.,,
edge_user_0119,Cap Kingdom,overworld,CapWorldHomeStage::checkpoint::obj381,CapWorldHomeStage::place::new_place_2,(Dive & Vault),,human_route,advanced,true,editor,Created in graph editor.,,
edge_user_0120,Cap Kingdom,overworld,CapWorldHomeStage::checkpoint::obj2497,CapWorldHomeStage::checkpoint::obj381,Frog | (GroundPoundJump & Vault & WallJump & Dive & NeutralThrow) | (TripleJump & WallJump & Vault & Dive & NeutralThrow) | (Vault & Dive & WallJump & NeutralThrow & Backflip) | (NeutralThrow & Dive & Vault & WallJump & SideFlip) | (NeutralThrow & Dive & Vault & WallJump),,human_route,casual;advanced;advanced;expert;expert;expert,false,editor,Created in graph editor.,,
edge_user_0121,Cap Kingdom,overworld,CapWorldHomeStage::checkpoint::obj381,CapWorldHomeStage::checkpoint::obj2497,free,,human_route,casual,false,editor,Reverse of edge_user_0120.,,
edge_user_0122,Cap Kingdom,overworld,CapWorldHomeStage::checkpoint::obj2497,CapWorldHomeStage::event::MoonRockActive_Cap,KuriboWing | (LongJump & Dive & Vault & NeutralThrow) | (TripleJump & Vault & Dive & NeutralThrow) | Frog,,human_route,casual;advanced;advanced;glitched,true,editor,Created in graph editor.,"2,3,4,5,6",
edge_fix_cap_tower_lower_door,Cap Kingdom,overworld,CapWorldHomeStage::checkpoint::obj2497,CapWorldHomeStage::entrance::Ex::home_in,free,,human_route,casual,true,editor,Connect the Central Plaza to the lower Top-Hat Tower entrance.,,
edge_fix_cap_tower_ascent,Cap Kingdom,subarea,CapWorldTowerStage::entrance::Ex::sub_near,CapWorldTowerStage::entrance::Goal::sub_far,Frog | (GroundPoundJump & Vault & WallJump & Dive & NeutralThrow) | (TripleJump & WallJump & Vault & Dive & NeutralThrow) | (Backflip & Vault & Dive & WallJump & NeutralThrow),,human_route,casual;advanced;advanced;advanced,false,editor,Climb the inside of Top-Hat Tower.,,
edge_fix_cap_tower_descent,Cap Kingdom,subarea,CapWorldTowerStage::entrance::Goal::sub_far,CapWorldTowerStage::entrance::Ex::sub_near,free,,human_route,casual,false,editor,Drop back down through Top-Hat Tower.,,
edge_fix_cap_tower_upper_door,Cap Kingdom,overworld,CapWorldHomeStage::entrance::Goal::home_out,CapWorldHomeStage::checkpoint::obj381,free,,human_route,casual,true,editor,Connect the upper Top-Hat Tower exit to its checkpoint.,,
edge_user_0093,Cap Kingdom,overworld,CapWorldHomeStage::checkpoint::obj2497,CapWorldHomeStage::entrance::rollinggoal::home_out,impossible,,human_route,casual,false,editor,Created in graph editor.,,
edge_user_0094,Cap Kingdom,overworld,CapWorldHomeStage::entrance::rollinggoal::home_out,CapWorldHomeStage::checkpoint::obj2497,free,,human_route,casual,false,editor,Reverse of edge_user_0093.,,
edge_user_0728,Cap Kingdom,overworld,CapWorldHomeStage::checkpoint::obj2497,CapWorldHomeStage::entrance::PoisonWaveExEnt::home_in,KuriboWing,,human_route,casual,true,editor,Created in graph editor.,,
edge_user_0729,Cap Kingdom,overworld,CapWorldHomeStage::entrance::PoisonWaveExEnt::home_in,CapWorldHomeStage::checkpoint::obj381,impossible,,human_route,casual,false,editor,Reverse of edge_user_0111.,,
edge_user_0730,Cap Kingdom,overworld,CapWorldHomeStage::place::new_place,CapWorldHomeStage::checkpoint::obj2497,impossible,,human_route,casual,false,editor,Reverse of edge_user_0116.,,
edge_user_0731,Cap Kingdom,overworld,CapWorldHomeStage::place::new_place,CapWorldHomeStage::checkpoint::obj381,impossible,,human_route,casual,false,editor,Reverse of edge_user_0115.,,
edge_user_0732,Cap Kingdom,subarea,CapWorldTowerStage::start,CapWorldTowerStage::place::new_place_2,free,,human_route,casual,true,editor,Created in graph editor.,,
edge_user_0733,Cap Kingdom,subarea,CapWorldTowerStage::place::new_place_2,CapWorldTowerStage::place::new_place,Frog | (GroundPoundJump & Vault & WallJump & Dive & NeutralThrow) | (TripleJump & WallJump & Vault & Dive & NeutralThrow) | (Backflip & Vault & Dive & WallJump & NeutralThrow) | (SideFlip & Vault & Dive & WallJump & NeutralThrow) | (Vault & Dive & WallJump & NeutralThrow),,human_route,casual;advanced;advanced;expert;expert;expert,false,editor,Created in graph editor.,,
edge_user_0734,Cap Kingdom,subarea,CapWorldTowerStage::place::new_place,CapWorldTowerStage::place::new_place_2,free,,human_route,casual,false,editor,Reverse of edge_user_0733.,,
edge_user_0005,Cascade Kingdom,subarea,Lift2DExStage::entrance::Lift2D::sub_near,Lift2DExStage::entrance::Lift2DExit::sub_far,free,,human_route,casual,true,editor,Created in graph editor.,,
edge_user_0006,Cascade Kingdom,subarea,WindBlowExStage::entrance::WindBlowExStart::sub_near,WindBlowExStage::entrance::WindBlowExGoal::sub_far,free,,human_route,casual,false,editor,Created in graph editor.,,
edge_user_0007,Cascade Kingdom,subarea,WindBlowExStage::entrance::WindBlowExGoal::sub_far,WindBlowExStage::entrance::WindBlowExStart::sub_near,impossible,,human_route,casual,false,editor,Reverse of edge_user_0006.,,
edge_user_0008,Cascade Kingdom,subarea,CapAppearExStage::entrance::CapAppearExEnt::sub_near,CapAppearExStage::entrance::CapAppearExExit::sub_far,free,,human_route,casual,true,editor,Created in graph editor.,,
edge_user_0009,Cascade Kingdom,subarea,WanwanClashExStage::entrance::WanwanExStart::sub_near,WanwanClashExStage::entrance::WanwanExGoal::sub_far,Wanwan,,human_route,casual,false,editor,Created in graph editor.,,
edge_user_0010,Cascade Kingdom,subarea,WanwanClashExStage::entrance::WanwanExGoal::sub_far,WanwanClashExStage::entrance::WanwanExStart::sub_near,impossible,,human_route,casual,false,editor,Reverse of edge_user_0009.,,
edge_user_0123,Cascade Kingdom,overworld,WaterfallWorldHomeStage::start,WaterfallWorldHomeStage::checkpoint::obj597,free,,human_route,casual,true,editor,Created in graph editor.,1,
edge_user_0125,Cascade Kingdom,overworld,WaterfallWorldHomeStage::checkpoint::obj1724,WaterfallWorldHomeStage::checkpoint::obj601,WanwanBig | (TripleJump & Dive & WallJump & Backflip) | (Backflip & Vault & Dive & WallJump & NeutralThrow) | (SideFlip & Vault & Dive & WallJump & NeutralThrow) | (TripleJump & Vault & Dive & WallJump & NeutralThrow) | (GroundPoundJump & Vault & Dive & WallJump & NeutralThrow) | TRex,,human_route,casual;expert;advanced;advanced;advanced;advanced;casual,true,editor,Created in graph editor.,,
edge_user_0170,Cascade Kingdom,overworld,WaterfallWorldHomeStage::checkpoint::obj1724,WaterfallWorldHomeStage::entrance::Lift2D::home_in,free,,human_route,casual,false,editor,Created in graph editor.,"2,3,4,5",
edge_user_0171,Cascade Kingdom,overworld,WaterfallWorldHomeStage::entrance::Lift2DExit::home_out,WaterfallWorldHomeStage::checkpoint::obj1724,free,,human_route,casual,false,editor,Created in graph editor.,,
edge_user_0172,Cascade Kingdom,overworld,WaterfallWorldHomeStage::checkpoint::obj1724,WaterfallWorldHomeStage::entrance::Lift2DExit::home_out,impossible,,human_route,casual,false,editor,Reverse of edge_user_0171.,,
edge_user_0173,Cascade Kingdom,overworld,WaterfallWorldHomeStage::checkpoint::obj1724,WaterfallWorldHomeStage::entrance::WanwanExStart::home_in,free,,human_route,casual,false,editor,Created in graph editor.,"4,5,3,2",
edge_user_0174,Cascade Kingdom,overworld,WaterfallWorldHomeStage::entrance::WanwanExGoal::home_out,WaterfallWorldHomeStage::checkpoint::obj1724,free,,human_route,casual,false,editor,Created in graph editor.,,
edge_user_0175,Cascade Kingdom,overworld,WaterfallWorldHomeStage::checkpoint::obj1724,WaterfallWorldHomeStage::entrance::WanwanExGoal::home_out,impossible,,human_route,casual,false,editor,Reverse of edge_user_0174.,,
edge_user_0176,Cascade Kingdom,overworld,WaterfallWorldHomeStage::checkpoint::obj1724,WaterfallWorldHomeStage::checkpoint::obj3139,free,,human_route,casual,false,editor,Created in graph editor.,"2,3,4,5,6,7",
edge_user_0177,Cascade Kingdom,overworld,WaterfallWorldHomeStage::checkpoint::obj2832,WaterfallWorldHomeStage::checkpoint::obj1724,free,,human_route,casual,false,editor,Created in graph editor.,,
edge_user_0178,Cascade Kingdom,overworld,WaterfallWorldHomeStage::checkpoint::obj1724,WaterfallWorldHomeStage::checkpoint::obj2832,impossible,,human_route,casual,false,editor,Reverse of edge_user_0177.,,
edge_user_0181,Cascade Kingdom,overworld,WaterfallWorldHomeStage::checkpoint::obj2832,WaterfallWorldHomeStage::checkpoint::obj3139,free,,human_route,casual,false,editor,Created in graph editor.,,
edge_user_0182,Cascade Kingdom,overworld,WaterfallWorldHomeStage::checkpoint::obj3139,WaterfallWorldHomeStage::checkpoint::obj2832,impossible,,human_route,casual,false,editor,Reverse of edge_user_0181.,,
edge_user_0183,Cascade Kingdom,overworld,WaterfallWorldHomeStage::checkpoint::obj3139,WaterfallWorldHomeStage::checkpoint::obj1724,free,,human_route,casual,false,editor,Reverse of edge_user_0176.,"1,2,3,4,5,6,7",
edge_user_0187,Cascade Kingdom,overworld,WaterfallWorldHomeStage::start,WaterfallWorldHomeStage::checkpoint::obj1724,free,,human_route,casual,true,editor,Created in graph editor.,"2,3,4,5,6,7",
edge_user_0208,Cascade Kingdom,overworld,WaterfallWorldHomeStage::checkpoint::obj3139,WaterfallWorldHomeStage::entrance::RexPoppunEx::home_in,free,,human_route,casual,true,editor,Created in graph editor.,"2,3,4,5",
edge_user_0209,Cascade Kingdom,overworld,WaterfallWorldHomeStage::checkpoint::obj1724,WaterfallWorldHomeStage::entrance::WindBlowExStart::home_in,free,,human_route,casual,false,editor,Created in graph editor.,"4,5",
edge_user_0004,Cascade Kingdom,overworld,WaterfallWorldHomeStage::checkpoint::obj1724,WaterfallWorldHomeStage::entrance::WindBlowExGoal::home_out,impossible,,human_route,casual,false,editor,Created in graph editor.,,
edge_user_0210,Cascade Kingdom,overworld,WaterfallWorldHomeStage::entrance::WindBlowExGoal::home_out,WaterfallWorldHomeStage::checkpoint::obj1724,free,,human_route,casual,false,editor,Reverse of edge_user_0004.,,
edge_user_0002,Cascade Kingdom,overworld,WaterfallWorldHomeStage::checkpoint::obj1724,WaterfallWorldHomeStage::entrance::CapAppearExEnt::home_in,free,,human_route,casual,false,editor,Created in graph editor.,"4,5",
edge_user_0001,Cascade Kingdom,overworld,WaterfallWorldHomeStage::checkpoint::obj1724,WaterfallWorldHomeStage::entrance::CapAppearExExit::home_out,impossible,,human_route,casual,false,editor,Created in graph editor.,,
edge_user_0211,Cascade Kingdom,overworld,WaterfallWorldHomeStage::entrance::CapAppearExExit::home_out,WaterfallWorldHomeStage::checkpoint::obj1724,free,,human_route,casual,false,editor,Reverse of edge_user_0001.,"4,5",
edge_user_0003,Cascade Kingdom,overworld,WaterfallWorldHomeStage::checkpoint::obj601,WaterfallWorldHomeStage::event::MoonRockActive_Cascade,free,,human_route,casual,true,editor,Created in graph editor.,"3,4,5",
edge_user_0011,Cascade Kingdom,overworld,WaterfallWorldHomeStage::checkpoint::obj1724,WaterfallWorldHomeStage::stage_change::Go::raw,free,,human_route,casual,true,editor,Created in graph editor.,"1,2,3,4,5",
edge_user_0012,Cascade Kingdom,overworld,WaterfallWorldHomeStage::stage_change::Come::raw,WaterfallWorldHomeStage::checkpoint::obj2832,free,,human_route,casual,true,editor,Created in graph editor.,,
edge_user_0313,Cascade Kingdom,overworld,WaterfallWorldHomeStage::checkpoint::obj597,WaterfallWorldHomeStage::place::new_place,Wanwan | SingleJump,,human_route,casual;glitched,true,editor,Created in graph editor.,1,
edge_user_0124,Cascade Kingdom,overworld,WaterfallWorldHomeStage::checkpoint::obj1724,WaterfallWorldHomeStage::place::new_place,Wanwan | TRex,,human_route,casual;advanced,false,editor,Created in graph editor.,,
edge_user_0314,Cascade Kingdom,overworld,WaterfallWorldHomeStage::place::new_place,WaterfallWorldHomeStage::checkpoint::obj1724,free,,human_route,casual,false,editor,Reverse of edge_user_0124.,,
edge_user_0722,Cascade Kingdom,overworld,WaterfallWorldHomeStage::entrance::Lift2D::home_in,WaterfallWorldHomeStage::checkpoint::obj1724,free,,human_route,casual,false,editor,Reverse of edge_user_0170.,"1,2,3,4,5",
edge_user_0723,Cascade Kingdom,overworld,WaterfallWorldHomeStage::entrance::WanwanExStart::home_in,WaterfallWorldHomeStage::checkpoint::obj1724,free,,human_route,casual,false,editor,Reverse of edge_user_0173.,"1,2,3,4,5",
edge_user_0724,Cascade Kingdom,overworld,WaterfallWorldHomeStage::entrance::CapAppearExEnt::home_in,WaterfallWorldHomeStage::checkpoint::obj1724,free,,human_route,casual,false,editor,Reverse of edge_user_0002.,"1,2,3,4,5",
edge_user_0725,Cascade Kingdom,overworld,WaterfallWorldHomeStage::entrance::WindBlowExStart::home_in,WaterfallWorldHomeStage::checkpoint::obj1724,free,,human_route,casual,false,editor,Reverse of edge_user_0209.,"1,2,3,4,5",
edge_user_0732,Cascade Kingdom,overworld,WaterfallWorldHomeStage::start,WaterfallWorldHomeStage::place::new_place,free,,human_route,casual,true,editor,Created in graph editor.,"2,3,4",
edge_user_0108,Cloud Kingdom,overworld,CloudWorldHomeStage::start,CloudWorldHomeStage::event::MoonRockActive_Cloud,free,,human_route,casual,true,editor,Created in graph editor.,,
edge_user_0110,Cloud Kingdom,overworld,CloudWorldHomeStage::start,CloudWorldHomeStage::entrance::Fukuwarai::home_in,free,,human_route,casual,true,editor,Created in graph editor.,,
edge_user_0109,Cloud Kingdom,overworld,CloudWorldHomeStage::start,CloudWorldHomeStage::entrance::cube::home_in,free,,human_route,casual,true,editor,Created in graph editor.,,
edge_user_0413,Cloud Kingdom,subarea,Cube2DExStage::entrance::cube::sub_near,Cube2DExStage::entrance::cube::sub_far,free,,human_route,casual,true,editor,Created in graph editor.,,
edge_user_0414,Cloud Kingdom,subarea,FukuwaraiKuriboStage::entrance::Fukuwarai::sub_near,FukuwaraiKuriboStage::entrance::Fukuwarai::sub_far,free,,human_route,casual,true,editor,Created in graph editor.,,
edge_user_0103,Dark Side,subarea,SenobiTowerYoshiExStage::entrance::SeaWorldEX3a::sub_near,SenobiTowerYoshiExStage::place::new_place,free,,human_route,casual,true,editor,Created in graph editor.,,
edge_user_0104,Dark Side,subarea,SenobiTowerYoshiExStage::place::new_place,SenobiTowerYoshiExStage::entrance::SeaWorldEX3b::sub_far,Yoshi | (WallJump & Dive & NeutralThrow) | (WallJump & Dive & UpThrow) | (Vault & Dive & NeutralThrow) | (Backflip & WallJump & LedgeGrab),,human_route,casual;advanced;advanced;advanced;advanced,false,editor,Created in graph editor.,,
edge_user_0105,Dark Side,subarea,SenobiTowerYoshiExStage::entrance::SeaWorldEX3b::sub_far,SenobiTowerYoshiExStage::place::new_place,Vault,,human_route,casual,false,editor,Reverse of edge_user_0104.,,
edge_user_0102,Dark Side,subarea,ShootingCityYoshiExStage::entrance::taxi::sub_near,ShootingCityYoshiExStage::entrance::taxireturn::sub_far,free,,human_route,casual,true,editor,Created in graph editor.,,
edge_user_0377,Dark Side,overworld,Special1WorldHomeStage::start,Special1WorldHomeStage::place::new_place,ElectricWire,,human_route,casual,true,editor,Created in graph editor.,,
edge_user_0415,Dark Side,overworld,Special1WorldHomeStage::place::new_place,Special1WorldHomeStage::entrance::LavaWorldUpDownYoshiEx::home_in,free,,human_route,casual,true,editor,Created in graph editor.,,
edge_user_0416,Dark Side,overworld,Special1WorldHomeStage::place::new_place,Special1WorldHomeStage::entrance::PackunPoisonNoCapEx::home_in,free,,human_route,casual,true,editor,Created in graph editor.,,
edge_user_0417,Dark Side,overworld,Special1WorldHomeStage::place::new_place,Special1WorldHomeStage::entrance::ShootingCityYoshiEx::home_in,free,,human_route,casual,true,editor,Created in graph editor.,,
edge_user_0418,Dark Side,overworld,Special1WorldHomeStage::place::new_place,Special1WorldHomeStage::entrance::SenobiTowerYoshiEx::home_in,free,,human_route,casual,true,editor,Created in graph editor.,,
edge_user_0419,Dark Side,overworld,Special1WorldHomeStage::place::new_place,Special1WorldHomeStage::entrance::BikeSteelNoCapEx::home_in,free,,human_route,casual,true,editor,Created in graph editor.,,
edge_user_0420,Dark Side,overworld,Special1WorldHomeStage::start,Special1WorldHomeStage::entrance::KillerRoadNoCapEx::home_in,free,,human_route,casual,true,editor,Created in graph editor.,,
edge_user_0421,Dark Side,overworld,Special1WorldHomeStage::place::new_place,Special1WorldHomeStage::entrance::StackerRoomStart::home_in,ElectricWire,,human_route,casual,true,editor,Created in graph editor.,,
edge_user_0422,Dark Side,overworld,Special1WorldHomeStage::entrance::StackerRoomStart::home_in,Special1WorldHomeStage::entrance::BombTailRoomStart::home_in,free,,human_route,casual,true,editor,Created in graph editor.,,
edge_user_0423,Dark Side,overworld,Special1WorldHomeStage::entrance::BombTailRoomStart::home_in,Special1WorldHomeStage::entrance::FireBlowerRoomStart::home_in,free,,human_route,casual,true,editor,Created in graph editor.,,
edge_user_0424,Dark Side,overworld,Special1WorldHomeStage::entrance::CapThrowerRoomStart::home_in,Special1WorldHomeStage::entrance::FireBlowerRoomStart::home_in,free,,human_route,casual,true,editor,Created in graph editor.,,
edge_user_0425,Dark Side,subarea,KillerRoadNoCapExStage::entrance::KillerRoadNoCapEx::sub_near,KillerRoadNoCapExStage::entrance::KillerRoadNoCapEx::sub_far,free,,human_route,casual,true,editor,Created in graph editor.,,
edge_user_0426,Dark Side,subarea,PackunPoisonNoCapExStage::entrance::PackunPoisonNoCapEx::sub_near,PackunPoisonNoCapExStage::entrance::PackunPoisonNoCapEx_Exit::sub_far,free,,human_route,casual,true,editor,Created in graph editor.,,
edge_user_0427,Dark Side,subarea,Special1WorldTowerBombTailStage::entrance::BombTailRoomGoal::sub_far,Special1WorldTowerBombTailStage::entrance::BombTailRoomStart::sub_near,free,,human_route,casual,true,editor,Created in graph editor.,,
edge_user_0428,Dark Side,subarea,Special1WorldTowerCapThrowerStage::entrance::CapThrowerRoomStart::sub_near,Special1WorldTowerCapThrowerStage::entrance::CapThrowerRoomGoal::sub_far,free,,human_route,casual,true,editor,Created in graph editor.,,
edge_user_0429,Dark Side,subarea,Special1WorldTowerFireBlowerStage::entrance::FireBlowerRoomStart::sub_near,Special1WorldTowerFireBlowerStage::entrance::FireBlowerRoomGoal::sub_far,free,,human_route,casual,true,editor,Created in graph editor.,,
edge_user_0430,Dark Side,subarea,Special1WorldTowerStackerStage::entrance::StackerRoomGoal::sub_far,Special1WorldTowerStackerStage::entrance::StackerRoomStart::sub_near,free,,human_route,casual,true,editor,Created in graph editor.,,
edge_user_0431,Dark Side,subarea,BikeSteelNoCapExStage::entrance::BikeSteelNoCapEx::sub_near,BikeSteelNoCapExStage::entrance::BikeSteelNoCapEx_Exit::sub_far,(LongJump & RollBoost) | RollBoost | LongJump,,human_route,casual;advanced;advanced,true,editor,Created in graph editor.,,
edge_user_0432,Dark Side,subarea,SenobiTowerYoshiExStage::entrance::SenobiTowerYoshiEx::sub_near,SenobiTowerYoshiExStage::place::new_place,free,,human_route,casual,true,editor,Created in graph editor.,,
edge_user_0433,Dark Side,subarea,SenobiTowerYoshiExStage::place::new_place,SenobiTowerYoshiExStage::entrance::SenobiTowerYoshiEx_Exit::sub_far,Yoshi,,human_route,casual,true,editor,Created in graph editor.,,
edge_user_0434,Dark Side,subarea,ShootingCityYoshiExStage::entrance::ShootingCityYoshiEx::sub_near,ShootingCityYoshiExStage::entrance::taxireturn::sub_far,free,,human_route,casual,true,editor,Created in graph editor.,,
edge_user_0435,Dark Side,subarea,ShootingCityYoshiExStage::entrance::ShootingCityYoshiEx_Exit::sub_far,ShootingCityYoshiExStage::entrance::ShootingCityYoshiEx::sub_near,free,,human_route,casual,true,editor,Created in graph editor.,,
edge_user_0436,Dark Side,subarea,LavaWorldUpDownYoshiExStage::entrance::LavaWorldUpDownYoshiEx::sub_near,LavaWorldUpDownYoshiExStage::entrance::LavaWorldUpDownYoshiEx_Exit::sub_far,free,,human_route,casual,true,editor,Created in graph editor.,,
edge_user_0437,Darker Side,overworld,Special2WorldHomeStage::start,Special2WorldHomeStage::entrance::CP_Entrance::home_in,free,,human_route,casual,true,editor,Created in graph editor.,,
edge_user_0438,Darker Side,subarea,Special2WorldKoopaStage::start,Special2WorldKoopaStage::entrance::room3_goal::home_in,free,,human_route,casual,true,editor,Created in graph editor.,,
edge_user_0439,Darker Side,subarea,Special2WorldCloudStage::entrance::room2_start::home_in,Special2WorldCloudStage::start,free,,human_route,casual,true,editor,Created in graph editor.,,
edge_user_0440,Darker Side,subarea,Special2WorldLavaStage::entrance::room2_start::sub_near,Special2WorldLavaStage::entrance::room3_start::sub_near,free,,human_route,casual,true,editor,Created in graph editor.,,
edge_user_0441,Darker Side,subarea,Special2WorldLavaStage::entrance::room3_start::sub_near,Special2WorldLavaStage::entrance::room2_start::sub_far,free,,human_route,casual,true,editor,Created in graph editor.,,
edge_user_0442,Darker Side,subarea,Special2WorldLavaStage::entrance::room2_start::sub_far,Special2WorldLavaStage::entrance::room3_start::sub_far,free,,human_route,casual,true,editor,Created in graph editor.,,
edge_user_0443,Darker Side,subarea,Special2WorldLavaStage::entrance::room3_start::sub_far,Special2WorldLavaStage::entrance::MoonGoal::sub_far,free,,human_route,casual,true,editor,Created in graph editor.,,
edge_user_0444,Darker Side,subarea,Special2WorldLavaStage::entrance::MoonGoal::sub_far,Special2WorldLavaStage::entrance::CP_Entrance::sub_near,free,,human_route,casual,true,editor,Created in graph editor.,,
edge_user_0371,Darker Side,subarea,Special2WorldKoopaStage::entrance::room3_goal::home_in,Special2WorldKoopaStage::entrance::room3_goal::sub_far,free,,human_route,casual,true,editor,Created in graph editor.,,
edge_user_0387,Darker Side,subarea,Special2WorldKoopaStage::entrance::room3_goal::sub_far,Special2WorldKoopaStage::entrance::room3_goal::sub_near,free,,human_route,casual,true,editor,Created in graph editor.,,
edge_user_0389,Darker Side,subarea,Special2WorldCloudStage::entrance::room2_start::home_in,Special2WorldCloudStage::entrance::room2_start::sub_near,free,,human_route,casual,true,editor,Created in graph editor.,,
edge_user_0390,Darker Side,subarea,Special2WorldCloudStage::entrance::room2_start::sub_near,Special2WorldCloudStage::entrance::room2_start::sub_far,free,,human_route,casual,true,editor,Created in graph editor.,,
edge_user_0397,Darker Side,subarea,Special2WorldLavaStage::entrance::room2_start::home_in,Special2WorldLavaStage::entrance::room3_start::home_in,free,,human_route,casual,true,editor,Created in graph editor.,,
edge_user_0398,Darker Side,subarea,Special2WorldLavaStage::entrance::room2_start::home_in,Special2WorldLavaStage::entrance::room2_start::sub_near,free,,human_route,casual,true,editor,Created in graph editor.,,
edge_user_0026,Lake Kingdom,subarea,TrampolineWallCatchExStage::entrance::CapTrampolineA::sub_near,TrampolineWallCatchExStage::entrance::CapTrampolineB::sub_far,LedgeGrab | (LongJump & Dive & Vault & WallJump) | (TripleJump & Dive & Vault) | (DoubleJump & Dive & Vault & WallJump & NeutralThrow),,human_route,casual;advanced;advanced;advanced,false,editor,Created in graph editor.,,
edge_user_0027,Lake Kingdom,subarea,TrampolineWallCatchExStage::entrance::CapTrampolineB::sub_far,TrampolineWallCatchExStage::entrance::CapTrampolineA::sub_near,impossible,,human_route,casual,false,editor,Reverse of edge_user_0026.,,
edge_user_0028,Lake Kingdom,subarea,FrogPoisonExStage::entrance::LakeWorldMoonEX1a::sub_near,FrogPoisonExStage::entrance::LakeWorldMoonEX1b::sub_far,(NeutralThrow & Vault & Dive) | (WallJump & Dive) | Frog,,human_route,advanced;advanced;casual,false,editor,Created in graph editor.,,
edge_user_0029,Lake Kingdom,subarea,FrogPoisonExStage::entrance::LakeWorldMoonEX1b::sub_far,FrogPoisonExStage::entrance::LakeWorldMoonEX1a::sub_near,Dive | WallJump | (Spin & WanwanBig) | Vault | TripleJump | Frog,,human_route,advanced;advanced;advanced;advanced;advanced;casual,false,editor,Reverse of edge_user_0028.,,
edge_user_0137,Lake Kingdom,overworld,LakeWorldTownZone::start,LakeWorldTownZone::checkpoint::obj839,free,,human_route,casual,true,editor,Created in graph editor.,,
edge_user_0138,Lake Kingdom,overworld,LakeWorldTownZone::checkpoint::obj839,LakeWorldTownZone::checkpoint::obj583,free,,human_route,casual,true,editor,Created in graph editor.,,
edge_user_0139,Lake Kingdom,overworld,LakeWorldTownZone::checkpoint::obj839,LakeWorldTownZone::checkpoint::obj693,free,,human_route,casual,true,editor,Created in graph editor.,,
edge_user_0140,Lake Kingdom,overworld,LakeWorldTownZone::checkpoint::obj693,LakeWorldTownZone::checkpoint::obj1389,free,,human_route,casual,true,editor,Created in graph editor.,,
edge_user_0142,Lake Kingdom,overworld,LakeWorldTownZone::checkpoint::obj1323,LakeWorldTownZone::checkpoint::obj839,free,,human_route,casual,false,editor,Created in graph editor.,,
edge_user_0143,Lake Kingdom,overworld,LakeWorldTownZone::checkpoint::obj839,LakeWorldTownZone::checkpoint::obj1323,impossible,,human_route,casual,false,editor,Reverse of edge_user_0142.,,
edge_user_0254,Lake Kingdom,overworld,LakeWorldHomeStage::start,LakeWorldHomeStage::place::new_place,(Vault & Dive & NeutralThrow) | (TripleJump & WallJump & Dive) | Fastener,,human_route,advanced;advanced;casual,true,editor,Created in graph editor.,,
edge_user_0255,Lake Kingdom,overworld,LakeWorldHomeStage::start,LakeWorldHomeStage::event::MoonRockActive_Lake,free,,human_route,casual,true,editor,Created in graph editor.,,
edge_user_0256,Lake Kingdom,overworld,LakeWorldTownZone::checkpoint::obj693,LakeWorldTownZone::checkpoint::obj220,free,,human_route,casual,true,editor,Created in graph editor.,,
edge_user_0141,Lake Kingdom,overworld,LakeWorldHomeStage::start,LakeWorldHomeStage::entrance::LakeWorldMoonEX1a::home_in,free,,human_route,casual,true,editor,Created in graph editor.,,
edge_user_0257,Lake Kingdom,overworld,LakeWorldHomeStage::start,LakeWorldHomeStage::entrance::LakeWorldMoonEX1b::home_out,impossible,,human_route,casual,false,editor,Created in graph editor.,,
edge_user_0258,Lake Kingdom,overworld,LakeWorldHomeStage::entrance::LakeWorldMoonEX1b::home_out,LakeWorldHomeStage::start,free,,human_route,casual,false,editor,Reverse of edge_user_0257.,,
edge_user_0259,Lake Kingdom,overworld,LakeWorldHomeStage::place::new_place,LakeWorldHomeStage::entrance::LakeWorldShop::home_in,free,,human_route,casual,true,editor,Created in graph editor.,,
edge_user_0260,Lake Kingdom,overworld,LakeWorldHomeStage::place::new_place,LakeWorldHomeStage::entrance::Goton::home_in,free,,human_route,casual,true,editor,Created in graph editor.,"2,3,4,5",
edge_user_0261,Lake Kingdom,overworld,LakeWorldHomeStage::place::new_place,LakeWorldHomeStage::entrance::CapTrampolineA::home_in,free,,human_route,casual,true,editor,Created in graph editor.,,
edge_user_0264,Lake Kingdom,overworld,LakeWorldHomeStage::place::new_place,LakeWorldHomeStage::entrance::CapTrampolineB::home_out,free,,human_route,casual,false,editor,Created in graph editor.,,
edge_user_0262,Lake Kingdom,overworld,LakeWorldHomeStage::place::new_place,LakeWorldHomeStage::entrance::FastenerEx::home_in,Fastener,,human_route,casual,true,editor,Created in graph editor.,,
edge_user_0263,Lake Kingdom,overworld,LakeWorldHomeStage::entrance::CapTrampolineB::home_out,LakeWorldHomeStage::place::new_place,impossible,,human_route,casual,false,editor,Reverse of edge_user_0264.,,
edge_user_0030,Lake Kingdom,overworld,LakeWorldTownZone::checkpoint::obj583,LakeWorldTownZone::stage_change::Go::raw,free,,human_route,casual,true,editor,Created in graph editor.,,
edge_user_0368,Lake Kingdom,overworld,LakeWorldHomeStage::place::new_place,LakeWorldTownZone::start,free,,human_route,casual,true,editor,Created in graph editor.,,
edge_user_0369,Lake Kingdom,overworld,LakeWorldTownZone::start,LakeWorld2DZone::start,free,,human_route,casual,true,editor,Created in graph editor.,,
edge_user_0370,Lake Kingdom,overworld,LakeWorldTownZone::checkpoint::obj1323,LakeWorldTownZone::stage_change::Come::raw,free,,human_route,casual,true,editor,Created in graph editor.,,
edge_user_0384,Lake Kingdom,overworld,LakeWorldTownZone::checkpoint::obj220,LakeWorldTimerAthletic000Zone::start,free,,human_route,casual,true,editor,Created in graph editor.,,
edge_user_0413,Lake Kingdom,subarea,LakeWorldShopStage::entrance::LakeWorldShop::sub_near,LakeWorldShopStage::entrance::LakeWorldShop::sub_far,free,,human_route,casual,true,editor,Created in graph editor.,,
edge_user_0414,Lake Kingdom,subarea,FastenerExStage::entrance::FastenerEx::sub_near,FastenerExStage::entrance::FastenerEx::sub_far,free,,human_route,casual,true,editor,Created in graph editor.,,
edge_user_0038,Lost Kingdom,subarea,ImomuPoisonExStage::entrance::imomu_01::sub_near,ImomuPoisonExStage::entrance::imomu_02::sub_far,NeutralThrow | Imomu,,human_route,advanced;casual,false,editor,Created in graph editor.,,
edge_user_0039,Lost Kingdom,subarea,ImomuPoisonExStage::entrance::imomu_02::sub_far,ImomuPoisonExStage::entrance::imomu_01::sub_near,impossible,,human_route,casual,false,editor,Reverse of edge_user_0038.,,
edge_user_0160,Lost Kingdom,overworld,ClashWorldHomeStage::start,ClashWorldHomeStage::checkpoint::obj543,GroundPound | TripleJump | Dive,,human_route,casual;advanced;casual,true,editor,Created in graph editor.,,
edge_user_0161,Lost Kingdom,overworld,ClashWorldHomeStage::checkpoint::obj543,ClashWorldHomeStage::checkpoint::obj545,(GroundPound & WallJump),,human_route,casual,false,editor,Created in graph editor.,,
edge_user_0162,Lost Kingdom,overworld,ClashWorldHomeStage::checkpoint::obj543,ClashWorldHomeStage::checkpoint::obj2899,free,,human_route,casual,true,editor,Created in graph editor.,,
edge_user_0163,Lost Kingdom,overworld,ClashWorldHomeStage::checkpoint::obj545,ClashWorldHomeStage::entrance::Kinopio::home_in,free,,human_route,casual,true,editor,Created in graph editor.,,
edge_user_0164,Lost Kingdom,overworld,ClashWorldHomeStage::checkpoint::obj545,ClashWorldHomeStage::checkpoint::obj543,free,,human_route,casual,false,editor,Reverse of edge_user_0161.,,
edge_user_0166,Lost Kingdom,overworld,ClashWorldHomeStage::checkpoint::obj545,ClashWorldHomeStage::entrance::ClashWorldMoonEX2::home_in,free,,human_route,casual,false,editor,Created in graph editor.,,
edge_user_0167,Lost Kingdom,overworld,ClashWorldHomeStage::checkpoint::obj543,ClashWorldHomeStage::entrance::imomu_01::home_in,free,,human_route,casual,true,editor,Created in graph editor.,,
edge_user_0168,Lost Kingdom,overworld,ClashWorldHomeStage::entrance::imomu_02::home_out,ClashWorldHomeStage::start,free,,human_route,casual,false,editor,Created in graph editor.,,
edge_user_0169,Lost Kingdom,overworld,ClashWorldHomeStage::start,ClashWorldHomeStage::entrance::imomu_02::home_out,impossible,,human_route,casual,false,editor,Reverse of edge_user_0168.,,
edge_user_0373,Lost Kingdom,overworld,ClashWorldHomeStage::start,ClashWorldHomeStage::event::MoonRockActive_Lost,free,,human_route,casual,true,editor,Created in graph editor.,,
edge_user_0453,Lost Kingdom,overworld,ClashWorldHomeStage::checkpoint::obj543,ClashWorldHomeStage::place::new_place_3,(TripleJump & Dive),,human_route,casual,false,editor,Created in graph editor.,,
edge_user_0454,Lost Kingdom,overworld,ClashWorldHomeStage::place::new_place_2,ClashWorldHomeStage::place::new_place_3,free,,human_route,casual,true,editor,Created in graph editor.,,
edge_user_0455,Lost Kingdom,overworld,ClashWorldHomeStage::checkpoint::obj545,ClashWorldHomeStage::place::new_place_2,free,,human_route,casual,false,editor,Created in graph editor.,,
edge_user_0456,Lost Kingdom,overworld,ClashWorldHomeStage::place::new_place_2,ClashWorldHomeStage::checkpoint::obj545,(GroundPound & WallJump),,human_route,casual,false,editor,Reverse of edge_user_0455.,,
edge_user_0457,Lost Kingdom,overworld,ClashWorldHomeStage::checkpoint::obj543,ClashWorldHomeStage::place::new_place,GroundPound,,human_route,casual,true,editor,Created in graph editor.,,
edge_user_0458,Lost Kingdom,subarea,ClashWorldShopStage::entrance::Kinopio::sub_near,ClashWorldShopStage::entrance::Kinopio::sub_far,free,,human_route,casual,true,editor,Created in graph editor.,,
edge_user_0459,Lost Kingdom,subarea,JangoExStage::entrance::ClashWorldMoonEX2::sub_far,JangoExStage::entrance::ClashWorldMoonEX2::sub_near,free,,human_route,casual,true,editor,Created in graph editor.,,
edge_user_0188,Lost Kingdom,overworld,ClashWorldHomeStage::checkpoint::obj545,ClashWorldHomeStage::place::new_place,free,,human_route,expert,false,editor,Created in graph editor.,,
edge_user_0186,Lost Kingdom,overworld,ClashWorldHomeStage::checkpoint::obj543,ClashWorldHomeStage::place::new_place,Vault | KingdomAccess_Lost | Dive | WallJump | TripleJump | (GroundPound & Imomu) | Spin,,human_route,advanced;expert;advanced;advanced;advanced;casual;advanced,true,editor,Created in graph editor.,,
edge_user_0191,Lost Kingdom,overworld,ClashWorldHomeStage::checkpoint::obj543,ClashWorldHomeStage::place::new_place_3,Dive | (WallJump & Dive) | (Backflip & Dive) | WallJump | (Vault & NeutralThrow) | (Backflip & LedgeGrab) | (TripleJump & LedgeGrab) | (Spin & LedgeGrab) | (GroundPoundJump & LedgeGrab) | (SideFlip & LedgeGrab) | (Vault & UpThrow),,human_route,advanced;casual;advanced;advanced;advanced;advanced;advanced;advanced;advanced;advanced;advanced,false,editor,Created in graph editor.,,
edge_user_0192,Lost Kingdom,overworld,ClashWorldHomeStage::place::new_place_3,ClashWorldHomeStage::entrance::ClashWorldMoonEX2::home_in,free,,human_route,casual,true,editor,Created in graph editor.,,
edge_user_0193,Lost Kingdom,overworld,ClashWorldHomeStage::checkpoint::obj545,ClashWorldHomeStage::place::new_place_3,free,,human_route,casual,false,editor,Created in graph editor.,,
edge_user_0194,Lost Kingdom,overworld,ClashWorldHomeStage::place::new_place_3,ClashWorldHomeStage::checkpoint::obj545,(GroundPound & WallJump) | WallJump,,human_route,casual;advanced,false,editor,Reverse of edge_user_0193.,,
edge_user_0568,Lost Kingdom,overworld,ClashWorldHomeStage::place::new_place,ClashWorldHomeStage::checkpoint::obj545,impossible,,human_route,expert,false,editor,Reverse of edge_user_0188.,,
edge_user_0619,Lost Kingdom,overworld,ClashWorldHomeStage::entrance::ClashWorldMoonEX2::home_in,ClashWorldHomeStage::checkpoint::obj545,impossible,,human_route,casual,false,editor,Reverse of edge_user_0166.,,
edge_user_0165,Lost Kingdom,overworld,ClashWorldHomeStage::place::new_place_3,ClashWorldHomeStage::checkpoint::obj543,free,,human_route,casual,false,editor,Reverse of edge_user_0191.,,
edge_user_0063,Luncheon Kingdom,subarea,GabuzouClockExStage::entrance::GabuzouClockExdokan::sub_far,GabuzouClockExStage::entrance::GabuzouClockEx::sub_near,free,,human_route,casual,true,editor,Created in graph editor.,,
edge_user_0064,Luncheon Kingdom,subarea,LavaWorldFenceLiftExStage::entrance::FenceLiftEx::sub_near,LavaWorldFenceLiftExStage::entrance::FenceLiftExdokan::sub_far,Bubble,,human_route,casual,false,editor,Created in graph editor.,,
edge_user_0065,Luncheon Kingdom,subarea,LavaWorldFenceLiftExStage::entrance::FenceLiftExdokan::sub_far,LavaWorldFenceLiftExStage::entrance::FenceLiftEx::sub_near,impossible,,human_route,casual,false,editor,Reverse of edge_user_0064.,,
edge_user_0066,Luncheon Kingdom,subarea,LavaWorldUpDownExStage::entrance::KeyMoveEx::sub_near,LavaWorldUpDownExStage::entrance::KeyMoveExDokan::sub_far,free,,human_route,casual,true,editor,Created in graph editor.,,
edge_user_0067,Luncheon Kingdom,subarea,LavaWorldBubbleLaneExStage::entrance::PechoBubbleEx::sub_near,LavaWorldBubbleLaneExStage::entrance::PechoBubbleExDokan::sub_far,Bubble | (Vault & Dive & NeutralThrow),,human_route,casual,true,editor,Created in graph editor.,,
edge_user_0068,Luncheon Kingdom,subarea,LavaWorldCostumeStage::entrance::CostumeEventWorldLava::sub_near,LavaWorldCostumeStage::entrance::CostumeOut::sub_far,free,,human_route,casual,true,editor,Created in graph editor.,,
edge_user_0069,Luncheon Kingdom,subarea,LavaWorldClockExStage::entrance::BBQEx::sub_near,LavaWorldClockExStage::entrance::BBQExDokan::sub_far,free,,human_route,casual,true,editor,Created in graph editor.,,
edge_user_0070,Luncheon Kingdom,subarea,CapAppearLavaLiftExStage::entrance::LavaLiftEx::sub_near,CapAppearLavaLiftExStage::entrance::LavaLiftExdokan::sub_far,free,,human_route,casual,false,editor,Created in graph editor.,,
edge_user_0071,Luncheon Kingdom,subarea,CapAppearLavaLiftExStage::entrance::LavaLiftExdokan::sub_far,CapAppearLavaLiftExStage::entrance::LavaLiftEx::sub_near,(Vault & WallJump & NeutralThrow),,human_route,casual,false,editor,Reverse of edge_user_0070.,,
edge_user_0460,Luncheon Kingdom,overworld,LavaWorldHomeStage::start,LavaWorldHomeStage::checkpoint::obj642,free,,human_route,casual,true,editor,Created in graph editor.,"1,3,4,5",
edge_user_0461,Luncheon Kingdom,overworld,LavaWorldHomeStage::checkpoint::obj642,LavaWorldHomeStage::checkpoint::obj2549,free,,human_route,casual,true,editor,Created in graph editor.,"3,4,5",
edge_user_0462,Luncheon Kingdom,overworld,LavaWorldHomeStage::checkpoint::obj642,LavaWorldHomeStage::place::new_place,free,,human_route,casual,false,editor,Created in graph editor.,,
edge_user_0463,Luncheon Kingdom,overworld,LavaWorldHomeStage::place::new_place,LavaWorldHomeStage::checkpoint::obj4619,free,,human_route,casual,true,editor,Created in graph editor.,,
edge_user_0467,Luncheon Kingdom,overworld,LavaWorldHomeStage::checkpoint::obj6042,LavaWorldHomeStage::start,free,,human_route,casual,false,editor,Created in graph editor.,,
edge_user_0468,Luncheon Kingdom,overworld,LavaWorldHomeStage::start,LavaWorldHomeStage::checkpoint::obj6042,impossible,,human_route,casual,false,editor,Reverse of edge_user_0467.,,
edge_user_0469,Luncheon Kingdom,overworld,LavaWorldHomeStage::checkpoint::obj4074,LavaWorldHomeStage::place::new_place_2,free,,human_route,casual,false,editor,Created in graph editor.,,
edge_user_0470,Luncheon Kingdom,overworld,LavaWorldHomeStage::start,LavaWorldHomeStage::event::MoonRockActive_Luncheon,Bubble,,human_route,casual,true,editor,Created in graph editor.,,
edge_user_0471,Luncheon Kingdom,overworld,LavaWorldHomeStage::checkpoint::obj2292,LavaWorldHomeStage::checkpoint::obj2549,Bubble,,human_route,casual,false,editor,Created in graph editor.,,
edge_user_0472,Luncheon Kingdom,overworld,LavaWorldHomeStage::checkpoint::obj4120,LavaWorldIslandZone::start,free,,human_route,casual,true,editor,Created in graph editor.,,
edge_user_0474,Luncheon Kingdom,overworld,LavaWorldTimerAthletic000Zone::start,LavaWorldHomeStage::start,free,,human_route,casual,true,editor,Created in graph editor.,,
edge_user_0475,Luncheon Kingdom,overworld,LavaWorldHomeStage::place::new_place,LavaWorldHomeStage::entrance::BBQEx::home_in,Bubble,,human_route,casual,true,editor,Created in graph editor.,,
edge_user_0476,Luncheon Kingdom,overworld,LavaWorldHomeStage::entrance::CostumeEventWorldLava::home_in,LavaWorldHomeStage::place::new_place,free,,human_route,casual,true,editor,Created in graph editor.,,
edge_user_0477,Luncheon Kingdom,overworld,LavaWorldHomeStage::entrance::ForkEX::home_in,LavaWorldHomeStage::place::new_place,free,,human_route,casual,true,editor,Created in graph editor.,,
edge_user_0478,Luncheon Kingdom,overworld,LavaWorldHomeStage::entrance::KeyMoveEx::home_in,LavaWorldHomeStage::place::new_place,free,,human_route,casual,true,editor,Created in graph editor.,,
edge_user_0479,Luncheon Kingdom,overworld,LavaWorldHomeStage::checkpoint::obj4074,LavaWorldHomeStage::entrance::MartinCubeEx::home_in,HammerBros,,human_route,casual,false,editor,Created in graph editor.,,
edge_user_0480,Luncheon Kingdom,overworld,LavaWorldHomeStage::entrance::MartinCubeEx::home_in,LavaWorldHomeStage::checkpoint::obj4074,free,,human_route,casual,false,editor,Reverse of edge_user_0479.,,
edge_user_0481,Luncheon Kingdom,overworld,LavaWorldHomeStage::entrance::PechoBubbleEx::home_in,LavaWorldHomeStage::checkpoint::obj4074,free,,human_route,casual,true,editor,Created in graph editor.,,
edge_user_0482,Luncheon Kingdom,overworld,LavaWorldHomeStage::entrance::shop::home_in,LavaWorldHomeStage::place::new_place,free,,human_route,casual,true,editor,Created in graph editor.,,
edge_user_0483,Luncheon Kingdom,overworld,LavaWorldHomeStage::checkpoint::obj6042,LavaWorldHomeStage::stage_change::Come::raw,free,,human_route,casual,false,editor,Created in graph editor.,,
edge_user_0485,Luncheon Kingdom,overworld,LavaWorldTimerAthletic001Zone::start,LavaWorldHomeStage::place::new_place,free,,human_route,casual,true,editor,Created in graph editor.,,
edge_user_0486,Luncheon Kingdom,overworld,LavaWorldHomeStage::place::new_place_5,LavaWorldHomeStage::checkpoint::obj2292,Bubble,,human_route,casual,false,editor,Created in graph editor.,,
edge_user_0487,Luncheon Kingdom,overworld,LavaWorldHomeStage::checkpoint::obj2292,LavaWorldHomeStage::checkpoint::obj4117,HackFork,,human_route,casual,true,editor,Created in graph editor.,,
edge_user_0488,Luncheon Kingdom,overworld,LavaWorldHomeStage::place::new_place,LavaWorldHomeStage::entrance::town::home_in,free,,human_route,casual,true,editor,Created in graph editor.,,
edge_user_0489,Luncheon Kingdom,overworld,LavaWorldHomeStage::place::new_place,LavaWorldHomeStage::entrance::TreasureEventWorldLava::home_in,free,,human_route,casual,true,editor,Created in graph editor.,,
edge_user_0490,Luncheon Kingdom,overworld,LavaWorldHomeStage::place::new_place_4,LavaWorldHomeStage::checkpoint::obj4074,free,,human_route,casual,true,editor,Created in graph editor.,,
edge_user_0491,Luncheon Kingdom,overworld,LavaWorldHomeStage::entrance::FenceLiftEx::home_in,LavaWorldHomeStage::checkpoint::obj642,free,,human_route,casual,true,editor,Created in graph editor.,,
edge_user_0492,Luncheon Kingdom,overworld,LavaWorldHomeStage::entrance::GabuzouClockEx::home_in,LavaWorldHomeStage::checkpoint::obj4074,free,,human_route,casual,true,editor,Created in graph editor.,,
edge_user_0493,Luncheon Kingdom,overworld,LavaWorldHomeStage::entrance::LavaLiftEx::home_in,LavaWorldHomeStage::checkpoint::obj2549,free,,human_route,casual,true,editor,Created in graph editor.,,
edge_user_0494,Luncheon Kingdom,overworld,LavaWorldHomeStage::place::new_place_6,LavaWorldHomeStage::checkpoint::obj4074,FireBros,,human_route,casual,true,editor,Created in graph editor.,,
edge_user_0495,Luncheon Kingdom,overworld,LavaWorldHomeStage::place::new_place_7,LavaWorldHomeStage::checkpoint::obj4074,Bubble,,human_route,casual,false,editor,Created in graph editor.,,
edge_user_0496,Luncheon Kingdom,overworld,LavaWorldCaveZone::start,LavaWorldHomeStage::checkpoint::obj2549,free,,human_route,casual,true,editor,Created in graph editor.,,
edge_user_0497,Luncheon Kingdom,subarea,LavaWorldShopStage::entrance::shop::sub_near,LavaWorldShopStage::entrance::shop::sub_far,free,,human_route,casual,true,editor,Created in graph editor.,,
edge_user_0498,Luncheon Kingdom,subarea,ForkExStage::entrance::ForkEX::sub_near,ForkExStage::entrance::ForkEX::sub_far,HackFork,,human_route,casual,false,editor,Created in graph editor.,,
edge_user_0499,Luncheon Kingdom,subarea,ForkExStage::entrance::ForkEX::sub_far,ForkExStage::entrance::ForkEX::sub_near,free,,human_route,casual,false,editor,Reverse of edge_user_0498.,,
edge_user_0500,Luncheon Kingdom,subarea,LavaBonus1Zone::entrance::town::sub_near,LavaBonus1Zone::entrance::town::sub_far,free,,human_route,casual,true,editor,Created in graph editor.,,
edge_user_0501,Luncheon Kingdom,subarea,LavaWorldTreasureStage::entrance::TreasureEventWorldLava::sub_near,LavaWorldTreasureStage::entrance::TreasureEventWorldLava::sub_far,free,,human_route,casual,true,editor,Created in graph editor.,,
edge_user_0502,Luncheon Kingdom,subarea,LavaWorldExcavationExStage::entrance::MartinCubeEx::sub_far,LavaWorldExcavationExStage::entrance::MartinCubeEx::sub_near,free,,human_route,casual,true,editor,Created in graph editor.,,
edge_user_0395,Luncheon Kingdom,overworld,LavaWorldHomeStage::checkpoint::obj4117,LavaWorldHomeStage::place::new_place_5,free,,human_route,advanced,true,editor,Created in graph editor.,,
edge_user_0396,Luncheon Kingdom,overworld,LavaWorldHomeStage::checkpoint::obj2292,LavaWorldHomeStage::place::new_place_5,free,,human_route,advanced,false,editor,Created in graph editor.,,
edge_user_0399,Luncheon Kingdom,overworld,LavaWorldHomeStage::checkpoint::obj4117,LavaWorldHomeStage::place::new_place_6,Bubble,,human_route,advanced,true,editor,Created in graph editor.,,
edge_user_0406,Luncheon Kingdom,overworld,LavaWorldHomeStage::checkpoint::obj4120,LavaWorldHomeStage::checkpoint::obj1061,impossible,,human_route,advanced,false,editor,Reverse of edge_user_0385.,,
edge_user_0385,Luncheon Kingdom,overworld,LavaWorldHomeStage::checkpoint::obj1061,LavaWorldHomeStage::checkpoint::obj4120,Vault | (GroundPound & RollBoost & TripleJump & Dive & NeutralThrow) | (LongJump & TripleJump & Dive & NeutralThrow),,human_route,advanced;expert;advanced,false,editor,Created in graph editor.,,
edge_user_0386,Luncheon Kingdom,overworld,LavaWorldHomeStage::start,LavaWorldHomeStage::checkpoint::obj2549,free,,human_route,casual,true,editor,Created in graph editor.,"2,3,4,5",
edge_user_0387,Luncheon Kingdom,overworld,LavaWorldHomeStage::checkpoint::obj1061,LavaWorldHomeStage::checkpoint::obj2292,free,,human_route,casual,true,editor,Created in graph editor.,"2,3,4,5",
edge_user_0388,Luncheon Kingdom,overworld,LavaWorldHomeStage::checkpoint::obj2549,LavaWorldHomeStage::checkpoint::obj2292,Bubble,,human_route,casual,false,editor,Created in graph editor.,,
edge_user_0389,Luncheon Kingdom,overworld,LavaWorldHomeStage::checkpoint::obj2292,LavaWorldHomeStage::checkpoint::obj4117,free,,human_route,casual,true,editor,Created in graph editor.,,
edge_user_0390,Luncheon Kingdom,overworld,LavaWorldHomeStage::start,LavaWorldHomeStage::place::new_place,free,,human_route,casual,true,editor,Created in graph editor.,,
edge_user_0378,Luncheon Kingdom,overworld,LavaWorldHomeStage::place::new_place,LavaWorldHomeStage::checkpoint::obj642,free,,human_route,casual,false,editor,Created in graph editor.,"1,3,4,5",
edge_user_0382,Luncheon Kingdom,overworld,LavaWorldHomeStage::place::new_place,LavaWorldHomeStage::place::new_place_2,free,,human_route,casual,false,editor,Created in graph editor.,,
edge_user_0381,Luncheon Kingdom,overworld,LavaWorldHomeStage::place::new_place_2,LavaWorldHomeStage::checkpoint::obj4074,HammerBros,,human_route,casual,false,editor,Created in graph editor.,"1,3,4,5",
edge_user_0392,Luncheon Kingdom,overworld,LavaWorldHomeStage::place::new_place_2,LavaWorldHomeStage::place::new_place_3,HammerBros,,human_route,casual,true,editor,Created in graph editor.,,
edge_user_0393,Luncheon Kingdom,overworld,LavaWorldHomeStage::place::new_place_3,LavaWorldHomeStage::checkpoint::obj4120,Bubble,,human_route,casual,true,editor,Created in graph editor.,,
edge_user_0394,Luncheon Kingdom,overworld,LavaWorldHomeStage::place::new_place_2,LavaWorldHomeStage::checkpoint::obj1061,HackFork | (Vault & LedgeGrab & NeutralThrow) | (WallJump & Dive) | (Backflip & Vault & NeutralThrow) | (Backflip & WallJump & DownThrow & SpinThrow & LedgeGrab) | (Backflip & WallJump & NeutralThrow & SpinThrow & LedgeGrab) | (Backflip & WallJump & UpThrow & SpinThrow & LedgeGrab) | (Backflip & WallJump & NeutralThrow) | (GroundPoundJump & WallJump & NeutralThrow) | (SideFlip & WallJump & NeutralThrow) | (SideFlip & Vault & NeutralThrow) | (GroundPoundJump & Vault & NeutralThrow) | (Vault & Dive & NeutralThrow) | (TripleJump & WallJump & NeutralThrow) | (TripleJump & NeutralThrow & Vault) | (GroundPoundJump & WallJump & LedgeGrab & NeutralThrow) | (SideFlip & WallJump & LedgeGrab & NeutralThrow) | (TripleJump & WallJump & LedgeGrab & NeutralThrow),,human_route,casual;advanced;advanced;advanced;advanced;advanced;advanced;expert;expert;expert;advanced;advanced;advanced;expert;advanced;advanced;advanced;advanced,true,editor,Created in graph editor.,,
edge_user_0383,Luncheon Kingdom,overworld,LavaWorldHomeStage::place::new_place,LavaWorldHomeStage::place::new_place_4,WallJump | HammerBros | FireBros | (Vault & Dive & NeutralThrow) | (Vault & LedgeGrab & NeutralThrow) | (Vault & WallJump & NeutralThrow) | (TripleJump & WallJump & LedgeGrab) | Bubble,,human_route,advanced;advanced;advanced;advanced;advanced;advanced;advanced;casual,true,editor,Created in graph editor.,"1,2,3,4,5;1,2,3,4,5;2,3,4,5;1,2,3,4,5;1,2,3,4,5;1,2,3,4,5;1,2,3,4,5;2,3,4,5",
edge_user_0398,Luncheon Kingdom,overworld,LavaWorldHomeStage::place::new_place_2,LavaWorldHomeStage::place::new_place_5,Bubble,,human_route,casual,true,editor,Lava Bubble only available in Post Game scenario,5,
edge_user_0397,Luncheon Kingdom,overworld,LavaWorldHomeStage::place::new_place_2,LavaWorldHomeStage::place::new_place_6,FireBros,,human_route,casual,true,editor,Created in graph editor.,,
edge_user_0400,Luncheon Kingdom,overworld,LavaWorldHomeStage::checkpoint::obj1061,LavaWorldHomeStage::place::new_place_7,free,,human_route,casual,true,editor,Created in graph editor.,,
edge_user_0401,Luncheon Kingdom,overworld,LavaWorldHomeStage::checkpoint::obj4074,LavaWorldHomeStage::place::new_place_7,HammerBros | FireBros | Bubble | Vault | KingdomAccess_Luncheon | (TripleJump & Dive) | (Spin & Dive),,human_route,casual;casual;casual;advanced;advanced;advanced;advanced,false,editor,Created in graph editor.,"1,2,3,4,5;2,3,4,5",
edge_user_0402,Luncheon Kingdom,overworld,LavaWorldHomeStage::start,LavaWorldHomeStage::event::MoonRockActive_Luncheon,free,,human_route,casual,true,editor,Created in graph editor.,,
edge_user_0403,Luncheon Kingdom,overworld,LavaWorldHomeStage::checkpoint::obj4619,LavaWorldHomeStage::event::MoonRockActive_Luncheon,Bubble,,human_route,casual,true,editor,Created in graph editor.,,
edge_user_0404,Luncheon Kingdom,overworld,LavaWorldHomeStage::stage_change::Come::raw,LavaWorldHomeStage::checkpoint::obj6042,free,,human_route,casual,false,editor,Created in graph editor.,,
edge_user_0405,Luncheon Kingdom,overworld,LavaWorldHomeStage::checkpoint::obj4120,LavaWorldHomeStage::stage_change::Go::raw,free,,human_route,casual,true,editor,Created in graph editor.,,
edge_user_0265,Luncheon Kingdom,overworld,LavaWorldHomeStage::place::new_place,LavaWorldHomeStage::place::new_place_2,Bubble | NeutralThrow,,human_route,casual;advanced,false,editor,Created in graph editor.,,
edge_user_0266,Luncheon Kingdom,overworld,LavaWorldHomeStage::place::new_place_2,LavaWorldHomeStage::place::new_place,free,,human_route,casual,false,editor,Reverse of edge_user_0265.,,
edge_user_0415,Luncheon Kingdom,overworld,LavaWorldHomeStage::place::new_place,LavaWorldHomeStage::checkpoint::obj2549,free,,human_route,casual,true,editor,Created in graph editor.,"2,3,4,5",
edge_user_0473,Luncheon Kingdom,overworld,LavaWorldHomeStage::checkpoint::obj4120,LavaWorldHomeStage::place::new_place_2,Bubble,,human_route,casual,false,editor,Created in graph editor.,,
edge_user_0599,Luncheon Kingdom,overworld,LavaWorldHomeStage::place::new_place_2,LavaWorldHomeStage::checkpoint::obj4120,impossible,,human_route,casual,false,editor,Reverse of edge_user_0473.,,
edge_user_0720,Luncheon Kingdom,overworld,LavaWorldHomeStage::checkpoint::obj1061,LavaWorldHomeStage::place::new_place_8,CarryMeat,,human_route,casual,true,editor,Created in graph editor.,,
edge_user_0721,Luncheon Kingdom,overworld,LavaWorldHomeStage::checkpoint::obj4117,LavaWorldHomeStage::place::new_place_8,Bubble,,human_route,casual,true,editor,Created in graph editor.,"3,4,5",
edge_user_0040,Metro Kingdom,subarea,PoleKillerExStage::entrance::bou::sub_near,PoleKillerExStage::entrance::boureturn::sub_far,Climb | (Dive & Vault & NeutralThrow) | (WallJump & Dive & NeutralThrow) | (WallJump & Dive & NeutralThrow & Killer & LedgeGrab) | (Backflip & Dive) | (GroundPoundJump & Dive) | (Spin & Dive) | (Backflip & Vault & NeutralThrow) | (GroundPoundJump & Vault & NeutralThrow) | (Spin & UpThrow & Vault),,human_route,casual;advanced;expert;advanced;expert;expert;expert;expert;expert;expert,true,editor,Created in graph editor.,,
edge_user_0041,Metro Kingdom,subarea,CityWorldShop01Stage::entrance::shop_coin::sub_near,CityWorldShop01Stage::entrance::shop_corect::sub_near,free,,human_route,casual,true,editor,Created in graph editor.,,
edge_user_0042,Metro Kingdom,subarea,CityPeopleRoadStage::entrance::gunsyu::sub_near,CityPeopleRoadStage::entrance::gunsyudokan::sub_far,free,,human_route,casual,true,editor,Created in graph editor.,,
edge_user_0043,Metro Kingdom,subarea,ElectricWireExStage::entrance::densen::sub_near,ElectricWireExStage::entrance::densendokan::sub_far,ElectricWire,,human_route,casual,true,editor,Created in graph editor.,,
edge_user_0044,Metro Kingdom,subarea,BikeSteelExStage::entrance::bike::sub_near,BikeSteelExStage::entrance::bikereturn::sub_far,free,,human_route,casual,false,editor,Created in graph editor.,,
edge_user_0045,Metro Kingdom,subarea,BikeSteelExStage::entrance::bikereturn::sub_far,BikeSteelExStage::entrance::bike::sub_near,impossible,,human_route,casual,false,editor,Reverse of edge_user_0044.,,
edge_user_0046,Metro Kingdom,subarea,TrexBikeExStage::entrance::bike02::sub_near,TrexBikeExStage::entrance::bike02return::sub_far,free,,human_route,casual,false,editor,Created in graph editor.,,
edge_user_0047,Metro Kingdom,subarea,TrexBikeExStage::entrance::bike02return::sub_far,TrexBikeExStage::entrance::bike02::sub_near,impossible,,human_route,casual,false,editor,Reverse of edge_user_0046.,,
edge_user_0048,Metro Kingdom,subarea,SwingSteelExStage::entrance::gragra::sub_near,SwingSteelExStage::entrance::gragrareturn::sub_far,free,,human_route,casual,true,editor,Created in graph editor.,,
edge_user_0186,Metro Kingdom,overworld,CityWorldHomeStage::start,CityWorldHomeStage::checkpoint::obj8918,ElectricWire | (Vault & Dive & NeutralThrow),,human_route,casual;advanced,true,editor,Created in graph editor.,1,
edge_user_0188,Metro Kingdom,overworld,CityWorldHomeStage::checkpoint::obj8918,CityWorldHomeStage::checkpoint::obj9086,free,,human_route,casual,true,editor,Created in graph editor.,1,
edge_user_0189,Metro Kingdom,overworld,CityWorldHomeStage::checkpoint::obj9086,CityWorldHomeStage::checkpoint::obj9017,free,,human_route,casual,true,editor,Created in graph editor.,1,
edge_user_0190,Metro Kingdom,overworld,CityWorldHomeStage::checkpoint::obj9017,CityWorldHomeStage::checkpoint::obj3996,ElectricWire | WallJump,,human_route,casual,true,editor,Created in graph editor.,1,
edge_user_0191,Metro Kingdom,overworld,CityWorldHomeStage::checkpoint::obj5016,CityWorldHomeStage::checkpoint::obj3996,free,,human_route,casual,false,editor,Created in graph editor.,"1,2,4,5,6,7,8,9,10,11",
edge_user_0192,Metro Kingdom,overworld,CityWorldHomeStage::checkpoint::obj3996,CityWorldHomeStage::checkpoint::obj5016,Climb | (Vault & Dive & WallJump & NeutralThrow),,human_route,casual;advanced,false,editor,Reverse of edge_user_0191.,,
edge_user_0193,Metro Kingdom,overworld,CityWorldHomeStage::checkpoint::obj14061,CityWorldHomeStage::start,free,,human_route,casual,false,editor,Created in graph editor.,"2,4,5,6,7,8,9,10,11",
edge_user_0194,Metro Kingdom,overworld,CityWorldHomeStage::start,CityWorldHomeStage::checkpoint::obj14061,impossible,,human_route,casual,false,editor,Reverse of edge_user_0193.,,
edge_user_0195,Metro Kingdom,overworld,CityWorldHomeStage::start,CityWorldHomeStage::checkpoint::obj3994,ElectricWire | (Vault & Dive & NeutralThrow),,human_route,casual;advanced,true,editor,Created in graph editor.,"2,4,5,6,7,8,9,10,11,3",
edge_user_0196,Metro Kingdom,overworld,CityWorldHomeStage::checkpoint::obj3994,CityWorldHomeStage::checkpoint::obj9086,free,,human_route,casual,true,editor,Created in graph editor.,"2,4,5,6,7,8,9,10,11",
edge_user_0197,Metro Kingdom,overworld,CityWorldHomeStage::checkpoint::obj3994,CityWorldHomeStage::checkpoint::obj4904,free,,human_route,casual,true,editor,Created in graph editor.,"2,4,5,6,7,8,9,10,11,3",
edge_user_0198,Metro Kingdom,overworld,CityWorldHomeStage::checkpoint::obj4904,CityWorldHomeStage::checkpoint::obj3996,free,,human_route,casual,false,editor,Created in graph editor.,"2,4,5,6,7,8,9,10,11",
edge_user_0199,Metro Kingdom,overworld,CityWorldHomeStage::checkpoint::obj4904,CityWorldHomeStage::checkpoint::obj4000,free,,human_route,casual,true,editor,Created in graph editor.,"2,4,5,6,7,8,9,10,11",
edge_user_0200,Metro Kingdom,overworld,CityWorldHomeStage::checkpoint::obj4904,CityWorldHomeStage::checkpoint::obj3998,ElectricWire,,human_route,casual,true,editor,Created in graph editor.,"2,4,5,6,7,8,9,10,11,3",
edge_user_0201,Metro Kingdom,overworld,CityWorldHomeStage::checkpoint::obj5016,CityWorldHomeStage::checkpoint::obj3998,(GroundPound & RollBoost & Vault & Dive & NeutralThrow),,human_route,advanced,false,editor,Created in graph editor.,"2,4,5,6,7,8,9,10,11",
edge_user_0202,Metro Kingdom,overworld,CityWorldHomeStage::checkpoint::obj3994,CityWorldHomeStage::checkpoint::obj5012,(ElectricWire & Dive) | ElectricWire | Guidepost,,human_route,casual;advanced;casual,false,editor,Created in graph editor.,"2,4,5,6,7,8,9,10,11",
edge_user_0203,Metro Kingdom,overworld,CityWorldHomeStage::checkpoint::obj5012,CityWorldHomeStage::checkpoint::obj3994,free,,human_route,casual,false,editor,Reverse of edge_user_0202.,"2,4,5,6,7,8,9,10,11",
edge_user_0503,Metro Kingdom,overworld,CityWorldHomeStage::event::MoonRockActive_Metro,CityWorldHomeStage::start,free,,human_route,casual,false,editor,Created in graph editor.,,
edge_user_0504,Metro Kingdom,overworld,CityWorldHomeStage::place::new_place,CityWorldHomeStage::checkpoint::obj4904,Guidepost | LongJump,,human_route,casual,false,editor,Created in graph editor.,,
edge_user_0505,Metro Kingdom,overworld,CityWorldHomeStage::place::new_place_8,CityWorldHomeStage::checkpoint::obj3994,ElectricWire,,human_route,casual,true,editor,Created in graph editor.,,
edge_user_0506,Metro Kingdom,overworld,CityWorldHomeStage::place::new_place_4,CityWorldHomeStage::checkpoint::obj5016,impossible,,human_route,casual,false,editor,Created in graph editor.,,
edge_user_0507,Metro Kingdom,overworld,CityWorldHomeStage::place::new_place_2,CityWorldHomeStage::checkpoint::obj4904,ElectricWire,,human_route,casual,false,editor,Created in graph editor.,,
edge_user_0508,Metro Kingdom,overworld,CityWorldHomeStage::place::new_place_6,CityWorldHomeStage::checkpoint::obj4904,ElectricWire,,human_route,casual,false,editor,Created in graph editor.,,
edge_user_0509,Metro Kingdom,overworld,CityWorldHomeStage::place::new_place_5,CityWorldHomeStage::checkpoint::obj4904,(ElectricWire & LongJump),,human_route,casual,false,editor,Created in graph editor.,,
edge_user_0510,Metro Kingdom,overworld,CityWorldHomeStage::place::new_place_7,CityWorldHomeStage::checkpoint::obj4904,ElectricWire,,human_route,casual,false,editor,Created in graph editor.,,
edge_user_0511,Metro Kingdom,overworld,CityWorldHomeStage::place::new_place_3,CityWorldHomeStage::checkpoint::obj5016,LongJump,,human_route,casual,false,editor,Created in graph editor.,,
edge_user_0512,Metro Kingdom,overworld,CityWorldHomeStage::entrance::gragra::home_in,CityWorldHomeStage::place::new_place_6,free,,human_route,casual,true,editor,Created in graph editor.,,
edge_user_0513,Metro Kingdom,overworld,CityWorldHomeStage::entrance::donsuke::home_in,CityWorldHomeStage::checkpoint::obj4904,free,,human_route,casual,true,editor,Created in graph editor.,,
edge_user_0514,Metro Kingdom,overworld,CityWorldHomeStage::entrance::bike::home_in,CityWorldHomeStage::checkpoint::obj4904,free,,human_route,casual,false,editor,Created in graph editor.,,
edge_user_0515,Metro Kingdom,overworld,CityWorldHomeStage::checkpoint::obj4904,CityWorldHomeStage::entrance::bike::home_in,WallJump,,human_route,casual,false,editor,Reverse of edge_user_0514.,,
edge_user_0516,Metro Kingdom,overworld,CityWorldTimerAthletic003Zone::start,CityWorldHomeStage::checkpoint::obj4904,free,,human_route,casual,true,editor,Created in graph editor.,,
edge_user_0517,Metro Kingdom,overworld,CityWorldHomeStage::entrance::theater::home_in,CityWorldHomeStage::checkpoint::obj4904,free,,human_route,casual,false,editor,Created in graph editor.,,
edge_user_0518,Metro Kingdom,overworld,CityWorldTimerAthletic002Zone::start,CityWorldHomeStage::checkpoint::obj5016,free,,human_route,casual,true,editor,Created in graph editor.,,
edge_user_0519,Metro Kingdom,overworld,CityWorld2DSign004Zone::start,CityWorldHomeStage::checkpoint::obj4904,free,,human_route,casual,true,editor,Created in graph editor.,,
edge_user_0520,Metro Kingdom,overworld,CityWorldHomeStage::entrance::taxireturn::home_out,CityWorldHomeStage::checkpoint::obj4904,free,,human_route,casual,false,editor,Created in graph editor.,,
edge_user_0521,Metro Kingdom,overworld,CityWorldHomeStage::checkpoint::obj4904,CityWorldHomeStage::entrance::taxireturn::home_out,impossible,,human_route,casual,false,editor,Reverse of edge_user_0520.,,
edge_user_0522,Metro Kingdom,overworld,CityWorldHomeStage::entrance::taxi::home_in,CityWorldHomeStage::checkpoint::obj4904,free,,human_route,casual,false,editor,Created in graph editor.,,
edge_user_0523,Metro Kingdom,overworld,CityWorldHomeStage::checkpoint::obj4904,CityWorldHomeStage::entrance::taxi::home_in,Car,,human_route,casual,false,editor,Reverse of edge_user_0522.,,
edge_user_0524,Metro Kingdom,overworld,CityWorldHomeStage::checkpoint::obj14061,CityWorldHomeStage::stage_change::Come::raw,free,,human_route,casual,false,editor,Created in graph editor.,,
edge_user_0525,Metro Kingdom,overworld,CityWorldHomeStage::start,CityWorldHomeStage::stage_change::Go::raw,free,,human_route,casual,true,editor,Created in graph editor.,,
edge_user_0526,Metro Kingdom,overworld,CityWorldHomeStage::entrance::shop_corect::home_in,CityWorldHomeStage::checkpoint::obj4904,free,,human_route,casual,true,editor,Created in graph editor.,,
edge_user_0527,Metro Kingdom,overworld,CityWorldHomeStage::entrance::bike02::home_in,CityWorldHomeStage::checkpoint::obj4904,free,,human_route,casual,false,editor,Created in graph editor.,,
edge_user_0528,Metro Kingdom,overworld,CityWorldHomeStage::entrance::Bonus::home_in,CityWorldHomeStage::checkpoint::obj3994,free,,human_route,casual,true,editor,Created in graph editor.,,
edge_user_0529,Metro Kingdom,overworld,CityWorldHomeStage::entrance::bou::home_in,CityWorldHomeStage::checkpoint::obj4904,free,,human_route,casual,false,editor,Created in graph editor.,,
edge_user_0530,Metro Kingdom,overworld,CityWorldHomeStage::entrance::densen::home_in,CityWorldHomeStage::checkpoint::obj4904,free,,human_route,casual,false,editor,Created in graph editor.,,
edge_user_0531,Metro Kingdom,overworld,CityWorldHomeStage::entrance::gunsyu::home_in,CityWorldHomeStage::checkpoint::obj4904,free,,human_route,casual,true,editor,Created in graph editor.,,
edge_user_0532,Metro Kingdom,overworld,CityWorldHomeStage::entrance::kaitendokan::home_in,CityWorldHomeStage::checkpoint::obj3994,Manhole,,human_route,casual,false,editor,Created in graph editor.,,
edge_user_0533,Metro Kingdom,overworld,CityWorldHomeStage::entrance::onpu::home_in,CityWorldHomeStage::checkpoint::obj4904,free,,human_route,casual,true,editor,Created in graph editor.,,
edge_user_0534,Metro Kingdom,overworld,CityWorldHomeStage::entrance::tenjo::home_in,CityWorldHomeStage::checkpoint::obj5012,impossible,,human_route,casual,false,editor,Created in graph editor.,,
edge_user_0535,Metro Kingdom,overworld,CityWorldHomeStage::checkpoint::obj5012,CityWorldHomeStage::entrance::tenjo::home_in,(BazookaElectric & LongJump),,human_route,casual,false,editor,Reverse of edge_user_0534.,,
edge_user_0536,Metro Kingdom,overworld,CityWorldHomeStage::entrance::shop_coin::home_in,CityWorldHomeStage::checkpoint::obj3994,free,,human_route,casual,false,editor,Created in graph editor.,,
edge_user_0537,Metro Kingdom,overworld,CityWorld2DSign001Zone::start,CityWorld2DSign000Zone::start,free,,human_route,casual,true,editor,Created in graph editor.,,
edge_user_0538,Metro Kingdom,overworld,CityWorld2DSign000Zone::start,CityWorld2DSign006Zone::start,free,,human_route,casual,true,editor,Created in graph editor.,,
edge_user_0539,Metro Kingdom,overworld,CityWorld2DSign006Zone::start,CityWorld2DSign005Zone::start,free,,human_route,casual,true,editor,Created in graph editor.,,
edge_user_0540,Metro Kingdom,overworld,CityWorld2DSign005Zone::start,CityWorld2DSign003Zone::start,free,,human_route,casual,true,editor,Created in graph editor.,,
edge_user_0541,Metro Kingdom,overworld,CityWorld2DSign003Zone::start,CityWorld2DSign002Zone::start,free,,human_route,casual,true,editor,Created in graph editor.,,
edge_user_0542,Metro Kingdom,overworld,CityWorld2DSign002Zone::start,CityWorldTimerAthletic000Zone::start,free,,human_route,casual,true,editor,Created in graph editor.,,
edge_user_0543,Metro Kingdom,overworld,CityWorldTimerAthletic000Zone::start,CityWorldHomeStage::start,free,,human_route,casual,true,editor,Created in graph editor.,,
edge_user_0544,Metro Kingdom,subarea,CityWorldShop01Stage::entrance::shop_coin::sub_far,CityWorldShop01Stage::entrance::shop_corect::sub_far,free,,human_route,casual,true,editor,Created in graph editor.,,
edge_user_0545,Metro Kingdom,subarea,CityWorldShop01Stage::entrance::shop_corect::sub_far,CityWorldShop01Stage::entrance::shop_corect::sub_near,free,,human_route,casual,true,editor,Created in graph editor.,,
edge_user_0546,Metro Kingdom,subarea,CityWorldMainTowerStage::stage_change::main_enter::raw,CityWorldMainTowerStage::start,free,,human_route,casual,true,editor,Created in graph editor.,,
edge_user_0547,Metro Kingdom,subarea,CityWorldMainTowerStage::start,CityWorldMainTowerStage::stage_change::main_exit::raw,free,,human_route,casual,true,editor,Created in graph editor.,,
edge_user_0548,Metro Kingdom,overworld,CityWorldHomeStage::checkpoint::obj4904,CityWorldMainTowerStage::stage_change::main_enter::raw,free,,human_route,casual,true,editor,Created in graph editor.,,
edge_user_0555,Metro Kingdom,overworld,CityWorldHomeStage::entrance::main_enter::home_in,CityWorldHomeStage::checkpoint::obj4904,free,,human_route,casual,true,editor,Created in graph editor.,,
edge_user_0556,Metro Kingdom,overworld,CityWorldHomeStage::checkpoint::obj4904,CityWorldHomeStage::entrance::under001enter::home_in,Manhole,,human_route,casual,false,editor,Created in graph editor.,,
edge_user_0557,Metro Kingdom,overworld,CityWorldHomeStage::entrance::under001enter::home_in,CityWorldHomeStage::checkpoint::obj4904,free,,human_route,casual,false,editor,Reverse of edge_user_0556.,,
edge_user_0558,Metro Kingdom,subarea,CityWorldMainTowerStage::entrance::main_enter::sub_near,CityWorldMainTowerStage::entrance::main_exit::sub_far,free,,human_route,casual,true,editor,Created in graph editor.,,
edge_user_0559,Metro Kingdom,subarea,CityWorldSandSlotStage::entrance::Bonus::sub_near,CityWorldSandSlotStage::entrance::Bonus::sub_far,free,,human_route,casual,true,editor,Created in graph editor.,,
edge_user_0560,Metro Kingdom,subarea,Theater2DExStage::entrance::theater::sub_near,Theater2DExStage::entrance::theater::sub_far,free,,human_route,casual,true,editor,Created in graph editor.,,
edge_user_0561,Metro Kingdom,subarea,DonsukeExStage::entrance::donsuke::sub_near,DonsukeExStage::entrance::donsuke::sub_far,free,,human_route,casual,true,editor,Created in graph editor.,,
edge_user_0562,Metro Kingdom,subarea,Note2D3DRoomExStage::entrance::onpu::sub_far,Note2D3DRoomExStage::entrance::onpu::sub_near,free,,human_route,casual,true,editor,Created in graph editor.,,
edge_user_0563,Metro Kingdom,overworld,CityWorldHomeStage::entrance::car::home_in,CityWorldHomeStage::checkpoint::obj3994,free,,human_route,casual,true,editor,Created in graph editor.,,
edge_user_0564,Metro Kingdom,subarea,RadioControlExStage::entrance::car::sub_far,RadioControlExStage::entrance::car::sub_near,free,,human_route,casual,true,editor,Created in graph editor.,,
edge_user_0565,Metro Kingdom,subarea,CapRotatePackunExStage::entrance::kaitendokan::sub_near,CapRotatePackunExStage::entrance::kaitendokan::sub_far,free,,human_route,casual,true,editor,Created in graph editor.,,
edge_user_0566,Metro Kingdom,subarea,CityWorldFactoryStage::entrance::under001enter::sub_near,CityWorldFactory01Zone::start,free,,human_route,casual,true,editor,Created in graph editor.,,
edge_user_0567,Metro Kingdom,subarea,CityWorldFactoryStage::entrance::under001enter::sub_far,CityWorldFactoryStage::entrance::under001enter::sub_near,free,,human_route,casual,true,editor,Created in graph editor.,,
edge_user_0569,Metro Kingdom,subarea,ShootingCityExStage::place::new_place,ShootingCityExStage::entrance::taxi::sub_near,free,,human_route,casual,false,editor,Created in graph editor.,,
edge_user_0570,Metro Kingdom,subarea,PoleGrabCeilExStage::entrance::tenjo::sub_far,PoleGrabCeilExStage::entrance::tenjo::sub_near,free,,human_route,casual,true,editor,Created in graph editor.,,
edge_user_0267,Metro Kingdom,overworld,CityWorldHomeStage::checkpoint::obj5016,CityWorldHomeStage::place::new_place_3,(Vault & Dive) | ElectricWire,,human_route,advanced,false,editor,Created in graph editor.,"1,2,3,4,5",
edge_user_0297,Metro Kingdom,overworld,CityWorldHomeStage::checkpoint::obj5016,CityWorldHomeStage::entrance::gunsyudokan::home_out,(Vault & Dive & NeutralThrow),,human_route,advanced,true,editor,Created in graph editor.,"2,4,5",
edge_user_0305,Metro Kingdom,overworld,CityWorldHomeStage::checkpoint::obj5016,CityWorldHomeStage::entrance::bike::home_in,,,human_route,advanced,false,editor,Created in graph editor.,,
edge_user_0204,Metro Kingdom,overworld,CityWorldHomeStage::checkpoint::obj3996,CityWorldHomeStage::checkpoint::obj4904,free,,human_route,casual,false,editor,Reverse of edge_user_0198.,"2,4,5,6,7,8,9,10,11",
edge_user_0205,Metro Kingdom,overworld,CityWorldHomeStage::checkpoint::obj4904,CityWorldHomeStage::place::new_place,(ElectricWire & GroundPound) | (WallJump & GroundPound) | (WallJump & Vault & Dive & NeutralThrow) | (WallJump & Dive) | Climb | ElectricWire | Guidepost,,human_route,casual;casual;advanced;advanced;advanced;advanced;casual,false,editor,Created in graph editor.,,
edge_user_0265,Metro Kingdom,subarea,CityWorldMainTowerStage::start,CityWorldMainTowerStage::stage_change::main_exit::raw,,,human_route,casual,true,editor,Created in graph editor.,,
edge_user_0206,Metro Kingdom,overworld,CityWorldHomeStage::checkpoint::obj5016,CityWorldHomeStage::place::new_place_2,free,,human_route,casual,false,editor,Created in graph editor.,,
edge_user_0266,Metro Kingdom,overworld,CityWorldHomeStage::checkpoint::obj4904,CityWorldHomeStage::place::new_place_2,WallJump | ElectricWire | (Guidepost & Dive),,human_route,casual;casual;advanced,false,editor,Created in graph editor.,,
edge_user_0268,Metro Kingdom,overworld,CityWorldHomeStage::checkpoint::obj4904,CityWorldHomeStage::place::new_place_3,(HackFork & WallJump) | (Guidepost & HackFork) | (WallJump & Dive & Vault & HackFork),,human_route,casual;casual;advanced,true,editor,Created in graph editor.,"1,2,3,4,5",
edge_user_0269,Metro Kingdom,overworld,CityWorldHomeStage::checkpoint::obj5016,CityWorldHomeStage::place::new_place_4,GroundPound,,human_route,casual,false,editor,Created in graph editor.,,
edge_user_0270,Metro Kingdom,overworld,CityWorldHomeStage::checkpoint::obj4904,CityWorldHomeStage::place::new_place_4,(WallJump & GroundPound) | (ElectricWire & GroundPound) | (Guidepost & GroundPound),,human_route,casual,true,editor,Created in graph editor.,,
edge_user_0271,Metro Kingdom,overworld,CityWorldHomeStage::checkpoint::obj4904,CityWorldHomeStage::place::new_place_5,(ElectricWire & GroundPound) | (WallJump & GroundPound) | (ElectricWire & Dive) | (WallJump & Dive) | Guidepost,,human_route,casual;casual;advanced;advanced;casual,false,editor,Created in graph editor.,,
edge_user_0272,Metro Kingdom,overworld,CityWorldHomeStage::checkpoint::obj5016,CityWorldHomeStage::place::new_place_5,free,,human_route,casual,false,editor,Created in graph editor.,,
edge_user_0273,Metro Kingdom,overworld,CityWorldHomeStage::checkpoint::obj4904,CityWorldHomeStage::place::new_place_6,(ElectricWire & GroundPound & Backflip) | (ElectricWire & GroundPound & Dive) | (ElectricWire & GroundPound & GroundPoundJump) | (ElectricWire & GroundPound & SideFlip) | (ElectricWire & GroundPound & TripleJump) | (ElectricWire & GroundPound & Spin) | (ElectricWire & GroundPound & Vault) | (WallJump & GroundPound & Backflip) | (WallJump & GroundPound & Dive) | (WallJump & GroundPound & GroundPoundJump) | (WallJump & GroundPound & SideFlip) | (WallJump & GroundPound & Spin) | (WallJump & GroundPound & TripleJump) | (WallJump & GroundPound & Vault) | (ElectricWire & Vault & Dive) | (WallJump & Vault & Dive),,human_route,casual;advanced;casual;casual;casual;casual;casual;casual;casual;casual;casual;casual;casual;casual;advanced;advanced,false,editor,Created in graph editor.,"1,2,3,4,5",
edge_user_0274,Metro Kingdom,overworld,CityWorldHomeStage::checkpoint::obj5016,CityWorldHomeStage::place::new_place_6,Dive | Roll | LongJump | TripleJump | Vault | ElectricWire | KingdomAccess_Metro,,human_route,advanced;advanced;advanced;advanced;advanced;advanced;expert,false,editor,Created in graph editor.,,
edge_user_0275,Metro Kingdom,overworld,CityWorldHomeStage::checkpoint::obj5012,CityWorldHomeStage::place::new_place_7,ElectricWire,,human_route,casual,true,editor,Created in graph editor.,,
edge_user_0276,Metro Kingdom,overworld,CityWorldHomeStage::checkpoint::obj4904,CityWorldHomeStage::place::new_place_7,(Guidepost & Vault & Dive) | (Backflip & Vault & WallJump & Dive & NeutralThrow) | (GroundPoundJump & Vault & WallJump & Dive & NeutralThrow) | (SideFlip & Vault & Dive & WallJump & NeutralThrow) | (TripleJump & Vault & WallJump & Dive & NeutralThrow) | Guidepost,,human_route,advanced;advanced;advanced;advanced;advanced;casual,false,editor,Created in graph editor.,,
edge_user_0277,Metro Kingdom,overworld,CityWorldHomeStage::checkpoint::obj4904,CityWorldHomeStage::place::new_place_8,ElectricWire | WallJump | (TripleJump & Vault & Dive & NeutralThrow),,human_route,casual;casual;advanced,true,editor,Created in graph editor.,,
edge_user_0278,Metro Kingdom,overworld,CityWorldHomeStage::entrance::gragrareturn::home_out,CityWorldHomeStage::place::new_place_8,free,,human_route,casual,false,editor,Created in graph editor.,,
edge_user_0279,Metro Kingdom,overworld,CityWorldHomeStage::place::new_place_8,CityWorldHomeStage::entrance::gragrareturn::home_out,impossible,,human_route,casual,false,editor,Reverse of edge_user_0278.,,
edge_user_0280,Metro Kingdom,overworld,CityWorldHomeStage::checkpoint::obj5016,CityWorldHomeStage::place::new_place_8,free,,human_route,casual,false,editor,Created in graph editor.,,
edge_user_0281,Metro Kingdom,overworld,CityWorldHomeStage::start,CityWorldHomeStage::event::MoonRockActive_Metro,free,,human_route,casual,false,editor,Created in graph editor.,,
edge_user_0282,Metro Kingdom,overworld,CityWorldHomeStage::checkpoint::obj3994,CityWorldHomeStage::entrance::shop_corect::home_in,free,,human_route,casual,true,editor,Created in graph editor.,"1,2,4,5",
edge_user_0283,Metro Kingdom,overworld,CityWorldHomeStage::checkpoint::obj3994,CityWorldHomeStage::entrance::shop_coin::home_in,free,,human_route,casual,false,editor,Created in graph editor.,"1,2,4,5",
edge_user_0284,Metro Kingdom,overworld,CityWorldHomeStage::checkpoint::obj4904,CityWorldHomeStage::entrance::bike02::home_in,free,,human_route,casual,false,editor,Created in graph editor.,"2,4,5",
edge_user_0285,Metro Kingdom,overworld,CityWorldHomeStage::checkpoint::obj4904,CityWorldHomeStage::entrance::bike02return::home_out,impossible,,human_route,casual,false,editor,Created in graph editor.,,
edge_user_0286,Metro Kingdom,overworld,CityWorldHomeStage::entrance::bike02return::home_out,CityWorldHomeStage::checkpoint::obj4904,free,,human_route,casual,false,editor,Reverse of edge_user_0285.,"1,2,4,5",
edge_user_0287,Metro Kingdom,overworld,CityWorldHomeStage::checkpoint::obj4904,CityWorldHomeStage::entrance::Bonus::home_in,free,,human_route,casual,true,editor,Created in graph editor.,"2,4,5",
edge_user_0288,Metro Kingdom,overworld,CityWorldHomeStage::checkpoint::obj4904,CityWorldHomeStage::entrance::bou::home_in,free,,human_route,casual,false,editor,Created in graph editor.,"2,4,5",
edge_user_0289,Metro Kingdom,overworld,CityWorldHomeStage::checkpoint::obj4904,CityWorldHomeStage::entrance::boureturn::home_out,impossible,,human_route,casual,false,editor,Created in graph editor.,,
edge_user_0290,Metro Kingdom,overworld,CityWorldHomeStage::entrance::boureturn::home_out,CityWorldHomeStage::checkpoint::obj4904,free,,human_route,casual,false,editor,Reverse of edge_user_0289.,"1,2,4,5",
edge_user_0291,Metro Kingdom,overworld,CityWorldHomeStage::checkpoint::obj4904,CityWorldHomeStage::entrance::densen::home_in,free,,human_route,casual,false,editor,Created in graph editor.,"2,4,5",
edge_user_0292,Metro Kingdom,overworld,CityWorldHomeStage::checkpoint::obj4904,CityWorldHomeStage::entrance::densendokan::home_out,impossible,,human_route,casual,false,editor,Created in graph editor.,,
edge_user_0293,Metro Kingdom,overworld,CityWorldHomeStage::entrance::densendokan::home_out,CityWorldHomeStage::checkpoint::obj4904,free,,human_route,casual,false,editor,Reverse of edge_user_0292.,"2,4,5",
edge_user_0294,Metro Kingdom,overworld,CityWorldHomeStage::checkpoint::obj4000,CityWorldHomeStage::entrance::gunsyu::home_in,free,,human_route,casual,true,editor,Created in graph editor.,"2,4,5",
edge_user_0295,Metro Kingdom,overworld,CityWorldHomeStage::entrance::gunsyudokan::home_out,CityWorldHomeStage::entrance::tenjo::home_in,BazookaElectric,,human_route,casual,false,editor,Created in graph editor.,"2,4,5",
edge_user_0296,Metro Kingdom,overworld,CityWorldHomeStage::entrance::tenjo::home_in,CityWorldHomeStage::entrance::gunsyudokan::home_out,free,,human_route,casual,false,editor,Reverse of edge_user_0295.,"2,4,5",
edge_user_0298,Metro Kingdom,overworld,CityWorldHomeStage::checkpoint::obj4904,CityWorldHomeStage::entrance::gunsyudokan::home_out,Guidepost | (WallJump & HackFork) | ElectricWire,,human_route,casual;advanced;casual,true,editor,Created in graph editor.,"1,2,3,4,5;5;2,4,5",
edge_user_0299,Metro Kingdom,overworld,CityWorldHomeStage::checkpoint::obj3994,CityWorldHomeStage::entrance::kaitendokan::home_in,Manhole,,human_route,casual,false,editor,Created in graph editor.,"2,4,5",
edge_user_0300,Metro Kingdom,overworld,CityWorldHomeStage::checkpoint::obj3994,CityWorldHomeStage::entrance::onpu::home_in,free,,human_route,casual,true,editor,Created in graph editor.,"2,4,5",
edge_user_0301,Metro Kingdom,overworld,CityWorldHomeStage::checkpoint::obj4904,CityWorldHomeStage::entrance::theater::home_in,free,,human_route,casual,false,editor,Created in graph editor.,5,
edge_user_0302,Metro Kingdom,overworld,CityWorldHomeStage::checkpoint::obj4904,CityWorldHomeStage::entrance::bikereturn::home_out,impossible,,human_route,casual,false,editor,Created in graph editor.,,
edge_user_0303,Metro Kingdom,overworld,CityWorldHomeStage::entrance::bikereturn::home_out,CityWorldHomeStage::checkpoint::obj4904,free,,human_route,casual,false,editor,Reverse of edge_user_0302.,,
edge_user_0304,Metro Kingdom,overworld,CityWorldHomeStage::checkpoint::obj4904,CityWorldHomeStage::entrance::bike::home_in,Guidepost | Dive | (NeutralThrow & Vault) | WallJump | LedgeGrab | ElectricWire,,human_route,casual;advanced;advanced;advanced;advanced;casual,false,editor,Created in graph editor.,,
edge_user_0306,Metro Kingdom,overworld,CityWorldHomeStage::checkpoint::obj3996,CityWorldHomeStage::entrance::donsuke::home_in,free,,human_route,casual,true,editor,Created in graph editor.,,
edge_user_0307,Metro Kingdom,overworld,CityWorldHomeStage::checkpoint::obj3994,CityWorldHomeStage::entrance::taxi::home_in,Car,,human_route,casual,true,editor,Created in graph editor.,"2,4,5",
edge_user_0308,Metro Kingdom,overworld,CityWorldHomeStage::checkpoint::obj3994,CityWorldHomeStage::entrance::taxireturn::home_out,impossible,,human_route,casual,false,editor,Created in graph editor.,,
edge_user_0309,Metro Kingdom,overworld,CityWorldHomeStage::entrance::taxireturn::home_out,CityWorldHomeStage::checkpoint::obj3994,free,,human_route,casual,false,editor,Reverse of edge_user_0308.,,
edge_user_0310,Metro Kingdom,overworld,CityWorldHomeStage::stage_change::Come::raw,CityWorldHomeStage::checkpoint::obj14061,free,,human_route,casual,false,editor,Created in graph editor.,,
edge_user_0312,Metro Kingdom,subarea,ShootingCityExStage::entrance::taxi::sub_near,ShootingCityExStage::place::new_place,free,,human_route,casual,false,editor,Created in graph editor.,,
edge_user_0315,Metro Kingdom,subarea,ShootingCityExStage::place::new_place,ShootingCityExStage::entrance::taxi::sub_near,Car,,human_route,casual,false,editor,Reverse of edge_user_0312.,,
edge_user_0316,Metro Kingdom,subarea,ShootingCityExStage::entrance::taxireturn::sub_far,ShootingCityExStage::place::new_place,free,,human_route,casual,false,editor,Created in graph editor.,,
edge_user_0317,Metro Kingdom,subarea,ShootingCityExStage::place::new_place,ShootingCityExStage::entrance::taxireturn::sub_far,Car,,human_route,casual,false,editor,Reverse of edge_user_0316.,,
edge_user_0712,Metro Kingdom,overworld,CityWorldHomeStage::checkpoint::obj5016,CityWorldHomeStage::place::new_place_9,Tank,,human_route,casual,true,editor,Created in graph editor.,,
edge_user_0713,Metro Kingdom,overworld,CityWorldHomeStage::place::new_place_8,CityWorldHomeStage::checkpoint::obj5016,impossible,,human_route,casual,false,editor,Reverse of edge_user_0280.,,
edge_user_0714,Metro Kingdom,overworld,CityWorldHomeStage::entrance::bike::home_in,CityWorldHomeStage::checkpoint::obj5016,impossible,,human_route,advanced,false,editor,Reverse of edge_user_0305.,,
edge_user_0715,Metro Kingdom,overworld,CityWorldHomeStage::place::new_place_2,CityWorldHomeStage::checkpoint::obj5016,impossible,,human_route,casual,false,editor,Reverse of edge_user_0206.,,
edge_user_0716,Metro Kingdom,overworld,CityWorldHomeStage::checkpoint::obj3998,CityWorldHomeStage::checkpoint::obj5016,impossible,,human_route,advanced,false,editor,Reverse of edge_user_0201.,"2,4,5,6,7,8,9,10,11",
edge_user_0717,Metro Kingdom,overworld,CityWorldHomeStage::place::new_place_6,CityWorldHomeStage::checkpoint::obj5016,impossible,,human_route,advanced,false,editor,Reverse of edge_user_0274.,,
edge_user_0718,Metro Kingdom,overworld,CityWorldHomeStage::place::new_place_5,CityWorldHomeStage::checkpoint::obj5016,impossible,,human_route,casual,false,editor,Reverse of edge_user_0272.,,
edge_user_0719,Metro Kingdom,overworld,CityWorldHomeStage::checkpoint::obj4904,CityWorldHomeStage::place::new_place_9,free,,human_route,casual,true,editor,Created in graph editor.,"4,5",
edge_user_0340,Moon Kingdom,overworld,MoonWorldHomeStage::start,MoonWorldHomeStage::entrance::ddd::home_in,free,,human_route,casual,true,editor,Created in graph editor.,,
edge_user_0341,Moon Kingdom,overworld,MoonWorldHomeStage::start,MoonWorldHomeStage::entrance::dot00::home_in,free,,human_route,casual,true,editor,Created in graph editor.,,
edge_user_0342,Moon Kingdom,overworld,MoonWorldHomeStage::start,MoonWorldHomeStage::checkpoint::obj345,free,,human_route,casual,true,editor,Created in graph editor.,,
edge_user_0343,Moon Kingdom,overworld,MoonWorldHomeStage::checkpoint::obj345,MoonWorldHomeStage::event::MoonRockActive_Moon,free,,human_route,casual,true,editor,Created in graph editor.,,
edge_user_0344,Moon Kingdom,overworld,MoonWorldHomeStage::checkpoint::obj345,MoonWorldHomeStage::entrance::moon::home_in,WallJump,,human_route,casual,true,editor,Created in graph editor.,,
edge_user_0345,Moon Kingdom,overworld,MoonWorldHomeStage::checkpoint::obj345,MoonWorldHomeStage::checkpoint::obj1006,free,,human_route,casual,true,editor,Created in graph editor.,,
edge_user_0346,Moon Kingdom,overworld,MoonWorldHomeStage::checkpoint::obj1006,MoonWorldHomeStage::entrance::ggg::home_in,free,,human_route,casual,true,editor,Created in graph editor.,,
edge_user_0347,Moon Kingdom,overworld,MoonWorldHomeStage::checkpoint::obj1006,MoonWorldHomeStage::checkpoint::obj127,(GroundPoundJump & NeutralThrow & WallJump & Dive & Vault) | (Backflip & WallJump) | (GroundPoundJump & WallJump) | (WallJump & SideFlip) | (Spin & WallJump) | (TripleJump & WallJump) | (Vault & WallJump) | WallJump,,human_route,casual;advanced;advanced;advanced;advanced;advanced;advanced;expert,true,editor,Created in graph editor.,"1,2,3,4,5",
edge_user_0348,Moon Kingdom,overworld,MoonWorldHomeStage::checkpoint::obj127,MoonWorldHomeStage::checkpoint::obj1348,free,,human_route,casual,true,editor,Created in graph editor.,"2,3,4,5",
edge_user_0265,Moon Kingdom,overworld,MoonWorldHomeStage::start,MoonWorldHome2DZone::start,free,,human_route,casual,true,editor,Created in graph editor.,,
edge_user_0372,Moon Kingdom,overworld,MoonWorldHomeStage::checkpoint::obj1348,MoonWorldWeddingRoomZone::start,free,,human_route,casual,true,editor,Created in graph editor.,,
edge_user_0571,Moon Kingdom,overworld,MoonWorldHomeStage::checkpoint::obj1348,MoonWorldHomeStage::entrance::aaa::home_in,free,,human_route,casual,true,editor,Created in graph editor.,,
edge_user_0572,Moon Kingdom,overworld,MoonWorldHomeStage::checkpoint::obj1006,MoonWorldHomeStage::entrance::bbb::home_in,free,,human_route,casual,true,editor,Created in graph editor.,,
edge_user_0573,Moon Kingdom,subarea,Galaxy2DExStage::entrance::dot00::sub_near,Galaxy2DExStage::entrance::dot01::sub_far,free,,human_route,casual,true,editor,Created in graph editor.,,
edge_user_0574,Moon Kingdom,subarea,MoonWorldShopRoom::entrance::ddd::sub_near,MoonWorldShopRoom::entrance::ddd::sub_far,free,,human_route,casual,true,editor,Created in graph editor.,,
edge_user_0575,Moon Kingdom,subarea,MoonAthleticExStage::entrance::moon::sub_near,MoonAthleticExStage::entrance::moon_exit::sub_far,free,,human_route,casual,true,editor,Created in graph editor.,,
edge_user_0576,Moon Kingdom,subarea,MoonWorldBasement004Zone::start,MoonWorldBasementStage::start,free,,human_route,casual,true,editor,Created in graph editor.,,
edge_user_0577,Moon Kingdom,subarea,MoonWorldBasement004Zone::start,MoonWorldBasement003Zone::start,free,,human_route,casual,true,editor,Created in graph editor.,,
edge_user_0578,Moon Kingdom,subarea,MoonWorldBasement000Zone::start,MoonWorldBasement002Zone::start,free,,human_route,casual,true,editor,Created in graph editor.,,
edge_user_0579,Moon Kingdom,subarea,MoonWorldBasement001Zone::start,MoonWorldBasement002Zone::start,free,,human_route,casual,true,editor,Created in graph editor.,,
edge_user_0580,Moon Kingdom,subarea,MoonWorldBasement001Zone::start,MoonWorldBasement003Zone::start,free,,human_route,casual,true,editor,Created in graph editor.,,
edge_user_0581,Moon Kingdom,subarea,MoonWorldSphinxRoom::entrance::ggg::sub_near,MoonWorldSphinxRoom::entrance::ggg::sub_far,free,,human_route,casual,true,editor,Created in graph editor.,,
edge_user_0582,Moon Kingdom,subarea,MoonWorldCaptureParadeStage::entrance::bbb::sub_near,MoonWorldCaptureParadeLavaPillarZone::start,free,,human_route,casual,true,editor,Created in graph editor.,,
edge_user_0585,Moon Kingdom,subarea,MoonWorldCaptureParadeMeganeZone::start,MoonWorldCaptureParadeBullZone::start,(GroundPound & ElectricWire) | (Vault & WallJump & LedgeGrab & ElectricWire & NeutralThrow) | (ElectricWire & Vault & WallJump & Dive & NeutralThrow) | (TripleJump & Vault & Dive & NeutralThrow & ElectricWire),,human_route,casual;advanced;advanced;advanced,true,editor,Created in graph editor.,"1,2,3,4,5",
edge_user_0588,Moon Kingdom,subarea,MoonWorldWeddingRoomStage::entrance::aaa::sub_near,MoonWorldWeddingRoomZone::start,free,,human_route,casual,true,editor,Created in graph editor.,,
edge_user_0589,Moon Kingdom,subarea,MoonWorldWeddingRoomStage::entrance::aaa::sub_near,MoonWorldWeddingRoomStage::entrance::aaa::sub_far,free,,human_route,casual,true,editor,Created in graph editor.,,
edge_user_0438,Moon Kingdom,subarea,MoonWorldCaptureParadeLavaPillarZone::start,MoonWorldCaptureParadeLiftZone::start,(KaronWing & ElectricWire),,human_route,casual,true,editor,Created in graph editor.,,
edge_user_0439,Moon Kingdom,subarea,MoonWorldCaptureParadeLiftZone::start,MoonWorldCaptureParadeKillerZone::start,KingdomAccess_Moon | (GroundPound & HammerBros & Imomu) | Dive | (Backflip & LedgeGrab) | GroundPound | LongJump | (SideFlip & LedgeGrab) | TripleJump | Vault,,human_route,expert;casual;advanced;advanced;advanced;advanced;advanced;advanced;advanced,true,editor,Long Jump and Side Flip needs Life Up Heart,,
edge_user_0440,Moon Kingdom,subarea,MoonWorldCaptureParadeKillerZone::start,MoonWorldCaptureParadeMeganeZone::start,KillerMagnum | (Vault & WallJump & Dive & NeutralThrow & Killer) | (Vault & WallJump & LedgeGrab & NeutralThrow & Killer) | (Vault & WallJump & Dive & GroundPound & NeutralThrow),,human_route,casual;advanced;advanced;expert,true,editor,Anything without Banzai Bill requires Life Up Heart,,
edge_user_0441,Moon Kingdom,subarea,MoonWorldCaptureParadeBullZone::start,MoonWorldCaptureParadeStage::entrance::bbb::sub_far,(ElectricWire & BreedaWanwan),,human_route,casual,true,editor,Created in graph editor.,,
edge_user_0442,Moon Kingdom,subarea,MoonWorldCaptureParadeStage::entrance::bbb::sub_near,MoonWorldCaptureParadeLiftZone::start,(Vault & Dive & ElectricWire) | (Vault & ElectricWire),,human_route,advanced;expert,true,editor,Vault Expert option requires Life Up Heart,,
edge_user_0443,Moon Kingdom,subarea,MoonWorldCaptureParadeKillerZone::start,MoonWorldCaptureParadeBullZone::start,(KillerMagnum & ElectricWire) | (KillerMagnum & WallJump) | (Vault & WallJump & Dive & NeutralThrow & Killer & ElectricWire) | (Vault & WallJump & LedgeGrab & NeutralThrow & Killer),,human_route,advanced,true,editor,Created in graph editor.,,
edge_user_0444,Moon Kingdom,overworld,MoonWorldHomeStage::start,MoonWorldHomeStage::entrance::moon::home_in,(TripleJump & Vault & Dive & NeutralThrow) | (GroundPound & RollBoost & Vault & Dive & NeutralThrow),,human_route,advanced,true,editor,Created in graph editor.,,
edge_user_0445,Moon Kingdom,overworld,MoonWorldHomeStage::checkpoint::obj127,MoonWorldHomeStage::entrance::aaa::home_in,free,,human_route,casual,true,editor,Created in graph editor.,,
edge_user_0293,Mushroom Kingdom,overworld,PeachWorldHomeStage::start,PeachWorldHomeStage::checkpoint::obj162,free,,human_route,casual,true,editor,Created in graph editor.,,
edge_user_0304,Mushroom Kingdom,overworld,PeachWorldHomeStage::stage_change::Come::raw,PeachWorldHomeStage::checkpoint::obj1455,free,,human_route,casual,true,editor,Created in graph editor.,,
edge_user_0305,Mushroom Kingdom,overworld,PeachWorldHomeStage::checkpoint::obj1455,PeachWorldHomeStage::start,free,,human_route,casual,false,editor,Created in graph editor.,,
edge_user_0306,Mushroom Kingdom,overworld,PeachWorldHomeStage::start,PeachWorldHomeStage::stage_change::Go::raw,free,,human_route,casual,true,editor,Created in graph editor.,,
edge_user_0307,Mushroom Kingdom,overworld,PeachWorldHomeStage::start,PeachWorldHomeStage::checkpoint::obj1145,free,,human_route,casual,true,editor,Created in graph editor.,,
edge_user_0308,Mushroom Kingdom,overworld,PeachWorldHomeStage::checkpoint::obj1145,PeachWorldHomeStage::entrance::BossMagmaA::home_in,free,,human_route,casual,true,editor,Created in graph editor.,,
edge_user_0309,Mushroom Kingdom,overworld,PeachWorldHomeStage::checkpoint::obj1145,PeachWorldHomeStage::entrance::GiantWanderBossB::home_out,impossible,,human_route,casual,false,editor,Created in graph editor.,,
edge_user_0310,Mushroom Kingdom,overworld,PeachWorldHomeStage::checkpoint::obj1145,PeachWorldHomeStage::entrance::GiantWanderBossA::home_in,free,,human_route,casual,false,editor,Created in graph editor.,,
edge_user_0311,Mushroom Kingdom,overworld,PeachWorldHomeStage::checkpoint::obj1145,PeachWorldHomeStage::entrance::BossKnuckleA::home_in,free,,human_route,casual,true,editor,Created in graph editor.,,
edge_user_0312,Mushroom Kingdom,overworld,PeachWorldHomeStage::entrance::GiantWanderBossA::home_in,PeachWorldHomeStage::checkpoint::obj1145,free,,human_route,casual,false,editor,Reverse of edge_user_0310.,,
edge_user_0313,Mushroom Kingdom,overworld,PeachWorldHomeStage::checkpoint::obj162,PeachWorldHomeStage::entrance::PeachCastleGate::home_in,free,,human_route,casual,true,editor,Created in graph editor.,,
edge_user_0314,Mushroom Kingdom,overworld,PeachWorldHomeStage::checkpoint::obj162,PeachWorldHomeStage::entrance::PeachCastleGate::home_out,free,,human_route,casual,true,editor,Created in graph editor.,,
edge_user_0315,Mushroom Kingdom,overworld,PeachWorldHomeStage::checkpoint::obj162,PeachWorldHomeStage::entrance::BossForestA::home_in,Climb | (NeutralThrow & Vault & WallJump & Dive) | Yoshi,,human_route,casual;advanced;advanced,false,editor,Created in graph editor.,,
edge_user_0316,Mushroom Kingdom,overworld,PeachWorldHomeStage::checkpoint::obj162,PeachWorldHomeStage::entrance::CostumeEventWorldPeach::home_out,free,,human_route,casual,true,editor,Created in graph editor.,,
edge_user_0317,Mushroom Kingdom,overworld,PeachWorldHomeStage::checkpoint::obj162,PeachWorldHomeStage::entrance::CostumeEventWorldPeach::home_in,free,,human_route,casual,true,editor,Created in graph editor.,,
edge_user_0318,Mushroom Kingdom,overworld,PeachWorldHomeStage::checkpoint::obj162,PeachWorldHomeStage::entrance::BossRaidB::home_out,impossible,,human_route,casual,false,editor,Created in graph editor.,"1,2,3,4,5",
edge_user_0319,Mushroom Kingdom,overworld,PeachWorldHomeStage::entrance::BossRaidB::home_out,PeachWorldHomeStage::checkpoint::obj162,free,,human_route,casual,false,editor,Reverse of edge_user_0318.,"1,2,3,4,5",
edge_user_0320,Mushroom Kingdom,overworld,PeachWorldHomeStage::entrance::BossForestA::home_in,PeachWorldHomeStage::checkpoint::obj162,free,,human_route,casual,false,editor,Reverse of edge_user_0315.,,
edge_user_0321,Mushroom Kingdom,overworld,PeachWorldHomeStage::checkpoint::obj162,PeachWorldHomeStage::entrance::BossRaidA::home_in,Yoshi,,human_route,casual,false,editor,Created in graph editor.,,
edge_user_0322,Mushroom Kingdom,overworld,PeachWorldHomeStage::entrance::BossRaidA::home_in,PeachWorldHomeStage::checkpoint::obj162,free,,human_route,casual,false,editor,Reverse of edge_user_0321.,,
edge_user_0323,Mushroom Kingdom,overworld,PeachWorldHomeStage::checkpoint::obj162,PeachWorldHomeStage::checkpoint::obj1143,free,,human_route,casual,true,editor,Created in graph editor.,,
edge_user_0324,Mushroom Kingdom,overworld,PeachWorldHomeStage::start,PeachWorldHomeStage::entrance::PeachWorldShopA::home_out,free,,human_route,casual,true,editor,Created in graph editor.,,
edge_user_0325,Mushroom Kingdom,overworld,PeachWorldHomeStage::start,PeachWorldHomeStage::entrance::PeachWorldShopA::home_in,free,,human_route,casual,true,editor,Created in graph editor.,,
edge_user_0326,Mushroom Kingdom,overworld,PeachWorldHomeStage::start,PeachWorldHomeStage::entrance::MofumofuA::home_in,free,,human_route,casual,true,editor,Created in graph editor.,,
edge_user_0327,Mushroom Kingdom,overworld,PeachWorldHomeStage::checkpoint::obj1143,PeachWorldHomeStage::entrance::Fukuwarai2::home_in,BazookaElectric,,human_route,casual,false,editor,Created in graph editor.,,
edge_user_0328,Mushroom Kingdom,overworld,PeachWorldHomeStage::entrance::Fukuwarai2::home_in,PeachWorldHomeStage::checkpoint::obj1143,free,,human_route,casual,false,editor,Reverse of edge_user_0327.,,
edge_user_0329,Mushroom Kingdom,overworld,PeachWorldHomeStage::checkpoint::obj1143,PeachWorldHomeStage::entrance::Fukuwarai2::home_out,impossible,,human_route,casual,false,editor,Created in graph editor.,,
edge_user_0330,Mushroom Kingdom,overworld,PeachWorldHomeStage::entrance::Fukuwarai2::home_out,PeachWorldHomeStage::checkpoint::obj1143,free,,human_route,casual,false,editor,Reverse of edge_user_0329.,,
edge_user_0331,Mushroom Kingdom,overworld,PeachWorldHomeStage::start,PeachWorldHomeStage::entrance::PeachWorldEx1a::home_in,Yoshi,,human_route,casual,false,editor,Created in graph editor.,,
edge_user_0332,Mushroom Kingdom,overworld,PeachWorldHomeStage::entrance::PeachWorldEx1a::home_in,PeachWorldHomeStage::start,free,,human_route,casual,false,editor,Reverse of edge_user_0331.,,
edge_user_0333,Mushroom Kingdom,overworld,PeachWorldHomeStage::start,PeachWorldHomeStage::entrance::PeachWorldEx1a::home_out,free,,human_route,casual,false,editor,Created in graph editor.,,
edge_user_0334,Mushroom Kingdom,overworld,PeachWorldHomeStage::entrance::PeachWorldEx1a::home_out,PeachWorldHomeStage::start,Yoshi,,human_route,casual,false,editor,Reverse of edge_user_0333.,,
edge_user_0336,Mushroom Kingdom,overworld,PeachWorldHomeStage::checkpoint::obj1143,PeachWorldHomeStage::entrance::PeachWorldEx2a::home_out,free,,human_route,casual,true,editor,Created in graph editor.,,
edge_user_0337,Mushroom Kingdom,overworld,PeachWorldHomeStage::start,PeachWorldHomeStage::checkpoint::obj1455,impossible,,human_route,casual,false,editor,Reverse of edge_user_0305.,,
edge_user_0355,Mushroom Kingdom,subarea,PeachWorldPictureBossRaidStage::entrance::BossRaidB::sub_near,PeachWorldPictureBossRaidStage::entrance::BossRaidB::sub_far,free,,human_route,casual,true,editor,Created in graph editor.,,
edge_user_0357,Mushroom Kingdom,subarea,PeachWorldPictureBossRaidStage::entrance::BossRaidB::sub_near,PeachWorldPictureBossRaidStage::stage_change::BossRaidA::raw,free,,human_route,casual,true,editor,Created in graph editor.,,
edge_user_0359,Mushroom Kingdom,subarea,PeachWorldPictureBossRaidStage::stage_change::PictureBossRaid::raw,PeachWorldPictureBossRaidStage::entrance::BossRaidB::sub_near,free,,human_route,casual,true,editor,Created in graph editor.,,
edge_user_0360,Mushroom Kingdom,subarea,PeachWorldPictureMofumofuStage::entrance::MofumofuA::sub_near,PeachWorldPictureMofumofuStage::entrance::MofumofuA::sub_far,free,,human_route,casual,true,editor,Created in graph editor.,,
edge_user_0362,Mushroom Kingdom,subarea,PeachWorldPictureMofumofuStage::entrance::MofumofuA::sub_near,PeachWorldPictureMofumofuStage::stage_change::PictureMofumofu::raw,free,,human_route,casual,true,editor,Created in graph editor.,,
edge_user_0363,Mushroom Kingdom,subarea,PeachWorldPictureGiantWanderBossStage::entrance::GiantWanderBossB::sub_near,PeachWorldPictureGiantWanderBossStage::entrance::GiantWanderBossB::sub_far,free,,human_route,casual,true,editor,Created in graph editor.,,
edge_user_0365,Mushroom Kingdom,subarea,PeachWorldPictureGiantWanderBossStage::entrance::GiantWanderBossB::sub_near,PeachWorldPictureGiantWanderBossStage::stage_change::GiantWanderBossA::raw,free,,human_route,casual,true,editor,Created in graph editor.,,
edge_user_0367,Mushroom Kingdom,subarea,PeachWorldPictureGiantWanderBossStage::entrance::GiantWanderBossB::sub_near,PeachWorldPictureGiantWanderBossStage::stage_change::PictureGiantWanderBoss::raw,free,,human_route,casual,true,editor,Created in graph editor.,,
edge_user_0368,Mushroom Kingdom,subarea,PeachWorldPictureBossForestStage::entrance::BossForestA::sub_near,PeachWorldPictureBossForestStage::entrance::BossForestA::sub_far,free,,human_route,casual,true,editor,Created in graph editor.,,
edge_user_0369,Mushroom Kingdom,subarea,PeachWorldPictureBossForestStage::entrance::BossForestA::sub_near,PeachWorldPictureBossForestStage::stage_change::PictureBossForest::raw,free,,human_route,casual,true,editor,Created in graph editor.,,
edge_user_0447,Mushroom Kingdom,subarea,PeachWorldPictureBossRaidStage::entrance::PictureBossRaid::home_in,PeachWorldPictureBossRaidStage::entrance::BossRaidB::sub_near,free,,human_route,casual,true,editor,Created in graph editor.,,
edge_user_0448,Mushroom Kingdom,subarea,PeachWorldPictureMofumofuStage::entrance::PictureMofumofu::home_in,PeachWorldPictureMofumofuStage::entrance::MofumofuA::sub_near,free,,human_route,casual,true,editor,Created in graph editor.,,
edge_user_0449,Mushroom Kingdom,subarea,PeachWorldPictureGiantWanderBossStage::entrance::PictureGiantWanderBoss::home_in,PeachWorldPictureGiantWanderBossStage::entrance::GiantWanderBossB::sub_near,free,,human_route,casual,true,editor,Created in graph editor.,,
edge_user_0450,Mushroom Kingdom,subarea,PeachWorldPictureBossForestStage::entrance::PictureBossForest::home_in,PeachWorldPictureBossForestStage::entrance::BossForestA::sub_near,free,,human_route,casual,true,editor,Created in graph editor.,,
edge_user_0349,Mushroom Kingdom,subarea,PeachWorldPictureBossMagmaStage::entrance::BossMagmaA::sub_near,PeachWorldPictureBossMagmaStage::entrance::BossMagmaA::sub_far,free,,human_route,casual,true,editor,Created in graph editor.,,
edge_user_0351,Mushroom Kingdom,subarea,PeachWorldPictureBossMagmaStage::entrance::BossMagmaA::sub_far,PeachWorldPictureBossMagmaStage::stage_change::PictureBossMagma::raw,free,,human_route,casual,true,editor,Created in graph editor.,,
edge_user_0445,Mushroom Kingdom,subarea,PeachWorldPictureBossMagmaStage::entrance::PictureBossMagma::home_in,PeachWorldPictureBossMagmaStage::entrance::BossMagmaA::sub_near,free,,human_route,casual,true,editor,Created in graph editor.,,
edge_user_0352,Mushroom Kingdom,subarea,PeachWorldPictureBossKnuckleStage::entrance::BossKnuckleA::sub_near,PeachWorldPictureBossKnuckleStage::entrance::BossKnuckleA::sub_far,free,,human_route,casual,true,editor,Created in graph editor.,,
edge_user_0354,Mushroom Kingdom,subarea,PeachWorldPictureBossKnuckleStage::entrance::BossKnuckleA::sub_far,PeachWorldPictureBossKnuckleStage::stage_change::PictureBossKnuckle::raw,free,,human_route,casual,true,editor,Created in graph editor.,,
edge_user_0446,Mushroom Kingdom,subarea,PeachWorldPictureBossKnuckleStage::entrance::PictureBossKnuckle::home_in,PeachWorldPictureBossKnuckleStage::entrance::BossKnuckleA::sub_near,free,,human_route,casual,true,editor,Created in graph editor.,,
edge_user_0451,Mushroom Kingdom,overworld,PeachWorldHomeStage::entrance::GiantWanderBossB::home_out,PeachWorldHomeStage::checkpoint::obj1145,free,,human_route,casual,false,editor,Reverse of edge_user_0309.,,
edge_user_0452,Mushroom Kingdom,overworld,PeachWorldHomeStage::checkpoint::obj162,PeachWorldHomeStage::entrance::PeachWorldEx2a::home_in,free,,human_route,casual,true,editor,Created in graph editor.,,
edge_user_0464,Mushroom Kingdom,subarea,DotHardExStage::entrance::PeachWorldEx2a::sub_near,DotHardExStage::entrance::PeachWorldEx2a::sub_far,free,,human_route,casual,true,editor,Created in graph editor.,,
edge_user_0465,Mushroom Kingdom,subarea,PeachWorldCostumeStage::entrance::CostumeEventWorldPeach::sub_near,PeachWorldCostumeStage::entrance::CostumeEventWorldPeach::sub_far,free,,human_route,casual,true,editor,Created in graph editor.,,
edge_user_0549,Mushroom Kingdom,subarea,RevengeBossMagmaStage::entrance::PictureBossMagma::sub_near,RevengeBossMagmaStage::entrance::PictureBossMagma::sub_far,free,,human_route,casual,true,editor,Created in graph editor.,,
edge_user_0550,Mushroom Kingdom,subarea,PeachWorldShopStage::entrance::PeachWorldShopA::sub_near,PeachWorldShopStage::entrance::PeachWorldShopA::sub_far,free,,human_route,casual,true,editor,Created in graph editor.,,
edge_user_0551,Mushroom Kingdom,subarea,RevengeBossKnuckleStage::entrance::PictureBossKnuckle::sub_far,RevengeBossKnuckleStage::entrance::PictureBossKnuckle::sub_near,free,,human_route,casual,true,editor,Created in graph editor.,,
edge_user_0552,Mushroom Kingdom,subarea,RevengeBossRaidStage::entrance::PictureBossRaid::sub_near,RevengeBossRaidStage::entrance::PictureBossRaid::sub_far,free,,human_route,casual,false,editor,Created in graph editor.,,
edge_user_0553,Mushroom Kingdom,subarea,RevengeBossRaidStage::entrance::PictureBossRaid::sub_far,RevengeBossRaidStage::entrance::PictureBossRaid::sub_near,impossible,,human_route,casual,false,editor,Reverse of edge_user_0552.,,
edge_user_0554,Mushroom Kingdom,subarea,RevengeMofumofuStage::entrance::PictureMofumofu::sub_near,RevengeMofumofuStage::entrance::PictureMofumofu::sub_far,free,,human_route,casual,true,editor,Created in graph editor.,,
edge_user_0583,Mushroom Kingdom,subarea,RevengeGiantWanderBossStage::entrance::PictureGiantWanderBoss::sub_near,RevengeGiantWanderBossStage::entrance::PictureGiantWanderBoss::sub_far,free,,human_route,casual,false,editor,Created in graph editor.,,
edge_user_0584,Mushroom Kingdom,subarea,RevengeGiantWanderBossStage::entrance::PictureGiantWanderBoss::sub_far,RevengeGiantWanderBossStage::entrance::PictureGiantWanderBoss::sub_near,impossible,,human_route,casual,false,editor,Reverse of edge_user_0583.,,
edge_user_0586,Mushroom Kingdom,subarea,PeachWorldCastleStage::entrance::PeachCastleGate::sub_near,PeachWorldCastleStage::entrance::PeachCastleGate::sub_far,free,,human_route,casual,true,editor,Created in graph editor.,,
edge_user_0587,Mushroom Kingdom,subarea,FukuwaraiMarioStage::entrance::Fukuwarai2::sub_near,FukuwaraiMarioStage::entrance::Fukuwarai2::sub_far,BazookaElectric,,human_route,casual,true,editor,Created in graph editor.,,
edge_user_0590,Mushroom Kingdom,subarea,RevengeForestBossStage::entrance::PictureBossForest::sub_near,RevengeForestBossStage::entrance::PictureBossForest::sub_far,free,,human_route,casual,true,editor,Created in graph editor.,,
edge_user_0591,Mushroom Kingdom,subarea,YoshiCloudExStage::entrance::PeachWorldEx1a::sub_near,YoshiCloudExStage::entrance::PeachWorldEx1a::sub_far,free,,human_route,casual,true,editor,Created in graph editor.,,
edge_user_0072,Ruined Kingdom,subarea,BullRunExStage::entrance::BossRaidWorldMoonEx02_Enter::sub_near,BullRunExStage::entrance::BossRaidWorldMoonEx02_Exit::sub_far,free,,human_route,casual,false,editor,Created in graph editor.,,
edge_user_0073,Ruined Kingdom,subarea,BullRunExStage::entrance::BossRaidWorldMoonEx02_Exit::sub_far,BullRunExStage::entrance::BossRaidWorldMoonEx02_Enter::sub_near,WallJump | Vault | (Backflip & LedgeGrab) | Dive | Climb | (GroundPoundJump & LedgeGrab) | (SideFlip & LedgeGrab) | (Spin & LedgeGrab) | TripleJump,,human_route,casual,false,editor,Reverse of edge_user_0072.,,
edge_user_0606,Ruined Kingdom,overworld,BossRaidWorldHomeStage::start,BossRaidWorldHomeStage::place::new_place,ElectricWire,,human_route,casual,true,editor,Created in graph editor.,,
edge_user_0607,Ruined Kingdom,overworld,BossRaidWorldHomeStage::start,BossRaidWorldHomeStage::event::MoonRockActive_Ruined,free,,human_route,casual,true,editor,Created in graph editor.,,
edge_user_0608,Ruined Kingdom,overworld,BossRaidWorldHomeStage::start,BossRaidWorldHomeStage::entrance::BossRaidWorldMoonEx02_Enter::home_in,free,,human_route,casual,false,editor,Created in graph editor.,,
edge_user_0609,Ruined Kingdom,overworld,BossRaidWorldHomeStage::place::new_place,BossRaidWorldHomeStage::entrance::BossRaidWorldEx01_Eixt::home_in,BazookaElectric,,human_route,casual,false,editor,Created in graph editor.,"1,2,3,4,5",
edge_user_0610,Ruined Kingdom,overworld,BossRaidWorldHomeStage::entrance::BossRaidWorldEx01_Eixt::home_in,BossRaidWorldHomeStage::place::new_place,free,,human_route,casual,false,editor,Reverse of edge_user_0609.,"1,2,3,4,5",
edge_user_0611,Ruined Kingdom,subarea,DotTowerExStage::entrance::BossRaidWorldEx01_Eixt::sub_near,DotTowerExStage::entrance::BossRaidWorldEx01_Eixt::sub_far,BazookaElectric,,human_route,casual,true,editor,Created in graph editor.,,
edge_user_0373,Ruined Kingdom,overworld,BossRaidWorldHomeStage::start,BossRaidWorldHomeStage::entrance::BossRaidWorldMoonEx02_Exit::home_out,impossible,,human_route,casual,false,editor,Created in graph editor.,,
edge_user_0374,Ruined Kingdom,overworld,BossRaidWorldHomeStage::entrance::BossRaidWorldMoonEx02_Exit::home_out,BossRaidWorldHomeStage::start,free,,human_route,casual,false,editor,Reverse of edge_user_0373.,,
edge_user_0711,Ruined Kingdom,overworld,BossRaidWorldHomeStage::entrance::BossRaidWorldMoonEx02_Enter::home_in,BossRaidWorldHomeStage::start,,,human_route,casual,false,editor,Reverse of edge_user_0372.,"1,2,3,4,5",
edge_user_0011,Sand Kingdom,subarea,SandWorldKillerExStage::entrance::doukutu1::sub_near,SandWorldKillerExStage::entrance::doukutu2::sub_far,Killer,,human_route,casual,false,editor,Created in graph editor.,"1,2,3,4,5",
edge_user_0012,Sand Kingdom,subarea,SandWorldKillerExStage::entrance::doukutu2::sub_far,SandWorldKillerExStage::entrance::doukutu1::sub_near,impossible,,human_route,casual,false,editor,Reverse of edge_user_0011.,,
edge_user_0013,Sand Kingdom,subarea,SandWorldShopStage::entrance::bar1::sub_near,SandWorldShopStage::entrance::bar2::sub_near,impossible,,human_route,casual,false,editor,Created in graph editor.,,
edge_user_0014,Sand Kingdom,subarea,SandWorldShopStage::entrance::bar2::sub_near,SandWorldShopStage::entrance::bar1::sub_near,impossible,,human_route,casual,false,editor,Reverse of edge_user_0013.,,
edge_user_0015,Sand Kingdom,subarea,WaterTubeExStage::entrance::EX_2DHosui::sub_near,WaterTubeExStage::entrance::EX_2DHosui_Exit::sub_far,Hosui,,human_route,casual,false,editor,Created in graph editor.,,
edge_user_0016,Sand Kingdom,subarea,WaterTubeExStage::entrance::EX_2DHosui_Exit::sub_far,WaterTubeExStage::entrance::EX_2DHosui::sub_near,impossible,,human_route,casual,false,editor,Reverse of edge_user_0015.,,
edge_user_0017,Sand Kingdom,subarea,SandWorldPressExStage::entrance::arijigoku::sub_near,SandWorldPressExStage::entrance::arijigoku2::sub_far,free,,human_route,casual,true,editor,Created in graph editor.,,
edge_user_0701,Sand Kingdom,subarea,SandWorldPressExStage::entrance::arijigoku::sub_near,SandWorldPressExStage::entrance::arijigoku1::sub_far,free,,human_route,casual,true,editor,Ceiling drop lands in the same chamber as the start pipe; they are one coupled interface.,,
edge_user_0018,Sand Kingdom,subarea,SandWorldSphinxExStage::entrance::run00::sub_near,SandWorldSphinxExStage::entrance::aaa::sub_near,free,,human_route,casual,false,editor,Created in graph editor.,,
edge_user_0019,Sand Kingdom,subarea,SandWorldSphinxExStage::entrance::aaa::sub_near,SandWorldSphinxExStage::entrance::run00::sub_near,impossible,,human_route,casual,false,editor,Reverse of edge_user_0018.,,
edge_user_0020,Sand Kingdom,subarea,SandWorldSphinxExStage::entrance::aaa::sub_near,SandWorldSphinxExStage::entrance::run00return::sub_far,free,,human_route,casual,false,editor,Created in graph editor.,,
edge_user_0021,Sand Kingdom,subarea,SandWorldSphinxExStage::entrance::run00return::sub_far,SandWorldSphinxExStage::entrance::aaa::sub_near,impossible,,human_route,casual,false,editor,Reverse of edge_user_0020.,,
edge_user_0024,Sand Kingdom,subarea,MeganeLiftExStage::entrance::meganelift01::sub_near,MeganeLiftExStage::entrance::meganelift02::sub_far,free,,human_route,casual,false,editor,Created in graph editor.,,
edge_user_0025,Sand Kingdom,subarea,MeganeLiftExStage::entrance::meganelift02::sub_far,MeganeLiftExStage::entrance::meganelift01::sub_near,free,,human_route,expert,false,editor,Reverse of edge_user_0024.,,
edge_user_0053,Sand Kingdom,subarea,SandWorldRotateExStage::entrance::birureturn::sub_far,SandWorldRotateExStage::place::new_place,free,,human_route,casual,false,editor,Created in graph editor.,,
edge_user_0078,Sand Kingdom,subarea,SandWorldRotateExStage::place::new_place,SandWorldRotateExStage::entrance::birureturn::sub_far,BazookaElectric,,human_route,casual,false,editor,Reverse of edge_user_0053.,,
edge_user_0022,Sand Kingdom,subarea,SandWorldRotateExStage::entrance::biru::sub_near,SandWorldRotateExStage::place::new_place,free,,human_route,casual,false,editor,Created in graph editor.,,
edge_user_0023,Sand Kingdom,subarea,SandWorldRotateExStage::place::new_place,SandWorldRotateExStage::entrance::biru::sub_near,BazookaElectric,,human_route,casual,false,editor,Reverse of edge_user_0022.,,
edge_user_0079,Sand Kingdom,subarea,SandWorldMeganeExStage::entrance::anki2::sub_near,SandWorldMeganeExStage::entrance::wall::sub_near,free,,human_route,casual,true,editor,Created in graph editor.,,
edge_user_0127,Sand Kingdom,overworld,SandWorldHomeStage::start,SandWorldHomeStage::checkpoint::obj655,free,,human_route,casual,true,editor,Created in graph editor.,,
edge_user_0128,Sand Kingdom,overworld,SandWorldHomeStage::checkpoint::obj655,SandWorldHomeStage::checkpoint::obj99,free,,human_route,casual,true,editor,Created in graph editor.,,
edge_user_0129,Sand Kingdom,overworld,SandWorldHomeStage::checkpoint::obj99,SandWorldHomeStage::checkpoint::obj98,free,,human_route,casual,true,editor,Created in graph editor.,,
edge_user_0130,Sand Kingdom,overworld,SandWorldHomeStage::checkpoint::obj98,SandWorldHomeStage::checkpoint::obj525,free,,human_route,casual,true,editor,Created in graph editor.,,
edge_user_0131,Sand Kingdom,overworld,SandWorldHomeStage::checkpoint::obj525,SandWorldHomeStage::checkpoint::obj1511,free,,human_route,casual,true,editor,Created in graph editor.,,
edge_user_0132,Sand Kingdom,overworld,SandWorldHomeStage::checkpoint::obj525,SandWorldHomeStage::checkpoint::obj1595,free,,human_route,casual,true,editor,Created in graph editor.,,
edge_user_0133,Sand Kingdom,overworld,SandWorldHomeStage::checkpoint::obj5575,SandWorldHomeStage::checkpoint::obj655,free,,human_route,casual,false,editor,Created in graph editor.,,
edge_user_0134,Sand Kingdom,overworld,SandWorldHomeStage::checkpoint::obj655,SandWorldHomeStage::checkpoint::obj5575,impossible,,human_route,casual,false,editor,Reverse of edge_user_0133.,,
edge_user_0135,Sand Kingdom,overworld,SandWorldHomeStage::checkpoint::obj655,SandWorldHomeStage::checkpoint::obj1597,free,,human_route,casual,true,editor,Created in graph editor.,,
edge_user_0136,Sand Kingdom,overworld,SandWorldHomeStage::checkpoint::obj98,SandWorldHomeStage::checkpoint::obj530,(Killer & WallJump & Dive) | (WallJump & Dive),,human_route,advanced;expert,false,editor,Created in graph editor.,,
edge_user_0179,Sand Kingdom,overworld,SandWorldHomeStage::checkpoint::obj525,SandWorldHomeStage::checkpoint::obj530,Kakku,,human_route,casual,true,editor,Created in graph editor.,"3,4,5,6,7",
edge_user_0180,Sand Kingdom,overworld,SandWorldHomeStage::checkpoint::obj530,SandWorldHomeStage::checkpoint::obj98,free,,human_route,casual,false,editor,Reverse of edge_user_0136.,,
edge_user_0126,Sand Kingdom,overworld,SandWorldHomeStage::checkpoint::obj655,SandWorldHomeStage::entrance::bar2::home_in,Crouch,,human_route,casual,true,editor,Created in graph editor.,,
edge_user_0212,Sand Kingdom,overworld,SandWorldHomeStage::checkpoint::obj655,SandWorldHomeStage::entrance::town::home_in,free,,human_route,casual,true,editor,Created in graph editor.,,
edge_user_0213,Sand Kingdom,overworld,SandWorldHomeStage::checkpoint::obj655,SandWorldHomeStage::entrance::bar1::home_in,free,,human_route,casual,true,editor,Created in graph editor.,,
edge_user_0214,Sand Kingdom,overworld,SandWorldHomeStage::checkpoint::obj655,SandWorldHomeStage::entrance::abc::home_in,free,,human_route,casual,true,editor,Created in graph editor.,,
edge_user_0215,Sand Kingdom,overworld,SandWorldHomeStage::checkpoint::obj655,SandWorldHomeStage::entrance::shindo::home_in,free,,human_route,casual,true,editor,Created in graph editor.,,
edge_user_0216,Sand Kingdom,overworld,SandWorldHomeStage::checkpoint::obj655,SandWorldHomeStage::entrance::biru::home_in,BazookaElectric,,human_route,casual,true,editor,Created in graph editor.,"3,4,5",
edge_user_0217,Sand Kingdom,overworld,SandWorldHomeStage::checkpoint::obj655,SandWorldHomeStage::entrance::birureturn::home_out,free,,human_route,casual,false,editor,Created in graph editor.,,
edge_user_0218,Sand Kingdom,overworld,SandWorldHomeStage::entrance::birureturn::home_out,SandWorldHomeStage::checkpoint::obj655,impossible,,human_route,casual,false,editor,Reverse of edge_user_0217.,,
edge_user_0219,Sand Kingdom,overworld,SandWorldHomeStage::checkpoint::obj530,SandWorldHomeStage::entrance::aaa::home_in,free,,human_route,casual,false,editor,Created in graph editor.,,
edge_user_0220,Sand Kingdom,overworld,SandWorldHomeStage::checkpoint::obj98,SandWorldHomeStage::entrance::run00::home_in,impossible,,human_route,casual,false,editor,Created in graph editor.,,
edge_user_0221,Sand Kingdom,overworld,SandWorldHomeStage::entrance::run00::home_in,SandWorldHomeStage::checkpoint::obj98,free,,human_route,casual,false,editor,Reverse of edge_user_0220.,,
edge_user_0222,Sand Kingdom,overworld,SandWorldHomeStage::checkpoint::obj655,SandWorldHomeStage::entrance::wall::home_in,free,,human_route,casual,true,editor,Created in graph editor.,5,
edge_user_0223,Sand Kingdom,overworld,SandWorldHomeStage::checkpoint::obj655,SandWorldHomeStage::entrance::anki2::home_in,impossible,,human_route,casual,false,editor,Created in graph editor.,,
edge_user_0224,Sand Kingdom,overworld,SandWorldHomeStage::entrance::anki2::home_in,SandWorldHomeStage::checkpoint::obj655,free,,human_route,casual,false,editor,Reverse of edge_user_0223.,,
edge_user_0225,Sand Kingdom,overworld,SandWorldHomeStage::checkpoint::obj1595,SandWorldHomeStage::entrance::doukutu1::home_in,free,,human_route,casual,true,editor,Created in graph editor.,,
edge_user_0226,Sand Kingdom,overworld,SandWorldHomeStage::checkpoint::obj1595,SandWorldHomeStage::entrance::doukutu2::home_out,impossible,,human_route,casual,false,editor,Created in graph editor.,,
edge_user_0227,Sand Kingdom,overworld,SandWorldHomeStage::entrance::doukutu2::home_out,SandWorldHomeStage::checkpoint::obj1595,free,,human_route,casual,false,editor,Reverse of edge_user_0226.,,
edge_user_0228,Sand Kingdom,overworld,SandWorldHomeStage::checkpoint::obj98,SandWorldHomeStage::entrance::hide::home_in,free,,human_route,casual,true,editor,Created in graph editor.,,
edge_user_0229,Sand Kingdom,overworld,SandWorldHomeStage::checkpoint::obj1595,SandWorldHomeStage::entrance::meganelift01::home_in,free,,human_route,casual,true,editor,Created in graph editor.,,
edge_user_0230,Sand Kingdom,overworld,SandWorldHomeStage::checkpoint::obj1595,SandWorldHomeStage::entrance::meganelift02::home_out,impossible,,human_route,casual,false,editor,Created in graph editor.,,
edge_user_0231,Sand Kingdom,overworld,SandWorldHomeStage::entrance::meganelift02::home_out,SandWorldHomeStage::checkpoint::obj1595,free,,human_route,casual,false,editor,Reverse of edge_user_0230.,,
edge_user_0232,Sand Kingdom,overworld,SandWorldHomeStage::checkpoint::obj98,SandWorldHomeStage::entrance::EX_2DHosui::home_in,free,,human_route,casual,true,editor,Created in graph editor.,5,
edge_user_0233,Sand Kingdom,overworld,SandWorldHomeStage::checkpoint::obj98,SandWorldHomeStage::entrance::EX_2DHosui_Exit::home_out,impossible,,human_route,casual,false,editor,Created in graph editor.,,
edge_user_0234,Sand Kingdom,overworld,SandWorldHomeStage::entrance::EX_2DHosui_Exit::home_out,SandWorldHomeStage::checkpoint::obj98,free,,human_route,casual,false,editor,Reverse of edge_user_0233.,,
edge_user_0235,Sand Kingdom,overworld,SandWorldHomeStage::checkpoint::obj99,SandWorldHomeStage::entrance::rocket::home_in,free,,human_route,casual,true,editor,Created in graph editor.,5,
edge_user_0237,Sand Kingdom,overworld,SandWorldHomeStage::entrance::arijigoku2::home_out,SandWorldHomeStage::checkpoint::obj530,free,,human_route,casual,false,editor,Created in graph editor.,,
edge_user_0238,Sand Kingdom,overworld,SandWorldHomeStage::checkpoint::obj530,SandWorldHomeStage::entrance::arijigoku2::home_out,impossible,,human_route,casual,false,editor,Reverse of edge_user_0237.,,
edge_user_0239,Sand Kingdom,overworld,SandWorldHomeStage::checkpoint::obj525,SandWorldHomeStage::place::new_place_3,Kakku | Killer,,human_route,casual;advanced,true,editor,Created in graph editor.,"3,4,5;1,2,3,4,5",
edge_user_0240,Sand Kingdom,overworld,SandWorldHomeStage::place::new_place_2,SandWorldHomeStage::place::new_place_3,(Vault & Dive & NeutralThrow) | KingdomAccess_Sand,,human_route,advanced;casual,true,editor,Created in graph editor.,"1;3,4,5",
edge_user_0241,Sand Kingdom,overworld,SandWorldHomeStage::checkpoint::obj525,SandWorldHomeStage::place::new_place_2,ElectricWire,,human_route,casual,true,editor,Created in graph editor.,"3,4,5",
edge_user_0242,Sand Kingdom,overworld,SandWorldHomeStage::place::new_place_2,SandWorldHomeStage::checkpoint::obj530,(GroundPound & RollBoost & Vault & Dive & NeutralThrow),,human_route,expert,true,editor,Created in graph editor.,"1,3,4,5",
edge_user_0243,Sand Kingdom,overworld,SandWorldHomeStage::checkpoint::obj1595,SandWorldHomeStage::place::new_place_4,ElectricWire,,human_route,casual,true,editor,Created in graph editor.,"3,4,5",
edge_user_0244,Sand Kingdom,overworld,SandWorldHomeStage::place::new_place_2,SandWorldHomeStage::place::new_place_4,(TripleJump & Vault & Dive & NeutralThrow) | (GroundPound & RollBoost & Vault & Dive & NeutralThrow),,human_route,casual,true,editor,Created in graph editor.,"3,4,5",
edge_user_0245,Sand Kingdom,overworld,SandWorldHomeStage::checkpoint::obj1595,SandWorldHomeStage::place::new_place,NeutralThrow | UpThrow | SpinThrow,,human_route,casual,true,editor,Created in graph editor.,"5;1,2,3,4,5;1,2,3,4,5",
edge_user_0246,Sand Kingdom,overworld,SandWorldHomeStage::entrance::doukutu2::home_out,SandWorldHomeStage::place::new_place,DownThrow,,human_route,casual,false,editor,Created in graph editor.,5,
edge_user_0247,Sand Kingdom,overworld,SandWorldHomeStage::place::new_place_2,SandWorldHomeStage::place::new_place,(ElectricWire & DownThrow),,human_route,casual,true,editor,Created in graph editor.,5,
edge_user_0248,Sand Kingdom,overworld,SandWorldHomeStage::checkpoint::obj655,SandWorldHomeStage::event::MoonRockActive_Sand,free,,human_route,casual,true,editor,Created in graph editor.,,
edge_user_0249,Sand Kingdom,overworld,SandWorldHomeStage::entrance::doukutu2::home_out,SandWorldHomeStage::place::new_place_5,free,,human_route,casual,false,editor,Created in graph editor.,,
edge_user_0250,Sand Kingdom,overworld,SandWorldHomeStage::place::new_place_5,SandWorldHomeStage::entrance::doukutu2::home_out,impossible,,human_route,casual,false,editor,Reverse of edge_user_0249.,,
edge_user_0251,Sand Kingdom,overworld,SandWorldHomeStage::place::new_place,SandWorldHomeStage::entrance::doukutu2::home_out,impossible,,human_route,casual,false,editor,Reverse of edge_user_0246.,5,
edge_user_0252,Sand Kingdom,overworld,SandWorldHomeStage::place::new_place_2,SandWorldHomeStage::place::new_place_5,ElectricWire,,human_route,casual,true,editor,Created in graph editor.,"3,4,5",
edge_user_0253,Sand Kingdom,overworld,SandWorldHomeStage::checkpoint::obj1595,SandWorldHomeStage::place::new_place_5,Dive | (Vault & LedgeGrab) | (Vault & WallJump),,human_route,advanced;advanced;casual,true,editor,Created in graph editor.,,
edge_user_0026,Sand Kingdom,overworld,SandWorldHomeStage::stage_change::Come::raw,SandWorldHomeStage::checkpoint::obj5575,free,,human_route,casual,true,editor,Created in graph editor.,,
edge_user_0027,Sand Kingdom,overworld,SandWorldHomeStage::checkpoint::obj98,SandWorldHomeStage::stage_change::Go::raw,free,,human_route,casual,true,editor,Created in graph editor.,,
edge_user_0350,Sand Kingdom,overworld,SandWorldHomeStage::checkpoint::obj525,SandWorldHomeStage::entrance::pyramid01::home_in,free,,human_route,casual,true,editor,Created in graph editor.,"1,3,4,5",
edge_user_0351,Sand Kingdom,overworld,SandWorldHomeStage::place::new_place_2,SandWorldHomeStage::entrance::pyramid04::home_in,free,,human_route,casual,true,editor,Created in graph editor.,,
edge_user_0352,Sand Kingdom,overworld,SandWorldHomeStage::checkpoint::obj525,SandWorldHomeStage::entrance::Under01::home_in,free,,human_route,casual,true,editor,Created in graph editor.,,
edge_user_0353,Sand Kingdom,overworld,SandWorldHomeStage::checkpoint::obj525,SandWorldHomeStage::entrance::Out::home_in,free,,human_route,casual,true,editor,Created in graph editor.,"3,4,5",
edge_user_0354,Sand Kingdom,overworld,SandWorldHomeStage::checkpoint::obj98,SandWorldKillerTowerZone::start,free,,human_route,casual,true,editor,Created in graph editor.,,
edge_user_0355,Sand Kingdom,subarea,RocketFlowerExStage::entrance::rocket::sub_near,RocketFlowerExStage::entrance::rocket::sub_far,free,,human_route,casual,true,editor,Created in graph editor.,,
edge_user_0356,Sand Kingdom,subarea,SandWorldCostumeStage::entrance::abc::sub_near,SandWorldCostumeStage::entrance::abc::sub_far,free,,human_route,casual,true,editor,Created in graph editor.,,
edge_user_0357,Sand Kingdom,subarea,SandWorldUnderground001Stage::entrance::Yadokari00::sub_near,SandWorldUnderground001Stage::place::new_place,free,,human_route,casual,true,editor,Created in graph editor.,,
edge_user_0358,Sand Kingdom,subarea,SandWorldUnderground001Stage::entrance::Yadokari00::sub_far,SandWorldUnderground001Stage::place::new_place,free,,human_route,casual,true,editor,Created in graph editor.,,
edge_user_0359,Sand Kingdom,subarea,SandWorldUnderground001Stage::entrance::Out::sub_near,SandWorldUnderground001Stage::entrance::Out::sub_far,free,,human_route,casual,true,editor,Created in graph editor.,,
edge_user_0360,Sand Kingdom,subarea,SandWorldUnderground001Stage::place::new_place,SandWorldUnderground001Stage::entrance::Out::sub_far,Killer,,human_route,casual,false,editor,Created in graph editor.,,
edge_user_0361,Sand Kingdom,subarea,SandWorldUnderground001Stage::entrance::Out::sub_far,SandWorldUnderground001Stage::place::new_place,free,,human_route,casual,false,editor,Reverse of edge_user_0360.,,
edge_user_0363,Sand Kingdom,subarea,SandWorldUnderground000Stage::entrance::Under01::sub_near,SandWorldUnderground000Stage::place::new_place,free,,human_route,casual,false,editor,Created in graph editor.,,
edge_user_0364,Sand Kingdom,subarea,SandWorldUnderground000Stage::place::new_place,SandWorldUnderground000Stage::entrance::Under01::sub_near,impossible,,human_route,casual,false,editor,Reverse of edge_user_0363.,,
edge_user_0365,Sand Kingdom,subarea,SandWorldUnderground000Stage::entrance::Under01::sub_far,SandWorldUnderground000Stage::place::new_place,free,,human_route,casual,true,editor,Created in graph editor.,,
edge_user_0366,Sand Kingdom,subarea,SandWorldUnderground000Stage::place::new_place,SandWorldUnderground000Stage::place::new_place_2,Killer,,human_route,casual,true,editor,Created in graph editor.,,
edge_user_0367,Sand Kingdom,subarea,SandWorldUnderground000Stage::place::new_place_2,SandWorldUnderground000Stage::entrance::Yadokari00::home_in,free,,human_route,casual,true,editor,Created in graph editor.,,
edge_user_0614,Sand Kingdom,overworld,SandWorldHomeStage::checkpoint::obj98,SandWorldHomeStage::entrance::arijigoku::home_in,free,,human_route,casual,true,editor,Created in graph editor.,,
edge_user_0616,Sand Kingdom,overworld,SandWorldHomeStage::checkpoint::obj655,SandWorldHomeStage::entrance::aaa::home_in,free,,human_route,casual,true,editor,Created in graph editor.,"2,3,4,5",
edge_user_0618,Sand Kingdom,overworld,SandWorldHomeStage::entrance::aaa::home_in,SandWorldHomeStage::checkpoint::obj530,impossible,,human_route,casual,false,editor,Reverse of edge_user_0219.,,
edge_user_0375,Sand Kingdom,overworld,SandWorldHomeStage::checkpoint::obj530,SandWorldHomeStage::place::new_place_6,free,,human_route,casual,false,editor,Created in graph editor.,,
edge_user_0376,Sand Kingdom,overworld,SandWorldHomeStage::checkpoint::obj655,SandWorldHomeStage::place::new_place_6,free,,human_route,casual,false,editor,Created in graph editor.,"2,3,4,5",
edge_user_0379,Sand Kingdom,overworld,SandWorldHomeStage::place::new_place_6,SandWorldHomeStage::entrance::run00return::home_in,free,,human_route,casual,false,editor,Created in graph editor.,,
edge_user_0380,Sand Kingdom,overworld,SandWorldHomeStage::place::new_place_6,SandWorldHomeStage::checkpoint::obj530,impossible,,human_route,casual,false,editor,Reverse of edge_user_0375.,,
edge_user_0615,Sand Kingdom,subarea,SandWorldMeganeExStage::entrance::wall::sub_near,SandWorldMeganeExStage::entrance::wall::sub_far,free,,human_route,casual,false,editor,Created in graph editor.,,
edge_user_0617,Sand Kingdom,subarea,SandWorldMeganeExStage::entrance::wall::sub_far,SandWorldMeganeExStage::entrance::wall::sub_near,NeutralThrow,,human_route,expert,false,editor,Reverse of edge_user_0615.,,
edge_user_0722,Sand Kingdom,subarea,SandWorldKillerExStage::entrance::doukutu1::sub_near,SandWorldKillerExStage::place::new_place,(Backflip & WallJump) | (WallJump & LedgeGrab) | (WallJump & Dive) | (GroundPoundJump & Dive) | (GroundPoundJump & WallJump) | (SideFlip & Dive) | (SideFlip & WallJump) | (Backflip & Dive) | (Spin & WallJump) | (Spin & Dive) | (TripleJump & Dive) | (TripleJump & WallJump) | (Vault & Dive & NeutralThrow) | (Vault & Backflip & NeutralThrow) | (Vault & SideFlip & NeutralThrow) | (Vault & LedgeGrab & NeutralThrow) | (TripleJump & LedgeGrab) | (TripleJump & Vault & NeutralThrow) | (Vault & WallJump & NeutralThrow) | (Vault & Dive & UpThrow) | (Vault & Backflip & UpThrow) | (Vault & SideFlip & UpThrow) | (Vault & LedgeGrab & UpThrow) | (TripleJump & Vault & UpThrow) | (Vault & WallJump & UpThrow),,human_route,advanced,false,editor,Created in graph editor.,,
edge_user_0723,Sand Kingdom,subarea,SandWorldKillerExStage::entrance::doukutu1::sub_near,SandWorldKillerExStage::place::new_place_2,Killer,,human_route,casual,true,editor,Created in graph editor.,,
edge_user_0724,Sand Kingdom,subarea,SandWorldKillerExStage::place::new_place,SandWorldKillerExStage::entrance::doukutu1::sub_near,free,,human_route,advanced,false,editor,Reverse of edge_user_0722.,,
edge_user_0725,Sand Kingdom,subarea,SandWorldKillerExStage::entrance::doukutu2::sub_far,SandWorldKillerExStage::place::new_place,Backflip | Dive | GroundPoundJump | LedgeGrab | SideFlip | Spin | TripleJump | Vault | WallJump,,human_route,advanced,false,editor,Created in graph editor.,,
edge_user_0726,Sand Kingdom,subarea,SandWorldKillerExStage::place::new_place,SandWorldKillerExStage::entrance::doukutu2::sub_far,free,,human_route,advanced,false,editor,Reverse of edge_user_0725.,,
edge_user_0727,Sand Kingdom,subarea,SandWorldKillerExStage::place::new_place,SandWorldKillerExStage::place::new_place_2,free,,human_route,casual,true,editor,Created in graph editor.,,
edge_user_0728,Sand Kingdom,overworld,SandWorldHomeStage::place::new_place_6,SandWorldHomeStage::checkpoint::obj655,impossible,,human_route,casual,false,editor,Reverse of edge_user_0376.,"2,3,4,5",
edge_user_0729,Sand Kingdom,overworld,SandWorldHomeStage::entrance::run00return::home_in,SandWorldHomeStage::place::new_place_6,impossible,,human_route,casual,false,editor,Reverse of edge_user_0379.,,
edge_user_0054,Seaside Kingdom,subarea,WaterValleyExStage::entrance::SeaWorldEX1a::sub_near,WaterValleyExStage::entrance::SeaWorldEX1b::sub_far,Hosui,,human_route,casual,false,editor,Created in graph editor.,,
edge_user_0055,Seaside Kingdom,subarea,WaterValleyExStage::entrance::SeaWorldEX1b::sub_far,WaterValleyExStage::entrance::SeaWorldEX1a::sub_near,impossible,,human_route,casual,false,editor,Reverse of edge_user_0054.,,
edge_user_0057,Seaside Kingdom,overworld,SeaWorldLighthouseZone::start,SeaWorldLighthouseZone::checkpoint::obj212,free,,human_route,casual,true,editor,Created in graph editor.,,
edge_user_0058,Seaside Kingdom,overworld,SeaWorldUnderGlassZone::start,SeaWorldUnderGlassZone::checkpoint::obj153,free,,human_route,casual,true,editor,Created in graph editor.,,
edge_user_0059,Seaside Kingdom,subarea,ReflectBombExStage::entrance::SeaWorldMoonEX1a::sub_near,ReflectBombExStage::entrance::SeaWorldMoonEX1b::sub_far,Tsukkun | SingleJump,,human_route,casual;advanced,false,editor,Created in graph editor.,,
edge_user_0060,Seaside Kingdom,subarea,ReflectBombExStage::entrance::SeaWorldMoonEX1b::sub_far,ReflectBombExStage::entrance::SeaWorldMoonEX1a::sub_near,impossible,,human_route,casual,false,editor,Reverse of edge_user_0059.,,
edge_user_0061,Seaside Kingdom,subarea,SeaWorldUtsuboCaveStage::entrance::PukupukuCaveStart::sub_near,SeaWorldUtsuboCaveStage::entrance::PukupukuCaveGoal::sub_far,free,,human_route,casual,true,editor,Created in graph editor.,,
edge_user_0062,Seaside Kingdom,overworld,SeaWorldLavaZone::start,SeaWorldLavaZone::checkpoint::obj182,free,,human_route,casual,true,editor,Created in graph editor.,,
edge_user_0074,Seaside Kingdom,subarea,CloudExStage::entrance::SeaWorldEX2::sub_near,CloudExStage::place::new_place,free,,human_route,casual,false,editor,Created in graph editor.,,
edge_user_0076,Seaside Kingdom,subarea,CloudExStage::place::new_place,CloudExStage::entrance::SeaWorldEX2::sub_near,BazookaElectric,,human_route,casual,false,editor,Reverse of edge_user_0074.,,
edge_user_0075,Seaside Kingdom,subarea,CloudExStage::entrance::SeaWorldEX2Return::sub_far,CloudExStage::place::new_place,free,,human_route,casual,false,editor,Created in graph editor.,,
edge_user_0077,Seaside Kingdom,subarea,CloudExStage::place::new_place,CloudExStage::entrance::SeaWorldEX2Return::sub_far,BazookaElectric,,human_route,casual,false,editor,Reverse of edge_user_0075.,,
edge_user_0276,Seaside Kingdom,overworld,SeaWorldHomeStage::start,SeaWorldHomeStage::checkpoint::obj1866,free,,human_route,casual,true,editor,Created in graph editor.,,
edge_user_0277,Seaside Kingdom,overworld,SeaWorldHomeStage::start,SeaWorldHomeStage::checkpoint::obj2266,free,,human_route,casual,true,editor,Created in graph editor.,,
edge_user_0278,Seaside Kingdom,overworld,SeaWorldHomeStage::start,SeaWorldHomeStage::checkpoint::obj2264,free,,human_route,casual,true,editor,Created in graph editor.,,
edge_user_0279,Seaside Kingdom,overworld,SeaWorldHomeStage::start,SeaWorldHomeStage::checkpoint::obj1524,free,,human_route,casual,true,editor,Created in graph editor.,,
edge_user_0280,Seaside Kingdom,overworld,SeaWorldHomeStage::checkpoint::obj2621,SeaWorldHomeStage::stage_change::Come::raw,free,,human_route,casual,true,editor,Created in graph editor.,,
edge_user_0281,Seaside Kingdom,overworld,SeaWorldHomeStage::checkpoint::obj1524,SeaWorldHomeStage::entrance::CostumeEventSeaWorld::home_in,free,,human_route,casual,true,editor,Created in graph editor.,,
edge_user_0282,Seaside Kingdom,overworld,SeaWorldHomeStage::checkpoint::obj2621,SeaWorldHomeStage::checkpoint::obj1524,free,,human_route,casual,false,editor,Created in graph editor.,,
edge_user_0283,Seaside Kingdom,overworld,SeaWorldHomeStage::checkpoint::obj1524,SeaWorldHomeStage::checkpoint::obj2621,Hosui,,human_route,advanced,false,editor,Reverse of edge_user_0282.,,
edge_user_0286,Seaside Kingdom,overworld,SeaWorldHomeStage::checkpoint::obj2264,SeaWorldHomeStage::entrance::SeaWorldMoonEX2::home_in,free,,human_route,casual,true,editor,Created in graph editor.,,
edge_user_0287,Seaside Kingdom,overworld,SeaWorldHomeStage::checkpoint::obj1524,SeaWorldHomeStage::entrance::SeaWorldEX2::home_in,BazookaElectric,,human_route,casual,false,editor,Created in graph editor.,"1,2,3,4,5",
edge_user_0288,Seaside Kingdom,overworld,SeaWorldHomeStage::entrance::SeaWorldEX2::home_in,SeaWorldHomeStage::checkpoint::obj1524,free,,human_route,casual,false,editor,Reverse of edge_user_0287.,"1,2,3,4,5",
edge_user_0635,Seaside Kingdom,overworld,SeaWorldLighthouseZone::checkpoint::obj212,SeaWorldHomeStage::place::new_place,free,,human_route,casual,true,editor,Created in graph editor.,,
edge_user_0636,Seaside Kingdom,overworld,SeaWorldBeachVolleyBallZone::start,SeaWorldHomeStage::checkpoint::obj1524,free,,human_route,casual,true,editor,Created in graph editor.,,
edge_user_0637,Seaside Kingdom,overworld,SeaWorldDamageBallZone::checkpoint::obj59,SeaWorldHomeStage::start,free,,human_route,casual,true,editor,Created in graph editor.,,
edge_user_0662,Seaside Kingdom,overworld,SeaWorld2DLargeZone::start,SeaWorldHomeStage::checkpoint::obj1524,free,,human_route,casual,true,editor,Created in graph editor.,,
edge_user_0663,Seaside Kingdom,overworld,SeaWorld2DSmallZone::start,SeaWorldHomeStage::checkpoint::obj2266,free,,human_route,casual,true,editor,Created in graph editor.,,
edge_user_0664,Seaside Kingdom,overworld,SeaWorldBottomHollowZone::start,SeaWorldHomeStage::checkpoint::obj2266,free,,human_route,casual,true,editor,Created in graph editor.,,
edge_user_0665,Seaside Kingdom,overworld,SeaWorldCoveCaveZone::start,SeaWorldHomeStage::checkpoint::obj1524,free,,human_route,casual,true,editor,Created in graph editor.,,
edge_user_0667,Seaside Kingdom,overworld,SeaWorldHomeStage::entrance::RoomEventWorldSea::home_in,SeaWorldHomeStage::checkpoint::obj1524,free,,human_route,casual,true,editor,Created in graph editor.,,
edge_user_0668,Seaside Kingdom,overworld,SeaWorldHomeStage::entrance::SeaWorldEX1a::home_in,SeaWorldHomeStage::checkpoint::obj1524,free,,human_route,casual,false,editor,Created in graph editor.,,
edge_user_0669,Seaside Kingdom,overworld,SeaWorldHomeStage::checkpoint::obj1524,SeaWorldHomeStage::entrance::SeaWorldEX1a::home_in,Hosui,,human_route,casual,false,editor,Reverse of edge_user_0668.,,
edge_user_0670,Seaside Kingdom,overworld,SeaWorldHomeStage::entrance::SeaWorldEX3a::home_in,SeaWorldHomeStage::checkpoint::obj2266,free,,human_route,casual,false,editor,Created in graph editor.,,
edge_user_0672,Seaside Kingdom,overworld,SeaWorldSphinxQuizZone::start,SeaWorldHomeStage::checkpoint::obj2264,free,,human_route,casual,true,editor,Created in graph editor.,,
edge_user_0674,Seaside Kingdom,overworld,SeaWorldUnderGlassZone::checkpoint::obj153,SeaWorldHomeStage::start,free,,human_route,casual,true,editor,Created in graph editor.,,
edge_user_0675,Seaside Kingdom,overworld,SeaWorldLavaZone::checkpoint::obj182,SeaWorldHomeStage::checkpoint::obj2266,free,,human_route,casual,true,editor,Created in graph editor.,,
edge_user_0676,Seaside Kingdom,overworld,SeaWorldLongReefZone::start,SeaWorldHomeStage::checkpoint::obj2266,free,,human_route,casual,true,editor,Created in graph editor.,,
edge_user_0679,Seaside Kingdom,overworld,SeaWorldWallCaveWestZone::start,SeaWorldUnderGlassZone::start,free,,human_route,casual,true,editor,Created in graph editor.,,
edge_user_0680,Seaside Kingdom,subarea,SeaWorldCostumeStage::entrance::CostumeEventSeaWorld::sub_near,SeaWorldCostumeStage::entrance::CostumeEventSeaWorld::sub_far,free,,human_route,casual,true,editor,Created in graph editor.,,
edge_user_0681,Seaside Kingdom,subarea,SeaWorldVibrationStage::entrance::shindo_Lv2::sub_near,SeaWorldVibrationStage::entrance::shindo_Lv2::sub_far,free,,human_route,casual,true,editor,Created in graph editor.,,
edge_user_0682,Seaside Kingdom,subarea,SeaWorldSecretStage::entrance::TreasureEventWorldSea::sub_near,SeaWorldSecretStage::entrance::TreasureEventWorldSea::sub_far,free,,human_route,casual,true,editor,Created in graph editor.,,
edge_user_0683,Seaside Kingdom,subarea,TogezoRotateExStage::entrance::SeaWorldMoonEX2::sub_near,TogezoRotateExStage::entrance::SeaWorldMoonEX2::sub_far,free,,human_route,casual,true,editor,Created in graph editor.,,
edge_user_0684,Seaside Kingdom,subarea,SenobiTowerExStage::entrance::SeaWorldEX3a::sub_near,SenobiTowerExStage::entrance::SeaWorldEX3b::sub_far,Senobi,,human_route,casual,false,editor,Created in graph editor.,,
edge_user_0685,Seaside Kingdom,subarea,SenobiTowerExStage::entrance::SeaWorldEX3b::sub_far,SenobiTowerExStage::entrance::SeaWorldEX3a::sub_near,impossible,,human_route,casual,false,editor,Reverse of edge_user_0684.,,
edge_user_0686,Seaside Kingdom,subarea,SeaWorldSneakingManStage::entrance::RoomEventWorldSea::sub_near,SeaWorldSneakingManStage::entrance::RoomEventWorldSea::sub_far,free,,human_route,casual,true,editor,Created in graph editor.,,
edge_user_0344,Seaside Kingdom,overworld,SeaWorldHomeStage::place::new_place_2,SeaWorldHomeStage::place::new_place_3,free,,human_route,advanced,true,editor,Created in graph editor.,,
edge_user_0345,Seaside Kingdom,overworld,SeaWorldHomeStage::start,SeaWorldHomeStage::place::new_place_2,Climb | Hosui,,human_route,casual;advanced,false,editor,Created in graph editor.,"2,3,4,5;1,2,3,4,5",
edge_user_0346,Seaside Kingdom,overworld,SeaWorldHomeStage::place::new_place_2,SeaWorldHomeStage::start,free,,human_route,casual,false,editor,Reverse of edge_user_0345.,"1,2,3,4,5",
edge_user_0347,Seaside Kingdom,overworld,SeaWorldHomeStage::checkpoint::obj1524,SeaWorldHomeStage::place::new_place_3,Hosui,,human_route,casual,true,editor,Created in graph editor.,"2,3,4,5",
edge_user_0352,Seaside Kingdom,overworld,SeaWorldHomeStage::checkpoint::obj1524,SeaWorldHomeStage::entrance::SeaWorldEX2Return::home_out,impossible,,human_route,casual,false,editor,Created in graph editor.,,
edge_user_0353,Seaside Kingdom,overworld,SeaWorldHomeStage::entrance::SeaWorldEX2Return::home_out,SeaWorldHomeStage::checkpoint::obj1524,free,,human_route,casual,false,editor,Reverse of edge_user_0352.,,
edge_user_0354,Seaside Kingdom,overworld,SeaWorldHomeStage::start,SeaWorldHomeStage::entrance::shindo_Lv2::home_in,free,,human_route,casual,true,editor,Created in graph editor.,,
edge_user_0355,Seaside Kingdom,overworld,SeaWorldHomeStage::checkpoint::obj1866,SeaWorldHomeStage::entrance::SeaWorldMoonEX1a::home_in,free,,human_route,casual,true,editor,Created in graph editor.,,
edge_user_0356,Seaside Kingdom,overworld,SeaWorldHomeStage::checkpoint::obj1866,SeaWorldHomeStage::entrance::SeaWorldMoonEX1b::home_out,impossible,,human_route,casual,false,editor,Created in graph editor.,,
edge_user_0357,Seaside Kingdom,overworld,SeaWorldHomeStage::entrance::SeaWorldMoonEX1b::home_out,SeaWorldHomeStage::checkpoint::obj1866,free,,human_route,casual,false,editor,Reverse of edge_user_0356.,,
edge_user_0359,Seaside Kingdom,overworld,SeaWorldHomeStage::checkpoint::obj2264,SeaWorldHomeStage::entrance::PukupukuCaveStart::home_in,free,,human_route,casual,true,editor,Created in graph editor.,,
edge_user_0360,Seaside Kingdom,overworld,SeaWorldHomeStage::checkpoint::obj2264,SeaWorldHomeStage::entrance::PukupukuCaveGoal::home_out,impossible,,human_route,casual,false,editor,Created in graph editor.,,
edge_user_0361,Seaside Kingdom,overworld,SeaWorldHomeStage::entrance::PukupukuCaveGoal::home_out,SeaWorldHomeStage::checkpoint::obj2264,free,,human_route,casual,false,editor,Reverse of edge_user_0360.,,
edge_user_0363,Seaside Kingdom,overworld,SeaWorldHomeStage::checkpoint::obj1524,SeaWorldHomeStage::entrance::SeaWorldEX1a::home_in,Hosui | WallJump | (GroundPoundJump & Vault & Dive & NeutralThrow) | (Backflip & Vault & Dive & NeutralThrow) | (SideFlip & Vault & Dive & NeutralThrow) | (GroundPoundJump & UpThrow & Dive & Vault),,human_route,casual;advanced;advanced;advanced;advanced;expert,false,editor,Created in graph editor.,,
edge_user_0364,Seaside Kingdom,overworld,SeaWorldHomeStage::checkpoint::obj1524,SeaWorldHomeStage::entrance::SeaWorldEX1b::home_out,impossible,,human_route,casual,false,editor,Created in graph editor.,,
edge_user_0365,Seaside Kingdom,overworld,SeaWorldHomeStage::entrance::SeaWorldEX1b::home_out,SeaWorldHomeStage::checkpoint::obj1524,free,,human_route,casual,false,editor,Reverse of edge_user_0364.,,
edge_user_0366,Seaside Kingdom,overworld,SeaWorldHomeStage::checkpoint::obj2266,SeaWorldHomeStage::entrance::SeaWorldEX3a::home_in,free,,human_route,casual,false,editor,Created in graph editor.,,
edge_user_0367,Seaside Kingdom,overworld,SeaWorldHomeStage::checkpoint::obj2266,SeaWorldHomeStage::entrance::SeaWorldEX3b::home_out,impossible,,human_route,casual,false,editor,Created in graph editor.,,
edge_user_0368,Seaside Kingdom,overworld,SeaWorldHomeStage::entrance::SeaWorldEX3b::home_out,SeaWorldHomeStage::checkpoint::obj2266,free,,human_route,casual,false,editor,Reverse of edge_user_0367.,,
edge_user_0369,Seaside Kingdom,overworld,SeaWorldHomeStage::checkpoint::obj2264,SeaWorldHomeStage::entrance::TreasureEventWorldSea::home_in,free,,human_route,casual,true,editor,Created in graph editor.,,
edge_user_0370,Seaside Kingdom,overworld,SeaWorldHomeStage::checkpoint::obj1524,SeaWorldHomeStage::event::MoonRockActive_Seaside,free,,human_route,casual,true,editor,Created in graph editor.,,
edge_user_0592,Seaside Kingdom,overworld,SeaWorldHomeStage::start,SeaWorldWallCaveCenterZone::start,free,,human_route,casual,true,editor,Created in graph editor.,,
edge_user_0593,Seaside Kingdom,overworld,SeaWorldHomeStage::checkpoint::obj1866,SeaWorldDamageBallZone::start,free,,human_route,casual,true,editor,Created in graph editor.,,
edge_user_0339,Seaside Kingdom,overworld,SeaWorldHomeStage::checkpoint::obj2264,SeaWorldHomeStage::place::new_place_2,Dive | Pukupuku | KingdomAccess_Seaside,,human_route,casual;casual;expert,true,editor,Created in graph editor.,,
edge_user_0594,Seaside Kingdom,overworld,SeaWorldHomeStage::place::new_place_2,SeaWorldHomeStage::place::new_place,free,,human_route,casual,true,editor,Created in graph editor.,,
edge_user_0595,Seaside Kingdom,overworld,SeaWorldHomeStage::checkpoint::obj2266,SeaWorldUtsuboDenZone::start,free,,human_route,casual,true,editor,Created in graph editor.,,
edge_user_0375,Seaside Kingdom,overworld,SeaWorldHomeStage::start,SeaWorldHomeStage::place::new_place_4,Hosui | (Vault & Dive & WallJump & NeutralThrow) | (UpThrow & Dive & GroundPoundJump & WallJump & Vault) | (UpThrow & Dive & SideFlip & Vault & WallJump) | (UpThrow & Dive & Backflip & Vault & WallJump) | (TripleJump & NeutralThrow & Vault & WallJump & LedgeGrab),,human_route,casual;advanced;expert;expert;expert;expert,true,editor,Created in graph editor.,,
edge_user_0376,Seaside Kingdom,overworld,SeaWorldHomeStage::place::new_place,SeaWorldHomeStage::place::new_place_4,Kakku,,human_route,advanced,false,editor,Created in graph editor.,,
edge_user_0615,Seaside Kingdom,overworld,SeaWorldHomeStage::checkpoint::obj1524,SeaWorldHomeStage::place::new_place_5,Hosui | KingdomAccess_Seaside | (Vault & WallJump & NeutralThrow) | Dive | (Backflip & WallJump & NeutralThrow) | (Backflip & Vault & NeutralThrow) | (GroundPoundJump & Vault & NeutralThrow) | (GroundPoundJump & Vault & UpThrow) | (GroundPoundJump & WallJump & HammerBros) | (SideFlip & WallJump & NeutralThrow) | (SideFlip & Vault & NeutralThrow) | (SideFlip & Vault & UpThrow) | (Backflip & Vault & UpThrow) | (Spin & Vault & NeutralThrow) | (Spin & Vault & UpThrow) | (Spin & WallJump & NeutralThrow) | (TripleJump & Vault & NeutralThrow) | (TripleJump & Vault & UpThrow) | (TripleJump & WallJump & NeutralThrow),,human_route,casual;expert;advanced;advanced;advanced;advanced;advanced;advanced;advanced;advanced;advanced;advanced;advanced;advanced;advanced;advanced;advanced;advanced;advanced,true,editor,Created in graph editor.,"1,2,3,4,5",
edge_user_0625,Seaside Kingdom,overworld,SeaWorldHomeStage::place::new_place_4,SeaWorldHomeStage::place::new_place,impossible,,human_route,advanced,false,editor,Reverse of edge_user_0376.,,
edge_user_0338,Seaside Kingdom,overworld,SeaWorldHomeStage::start,SeaWorldHomeStage::stage_change::Go::raw,free,,human_route,casual,false,editor,Created in graph editor.,"2,3,4,5",
edge_user_0707,Seaside Kingdom,overworld,SeaWorldHomeStage::stage_change::Go::raw,SeaWorldHomeStage::start,free,,human_route,casual,false,editor,Reverse of edge_user_0338.,"1,2,3,4,5",
edge_user_0007,Snow Kingdom,overworld,SnowWorldHomeStage::entrance::ByugoPuzzle::home_in,SnowWorldHomeStage::start,Byugo,,human_route,casual,true,editor,Created in graph editor.,"2,3,4,5",
edge_user_0008,Snow Kingdom,overworld,SnowWorldHomeStage::entrance::EX_IceWater::home_in,SnowWorldHomeStage::start,free,,human_route,casual,true,editor,Created in graph editor.,"2,3,4,5",
edge_user_0009,Snow Kingdom,overworld,SnowWorldHomeStage::entrance::EX_IceWaterDash::home_in,SnowWorldHomeStage::start,free,,human_route,casual,false,editor,Created in graph editor.,"2,3,4,5",
edge_user_0010,Snow Kingdom,overworld,SnowWorldHomeStage::start,SnowWorldHomeStage::entrance::MoonRace::home_in,free,,human_route,casual,true,editor,Created in graph editor.,"2,3,4,5",
edge_user_0012,Snow Kingdom,overworld,SnowWorldHomeStage::entrance::EX_RailCol2::home_in,SnowWorldHomeStage::start,free,,human_route,casual,true,editor,Created in graph editor.,"4,5",
edge_user_0014,Snow Kingdom,overworld,SnowWorldHomeStage::entrance::EX_SkyBonus::home_in,SnowWorldHomeStage::start,Climb,,human_route,casual,true,editor,Created in graph editor.,"2,3,4,5",
edge_user_0015,Snow Kingdom,overworld,SnowWorldHomeStage::start,SnowWorldHomeStage::checkpoint::obj1066,free,,human_route,casual,true,editor,Created in graph editor.,,
edge_user_0016,Snow Kingdom,overworld,SnowWorldHomeStage::start,SnowWorldHomeStage::checkpoint::obj1387,(GroundPound & Crouch & RollBoost & Roll & Vault & Dive & NeutralThrow),,human_route,advanced,false,editor,Created in graph editor.,"1,2,3,4,5",
edge_user_0017,Snow Kingdom,overworld,SnowWorldHomeStage::start,SnowWorldHomeStage::checkpoint::obj1440,free,,human_route,casual,true,editor,Created in graph editor.,"2,3,4,5",
edge_user_0018,Snow Kingdom,overworld,SnowWorldHomeStage::event::MoonRockActive_Snow,SnowWorldHomeStage::start,free,,human_route,casual,true,editor,Created in graph editor.,,
edge_user_0020,Snow Kingdom,subarea,SnowWorldTownZone::start,SnowWorldTownStage::entrance::SnowUGExit::sub_near,free,,human_route,casual,true,editor,Created in graph editor.,,
edge_user_0021,Snow Kingdom,subarea,SnowWorldByugoZone::start,SnowWorldTownZone::start,free,,human_route,casual,true,editor,Created in graph editor.,,
edge_user_0019,Snow Kingdom,subarea,SnowWorldGabuzouZone::start,SnowWorldTownZone::start,free,,human_route,casual,true,editor,Created in graph editor.,,
edge_user_0022,Snow Kingdom,subarea,SnowWorldIcicleZone::start,SnowWorldTownZone::start,free,,human_route,casual,true,editor,Created in graph editor.,,
edge_user_0023,Snow Kingdom,subarea,SnowWorldBalconyZone::start,SnowWorldTownZone::start,free,,human_route,casual,true,editor,Created in graph editor.,,
edge_user_0024,Snow Kingdom,subarea,SnowWorldTownStage::entrance::SnowCostumeEx::home_in,SnowWorldTownZone::start,free,,human_route,casual,false,editor,Created in graph editor.,,
edge_user_0025,Snow Kingdom,subarea,SnowWorldTownZone::start,SnowWorldTownStage::entrance::RaceEntrance::home_in,Byugo | Vault | Dive | TripleJump,,human_route,casual;advanced;advanced;advanced,true,editor,Created in graph editor.,,
edge_user_0026,Snow Kingdom,subarea,SnowWorldTownZone::start,SnowWorldTownStage::entrance::ShopDoor::home_in,free,,human_route,casual,true,editor,Created in graph editor.,,
edge_user_0204,Snow Kingdom,subarea,SnowWorldLobby000Stage::entrance::RaceTrackExit::sub_far,SnowWorldLobby000Stage::entrance::RaceTrackExit::sub_near,free,,human_route,casual,true,editor,Created in graph editor.,,
edge_user_0205,Snow Kingdom,subarea,SnowWorldLobbyExStage::entrance::MoonRace::sub_far,SnowWorldLobbyExStage::entrance::MoonRace::sub_near,free,,human_route,casual,true,editor,Created in graph editor.,,
edge_user_0206,Snow Kingdom,subarea,SnowWorldLobby000Stage::entrance::RaceTrackExit::sub_near,SnowWorldLobby001Stage::place::new_place,free,,human_route,casual,true,editor,Created in graph editor.,,
edge_user_0207,Snow Kingdom,subarea,SnowWorldCostumeStage::entrance::SnowCostumeEx::sub_near,SnowWorldCostumeStage::entrance::SnowCostumeEx::sub_far,free,,human_route,casual,true,editor,Created in graph editor.,,
edge_user_0638,Snow Kingdom,subarea,SnowWorldShopStage::entrance::ShopDoor::sub_near,SnowWorldShopStage::entrance::ShopDoor::sub_far,free,,human_route,casual,true,editor,Created in graph editor.,,
edge_user_0639,Snow Kingdom,subarea,IceWaterDashExStage::entrance::EX_IceWaterDash::sub_near,IceWaterDashExStage::entrance::EX_IceWaterDash_Exit::sub_far,free,,human_route,casual,true,editor,Created in graph editor.,,
edge_user_0640,Snow Kingdom,subarea,IceWaterBlockExStage::entrance::EX_IceWater::sub_near,IceWaterBlockExStage::entrance::EX_IceWater_Exit::sub_far,free,,human_route,casual,true,editor,Created in graph editor.,,
edge_user_0641,Snow Kingdom,subarea,IceWalkerExStage::entrance::FigureWalker::sub_near,IceWalkerExStage::entrance::FigureWalker::sub_far,free,,human_route,casual,true,editor,Created in graph editor.,,
edge_user_0642,Snow Kingdom,subarea,SnowWorldTownStage::entrance::SnowUGExit::sub_far,SnowWorldTownStage::entrance::SnowUGExit::sub_near,free,,human_route,casual,true,editor,Created in graph editor.,,
edge_user_0643,Snow Kingdom,subarea,SnowWorldCloudBonusExStage::entrance::EX_SkyBonus::sub_near,SnowWorldCloudBonusExStage::entrance::EX_SkyBonus::sub_far,free,,human_route,casual,true,editor,Created in graph editor.,,
edge_user_0644,Snow Kingdom,subarea,ByugoPuzzleExStage::entrance::ByugoPuzzle::sub_far,ByugoPuzzleExStage::entrance::ByugoPuzzle::sub_near,free,,human_route,casual,true,editor,Created in graph editor.,,
edge_user_0645,Snow Kingdom,subarea,KillerRailCollisionExStage::entrance::EX_RailCol2::sub_near,KillerRailCollisionExStage::entrance::EX_RailCol2_Exit::sub_far,free,,human_route,casual,false,editor,Created in graph editor.,,
edge_user_0687,Snow Kingdom,overworld,SnowWorldHomeStage::stage_change::Come::raw,SnowWorldHomeStage::checkpoint::obj1387,free,,human_route,casual,true,editor,Created in graph editor.,,
edge_user_0688,Snow Kingdom,overworld,SnowWorldHomeStage::start,SnowWorldHomeStage::stage_change::Go::raw,Byugo,,human_route,casual,false,editor,Created in graph editor.,"2,3,4,5",
edge_user_0689,Snow Kingdom,overworld,SnowWorldHomeStage::stage_change::Go::raw,SnowWorldHomeStage::start,free,,human_route,casual,false,editor,Reverse of edge_user_0688.,"1,2,3,4,5",
edge_user_0695,Snow Kingdom,overworld,SnowWorldHomeStage::checkpoint::obj1387,SnowWorldHomeStage::start,free,,human_route,casual,false,editor,Reverse of edge_user_0016.,"1,2,3,4,5",
edge_user_0696,Snow Kingdom,overworld,SnowWorldHomeStage::start,SnowWorldHomeStage::entrance::EX_IceWaterDash::home_in,free,,human_route,casual,false,editor,Reverse of edge_user_0009.,"2,3,4,5",
edge_user_0699,Snow Kingdom,subarea,SnowWorldTownZone::start,SnowWorldTownStage::entrance::SnowCostumeEx::home_in,Climb | (Vault & Dive & NeutralThrow) | (WallJump & NeutralThrow) | (WallJump & UpThrow) | (WallJump & DownThrow) | (WallJump & Dive & SpinThrow),,human_route,casual;advanced;advanced;advanced;advanced;advanced,false,editor,Reverse of edge_user_0024.,,
edge_user_0052,Snow Kingdom,subarea,KillerRailCollisionExStage::entrance::EX_RailCol2_Exit::sub_far,KillerRailCollisionExStage::entrance::EX_RailCol2::sub_near,KillerMagnum,,human_route,casual,false,editor,Reverse of edge_user_0051.,,
edge_user_0318,Snow Kingdom,overworld,SnowWorldHomeStage::checkpoint::obj1066,SnowWorldHomeStage::event::MoonRockActive_Snow,free,,human_route,casual,true,editor,Created in graph editor.,,
edge_user_0319,Snow Kingdom,overworld,SnowWorldHomeStage::checkpoint::obj1066,SnowWorldHomeStage::entrance::ByugoPuzzle::home_in,Byugo,,human_route,casual,false,editor,Created in graph editor.,"2,3,4,5",
edge_user_0320,Snow Kingdom,overworld,SnowWorldHomeStage::entrance::ByugoPuzzle::home_in,SnowWorldHomeStage::checkpoint::obj1066,free,,human_route,casual,false,editor,Reverse of edge_user_0319.,,
edge_user_0321,Snow Kingdom,overworld,SnowWorldHomeStage::checkpoint::obj1066,SnowWorldHomeStage::entrance::EX_IceWaterDash::home_in,free,,human_route,casual,true,editor,Created in graph editor.,"2,3,4,5",
edge_user_0322,Snow Kingdom,overworld,SnowWorldHomeStage::checkpoint::obj1066,SnowWorldHomeStage::entrance::EX_IceWaterDash_Exit::home_out,impossible,,human_route,casual,false,editor,Created in graph editor.,,
edge_user_0323,Snow Kingdom,overworld,SnowWorldHomeStage::entrance::EX_IceWaterDash_Exit::home_out,SnowWorldHomeStage::checkpoint::obj1066,free,,human_route,casual,false,editor,Reverse of edge_user_0322.,,
edge_user_0324,Snow Kingdom,overworld,SnowWorldHomeStage::checkpoint::obj1066,SnowWorldHomeStage::entrance::EX_IceWater::home_in,free,,human_route,casual,true,editor,Created in graph editor.,"2,3,4,5",
edge_user_0325,Snow Kingdom,overworld,SnowWorldHomeStage::checkpoint::obj1066,SnowWorldHomeStage::entrance::EX_IceWater_Exit::home_out,impossible,,human_route,casual,false,editor,Created in graph editor.,,
edge_user_0326,Snow Kingdom,overworld,SnowWorldHomeStage::entrance::EX_IceWater_Exit::home_out,SnowWorldHomeStage::checkpoint::obj1066,free,,human_route,casual,false,editor,Reverse of edge_user_0325.,,
edge_user_0327,Snow Kingdom,overworld,SnowWorldHomeStage::checkpoint::obj1066,SnowWorldHomeStage::entrance::EX_SkyBonus::home_in,Climb,,human_route,casual,false,editor,Created in graph editor.,"2,3,4,5",
edge_user_0328,Snow Kingdom,overworld,SnowWorldHomeStage::entrance::EX_SkyBonus::home_in,SnowWorldHomeStage::checkpoint::obj1066,free,,human_route,casual,false,editor,Reverse of edge_user_0327.,"1,2,3,4,5",
edge_user_0329,Snow Kingdom,overworld,SnowWorldHomeStage::checkpoint::obj1066,SnowWorldHomeStage::entrance::EX_RailCol2::home_in,free,,human_route,casual,true,editor,Created in graph editor.,,
edge_user_0330,Snow Kingdom,overworld,SnowWorldHomeStage::checkpoint::obj1066,SnowWorldHomeStage::entrance::EX_RailCol2_Exit::home_out,impossible,,human_route,casual,false,editor,Created in graph editor.,,
edge_user_0331,Snow Kingdom,overworld,SnowWorldHomeStage::entrance::EX_RailCol2_Exit::home_out,SnowWorldHomeStage::checkpoint::obj1066,free,,human_route,casual,false,editor,Reverse of edge_user_0330.,,
edge_user_0332,Snow Kingdom,overworld,SnowWorldHomeStage::checkpoint::obj1066,SnowWorldHomeStage::entrance::FigureWalker::home_in,free,,human_route,casual,true,editor,Created in graph editor.,"2,3,4,5",
edge_user_0333,Snow Kingdom,overworld,SnowWorldHomeStage::checkpoint::obj1066,SnowWorldHomeStage::entrance::MoonRace::home_in,free,,human_route,casual,true,editor,Created in graph editor.,"4,5",
edge_user_0335,Snow Kingdom,overworld,SnowWorldHomeStage::checkpoint::obj1066,SnowWorldHomeStage::stage_change::Go::raw,Byugo | (Backflip & NeutralThrow & Vault & WallJump & Dive) | (GroundPoundJump & Vault & WallJump & Dive & NeutralThrow) | (SideFlip & Vault & WallJump & Dive & NeutralThrow) | (WallJump & Vault & Dive & NeutralThrow),,human_route,casual;advanced;advanced;advanced;expert,true,editor,Created in graph editor.,"2,3,4,5;1,2,3,4,5;1,2,3,4,5;1,2,3,4,5;1,2,3,4,5",
edge_user_0345,Snow Kingdom,overworld,SnowWorldHomeStage::checkpoint::obj1066,SnowWorldHomeStage::entrance::SnowUGExit::home_in,free,,human_route,casual,true,editor,Created in graph editor.,,
edge_user_0346,Snow Kingdom,subarea,SnowWorldLobby000Stage::entrance::RaceEntrance::sub_near,SnowWorldLobby000Stage::place::new_place,free,,human_route,casual,false,editor,Created in graph editor.,,
edge_user_0347,Snow Kingdom,subarea,SnowWorldLobby000Stage::place::new_place,SnowWorldLobby000Stage::entrance::RaceEntrance::sub_near,impossible,,human_route,casual,false,editor,Reverse of edge_user_0346.,,
edge_user_0348,Snow Kingdom,subarea,SnowWorldLobby000Stage::place::new_place,SnowWorldLobby000Stage::entrance::RaceTrackExit::sub_far,free,,human_route,casual,true,editor,Created in graph editor.,,
edge_user_0349,Snow Kingdom,subarea,SnowWorldLobby001Stage::start,SnowWorldLobby001Stage::place::new_place,free,,human_route,casual,true,editor,Created in graph editor.,,
edge_user_0030,Wooded Kingdom,subarea,ShootingElevatorExStage::entrance::EX_Tankuro::sub_near,ShootingElevatorExStage::entrance::EX_Tankuro_Exit::sub_far,free,,human_route,casual,false,editor,Created in graph editor.,,
edge_user_0031,Wooded Kingdom,subarea,ShootingElevatorExStage::entrance::EX_Tankuro_Exit::sub_far,ShootingElevatorExStage::entrance::EX_Tankuro::sub_near,impossible,,human_route,casual,false,editor,Reverse of edge_user_0030.,,
edge_user_0032,Wooded Kingdom,subarea,ForestWorldWaterExStage::entrance::EX_Water::sub_near,ForestWorldWaterExStage::entrance::EX_Water_Exit::sub_far,free,,human_route,casual,true,editor,Created in graph editor.,,
edge_user_0033,Wooded Kingdom,subarea,RailCollisionExStage::entrance::EX_RailCollision::sub_near,RailCollisionExStage::entrance::EX_RailCollision_Exit::sub_far,WallJump | (Kuribo & LedgeGrab) | (Kuribo & Dive),,human_route,casual;advanced;advanced,false,editor,Created in graph editor.,,
edge_user_0034,Wooded Kingdom,subarea,RailCollisionExStage::entrance::EX_RailCollision_Exit::sub_far,RailCollisionExStage::entrance::EX_RailCollision::sub_near,(GroundPound & RollBoost & Vault & NeutralThrow & Dive) | (TripleJump & Dive & Vault),,human_route,advanced,false,editor,Reverse of edge_user_0033.,"1,2,3,4,5",
edge_user_0035,Wooded Kingdom,subarea,PackunPoisonExStage::entrance::PoisonEx::sub_near,PackunPoisonExStage::entrance::PoisonEx_Exit::sub_far,free,,human_route,casual,true,editor,Created in graph editor.,,
edge_user_0036,Wooded Kingdom,subarea,ForestWorldBonusStage::entrance::bonus::sub_near,ForestWorldBonusStage::entrance::bonus2::sub_far,free,,human_route,casual,false,editor,Created in graph editor.,,
edge_user_0037,Wooded Kingdom,subarea,ForestWorldBonusStage::entrance::bonus2::sub_far,ForestWorldBonusStage::entrance::bonus::sub_near,impossible,,human_route,casual,false,editor,Reverse of edge_user_0036.,,
edge_user_0080,Wooded Kingdom,subarea,ForestWorldWoodsStage::entrance::Jyukai001::sub_near,ForestWorldWoodsStage::place::new_place,free,,human_route,casual,false,editor,Created in graph editor.,,
edge_user_0081,Wooded Kingdom,subarea,ForestWorldWoodsStage::entrance::Jyukai002::sub_near,ForestWorldWoodsStage::place::new_place,free,,human_route,casual,false,editor,Created in graph editor.,,
edge_user_0082,Wooded Kingdom,subarea,ForestWorldWoodsStage::entrance::Jyukai001v::sub_near,ForestWorldWoodsStage::place::new_place,free,,human_route,casual,false,editor,Created in graph editor.,,
edge_user_0083,Wooded Kingdom,subarea,ForestWorldWoodsStage::entrance::Jyukai003::sub_near,ForestWorldWoodsStage::place::new_place,free,,human_route,casual,false,editor,Created in graph editor.,,
edge_user_0084,Wooded Kingdom,subarea,ForestWorldWoodsStage::entrance::Jyukai003v::sub_near,ForestWorldWoodsStage::place::new_place,free,,human_route,casual,false,editor,Created in graph editor.,,
edge_user_0085,Wooded Kingdom,subarea,ForestWorldWoodsStage::entrance::Jyukai004::sub_near,ForestWorldWoodsStage::place::new_place,free,,human_route,casual,false,editor,Created in graph editor.,,
edge_user_0106,Wooded Kingdom,subarea,FogMountainExStage::entrance::EX_Mist::sub_near,FogMountainExStage::place::new_place,free,,human_route,casual,false,editor,Created in graph editor.,,
edge_user_0107,Wooded Kingdom,subarea,FogMountainExStage::place::new_place,FogMountainExStage::entrance::EX_Mist::sub_near,BazookaElectric,,human_route,casual,false,editor,Reverse of edge_user_0106.,,
edge_user_0144,Wooded Kingdom,overworld,ForestWorldHomeStage::start,ForestWorldHomeStage::checkpoint::obj3708,free,,human_route,casual,true,editor,Created in graph editor.,,
edge_user_0145,Wooded Kingdom,overworld,ForestWorldHomeStage::checkpoint::obj3708,ForestWorldHomeStage::checkpoint::obj447,Senobi | (LongJump & TripleJump & Dive) | (Vault & Dive & NeutralThrow) | (LongJump & WallJump & Dive & NeutralThrow) | (SideFlip & WallJump & Dive & NeutralThrow) | (Vault & WallJump & NeutralThrow) | (FireBros & Dive),,human_route,casual;expert;advanced;advanced;advanced;advanced;advanced,true,editor,Created in graph editor.,"1,3,4,5,6,7,2",
edge_user_0146,Wooded Kingdom,overworld,ForestWorldHomeStage::checkpoint::obj447,ForestWorldHomeStage::checkpoint::obj3734,free,,human_route,casual,true,editor,Created in graph editor.,"1,3,4,5,6,7,2",
edge_user_0148,Wooded Kingdom,overworld,ForestWorldHomeStage::checkpoint::obj3708,ForestWorldHomeStage::checkpoint::obj5216,(Tank & Climb) | Climb | (Vault & Dive & NeutralThrow),,human_route,casual;advanced;advanced,false,editor,Created in graph editor.,"2,3,4,5,6,7",
edge_user_0149,Wooded Kingdom,overworld,ForestWorldHomeStage::checkpoint::obj5216,ForestWorldHomeStage::checkpoint::obj3708,free,,human_route,casual,false,editor,Reverse of edge_user_0148.,,
edge_user_0152,Wooded Kingdom,overworld,ForestWorldHomeStage::checkpoint::obj6865,ForestWorldHomeStage::checkpoint::obj3708,free,,human_route,casual,false,editor,Created in graph editor.,"2,3,4,5",
edge_user_0153,Wooded Kingdom,overworld,ForestWorldHomeStage::checkpoint::obj6865,ForestWorldHomeStage::checkpoint::obj5216,free,,human_route,casual,false,editor,Created in graph editor.,"2,3,4,5,6,7",
edge_user_0155,Wooded Kingdom,overworld,ForestWorldHomeStage::checkpoint::obj7333,ForestWorldHomeStage::checkpoint::obj2821,Tank,,human_route,casual,true,editor,Created in graph editor.,"2,3,4,5,6,7",
edge_user_0156,Wooded Kingdom,overworld,ForestWorldHomeStage::checkpoint::obj1841,ForestWorldHomeStage::checkpoint::obj7333,free,,human_route,casual,false,editor,Created in graph editor.,"2,3,4,5,6,7",
edge_user_0151,Wooded Kingdom,overworld,ForestWorldHomeStage::checkpoint::obj6865,ForestWorldHomeStage::checkpoint::obj1841,free,,human_route,casual,false,editor,Created in graph editor.,"2,3,4,5,6,7",
edge_user_0154,Wooded Kingdom,overworld,ForestWorldHomeStage::checkpoint::obj1841,ForestWorldHomeStage::checkpoint::obj6865,impossible,,human_route,casual,false,editor,Reverse of edge_user_0151.,,
edge_user_0157,Wooded Kingdom,overworld,ForestWorldHomeStage::checkpoint::obj5216,ForestWorldHomeStage::checkpoint::obj6865,impossible,,human_route,casual,false,editor,Reverse of edge_user_0153.,,
edge_user_0158,Wooded Kingdom,overworld,ForestWorldHomeStage::checkpoint::obj3708,ForestWorldHomeStage::checkpoint::obj6865,impossible,,human_route,casual,false,editor,Reverse of edge_user_0152.,,
edge_user_0147,Wooded Kingdom,overworld,ForestWorldHomeStage::checkpoint::obj7333,ForestWorldHomeStage::checkpoint::obj3835,free,,human_route,casual,true,editor,Created in graph editor.,"3,4,5,6,7,2",
edge_user_0150,Wooded Kingdom,overworld,ForestWorldHomeStage::checkpoint::obj5216,ForestWorldHomeStage::checkpoint::obj1841,Tank | (Vault & WallJump & Dive & NeutralThrow),,human_route,casual;advanced,false,editor,Created in graph editor.,"2,3,4,5,6,7",
edge_user_0159,Wooded Kingdom,overworld,ForestWorldHomeStage::checkpoint::obj1841,ForestWorldHomeStage::checkpoint::obj5216,free,,human_route,casual,false,editor,Reverse of edge_user_0150.,,
edge_user_0184,Wooded Kingdom,overworld,ForestWorldHomeStage::checkpoint::obj3835,ForestWorldHomeStage::checkpoint::obj3708,free,,human_route,casual,false,editor,Created in graph editor.,,
edge_user_0185,Wooded Kingdom,overworld,ForestWorldHomeStage::checkpoint::obj3708,ForestWorldHomeStage::checkpoint::obj3835,impossible,,human_route,casual,false,editor,Reverse of edge_user_0184.,,
edge_user_0038,Wooded Kingdom,overworld,ForestWorldHomeStage::checkpoint::obj3708,ForestWorldHomeStage::place::new_place,Senobi | FireBros | (Vault & Dive & NeutralThrow) | (WallJump & Dive) | (WallJump & Vault & NeutralThrow),,human_route,casual;advanced;advanced;advanced;advanced,true,editor,Created in graph editor.,,
edge_user_0039,Wooded Kingdom,overworld,ForestWorldHomeStage::checkpoint::obj5216,ForestWorldHomeStage::place::new_place,free,,human_route,casual,false,editor,Created in graph editor.,,
edge_user_0040,Wooded Kingdom,overworld,ForestWorldHomeStage::checkpoint::obj3708,ForestWorldHomeStage::place::new_place_2,Senobi | (Vault & Dive & NeutralThrow) | FireBros,,human_route,casual;advanced;casual,true,editor,Created in graph editor.,"1,2,3,4,5",
edge_user_0041,Wooded Kingdom,overworld,ForestWorldHomeStage::checkpoint::obj7333,ForestWorldHomeStage::place::new_place_2,free,,human_route,casual,false,editor,Created in graph editor.,,
edge_user_0042,Wooded Kingdom,overworld,ForestWorldHomeStage::checkpoint::obj447,ForestWorldHomeStage::place::new_place_3,WallJump,,human_route,advanced,true,editor,Created in graph editor.,,
edge_user_0043,Wooded Kingdom,overworld,ForestWorldHomeStage::checkpoint::obj3708,ForestWorldHomeStage::place::new_place_3,Senobi,,human_route,casual,true,editor,Created in graph editor.,,
edge_user_0044,Wooded Kingdom,overworld,ForestWorldHomeStage::checkpoint::obj7333,ForestWorldHomeStage::place::new_place_4,Senobi | KingdomAccess_Wooded,,human_route,casual;advanced,false,editor,Created in graph editor.,"1,2,3,4,5",
edge_user_0045,Wooded Kingdom,overworld,ForestWorldHomeStage::checkpoint::obj6865,ForestWorldHomeStage::place::new_place_4,free,,human_route,casual,false,editor,Created in graph editor.,"2,3,4,5",
edge_user_0046,Wooded Kingdom,overworld,ForestWorldHomeStage::checkpoint::obj1841,ForestWorldHomeStage::place::new_place_5,KingdomAccess_Wooded | (Vault & Dive & NeutralThrow),,human_route,expert;advanced,true,editor,Created in graph editor.,"3,4,5",
edge_user_0047,Wooded Kingdom,overworld,ForestWorldHomeStage::checkpoint::obj3835,ForestWorldHomeStage::place::new_place_5,Kakku | RollBoost | (LongJump & Vault & Dive & NeutralThrow) | (TripleJump & Vault & Dive & NeutralThrow),,human_route,casual;advanced;advanced;casual,false,editor,Created in graph editor.,"3,4,5",
edge_user_0048,Wooded Kingdom,overworld,ForestWorldHomeStage::checkpoint::obj5216,ForestWorldHomeStage::place::new_place_6,Tank,,human_route,casual,false,editor,Created in graph editor.,"5,4,3",
edge_user_0049,Wooded Kingdom,overworld,ForestWorldHomeStage::checkpoint::obj7333,ForestWorldHomeStage::place::new_place_6,Gamane,,human_route,casual,true,editor,Created in graph editor.,"3,4,5",
edge_user_0050,Wooded Kingdom,overworld,ForestWorldHomeStage::checkpoint::obj5216,ForestWorldHomeStage::place::new_place_7,Tank,,human_route,casual,false,editor,Created in graph editor.,5,
edge_user_0051,Wooded Kingdom,overworld,ForestWorldHomeStage::checkpoint::obj3835,ForestWorldHomeStage::place::new_place_7,Kakku | (GroundPound & RollBoost & Vault & Dive & NeutralThrow & WallJump) | (GroundPound & RollBoost & Vault & Dive & NeutralThrow & Climb) | GroundPound,,human_route,advanced;advanced;advanced;expert,true,editor,Created in graph editor.,5,
edge_user_0052,Wooded Kingdom,overworld,ForestWorldHomeStage::checkpoint::obj3708,ForestWorldHomeStage::place::new_place_8,(Backflip & Vault & NeutralThrow) | (Dive & WallJump) | (SideFlip & Vault & NeutralThrow) | (Vault & Dive) | (Vault & WallJump) | (Vault & GroundPoundJump & NeutralThrow) | (Vault & Spin & NeutralThrow) | (Vault & TripleJump & NeutralThrow) | (Dive & TripleJump & NeutralThrow) | (WallJump & Backflip) | (WallJump & GroundPoundJump) | (WallJump & SideFlip) | (WallJump & Spin & UpThrow) | (WallJump & Spin & DownThrow) | (WallJump & TripleJump) | Climb | Senobi | FireBros,,human_route,advanced;advanced;advanced;advanced;advanced;advanced;advanced;advanced;advanced;advanced;advanced;advanced;advanced;advanced;advanced;casual;casual;casual,true,editor,Created in graph editor.,5,
edge_user_0054,Wooded Kingdom,overworld,ForestWorldHomeStage::checkpoint::obj5216,ForestWorldHomeStage::place::new_place_8,Kuribo | KingdomAccess_Wooded,,human_route,advanced,true,editor,Created in graph editor.,5,
edge_user_0055,Wooded Kingdom,overworld,ForestWorldHomeStage::checkpoint::obj3734,ForestWorldHomeStage::place::new_place_9,Kuribo | Senobi | KingdomAccess_Wooded,,human_route,casual;casual;expert,true,editor,Created in graph editor.,5,
edge_user_0056,Wooded Kingdom,overworld,ForestWorldHomeStage::checkpoint::obj3835,ForestWorldHomeStage::place::new_place_9,Kakku,,human_route,advanced,false,editor,Created in graph editor.,5,
edge_user_0057,Wooded Kingdom,overworld,ForestWorldHomeStage::checkpoint::obj3708,ForestWorldHomeStage::place::new_place_10,Senobi,,human_route,casual,true,editor,Created in graph editor.,5,
edge_user_0058,Wooded Kingdom,overworld,ForestWorldHomeStage::checkpoint::obj447,ForestWorldHomeStage::place::new_place_10,(Vault & WallJump & NeutralThrow) | (Vault & WallJump & UpThrow),,human_route,advanced,true,editor,Created in graph editor.,5,
edge_user_0060,Wooded Kingdom,overworld,ForestWorldHomeStage::checkpoint::obj1841,ForestWorldHomeStage::entrance::EX_RailCollision::home_in,free,,human_route,casual,false,editor,Created in graph editor.,"2,3,4,5",
edge_user_0061,Wooded Kingdom,overworld,ForestWorldHomeStage::checkpoint::obj1841,ForestWorldHomeStage::entrance::EX_RailCollision_Exit::home_out,impossible,,human_route,casual,false,editor,Created in graph editor.,,
edge_user_0062,Wooded Kingdom,overworld,ForestWorldHomeStage::entrance::EX_RailCollision_Exit::home_out,ForestWorldHomeStage::checkpoint::obj1841,free,,human_route,casual,false,editor,Reverse of edge_user_0061.,,
edge_user_0064,Wooded Kingdom,overworld,ForestWorldHomeStage::checkpoint::obj1841,ForestWorldHomeStage::entrance::EX_Tankuro_Exit::home_out,impossible,,human_route,casual,false,editor,Created in graph editor.,,
edge_user_0065,Wooded Kingdom,overworld,ForestWorldHomeStage::entrance::EX_Tankuro_Exit::home_out,ForestWorldHomeStage::checkpoint::obj1841,free,,human_route,casual,false,editor,Reverse of edge_user_0064.,,
edge_user_0066,Wooded Kingdom,overworld,ForestWorldHomeStage::checkpoint::obj3708,ForestWorldHomeStage::entrance::EX_Water::home_in,free,,human_route,casual,true,editor,Created in graph editor.,,
edge_user_0067,Wooded Kingdom,overworld,ForestWorldHomeStage::checkpoint::obj3708,ForestWorldHomeStage::entrance::EX_Water_Exit::home_out,impossible,,human_route,casual,false,editor,Created in graph editor.,,
edge_user_0068,Wooded Kingdom,overworld,ForestWorldHomeStage::entrance::EX_Water_Exit::home_out,ForestWorldHomeStage::checkpoint::obj3708,free,,human_route,casual,false,editor,Reverse of edge_user_0067.,,
edge_user_0069,Wooded Kingdom,overworld,ForestWorldHomeStage::checkpoint::obj7333,ForestWorldHomeStage::entrance::bonus::home_in,free,,human_route,casual,false,editor,Created in graph editor.,"2,3,4,5",
edge_user_0070,Wooded Kingdom,overworld,ForestWorldHomeStage::checkpoint::obj7333,ForestWorldHomeStage::entrance::bonus2::home_out,impossible,,human_route,casual,false,editor,Created in graph editor.,,
edge_user_0071,Wooded Kingdom,overworld,ForestWorldHomeStage::entrance::bonus2::home_out,ForestWorldHomeStage::checkpoint::obj7333,free,,human_route,casual,false,editor,Reverse of edge_user_0070.,,
edge_user_0072,Wooded Kingdom,overworld,ForestWorldHomeStage::checkpoint::obj5216,ForestWorldHomeStage::entrance::EX_Mist::home_in,BazookaElectric,,human_route,casual,false,editor,Created in graph editor.,"2,3,4,5",
edge_user_0073,Wooded Kingdom,overworld,ForestWorldHomeStage::checkpoint::obj3835,ForestWorldHomeStage::entrance::EXCloud::home_in,Climb,,human_route,casual,false,editor,Created in graph editor.,"3,4,5",
edge_user_0074,Wooded Kingdom,overworld,ForestWorldHomeStage::entrance::EXCloud::home_in,ForestWorldHomeStage::checkpoint::obj3835,free,,human_route,casual,false,editor,Reverse of edge_user_0073.,,
edge_user_0075,Wooded Kingdom,overworld,ForestWorldHomeStage::checkpoint::obj5216,ForestWorldHomeStage::entrance::EX_AnimalChase::home_in,free,,human_route,casual,false,editor,Created in graph editor.,5,
edge_user_0076,Wooded Kingdom,overworld,ForestWorldHomeStage::checkpoint::obj3708,ForestWorldHomeStage::entrance::KillerRoad::home_in,free,,human_route,casual,false,editor,Created in graph editor.,5,
edge_user_0077,Wooded Kingdom,overworld,ForestWorldHomeStage::checkpoint::obj2821,ForestWorldHomeStage::entrance::PoisonEx::home_in,free,,human_route,casual,false,editor,Created in graph editor.,5,
edge_user_0102,Wooded Kingdom,overworld,ForestWorldHomeStage::checkpoint::obj2821,ForestWorldHomeStage::entrance::PoisonEx_Exit::home_out,impossible,,human_route,casual,false,editor,Created in graph editor.,,
edge_user_0103,Wooded Kingdom,overworld,ForestWorldHomeStage::entrance::PoisonEx_Exit::home_out,ForestWorldHomeStage::checkpoint::obj2821,free,,human_route,casual,false,editor,Reverse of edge_user_0102.,,
edge_user_0104,Wooded Kingdom,overworld,ForestWorldHomeStage::place::new_place_11,ForestWorldHomeStage::stage_change::Go::raw,free,,human_route,casual,true,editor,Created in graph editor.,,
edge_user_0105,Wooded Kingdom,overworld,ForestWorldHomeStage::checkpoint::obj6865,ForestWorldHomeStage::place::new_place_11,free,,human_route,casual,false,editor,Created in graph editor.,"2,3,4,5",
edge_user_0108,Wooded Kingdom,overworld,ForestWorldHomeStage::checkpoint::obj7333,ForestWorldHomeStage::place::new_place_11,free,,human_route,casual,false,editor,Created in graph editor.,,
edge_user_0109,Wooded Kingdom,overworld,ForestWorldHomeStage::checkpoint::obj6865,ForestWorldHomeStage::stage_change::Come::raw,free,,human_route,casual,true,editor,Created in graph editor.,,
edge_user_0110,Wooded Kingdom,overworld,ForestWorldHomeStage::checkpoint::obj5216,ForestWorldHomeStage::place::new_place_11,(Backflip & LedgeGrab) | (Spin & LedgeGrab) | (GroundPoundJump & LedgeGrab) | (WallJump & Dive) | (TripleJump & LedgeGrab) | (Backflip & Dive) | (GroundPoundJump & Dive) | (SideFlip & Dive) | (TripleJump & Dive) | (TripleJump & Vault & Dive & WallJump & NeutralThrow),,human_route,advanced,false,editor,Created in graph editor.,"3,4,5;3,4,5;3,4,5;3,4,5;3,4,5;3,4,5;3,4,5;3,4,5;3,4,5;1,2,3,4,5",
edge_user_0266,Wooded Kingdom,subarea,ForestWorldWoodsStage::place::new_place,ForestWorldWoodsStage::entrance::Jyukai001::sub_near,Climb,,human_route,casual,false,editor,Reverse of edge_user_0080.,,
edge_user_0267,Wooded Kingdom,subarea,ForestWorldWoodsStage::place::new_place,ForestWorldWoodsStage::entrance::Jyukai002::sub_near,Climb,,human_route,casual,false,editor,Reverse of edge_user_0081.,,
edge_user_0268,Wooded Kingdom,subarea,ForestWorldWoodsStage::place::new_place,ForestWorldWoodsStage::entrance::Jyukai001v::sub_near,Climb,,human_route,casual,false,editor,Reverse of edge_user_0082.,,
edge_user_0269,Wooded Kingdom,subarea,ForestWorldWoodsStage::place::new_place,ForestWorldWoodsStage::entrance::Jyukai003::sub_near,Climb,,human_route,casual,false,editor,Reverse of edge_user_0083.,,
edge_user_0270,Wooded Kingdom,subarea,ForestWorldWoodsStage::place::new_place,ForestWorldWoodsStage::entrance::Jyukai003v::sub_near,Climb,,human_route,casual,false,editor,Reverse of edge_user_0084.,,
edge_user_0271,Wooded Kingdom,subarea,ForestWorldWoodsStage::place::new_place,ForestWorldWoodsStage::entrance::Jyukai004::sub_near,Climb,,human_route,casual,false,editor,Reverse of edge_user_0085.,,
edge_user_0272,Wooded Kingdom,overworld,ForestWorldHomeStage::entrance::EX_Mist::home_in,ForestWorldHomeStage::checkpoint::obj5216,free,,human_route,casual,false,editor,Reverse of edge_user_0072.,,
edge_user_0273,Wooded Kingdom,overworld,ForestWorldHomeStage::checkpoint::obj3708,ForestWorldHomeStage::entrance::Jyukai003v::home_in,free,,human_route,casual,true,editor,Created in graph editor.,,
edge_user_0274,Wooded Kingdom,overworld,ForestWorldHomeStage::checkpoint::obj3708,ForestWorldHomeStage::entrance::Jyukai003::home_in,free,,human_route,casual,true,editor,Created in graph editor.,,
edge_user_0383,Wooded Kingdom,subarea,ForestWorldBossStage::place::new_place,ForestWorldBossStage::start,free,,human_route,casual,true,editor,Created in graph editor.,,
edge_user_0384,Wooded Kingdom,overworld,ForestWorldHomeStage::checkpoint::obj2821,ForestWorldBossStage::place::new_place,free,,human_route,casual,true,editor,Created in graph editor.,,
edge_user_0001,Wooded Kingdom,overworld,ForestWorld2DRoadZone::start,ForestWorldHomeStage::checkpoint::obj7333,free,,human_route,casual,true,editor,Created in graph editor.,,
edge_user_0002,Wooded Kingdom,overworld,ForestWorldHomeStage::entrance::Jyukai001::home_in,ForestWorldHomeStage::start,free,,human_route,casual,true,editor,Created in graph editor.,,
edge_user_0003,Wooded Kingdom,overworld,ForestWorldHomeStage::entrance::boss001::home_in,ForestWorldHomeStage::checkpoint::obj2821,free,,human_route,casual,true,editor,Created in graph editor.,,
edge_user_0004,Wooded Kingdom,overworld,ForestWorldHomeStage::entrance::Tower001::home_in,ForestWorldHomeStage::checkpoint::obj447,free,,human_route,casual,false,editor,Created in graph editor.,,
edge_user_0005,Wooded Kingdom,overworld,ForestWorldTimerAthletic001Zone::start,ForestWorldHomeStage::checkpoint::obj7333,Tank,,human_route,casual,true,editor,Created in graph editor.,,
edge_user_0006,Wooded Kingdom,subarea,ForestWorldTowerStage::entrance::Tower002::sub_far,ForestWorldTowerStage::entrance::Tower002::sub_near,free,,human_route,casual,true,editor,Created in graph editor.,,
edge_user_0646,Wooded Kingdom,overworld,ForestWorldAthleticZone::start,ForestWorldTimerAthletic001Zone::start,free,,human_route,casual,true,editor,Created in graph editor.,,
edge_user_0647,Wooded Kingdom,subarea,KillerRoadExStage::entrance::KillerRoad::sub_near,KillerRoadExStage::entrance::KillerRoad::sub_far,free,,human_route,casual,true,editor,Created in graph editor.,,
edge_user_0648,Wooded Kingdom,subarea,ForestWorldWoodsCostumeStage::entrance::Explorer_Bonus::sub_near,ForestWorldWoodsCostumeStage::start,free,,human_route,casual,true,editor,Created in graph editor.,,
edge_user_0649,Wooded Kingdom,subarea,ForestWorldWoodsStage::entrance::Jyukai001::sub_far,ForestWorldWoodsStage::entrance::Jyukai001::sub_near,free,,human_route,casual,false,editor,Created in graph editor.,,
edge_user_0650,Wooded Kingdom,subarea,ForestWorldWoodsStage::entrance::Jyukai001::sub_near,ForestWorldWoodsStage::entrance::Jyukai001::sub_far,Climb,,human_route,casual,false,editor,Reverse of edge_user_0649.,,
edge_user_0651,Wooded Kingdom,subarea,ForestWorldWoodsStage::place::new_place,ForestWorldWoodsStage::entrance::Explorer_Bonus::home_in,free,,human_route,casual,true,editor,Created in graph editor.,,
edge_user_0652,Wooded Kingdom,subarea,ForestWorldWoodsStage::entrance::Explorer_Bonus::home_in,ForestWorldWoodsStage::entrance::Explorer_Bonus::home_out,free,,human_route,casual,true,editor,Created in graph editor.,,
edge_user_0653,Wooded Kingdom,subarea,ForestWorldWoodsStage::place::new_place,ForestWorldWoodsStage::entrance::TreasureTree::home_in,free,,human_route,casual,true,editor,Created in graph editor.,,
edge_user_0654,Wooded Kingdom,subarea,ForestWorldWoodsStage::entrance::Jyukai003::sub_far,ForestWorldWoodsStage::place::new_place,free,,human_route,casual,false,editor,Created in graph editor.,,
edge_user_0655,Wooded Kingdom,subarea,ForestWorldWoodsStage::place::new_place,ForestWorldWoodsStage::entrance::Jyukai003::sub_far,Climb,,human_route,casual,false,editor,Reverse of edge_user_0654.,,
edge_user_0656,Wooded Kingdom,subarea,ForestWorldWoodsTreasureStage::entrance::TreasureTree::sub_near,ForestWorldWoodsTreasureStage::entrance::TreasureTree::sub_far,free,,human_route,casual,true,editor,Created in graph editor.,,
edge_user_0657,Wooded Kingdom,subarea,ForestWorldBossStage::entrance::boss001::sub_near,ForestWorldBossStage::entrance::boss001::sub_far,free,,human_route,casual,true,editor,Created in graph editor.,,
edge_user_0658,Wooded Kingdom,subarea,ForestWorldBossStage::entrance::boss001::sub_near,ForestWorldBossStage::place::new_place,free,,human_route,casual,true,editor,Created in graph editor.,,
edge_user_0659,Wooded Kingdom,subarea,FogMountainExStage::entrance::EX_Mist::sub_far,FogMountainExStage::place::new_place,free,,human_route,casual,false,editor,Created in graph editor.,,
edge_user_0660,Wooded Kingdom,subarea,FogMountainExStage::place::new_place,FogMountainExStage::entrance::EX_Mist::sub_far,BazookaElectric,,human_route,casual,false,editor,Reverse of edge_user_0659.,,
edge_user_0661,Wooded Kingdom,subarea,ForestWorldCloudBonusExStage::entrance::EXCloud::sub_near,ForestWorldCloudBonusExStage::entrance::EXCloud::sub_far,free,,human_route,casual,true,editor,Created in graph editor.,,
edge_user_0697,Wooded Kingdom,overworld,ForestWorldHomeStage::place::new_place_11,ForestWorldHomeStage::checkpoint::obj6865,impossible,,human_route,casual,false,editor,Reverse of edge_user_0105.,,
edge_user_0698,Wooded Kingdom,overworld,ForestWorldHomeStage::place::new_place_4,ForestWorldHomeStage::checkpoint::obj6865,impossible,,human_route,casual,false,editor,Reverse of edge_user_0045.,,
edge_user_0596,Wooded Kingdom,overworld,ForestWorldHomeStage::checkpoint::obj6865,ForestWorldHomeStage::start,free,,human_route,casual,false,editor,Created in graph editor.,,
edge_user_0597,Wooded Kingdom,overworld,ForestWorldHomeStage::start,ForestWorldHomeStage::checkpoint::obj6865,impossible,,human_route,casual,false,editor,Reverse of edge_user_0596.,,
edge_user_0236,Wooded Kingdom,overworld,ForestWorldHomeStage::start,ForestWorldHomeStage::event::MoonRockActive_Wooded,free,,human_route,casual,true,editor,Created in graph editor.,,
edge_user_0620,Wooded Kingdom,overworld,ForestWorldHomeStage::place::new_place_5,ForestWorldHomeStage::checkpoint::obj3835,free,,human_route,casual,false,editor,Reverse of edge_user_0047.,"3,4,5",
edge_user_0621,Wooded Kingdom,overworld,ForestWorldHomeStage::place::new_place_9,ForestWorldHomeStage::checkpoint::obj3835,impossible,,human_route,advanced,false,editor,Reverse of edge_user_0056.,5,
edge_user_0622,Wooded Kingdom,overworld,ForestWorldHomeStage::checkpoint::obj3835,ForestWorldHomeStage::checkpoint::obj447,free,,human_route,casual,false,editor,Created in graph editor.,,
edge_user_0623,Wooded Kingdom,overworld,ForestWorldHomeStage::checkpoint::obj447,ForestWorldHomeStage::checkpoint::obj3835,impossible,,human_route,casual,false,editor,Reverse of edge_user_0622.,,
edge_user_0624,Wooded Kingdom,overworld,ForestWorldHomeStage::checkpoint::obj3835,ForestWorldHomeStage::checkpoint::obj5216,free,,human_route,casual,false,editor,Created in graph editor.,"1,2,3,4,5",
edge_user_0625,Wooded Kingdom,overworld,ForestWorldHomeStage::checkpoint::obj5216,ForestWorldHomeStage::checkpoint::obj3835,impossible,,human_route,casual,false,editor,Reverse of edge_user_0624.,"2,3,4,5",
edge_user_0626,Wooded Kingdom,overworld,ForestWorldHomeStage::checkpoint::obj3835,ForestWorldHomeStage::checkpoint::obj1841,free,,human_route,casual,false,editor,Created in graph editor.,"1,2,3,4,5",
edge_user_0627,Wooded Kingdom,overworld,ForestWorldHomeStage::checkpoint::obj1841,ForestWorldHomeStage::checkpoint::obj3835,impossible,,human_route,casual,false,editor,Reverse of edge_user_0626.,"2,3,4,5",
edge_user_0628,Wooded Kingdom,overworld,ForestWorldHomeStage::checkpoint::obj3835,ForestWorldHomeStage::checkpoint::obj3734,Dive | KingdomAccess_Wooded,,human_route,casual;advanced,false,editor,Created in graph editor.,,
edge_user_0629,Wooded Kingdom,overworld,ForestWorldHomeStage::checkpoint::obj3734,ForestWorldHomeStage::checkpoint::obj3835,impossible,,human_route,casual,false,editor,Reverse of edge_user_0628.,,
edge_user_0630,Wooded Kingdom,overworld,ForestWorldHomeStage::checkpoint::obj447,ForestWorldHomeStage::entrance::Tower001::home_in,impossible,,human_route,casual,false,editor,Reverse of edge_user_0004.,,
edge_user_0631,Wooded Kingdom,overworld,ForestWorldHomeStage::checkpoint::obj3734,ForestWorldHomeStage::entrance::Tower002::home_in,free,,human_route,casual,true,editor,Created in graph editor.,,
edge_user_0632,Wooded Kingdom,overworld,ForestWorldHomeStage::checkpoint::obj6865,ForestWorldHomeStage::checkpoint::obj7333,(Vault & Dive & NeutralThrow),,human_route,casual,false,editor,Created in graph editor.,"2,3,4,5",
edge_user_0633,Wooded Kingdom,overworld,ForestWorldHomeStage::checkpoint::obj7333,ForestWorldHomeStage::checkpoint::obj6865,impossible,,human_route,casual,false,editor,Reverse of edge_user_0632.,"2,3,4,5",
edge_user_0634,Wooded Kingdom,overworld,ForestWorldHomeStage::place::new_place_7,ForestWorldHomeStage::checkpoint::obj5216,impossible,,human_route,casual,false,editor,Reverse of edge_user_0050.,5,
edge_user_0666,Wooded Kingdom,overworld,ForestWorldHomeStage::place::new_place_6,ForestWorldHomeStage::checkpoint::obj5216,impossible,,human_route,casual,false,editor,Reverse of edge_user_0048.,"5,4,3",
edge_user_0671,Wooded Kingdom,overworld,ForestWorldHomeStage::entrance::EX_AnimalChase::home_in,ForestWorldHomeStage::checkpoint::obj5216,free,,human_route,casual,false,editor,Reverse of edge_user_0075.,"1,2,3,4,5",
edge_user_0673,Wooded Kingdom,overworld,ForestWorldHomeStage::entrance::KillerRoad::home_in,ForestWorldHomeStage::checkpoint::obj3708,free,,human_route,casual,false,editor,Reverse of edge_user_0076.,"1,2,3,4,5",
edge_user_0677,Wooded Kingdom,overworld,ForestWorldHomeStage::place::new_place_11,ForestWorldHomeStage::checkpoint::obj5216,free,,human_route,casual,false,editor,Reverse of edge_user_0110.,"1,2,3,4,5",
edge_user_0678,Wooded Kingdom,overworld,ForestWorldHomeStage::place::new_place,ForestWorldHomeStage::checkpoint::obj5216,impossible,,human_route,casual,false,editor,Reverse of edge_user_0039.,,
edge_user_0690,Wooded Kingdom,overworld,ForestWorldHomeStage::entrance::EX_RailCollision::home_in,ForestWorldHomeStage::checkpoint::obj1841,free,,human_route,casual,false,editor,Reverse of edge_user_0060.,"1,2,3,4,5",
edge_user_0692,Wooded Kingdom,overworld,ForestWorldHomeStage::checkpoint::obj7333,ForestWorldHomeStage::entrance::EX_Tankuro::home_in,free,,human_route,casual,false,editor,Created in graph editor.,"1,2,3,4,5",
edge_user_0691,Wooded Kingdom,overworld,ForestWorldHomeStage::entrance::EX_Tankuro::home_in,ForestWorldHomeStage::checkpoint::obj7333,free,,human_route,casual,false,editor,Reverse of edge_user_0692.,"2,3,4,5",
edge_user_0693,Wooded Kingdom,overworld,ForestWorldHomeStage::place::new_place_2,ForestWorldHomeStage::checkpoint::obj7333,impossible,,human_route,casual,false,editor,Reverse of edge_user_0041.,"2,3,4,5;1,2,3,4,5",
edge_user_0694,Wooded Kingdom,overworld,ForestWorldHomeStage::checkpoint::obj7333,ForestWorldHomeStage::checkpoint::obj1841,free,,human_route,casual,false,editor,Reverse of edge_user_0156.,"2,3,4,5,6,7,1",
edge_user_0700,Wooded Kingdom,overworld,ForestWorldHomeStage::entrance::bonus::home_in,ForestWorldHomeStage::checkpoint::obj7333,impossible,,human_route,casual,false,editor,Reverse of edge_user_0069.,,
edge_user_0702,Wooded Kingdom,overworld,ForestWorldHomeStage::checkpoint::obj3835,ForestWorldHomeStage::entrance::bonus::home_in,free,,human_route,casual,false,editor,Created in graph editor.,"2,3,4,5",
edge_user_0703,Wooded Kingdom,overworld,ForestWorldHomeStage::entrance::bonus::home_in,ForestWorldHomeStage::checkpoint::obj3835,impossible,,human_route,casual,false,editor,Reverse of edge_user_0702.,"2,3,4,5",
edge_user_0704,Wooded Kingdom,overworld,ForestWorldHomeStage::place::new_place_4,ForestWorldHomeStage::checkpoint::obj7333,free,,human_route,casual,false,editor,Reverse of edge_user_0044.,"1,2,3,4,5",
edge_user_0705,Wooded Kingdom,overworld,ForestWorldHomeStage::place::new_place_11,ForestWorldHomeStage::checkpoint::obj7333,impossible,,human_route,casual,false,editor,Reverse of edge_user_0108.,,
edge_user_0706,Wooded Kingdom,overworld,ForestWorldHomeStage::entrance::PoisonEx::home_in,ForestWorldHomeStage::checkpoint::obj2821,free,,human_route,casual,false,editor,Reverse of edge_user_0077.,"1,2,3,4,5",
fixed_mushroom_boss_forest,Mushroom Kingdom,subarea,PeachWorldPictureBossForestStage::stage_change::PictureBossForest::raw,RevengeForestBossStage::start,free,,fixed_stage_link,casual,true,fixed_transition,Fixed vanilla painting transition from PeachWorldPictureBossForestStage to RevengeForestBossStage.,,fixed
fixed_mushroom_boss_knuckle,Mushroom Kingdom,subarea,PeachWorldPictureBossKnuckleStage::stage_change::PictureBossKnuckle::raw,RevengeBossKnuckleStage::start,free,,fixed_stage_link,casual,true,fixed_transition,Fixed vanilla painting transition from PeachWorldPictureBossKnuckleStage to RevengeBossKnuckleStage.,,fixed
fixed_mushroom_boss_magma,Mushroom Kingdom,subarea,PeachWorldPictureBossMagmaStage::stage_change::PictureBossMagma::raw,RevengeBossMagmaStage::start,free,,fixed_stage_link,casual,true,fixed_transition,Fixed vanilla painting transition from PeachWorldPictureBossMagmaStage to RevengeBossMagmaStage.,,fixed
fixed_mushroom_boss_raid,Mushroom Kingdom,subarea,PeachWorldPictureBossRaidStage::stage_change::PictureBossRaid::raw,RevengeBossRaidStage::start,free,,fixed_stage_link,casual,true,fixed_transition,Fixed vanilla painting transition from PeachWorldPictureBossRaidStage to RevengeBossRaidStage.,,fixed
fixed_mushroom_giant_wander_boss,Mushroom Kingdom,subarea,PeachWorldPictureGiantWanderBossStage::stage_change::PictureGiantWanderBoss::raw,RevengeGiantWanderBossStage::start,free,,fixed_stage_link,casual,true,fixed_transition,Fixed vanilla painting transition from PeachWorldPictureGiantWanderBossStage to RevengeGiantWanderBossStage.,,fixed
fixed_mushroom_mofumofu,Mushroom Kingdom,subarea,PeachWorldPictureMofumofuStage::stage_change::PictureMofumofu::raw,RevengeMofumofuStage::start,free,,fixed_stage_link,casual,true,fixed_transition,Fixed vanilla painting transition from PeachWorldPictureMofumofuStage to RevengeMofumofuStage.,,fixed
